/*
* SPDX-FileCopyrightText: Copyright (c) 1993-2024 NVIDIA CORPORATION &
* AFFILIATES. All rights reserved. SPDX-License-Identifier: Apache-2.0
*
* Licensed under the Apache License, Version 2.0 (the "License");
* you may not use this file except in compliance with the License.
* You may obtain a copy of the License at
*
* http://www.apache.org/licenses/LICENSE-2.0
*
* Unless required by applicable law or agreed to in writing, software
* distributed under the License is distributed on an "AS IS" BASIS,
* WITHOUT WARRANTIES OR CONDITIONS OF ANY KIND, either express or implied.
* See the License for the specific language governing permissions and
* limitations under the License.
*/

namespace tensorrt_llm
{
namespace kernels
{
// clang-format off
unsigned char cubin_fmha_v2_flash_attention_e4m3_fp32_64_32_S_q_paged_kv_160_sm89_cu_cubin[] = {
  0x7f, 0x45, 0x4c, 0x46, 0x02, 0x01, 0x01, 0x41, 0x08, 0x00, 0x00, 0x00,
  0x00, 0x00, 0x00, 0x00, 0x02, 0x00, 0xbe, 0x00, 0x01, 0x00, 0x00, 0x00,
  0x00, 0x00, 0x00, 0x00, 0x00, 0x00, 0x00, 0x00, 0xc0, 0xc3, 0x01, 0x00,
  0x00, 0x00, 0x00, 0x00, 0x00, 0xbe, 0x01, 0x00, 0x00, 0x00, 0x00, 0x00,
  0x04, 0x59, 0x00, 0x06, 0x40, 0x00, 0x38, 0x00, 0x04, 0x00, 0x40, 0x00,
  0x17, 0x00, 0x01, 0x00, 0x00, 0x2e, 0x73, 0x68, 0x73, 0x74, 0x72, 0x74,
  0x61, 0x62, 0x00, 0x2e, 0x73, 0x74, 0x72, 0x74, 0x61, 0x62, 0x00, 0x2e,
  0x73, 0x79, 0x6d, 0x74, 0x61, 0x62, 0x00, 0x2e, 0x73, 0x79, 0x6d, 0x74,
  0x61, 0x62, 0x5f, 0x73, 0x68, 0x6e, 0x64, 0x78, 0x00, 0x2e, 0x6e, 0x6f,
  0x74, 0x65, 0x2e, 0x6e, 0x76, 0x2e, 0x74, 0x6b, 0x69, 0x6e, 0x66, 0x6f,
  0x00, 0x2e, 0x6e, 0x6f, 0x74, 0x65, 0x2e, 0x6e, 0x76, 0x2e, 0x63, 0x75,
  0x69, 0x6e, 0x66, 0x6f, 0x00, 0x2e, 0x6e, 0x76, 0x2e, 0x69, 0x6e, 0x66,
  0x6f, 0x00, 0x2e, 0x74, 0x65, 0x78, 0x74, 0x2e, 0x66, 0x6d, 0x68, 0x61,
  0x5f, 0x76, 0x32, 0x5f, 0x66, 0x6c, 0x61, 0x73, 0x68, 0x5f, 0x61, 0x74,
  0x74, 0x65, 0x6e, 0x74, 0x69, 0x6f, 0x6e, 0x5f, 0x65, 0x34, 0x6d, 0x33,
  0x5f, 0x66, 0x70, 0x33, 0x32, 0x5f, 0x36, 0x34, 0x5f, 0x33, 0x32, 0x5f,
  0x53, 0x5f, 0x71, 0x5f, 0x70, 0x61, 0x67, 0x65, 0x64, 0x5f, 0x6b, 0x76,
  0x5f, 0x31, 0x36, 0x30, 0x5f, 0x63, 0x75, 0x73, 0x74, 0x6f, 0x6d, 0x5f,
  0x6d, 0x61, 0x73, 0x6b, 0x5f, 0x73, 0x6d, 0x38, 0x39, 0x5f, 0x6b, 0x65,
  0x72, 0x6e, 0x65, 0x6c, 0x5f, 0x6e, 0x6c, 0x00, 0x2e, 0x6e, 0x76, 0x2e,
  0x69, 0x6e, 0x66, 0x6f, 0x2e, 0x66, 0x6d, 0x68, 0x61, 0x5f, 0x76, 0x32,
  0x5f, 0x66, 0x6c, 0x61, 0x73, 0x68, 0x5f, 0x61, 0x74, 0x74, 0x65, 0x6e,
  0x74, 0x69, 0x6f, 0x6e, 0x5f, 0x65, 0x34, 0x6d, 0x33, 0x5f, 0x66, 0x70,
  0x33, 0x32, 0x5f, 0x36, 0x34, 0x5f, 0x33, 0x32, 0x5f, 0x53, 0x5f, 0x71,
  0x5f, 0x70, 0x61, 0x67, 0x65, 0x64, 0x5f, 0x6b, 0x76, 0x5f, 0x31, 0x36,
  0x30, 0x5f, 0x63, 0x75, 0x73, 0x74, 0x6f, 0x6d, 0x5f, 0x6d, 0x61, 0x73,
  0x6b, 0x5f, 0x73, 0x6d, 0x38, 0x39, 0x5f, 0x6b, 0x65, 0x72, 0x6e, 0x65,
  0x6c, 0x5f, 0x6e, 0x6c, 0x00, 0x2e, 0x6e, 0x76, 0x2e, 0x73, 0x68, 0x61,
  0x72, 0x65, 0x64, 0x2e, 0x66, 0x6d, 0x68, 0x61, 0x5f, 0x76, 0x32, 0x5f,
  0x66, 0x6c, 0x61, 0x73, 0x68, 0x5f, 0x61, 0x74, 0x74, 0x65, 0x6e, 0x74,
  0x69, 0x6f, 0x6e, 0x5f, 0x65, 0x34, 0x6d, 0x33, 0x5f, 0x66, 0x70, 0x33,
  0x32, 0x5f, 0x36, 0x34, 0x5f, 0x33, 0x32, 0x5f, 0x53, 0x5f, 0x71, 0x5f,
  0x70, 0x61, 0x67, 0x65, 0x64, 0x5f, 0x6b, 0x76, 0x5f, 0x31, 0x36, 0x30,
  0x5f, 0x63, 0x75, 0x73, 0x74, 0x6f, 0x6d, 0x5f, 0x6d, 0x61, 0x73, 0x6b,
  0x5f, 0x73, 0x6d, 0x38, 0x39, 0x5f, 0x6b, 0x65, 0x72, 0x6e, 0x65, 0x6c,
  0x5f, 0x6e, 0x6c, 0x00, 0x2e, 0x6e, 0x76, 0x2e, 0x63, 0x6f, 0x6e, 0x73,
  0x74, 0x61, 0x6e, 0x74, 0x30, 0x2e, 0x66, 0x6d, 0x68, 0x61, 0x5f, 0x76,
  0x32, 0x5f, 0x66, 0x6c, 0x61, 0x73, 0x68, 0x5f, 0x61, 0x74, 0x74, 0x65,
  0x6e, 0x74, 0x69, 0x6f, 0x6e, 0x5f, 0x65, 0x34, 0x6d, 0x33, 0x5f, 0x66,
  0x70, 0x33, 0x32, 0x5f, 0x36, 0x34, 0x5f, 0x33, 0x32, 0x5f, 0x53, 0x5f,
  0x71, 0x5f, 0x70, 0x61, 0x67, 0x65, 0x64, 0x5f, 0x6b, 0x76, 0x5f, 0x31,
  0x36, 0x30, 0x5f, 0x63, 0x75, 0x73, 0x74, 0x6f, 0x6d, 0x5f, 0x6d, 0x61,
  0x73, 0x6b, 0x5f, 0x73, 0x6d, 0x38, 0x39, 0x5f, 0x6b, 0x65, 0x72, 0x6e,
  0x65, 0x6c, 0x5f, 0x6e, 0x6c, 0x00, 0x2e, 0x72, 0x65, 0x6c, 0x2e, 0x6e,
  0x76, 0x2e, 0x63, 0x6f, 0x6e, 0x73, 0x74, 0x61, 0x6e, 0x74, 0x30, 0x2e,
  0x66, 0x6d, 0x68, 0x61, 0x5f, 0x76, 0x32, 0x5f, 0x66, 0x6c, 0x61, 0x73,
  0x68, 0x5f, 0x61, 0x74, 0x74, 0x65, 0x6e, 0x74, 0x69, 0x6f, 0x6e, 0x5f,
  0x65, 0x34, 0x6d, 0x33, 0x5f, 0x66, 0x70, 0x33, 0x32, 0x5f, 0x36, 0x34,
  0x5f, 0x33, 0x32, 0x5f, 0x53, 0x5f, 0x71, 0x5f, 0x70, 0x61, 0x67, 0x65,
  0x64, 0x5f, 0x6b, 0x76, 0x5f, 0x31, 0x36, 0x30, 0x5f, 0x63, 0x75, 0x73,
  0x74, 0x6f, 0x6d, 0x5f, 0x6d, 0x61, 0x73, 0x6b, 0x5f, 0x73, 0x6d, 0x38,
  0x39, 0x5f, 0x6b, 0x65, 0x72, 0x6e, 0x65, 0x6c, 0x5f, 0x6e, 0x6c, 0x00,
  0x2e, 0x74, 0x65, 0x78, 0x74, 0x2e, 0x66, 0x6d, 0x68, 0x61, 0x5f, 0x76,
  0x32, 0x5f, 0x66, 0x6c, 0x61, 0x73, 0x68, 0x5f, 0x61, 0x74, 0x74, 0x65,
  0x6e, 0x74, 0x69, 0x6f, 0x6e, 0x5f, 0x65, 0x34, 0x6d, 0x33, 0x5f, 0x66,
  0x70, 0x33, 0x32, 0x5f, 0x36, 0x34, 0x5f, 0x33, 0x32, 0x5f, 0x53, 0x5f,
  0x71, 0x5f, 0x70, 0x61, 0x67, 0x65, 0x64, 0x5f, 0x6b, 0x76, 0x5f, 0x31,
  0x36, 0x30, 0x5f, 0x73, 0x6c, 0x69, 0x64, 0x69, 0x6e, 0x67, 0x5f, 0x6f,
  0x72, 0x5f, 0x63, 0x68, 0x75, 0x6e, 0x6b, 0x65, 0x64, 0x5f, 0x63, 0x61,
  0x75, 0x73, 0x61, 0x6c, 0x5f, 0x73, 0x6d, 0x38, 0x39, 0x5f, 0x6b, 0x65,
  0x72, 0x6e, 0x65, 0x6c, 0x5f, 0x6e, 0x6c, 0x00, 0x2e, 0x6e, 0x76, 0x2e,
  0x69, 0x6e, 0x66, 0x6f, 0x2e, 0x66, 0x6d, 0x68, 0x61, 0x5f, 0x76, 0x32,
  0x5f, 0x66, 0x6c, 0x61, 0x73, 0x68, 0x5f, 0x61, 0x74, 0x74, 0x65, 0x6e,
  0x74, 0x69, 0x6f, 0x6e, 0x5f, 0x65, 0x34, 0x6d, 0x33, 0x5f, 0x66, 0x70,
  0x33, 0x32, 0x5f, 0x36, 0x34, 0x5f, 0x33, 0x32, 0x5f, 0x53, 0x5f, 0x71,
  0x5f, 0x70, 0x61, 0x67, 0x65, 0x64, 0x5f, 0x6b, 0x76, 0x5f, 0x31, 0x36,
  0x30, 0x5f, 0x73, 0x6c, 0x69, 0x64, 0x69, 0x6e, 0x67, 0x5f, 0x6f, 0x72,
  0x5f, 0x63, 0x68, 0x75, 0x6e, 0x6b, 0x65, 0x64, 0x5f, 0x63, 0x61, 0x75,
  0x73, 0x61, 0x6c, 0x5f, 0x73, 0x6d, 0x38, 0x39, 0x5f, 0x6b, 0x65, 0x72,
  0x6e, 0x65, 0x6c, 0x5f, 0x6e, 0x6c, 0x00, 0x2e, 0x6e, 0x76, 0x2e, 0x73,
  0x68, 0x61, 0x72, 0x65, 0x64, 0x2e, 0x66, 0x6d, 0x68, 0x61, 0x5f, 0x76,
  0x32, 0x5f, 0x66, 0x6c, 0x61, 0x73, 0x68, 0x5f, 0x61, 0x74, 0x74, 0x65,
  0x6e, 0x74, 0x69, 0x6f, 0x6e, 0x5f, 0x65, 0x34, 0x6d, 0x33, 0x5f, 0x66,
  0x70, 0x33, 0x32, 0x5f, 0x36, 0x34, 0x5f, 0x33, 0x32, 0x5f, 0x53, 0x5f,
  0x71, 0x5f, 0x70, 0x61, 0x67, 0x65, 0x64, 0x5f, 0x6b, 0x76, 0x5f, 0x31,
  0x36, 0x30, 0x5f, 0x73, 0x6c, 0x69, 0x64, 0x69, 0x6e, 0x67, 0x5f, 0x6f,
  0x72, 0x5f, 0x63, 0x68, 0x75, 0x6e, 0x6b, 0x65, 0x64, 0x5f, 0x63, 0x61,
  0x75, 0x73, 0x61, 0x6c, 0x5f, 0x73, 0x6d, 0x38, 0x39, 0x5f, 0x6b, 0x65,
  0x72, 0x6e, 0x65, 0x6c, 0x5f, 0x6e, 0x6c, 0x00, 0x2e, 0x6e, 0x76, 0x2e,
  0x63, 0x6f, 0x6e, 0x73, 0x74, 0x61, 0x6e, 0x74, 0x30, 0x2e, 0x66, 0x6d,
  0x68, 0x61, 0x5f, 0x76, 0x32, 0x5f, 0x66, 0x6c, 0x61, 0x73, 0x68, 0x5f,
  0x61, 0x74, 0x74, 0x65, 0x6e, 0x74, 0x69, 0x6f, 0x6e, 0x5f, 0x65, 0x34,
  0x6d, 0x33, 0x5f, 0x66, 0x70, 0x33, 0x32, 0x5f, 0x36, 0x34, 0x5f, 0x33,
  0x32, 0x5f, 0x53, 0x5f, 0x71, 0x5f, 0x70, 0x61, 0x67, 0x65, 0x64, 0x5f,
  0x6b, 0x76, 0x5f, 0x31, 0x36, 0x30, 0x5f, 0x73, 0x6c, 0x69, 0x64, 0x69,
  0x6e, 0x67, 0x5f, 0x6f, 0x72, 0x5f, 0x63, 0x68, 0x75, 0x6e, 0x6b, 0x65,
  0x64, 0x5f, 0x63, 0x61, 0x75, 0x73, 0x61, 0x6c, 0x5f, 0x73, 0x6d, 0x38,
  0x39, 0x5f, 0x6b, 0x65, 0x72, 0x6e, 0x65, 0x6c, 0x5f, 0x6e, 0x6c, 0x00,
  0x2e, 0x72, 0x65, 0x6c, 0x2e, 0x6e, 0x76, 0x2e, 0x63, 0x6f, 0x6e, 0x73,
  0x74, 0x61, 0x6e, 0x74, 0x30, 0x2e, 0x66, 0x6d, 0x68, 0x61, 0x5f, 0x76,
  0x32, 0x5f, 0x66, 0x6c, 0x61, 0x73, 0x68, 0x5f, 0x61, 0x74, 0x74, 0x65,
  0x6e, 0x74, 0x69, 0x6f, 0x6e, 0x5f, 0x65, 0x34, 0x6d, 0x33, 0x5f, 0x66,
  0x70, 0x33, 0x32, 0x5f, 0x36, 0x34, 0x5f, 0x33, 0x32, 0x5f, 0x53, 0x5f,
  0x71, 0x5f, 0x70, 0x61, 0x67, 0x65, 0x64, 0x5f, 0x6b, 0x76, 0x5f, 0x31,
  0x36, 0x30, 0x5f, 0x73, 0x6c, 0x69, 0x64, 0x69, 0x6e, 0x67, 0x5f, 0x6f,
  0x72, 0x5f, 0x63, 0x68, 0x75, 0x6e, 0x6b, 0x65, 0x64, 0x5f, 0x63, 0x61,
  0x75, 0x73, 0x61, 0x6c, 0x5f, 0x73, 0x6d, 0x38, 0x39, 0x5f, 0x6b, 0x65,
  0x72, 0x6e, 0x65, 0x6c, 0x5f, 0x6e, 0x6c, 0x00, 0x2e, 0x74, 0x65, 0x78,
  0x74, 0x2e, 0x66, 0x6d, 0x68, 0x61, 0x5f, 0x76, 0x32, 0x5f, 0x66, 0x6c,
  0x61, 0x73, 0x68, 0x5f, 0x61, 0x74, 0x74, 0x65, 0x6e, 0x74, 0x69, 0x6f,
  0x6e, 0x5f, 0x65, 0x34, 0x6d, 0x33, 0x5f, 0x66, 0x70, 0x33, 0x32, 0x5f,
  0x36, 0x34, 0x5f, 0x33, 0x32, 0x5f, 0x53, 0x5f, 0x71, 0x5f, 0x70, 0x61,
  0x67, 0x65, 0x64, 0x5f, 0x6b, 0x76, 0x5f, 0x31, 0x36, 0x30, 0x5f, 0x63,
  0x61, 0x75, 0x73, 0x61, 0x6c, 0x5f, 0x73, 0x6d, 0x38, 0x39, 0x5f, 0x6b,
  0x65, 0x72, 0x6e, 0x65, 0x6c, 0x5f, 0x6e, 0x6c, 0x00, 0x2e, 0x6e, 0x76,
  0x2e, 0x69, 0x6e, 0x66, 0x6f, 0x2e, 0x66, 0x6d, 0x68, 0x61, 0x5f, 0x76,
  0x32, 0x5f, 0x66, 0x6c, 0x61, 0x73, 0x68, 0x5f, 0x61, 0x74, 0x74, 0x65,
  0x6e, 0x74, 0x69, 0x6f, 0x6e, 0x5f, 0x65, 0x34, 0x6d, 0x33, 0x5f, 0x66,
  0x70, 0x33, 0x32, 0x5f, 0x36, 0x34, 0x5f, 0x33, 0x32, 0x5f, 0x53, 0x5f,
  0x71, 0x5f, 0x70, 0x61, 0x67, 0x65, 0x64, 0x5f, 0x6b, 0x76, 0x5f, 0x31,
  0x36, 0x30, 0x5f, 0x63, 0x61, 0x75, 0x73, 0x61, 0x6c, 0x5f, 0x73, 0x6d,
  0x38, 0x39, 0x5f, 0x6b, 0x65, 0x72, 0x6e, 0x65, 0x6c, 0x5f, 0x6e, 0x6c,
  0x00, 0x2e, 0x6e, 0x76, 0x2e, 0x73, 0x68, 0x61, 0x72, 0x65, 0x64, 0x2e,
  0x66, 0x6d, 0x68, 0x61, 0x5f, 0x76, 0x32, 0x5f, 0x66, 0x6c, 0x61, 0x73,
  0x68, 0x5f, 0x61, 0x74, 0x74, 0x65, 0x6e, 0x74, 0x69, 0x6f, 0x6e, 0x5f,
  0x65, 0x34, 0x6d, 0x33, 0x5f, 0x66, 0x70, 0x33, 0x32, 0x5f, 0x36, 0x34,
  0x5f, 0x33, 0x32, 0x5f, 0x53, 0x5f, 0x71, 0x5f, 0x70, 0x61, 0x67, 0x65,
  0x64, 0x5f, 0x6b, 0x76, 0x5f, 0x31, 0x36, 0x30, 0x5f, 0x63, 0x61, 0x75,
  0x73, 0x61, 0x6c, 0x5f, 0x73, 0x6d, 0x38, 0x39, 0x5f, 0x6b, 0x65, 0x72,
  0x6e, 0x65, 0x6c, 0x5f, 0x6e, 0x6c, 0x00, 0x2e, 0x6e, 0x76, 0x2e, 0x63,
  0x6f, 0x6e, 0x73, 0x74, 0x61, 0x6e, 0x74, 0x30, 0x2e, 0x66, 0x6d, 0x68,
  0x61, 0x5f, 0x76, 0x32, 0x5f, 0x66, 0x6c, 0x61, 0x73, 0x68, 0x5f, 0x61,
  0x74, 0x74, 0x65, 0x6e, 0x74, 0x69, 0x6f, 0x6e, 0x5f, 0x65, 0x34, 0x6d,
  0x33, 0x5f, 0x66, 0x70, 0x33, 0x32, 0x5f, 0x36, 0x34, 0x5f, 0x33, 0x32,
  0x5f, 0x53, 0x5f, 0x71, 0x5f, 0x70, 0x61, 0x67, 0x65, 0x64, 0x5f, 0x6b,
  0x76, 0x5f, 0x31, 0x36, 0x30, 0x5f, 0x63, 0x61, 0x75, 0x73, 0x61, 0x6c,
  0x5f, 0x73, 0x6d, 0x38, 0x39, 0x5f, 0x6b, 0x65, 0x72, 0x6e, 0x65, 0x6c,
  0x5f, 0x6e, 0x6c, 0x00, 0x2e, 0x72, 0x65, 0x6c, 0x2e, 0x6e, 0x76, 0x2e,
  0x63, 0x6f, 0x6e, 0x73, 0x74, 0x61, 0x6e, 0x74, 0x30, 0x2e, 0x66, 0x6d,
  0x68, 0x61, 0x5f, 0x76, 0x32, 0x5f, 0x66, 0x6c, 0x61, 0x73, 0x68, 0x5f,
  0x61, 0x74, 0x74, 0x65, 0x6e, 0x74, 0x69, 0x6f, 0x6e, 0x5f, 0x65, 0x34,
  0x6d, 0x33, 0x5f, 0x66, 0x70, 0x33, 0x32, 0x5f, 0x36, 0x34, 0x5f, 0x33,
  0x32, 0x5f, 0x53, 0x5f, 0x71, 0x5f, 0x70, 0x61, 0x67, 0x65, 0x64, 0x5f,
  0x6b, 0x76, 0x5f, 0x31, 0x36, 0x30, 0x5f, 0x63, 0x61, 0x75, 0x73, 0x61,
  0x6c, 0x5f, 0x73, 0x6d, 0x38, 0x39, 0x5f, 0x6b, 0x65, 0x72, 0x6e, 0x65,
  0x6c, 0x5f, 0x6e, 0x6c, 0x00, 0x2e, 0x64, 0x65, 0x62, 0x75, 0x67, 0x5f,
  0x66, 0x72, 0x61, 0x6d, 0x65, 0x00, 0x2e, 0x72, 0x65, 0x6c, 0x2e, 0x64,
  0x65, 0x62, 0x75, 0x67, 0x5f, 0x66, 0x72, 0x61, 0x6d, 0x65, 0x00, 0x2e,
  0x72, 0x65, 0x6c, 0x61, 0x2e, 0x64, 0x65, 0x62, 0x75, 0x67, 0x5f, 0x66,
  0x72, 0x61, 0x6d, 0x65, 0x00, 0x2e, 0x6e, 0x76, 0x2e, 0x63, 0x61, 0x6c,
  0x6c, 0x67, 0x72, 0x61, 0x70, 0x68, 0x00, 0x2e, 0x6e, 0x76, 0x2e, 0x70,
  0x72, 0x6f, 0x74, 0x6f, 0x74, 0x79, 0x70, 0x65, 0x00, 0x2e, 0x6e, 0x76,
  0x2e, 0x72, 0x65, 0x6c, 0x2e, 0x61, 0x63, 0x74, 0x69, 0x6f, 0x6e, 0x00,
  0x00, 0x2e, 0x73, 0x68, 0x73, 0x74, 0x72, 0x74, 0x61, 0x62, 0x00, 0x2e,
  0x73, 0x74, 0x72, 0x74, 0x61, 0x62, 0x00, 0x2e, 0x73, 0x79, 0x6d, 0x74,
  0x61, 0x62, 0x00, 0x2e, 0x73, 0x79, 0x6d, 0x74, 0x61, 0x62, 0x5f, 0x73,
  0x68, 0x6e, 0x64, 0x78, 0x00, 0x2e, 0x6e, 0x6f, 0x74, 0x65, 0x2e, 0x6e,
  0x76, 0x2e, 0x74, 0x6b, 0x69, 0x6e, 0x66, 0x6f, 0x00, 0x2e, 0x6e, 0x6f,
  0x74, 0x65, 0x2e, 0x6e, 0x76, 0x2e, 0x63, 0x75, 0x69, 0x6e, 0x66, 0x6f,
  0x00, 0x2e, 0x6e, 0x76, 0x2e, 0x69, 0x6e, 0x66, 0x6f, 0x00, 0x2e, 0x74,
  0x65, 0x78, 0x74, 0x2e, 0x66, 0x6d, 0x68, 0x61, 0x5f, 0x76, 0x32, 0x5f,
  0x66, 0x6c, 0x61, 0x73, 0x68, 0x5f, 0x61, 0x74, 0x74, 0x65, 0x6e, 0x74,
  0x69, 0x6f, 0x6e, 0x5f, 0x65, 0x34, 0x6d, 0x33, 0x5f, 0x66, 0x70, 0x33,
  0x32, 0x5f, 0x36, 0x34, 0x5f, 0x33, 0x32, 0x5f, 0x53, 0x5f, 0x71, 0x5f,
  0x70, 0x61, 0x67, 0x65, 0x64, 0x5f, 0x6b, 0x76, 0x5f, 0x31, 0x36, 0x30,
  0x5f, 0x63, 0x75, 0x73, 0x74, 0x6f, 0x6d, 0x5f, 0x6d, 0x61, 0x73, 0x6b,
  0x5f, 0x73, 0x6d, 0x38, 0x39, 0x5f, 0x6b, 0x65, 0x72, 0x6e, 0x65, 0x6c,
  0x5f, 0x6e, 0x6c, 0x00, 0x2e, 0x6e, 0x76, 0x2e, 0x69, 0x6e, 0x66, 0x6f,
  0x2e, 0x66, 0x6d, 0x68, 0x61, 0x5f, 0x76, 0x32, 0x5f, 0x66, 0x6c, 0x61,
  0x73, 0x68, 0x5f, 0x61, 0x74, 0x74, 0x65, 0x6e, 0x74, 0x69, 0x6f, 0x6e,
  0x5f, 0x65, 0x34, 0x6d, 0x33, 0x5f, 0x66, 0x70, 0x33, 0x32, 0x5f, 0x36,
  0x34, 0x5f, 0x33, 0x32, 0x5f, 0x53, 0x5f, 0x71, 0x5f, 0x70, 0x61, 0x67,
  0x65, 0x64, 0x5f, 0x6b, 0x76, 0x5f, 0x31, 0x36, 0x30, 0x5f, 0x63, 0x75,
  0x73, 0x74, 0x6f, 0x6d, 0x5f, 0x6d, 0x61, 0x73, 0x6b, 0x5f, 0x73, 0x6d,
  0x38, 0x39, 0x5f, 0x6b, 0x65, 0x72, 0x6e, 0x65, 0x6c, 0x5f, 0x6e, 0x6c,
  0x00, 0x2e, 0x6e, 0x76, 0x2e, 0x73, 0x68, 0x61, 0x72, 0x65, 0x64, 0x2e,
  0x66, 0x6d, 0x68, 0x61, 0x5f, 0x76, 0x32, 0x5f, 0x66, 0x6c, 0x61, 0x73,
  0x68, 0x5f, 0x61, 0x74, 0x74, 0x65, 0x6e, 0x74, 0x69, 0x6f, 0x6e, 0x5f,
  0x65, 0x34, 0x6d, 0x33, 0x5f, 0x66, 0x70, 0x33, 0x32, 0x5f, 0x36, 0x34,
  0x5f, 0x33, 0x32, 0x5f, 0x53, 0x5f, 0x71, 0x5f, 0x70, 0x61, 0x67, 0x65,
  0x64, 0x5f, 0x6b, 0x76, 0x5f, 0x31, 0x36, 0x30, 0x5f, 0x63, 0x75, 0x73,
  0x74, 0x6f, 0x6d, 0x5f, 0x6d, 0x61, 0x73, 0x6b, 0x5f, 0x73, 0x6d, 0x38,
  0x39, 0x5f, 0x6b, 0x65, 0x72, 0x6e, 0x65, 0x6c, 0x5f, 0x6e, 0x6c, 0x00,
  0x2e, 0x72, 0x65, 0x6c, 0x2e, 0x6e, 0x76, 0x2e, 0x63, 0x6f, 0x6e, 0x73,
  0x74, 0x61, 0x6e, 0x74, 0x30, 0x2e, 0x66, 0x6d, 0x68, 0x61, 0x5f, 0x76,
  0x32, 0x5f, 0x66, 0x6c, 0x61, 0x73, 0x68, 0x5f, 0x61, 0x74, 0x74, 0x65,
  0x6e, 0x74, 0x69, 0x6f, 0x6e, 0x5f, 0x65, 0x34, 0x6d, 0x33, 0x5f, 0x66,
  0x70, 0x33, 0x32, 0x5f, 0x36, 0x34, 0x5f, 0x33, 0x32, 0x5f, 0x53, 0x5f,
  0x71, 0x5f, 0x70, 0x61, 0x67, 0x65, 0x64, 0x5f, 0x6b, 0x76, 0x5f, 0x31,
  0x36, 0x30, 0x5f, 0x63, 0x75, 0x73, 0x74, 0x6f, 0x6d, 0x5f, 0x6d, 0x61,
  0x73, 0x6b, 0x5f, 0x73, 0x6d, 0x38, 0x39, 0x5f, 0x6b, 0x65, 0x72, 0x6e,
  0x65, 0x6c, 0x5f, 0x6e, 0x6c, 0x00, 0x2e, 0x6e, 0x76, 0x2e, 0x63, 0x6f,
  0x6e, 0x73, 0x74, 0x61, 0x6e, 0x74, 0x30, 0x2e, 0x66, 0x6d, 0x68, 0x61,
  0x5f, 0x76, 0x32, 0x5f, 0x66, 0x6c, 0x61, 0x73, 0x68, 0x5f, 0x61, 0x74,
  0x74, 0x65, 0x6e, 0x74, 0x69, 0x6f, 0x6e, 0x5f, 0x65, 0x34, 0x6d, 0x33,
  0x5f, 0x66, 0x70, 0x33, 0x32, 0x5f, 0x36, 0x34, 0x5f, 0x33, 0x32, 0x5f,
  0x53, 0x5f, 0x71, 0x5f, 0x70, 0x61, 0x67, 0x65, 0x64, 0x5f, 0x6b, 0x76,
  0x5f, 0x31, 0x36, 0x30, 0x5f, 0x63, 0x75, 0x73, 0x74, 0x6f, 0x6d, 0x5f,
  0x6d, 0x61, 0x73, 0x6b, 0x5f, 0x73, 0x6d, 0x38, 0x39, 0x5f, 0x6b, 0x65,
  0x72, 0x6e, 0x65, 0x6c, 0x5f, 0x6e, 0x6c, 0x00, 0x2e, 0x74, 0x65, 0x78,
  0x74, 0x2e, 0x66, 0x6d, 0x68, 0x61, 0x5f, 0x76, 0x32, 0x5f, 0x66, 0x6c,
  0x61, 0x73, 0x68, 0x5f, 0x61, 0x74, 0x74, 0x65, 0x6e, 0x74, 0x69, 0x6f,
  0x6e, 0x5f, 0x65, 0x34, 0x6d, 0x33, 0x5f, 0x66, 0x70, 0x33, 0x32, 0x5f,
  0x36, 0x34, 0x5f, 0x33, 0x32, 0x5f, 0x53, 0x5f, 0x71, 0x5f, 0x70, 0x61,
  0x67, 0x65, 0x64, 0x5f, 0x6b, 0x76, 0x5f, 0x31, 0x36, 0x30, 0x5f, 0x73,
  0x6c, 0x69, 0x64, 0x69, 0x6e, 0x67, 0x5f, 0x6f, 0x72, 0x5f, 0x63, 0x68,
  0x75, 0x6e, 0x6b, 0x65, 0x64, 0x5f, 0x63, 0x61, 0x75, 0x73, 0x61, 0x6c,
  0x5f, 0x73, 0x6d, 0x38, 0x39, 0x5f, 0x6b, 0x65, 0x72, 0x6e, 0x65, 0x6c,
  0x5f, 0x6e, 0x6c, 0x00, 0x2e, 0x6e, 0x76, 0x2e, 0x69, 0x6e, 0x66, 0x6f,
  0x2e, 0x66, 0x6d, 0x68, 0x61, 0x5f, 0x76, 0x32, 0x5f, 0x66, 0x6c, 0x61,
  0x73, 0x68, 0x5f, 0x61, 0x74, 0x74, 0x65, 0x6e, 0x74, 0x69, 0x6f, 0x6e,
  0x5f, 0x65, 0x34, 0x6d, 0x33, 0x5f, 0x66, 0x70, 0x33, 0x32, 0x5f, 0x36,
  0x34, 0x5f, 0x33, 0x32, 0x5f, 0x53, 0x5f, 0x71, 0x5f, 0x70, 0x61, 0x67,
  0x65, 0x64, 0x5f, 0x6b, 0x76, 0x5f, 0x31, 0x36, 0x30, 0x5f, 0x73, 0x6c,
  0x69, 0x64, 0x69, 0x6e, 0x67, 0x5f, 0x6f, 0x72, 0x5f, 0x63, 0x68, 0x75,
  0x6e, 0x6b, 0x65, 0x64, 0x5f, 0x63, 0x61, 0x75, 0x73, 0x61, 0x6c, 0x5f,
  0x73, 0x6d, 0x38, 0x39, 0x5f, 0x6b, 0x65, 0x72, 0x6e, 0x65, 0x6c, 0x5f,
  0x6e, 0x6c, 0x00, 0x2e, 0x6e, 0x76, 0x2e, 0x73, 0x68, 0x61, 0x72, 0x65,
  0x64, 0x2e, 0x66, 0x6d, 0x68, 0x61, 0x5f, 0x76, 0x32, 0x5f, 0x66, 0x6c,
  0x61, 0x73, 0x68, 0x5f, 0x61, 0x74, 0x74, 0x65, 0x6e, 0x74, 0x69, 0x6f,
  0x6e, 0x5f, 0x65, 0x34, 0x6d, 0x33, 0x5f, 0x66, 0x70, 0x33, 0x32, 0x5f,
  0x36, 0x34, 0x5f, 0x33, 0x32, 0x5f, 0x53, 0x5f, 0x71, 0x5f, 0x70, 0x61,
  0x67, 0x65, 0x64, 0x5f, 0x6b, 0x76, 0x5f, 0x31, 0x36, 0x30, 0x5f, 0x73,
  0x6c, 0x69, 0x64, 0x69, 0x6e, 0x67, 0x5f, 0x6f, 0x72, 0x5f, 0x63, 0x68,
  0x75, 0x6e, 0x6b, 0x65, 0x64, 0x5f, 0x63, 0x61, 0x75, 0x73, 0x61, 0x6c,
  0x5f, 0x73, 0x6d, 0x38, 0x39, 0x5f, 0x6b, 0x65, 0x72, 0x6e, 0x65, 0x6c,
  0x5f, 0x6e, 0x6c, 0x00, 0x2e, 0x72, 0x65, 0x6c, 0x2e, 0x6e, 0x76, 0x2e,
  0x63, 0x6f, 0x6e, 0x73, 0x74, 0x61, 0x6e, 0x74, 0x30, 0x2e, 0x66, 0x6d,
  0x68, 0x61, 0x5f, 0x76, 0x32, 0x5f, 0x66, 0x6c, 0x61, 0x73, 0x68, 0x5f,
  0x61, 0x74, 0x74, 0x65, 0x6e, 0x74, 0x69, 0x6f, 0x6e, 0x5f, 0x65, 0x34,
  0x6d, 0x33, 0x5f, 0x66, 0x70, 0x33, 0x32, 0x5f, 0x36, 0x34, 0x5f, 0x33,
  0x32, 0x5f, 0x53, 0x5f, 0x71, 0x5f, 0x70, 0x61, 0x67, 0x65, 0x64, 0x5f,
  0x6b, 0x76, 0x5f, 0x31, 0x36, 0x30, 0x5f, 0x73, 0x6c, 0x69, 0x64, 0x69,
  0x6e, 0x67, 0x5f, 0x6f, 0x72, 0x5f, 0x63, 0x68, 0x75, 0x6e, 0x6b, 0x65,
  0x64, 0x5f, 0x63, 0x61, 0x75, 0x73, 0x61, 0x6c, 0x5f, 0x73, 0x6d, 0x38,
  0x39, 0x5f, 0x6b, 0x65, 0x72, 0x6e, 0x65, 0x6c, 0x5f, 0x6e, 0x6c, 0x00,
  0x2e, 0x6e, 0x76, 0x2e, 0x63, 0x6f, 0x6e, 0x73, 0x74, 0x61, 0x6e, 0x74,
  0x30, 0x2e, 0x66, 0x6d, 0x68, 0x61, 0x5f, 0x76, 0x32, 0x5f, 0x66, 0x6c,
  0x61, 0x73, 0x68, 0x5f, 0x61, 0x74, 0x74, 0x65, 0x6e, 0x74, 0x69, 0x6f,
  0x6e, 0x5f, 0x65, 0x34, 0x6d, 0x33, 0x5f, 0x66, 0x70, 0x33, 0x32, 0x5f,
  0x36, 0x34, 0x5f, 0x33, 0x32, 0x5f, 0x53, 0x5f, 0x71, 0x5f, 0x70, 0x61,
  0x67, 0x65, 0x64, 0x5f, 0x6b, 0x76, 0x5f, 0x31, 0x36, 0x30, 0x5f, 0x73,
  0x6c, 0x69, 0x64, 0x69, 0x6e, 0x67, 0x5f, 0x6f, 0x72, 0x5f, 0x63, 0x68,
  0x75, 0x6e, 0x6b, 0x65, 0x64, 0x5f, 0x63, 0x61, 0x75, 0x73, 0x61, 0x6c,
  0x5f, 0x73, 0x6d, 0x38, 0x39, 0x5f, 0x6b, 0x65, 0x72, 0x6e, 0x65, 0x6c,
  0x5f, 0x6e, 0x6c, 0x00, 0x2e, 0x74, 0x65, 0x78, 0x74, 0x2e, 0x66, 0x6d,
  0x68, 0x61, 0x5f, 0x76, 0x32, 0x5f, 0x66, 0x6c, 0x61, 0x73, 0x68, 0x5f,
  0x61, 0x74, 0x74, 0x65, 0x6e, 0x74, 0x69, 0x6f, 0x6e, 0x5f, 0x65, 0x34,
  0x6d, 0x33, 0x5f, 0x66, 0x70, 0x33, 0x32, 0x5f, 0x36, 0x34, 0x5f, 0x33,
  0x32, 0x5f, 0x53, 0x5f, 0x71, 0x5f, 0x70, 0x61, 0x67, 0x65, 0x64, 0x5f,
  0x6b, 0x76, 0x5f, 0x31, 0x36, 0x30, 0x5f, 0x63, 0x61, 0x75, 0x73, 0x61,
  0x6c, 0x5f, 0x73, 0x6d, 0x38, 0x39, 0x5f, 0x6b, 0x65, 0x72, 0x6e, 0x65,
  0x6c, 0x5f, 0x6e, 0x6c, 0x00, 0x2e, 0x6e, 0x76, 0x2e, 0x69, 0x6e, 0x66,
  0x6f, 0x2e, 0x66, 0x6d, 0x68, 0x61, 0x5f, 0x76, 0x32, 0x5f, 0x66, 0x6c,
  0x61, 0x73, 0x68, 0x5f, 0x61, 0x74, 0x74, 0x65, 0x6e, 0x74, 0x69, 0x6f,
  0x6e, 0x5f, 0x65, 0x34, 0x6d, 0x33, 0x5f, 0x66, 0x70, 0x33, 0x32, 0x5f,
  0x36, 0x34, 0x5f, 0x33, 0x32, 0x5f, 0x53, 0x5f, 0x71, 0x5f, 0x70, 0x61,
  0x67, 0x65, 0x64, 0x5f, 0x6b, 0x76, 0x5f, 0x31, 0x36, 0x30, 0x5f, 0x63,
  0x61, 0x75, 0x73, 0x61, 0x6c, 0x5f, 0x73, 0x6d, 0x38, 0x39, 0x5f, 0x6b,
  0x65, 0x72, 0x6e, 0x65, 0x6c, 0x5f, 0x6e, 0x6c, 0x00, 0x2e, 0x6e, 0x76,
  0x2e, 0x73, 0x68, 0x61, 0x72, 0x65, 0x64, 0x2e, 0x66, 0x6d, 0x68, 0x61,
  0x5f, 0x76, 0x32, 0x5f, 0x66, 0x6c, 0x61, 0x73, 0x68, 0x5f, 0x61, 0x74,
  0x74, 0x65, 0x6e, 0x74, 0x69, 0x6f, 0x6e, 0x5f, 0x65, 0x34, 0x6d, 0x33,
  0x5f, 0x66, 0x70, 0x33, 0x32, 0x5f, 0x36, 0x34, 0x5f, 0x33, 0x32, 0x5f,
  0x53, 0x5f, 0x71, 0x5f, 0x70, 0x61, 0x67, 0x65, 0x64, 0x5f, 0x6b, 0x76,
  0x5f, 0x31, 0x36, 0x30, 0x5f, 0x63, 0x61, 0x75, 0x73, 0x61, 0x6c, 0x5f,
  0x73, 0x6d, 0x38, 0x39, 0x5f, 0x6b, 0x65, 0x72, 0x6e, 0x65, 0x6c, 0x5f,
  0x6e, 0x6c, 0x00, 0x2e, 0x72, 0x65, 0x6c, 0x2e, 0x6e, 0x76, 0x2e, 0x63,
  0x6f, 0x6e, 0x73, 0x74, 0x61, 0x6e, 0x74, 0x30, 0x2e, 0x66, 0x6d, 0x68,
  0x61, 0x5f, 0x76, 0x32, 0x5f, 0x66, 0x6c, 0x61, 0x73, 0x68, 0x5f, 0x61,
  0x74, 0x74, 0x65, 0x6e, 0x74, 0x69, 0x6f, 0x6e, 0x5f, 0x65, 0x34, 0x6d,
  0x33, 0x5f, 0x66, 0x70, 0x33, 0x32, 0x5f, 0x36, 0x34, 0x5f, 0x33, 0x32,
  0x5f, 0x53, 0x5f, 0x71, 0x5f, 0x70, 0x61, 0x67, 0x65, 0x64, 0x5f, 0x6b,
  0x76, 0x5f, 0x31, 0x36, 0x30, 0x5f, 0x63, 0x61, 0x75, 0x73, 0x61, 0x6c,
  0x5f, 0x73, 0x6d, 0x38, 0x39, 0x5f, 0x6b, 0x65, 0x72, 0x6e, 0x65, 0x6c,
  0x5f, 0x6e, 0x6c, 0x00, 0x2e, 0x6e, 0x76, 0x2e, 0x63, 0x6f, 0x6e, 0x73,
  0x74, 0x61, 0x6e, 0x74, 0x30, 0x2e, 0x66, 0x6d, 0x68, 0x61, 0x5f, 0x76,
  0x32, 0x5f, 0x66, 0x6c, 0x61, 0x73, 0x68, 0x5f, 0x61, 0x74, 0x74, 0x65,
  0x6e, 0x74, 0x69, 0x6f, 0x6e, 0x5f, 0x65, 0x34, 0x6d, 0x33, 0x5f, 0x66,
  0x70, 0x33, 0x32, 0x5f, 0x36, 0x34, 0x5f, 0x33, 0x32, 0x5f, 0x53, 0x5f,
  0x71, 0x5f, 0x70, 0x61, 0x67, 0x65, 0x64, 0x5f, 0x6b, 0x76, 0x5f, 0x31,
  0x36, 0x30, 0x5f, 0x63, 0x61, 0x75, 0x73, 0x61, 0x6c, 0x5f, 0x73, 0x6d,
  0x38, 0x39, 0x5f, 0x6b, 0x65, 0x72, 0x6e, 0x65, 0x6c, 0x5f, 0x6e, 0x6c,
  0x00, 0x2e, 0x64, 0x65, 0x62, 0x75, 0x67, 0x5f, 0x66, 0x72, 0x61, 0x6d,
  0x65, 0x00, 0x2e, 0x72, 0x65, 0x6c, 0x2e, 0x64, 0x65, 0x62, 0x75, 0x67,
  0x5f, 0x66, 0x72, 0x61, 0x6d, 0x65, 0x00, 0x2e, 0x72, 0x65, 0x6c, 0x61,
  0x2e, 0x64, 0x65, 0x62, 0x75, 0x67, 0x5f, 0x66, 0x72, 0x61, 0x6d, 0x65,
  0x00, 0x2e, 0x6e, 0x76, 0x2e, 0x63, 0x61, 0x6c, 0x6c, 0x67, 0x72, 0x61,
  0x70, 0x68, 0x00, 0x2e, 0x6e, 0x76, 0x2e, 0x70, 0x72, 0x6f, 0x74, 0x6f,
  0x74, 0x79, 0x70, 0x65, 0x00, 0x2e, 0x6e, 0x76, 0x2e, 0x72, 0x65, 0x6c,
  0x2e, 0x61, 0x63, 0x74, 0x69, 0x6f, 0x6e, 0x00, 0x66, 0x6d, 0x68, 0x61,
  0x5f, 0x76, 0x32, 0x5f, 0x66, 0x6c, 0x61, 0x73, 0x68, 0x5f, 0x61, 0x74,
  0x74, 0x65, 0x6e, 0x74, 0x69, 0x6f, 0x6e, 0x5f, 0x65, 0x34, 0x6d, 0x33,
  0x5f, 0x66, 0x70, 0x33, 0x32, 0x5f, 0x36, 0x34, 0x5f, 0x33, 0x32, 0x5f,
  0x53, 0x5f, 0x71, 0x5f, 0x70, 0x61, 0x67, 0x65, 0x64, 0x5f, 0x6b, 0x76,
  0x5f, 0x31, 0x36, 0x30, 0x5f, 0x63, 0x75, 0x73, 0x74, 0x6f, 0x6d, 0x5f,
  0x6d, 0x61, 0x73, 0x6b, 0x5f, 0x73, 0x6d, 0x38, 0x39, 0x5f, 0x6b, 0x65,
  0x72, 0x6e, 0x65, 0x6c, 0x5f, 0x6e, 0x6c, 0x00, 0x66, 0x6d, 0x68, 0x61,
  0x5f, 0x76, 0x32, 0x5f, 0x66, 0x6c, 0x61, 0x73, 0x68, 0x5f, 0x61, 0x74,
  0x74, 0x65, 0x6e, 0x74, 0x69, 0x6f, 0x6e, 0x5f, 0x65, 0x34, 0x6d, 0x33,
  0x5f, 0x66, 0x70, 0x33, 0x32, 0x5f, 0x36, 0x34, 0x5f, 0x33, 0x32, 0x5f,
  0x53, 0x5f, 0x71, 0x5f, 0x70, 0x61, 0x67, 0x65, 0x64, 0x5f, 0x6b, 0x76,
  0x5f, 0x31, 0x36, 0x30, 0x5f, 0x73, 0x6c, 0x69, 0x64, 0x69, 0x6e, 0x67,
  0x5f, 0x6f, 0x72, 0x5f, 0x63, 0x68, 0x75, 0x6e, 0x6b, 0x65, 0x64, 0x5f,
  0x63, 0x61, 0x75, 0x73, 0x61, 0x6c, 0x5f, 0x73, 0x6d, 0x38, 0x39, 0x5f,
  0x6b, 0x65, 0x72, 0x6e, 0x65, 0x6c, 0x5f, 0x6e, 0x6c, 0x00, 0x66, 0x6d,
  0x68, 0x61, 0x5f, 0x76, 0x32, 0x5f, 0x66, 0x6c, 0x61, 0x73, 0x68, 0x5f,
  0x61, 0x74, 0x74, 0x65, 0x6e, 0x74, 0x69, 0x6f, 0x6e, 0x5f, 0x65, 0x34,
  0x6d, 0x33, 0x5f, 0x66, 0x70, 0x33, 0x32, 0x5f, 0x36, 0x34, 0x5f, 0x33,
  0x32, 0x5f, 0x53, 0x5f, 0x71, 0x5f, 0x70, 0x61, 0x67, 0x65, 0x64, 0x5f,
  0x6b, 0x76, 0x5f, 0x31, 0x36, 0x30, 0x5f, 0x63, 0x61, 0x75, 0x73, 0x61,
  0x6c, 0x5f, 0x73, 0x6d, 0x38, 0x39, 0x5f, 0x6b, 0x65, 0x72, 0x6e, 0x65,
  0x6c, 0x5f, 0x6e, 0x6c, 0x00, 0x00, 0x00, 0x00, 0x00, 0x00, 0x00, 0x00,
  0x00, 0x00, 0x00, 0x00, 0x00, 0x00, 0x00, 0x00, 0x00, 0x00, 0x00, 0x00,
  0x00, 0x00, 0x00, 0x00, 0x00, 0x00, 0x00, 0x00, 0x29, 0x00, 0x00, 0x00,
  0x03, 0x00, 0x05, 0x00, 0x00, 0x00, 0x00, 0x00, 0x00, 0x00, 0x00, 0x00,
  0x00, 0x00, 0x00, 0x00, 0x00, 0x00, 0x00, 0x00, 0x39, 0x00, 0x00, 0x00,
  0x03, 0x00, 0x06, 0x00, 0x00, 0x00, 0x00, 0x00, 0x00, 0x00, 0x00, 0x00,
  0x00, 0x00, 0x00, 0x00, 0x00, 0x00, 0x00, 0x00, 0x52, 0x00, 0x00, 0x00,
  0x03, 0x00, 0x11, 0x00, 0x00, 0x00, 0x00, 0x00, 0x00, 0x00, 0x00, 0x00,
  0x00, 0x00, 0x00, 0x00, 0x00, 0x00, 0x00, 0x00, 0xce, 0x01, 0x00, 0x00,
  0x03, 0x00, 0x0e, 0x00, 0x00, 0x00, 0x00, 0x00, 0x00, 0x00, 0x00, 0x00,
  0x00, 0x00, 0x00, 0x00, 0x00, 0x00, 0x00, 0x00, 0x30, 0x02, 0x00, 0x00,
  0x03, 0x00, 0x12, 0x00, 0x00, 0x00, 0x00, 0x00, 0x00, 0x00, 0x00, 0x00,
  0x00, 0x00, 0x00, 0x00, 0x00, 0x00, 0x00, 0x00, 0xe4, 0x03, 0x00, 0x00,
  0x03, 0x00, 0x0f, 0x00, 0x00, 0x00, 0x00, 0x00, 0x00, 0x00, 0x00, 0x00,
  0x00, 0x00, 0x00, 0x00, 0x00, 0x00, 0x00, 0x00, 0x54, 0x04, 0x00, 0x00,
  0x03, 0x00, 0x13, 0x00, 0x00, 0x00, 0x00, 0x00, 0x00, 0x00, 0x00, 0x00,
  0x00, 0x00, 0x00, 0x00, 0x00, 0x00, 0x00, 0x00, 0xbc, 0x05, 0x00, 0x00,
  0x03, 0x00, 0x10, 0x00, 0x00, 0x00, 0x00, 0x00, 0x00, 0x00, 0x00, 0x00,
  0x00, 0x00, 0x00, 0x00, 0x00, 0x00, 0x00, 0x00, 0x19, 0x06, 0x00, 0x00,
  0x03, 0x00, 0x04, 0x00, 0x00, 0x00, 0x00, 0x00, 0x00, 0x00, 0x00, 0x00,
  0x00, 0x00, 0x00, 0x00, 0x00, 0x00, 0x00, 0x00, 0x49, 0x06, 0x00, 0x00,
  0x03, 0x00, 0x0b, 0x00, 0x00, 0x00, 0x00, 0x00, 0x00, 0x00, 0x00, 0x00,
  0x00, 0x00, 0x00, 0x00, 0x00, 0x00, 0x00, 0x00, 0x65, 0x06, 0x00, 0x00,
  0x03, 0x00, 0x0c, 0x00, 0x00, 0x00, 0x00, 0x00, 0x00, 0x00, 0x00, 0x00,
  0x00, 0x00, 0x00, 0x00, 0x00, 0x00, 0x00, 0x00, 0x74, 0x06, 0x00, 0x00,
  0x12, 0x10, 0x11, 0x00, 0x00, 0x00, 0x00, 0x00, 0x00, 0x00, 0x00, 0x00,
  0x80, 0x86, 0x00, 0x00, 0x00, 0x00, 0x00, 0x00, 0xc8, 0x06, 0x00, 0x00,
  0x12, 0x10, 0x12, 0x00, 0x00, 0x00, 0x00, 0x00, 0x00, 0x00, 0x00, 0x00,
  0x00, 0x8d, 0x00, 0x00, 0x00, 0x00, 0x00, 0x00, 0x2a, 0x07, 0x00, 0x00,
  0x12, 0x10, 0x13, 0x00, 0x00, 0x00, 0x00, 0x00, 0x00, 0x00, 0x00, 0x00,
  0x80, 0x88, 0x00, 0x00, 0x00, 0x00, 0x00, 0x00, 0xff, 0xff, 0xff, 0xff,
  0x24, 0x00, 0x00, 0x00, 0x00, 0x00, 0x00, 0x00, 0xff, 0xff, 0xff, 0xff,
  0xff, 0xff, 0xff, 0xff, 0x03, 0x00, 0x04, 0x7c, 0xff, 0xff, 0xff, 0xff,
  0x0f, 0x0c, 0x81, 0x80, 0x80, 0x28, 0x00, 0x08, 0xff, 0x81, 0x80, 0x28,
  0x08, 0x81, 0x80, 0x80, 0x28, 0x00, 0x00, 0x00, 0xff, 0xff, 0xff, 0xff,
  0x34, 0x00, 0x00, 0x00, 0x00, 0x00, 0x00, 0x00, 0x00, 0x00, 0x00, 0x00,
  0x00, 0x00, 0x00, 0x00, 0x00, 0x00, 0x00, 0x00, 0x00, 0x00, 0x00, 0x00,
  0x80, 0x86, 0x00, 0x00, 0x00, 0x00, 0x00, 0x00, 0x04, 0x04, 0x00, 0x00,
  0x00, 0x04, 0x44, 0x00, 0x00, 0x00, 0x0c, 0x81, 0x80, 0x80, 0x28, 0x00,
  0x04, 0x2c, 0x21, 0x00, 0x00, 0x00, 0x00, 0x00, 0x00, 0x00, 0x00, 0x00,
  0xff, 0xff, 0xff, 0xff, 0x24, 0x00, 0x00, 0x00, 0x00, 0x00, 0x00, 0x00,
  0xff, 0xff, 0xff, 0xff, 0xff, 0xff, 0xff, 0xff, 0x03, 0x00, 0x04, 0x7c,
  0xff, 0xff, 0xff, 0xff, 0x0f, 0x0c, 0x81, 0x80, 0x80, 0x28, 0x00, 0x08,
  0xff, 0x81, 0x80, 0x28, 0x08, 0x81, 0x80, 0x80, 0x28, 0x00, 0x00, 0x00,
  0xff, 0xff, 0xff, 0xff, 0x34, 0x00, 0x00, 0x00, 0x00, 0x00, 0x00, 0x00,
  0x70, 0x00, 0x00, 0x00, 0x00, 0x00, 0x00, 0x00, 0x00, 0x00, 0x00, 0x00,
  0x00, 0x00, 0x00, 0x00, 0x00, 0x8d, 0x00, 0x00, 0x00, 0x00, 0x00, 0x00,
  0x04, 0x04, 0x00, 0x00, 0x00, 0x04, 0x78, 0x00, 0x00, 0x00, 0x0c, 0x81,
  0x80, 0x80, 0x28, 0x00, 0x04, 0x94, 0x22, 0x00, 0x00, 0x00, 0x00, 0x00,
  0x00, 0x00, 0x00, 0x00, 0xff, 0xff, 0xff, 0xff, 0x24, 0x00, 0x00, 0x00,
  0x00, 0x00, 0x00, 0x00, 0xff, 0xff, 0xff, 0xff, 0xff, 0xff, 0xff, 0xff,
  0x03, 0x00, 0x04, 0x7c, 0xff, 0xff, 0xff, 0xff, 0x0f, 0x0c, 0x81, 0x80,
  0x80, 0x28, 0x00, 0x08, 0xff, 0x81, 0x80, 0x28, 0x08, 0x81, 0x80, 0x80,
  0x28, 0x00, 0x00, 0x00, 0xff, 0xff, 0xff, 0xff, 0x34, 0x00, 0x00, 0x00,
  0x00, 0x00, 0x00, 0x00, 0xe0, 0x00, 0x00, 0x00, 0x00, 0x00, 0x00, 0x00,
  0x00, 0x00, 0x00, 0x00, 0x00, 0x00, 0x00, 0x00, 0x80, 0x88, 0x00, 0x00,
  0x00, 0x00, 0x00, 0x00, 0x04, 0x04, 0x00, 0x00, 0x00, 0x04, 0x4c, 0x00,
  0x00, 0x00, 0x0c, 0x81, 0x80, 0x80, 0x28, 0x00, 0x04, 0xa0, 0x21, 0x00,
  0x00, 0x00, 0x00, 0x00, 0x00, 0x00, 0x00, 0x00, 0x0c, 0x00, 0x00, 0x00,
  0x90, 0x00, 0x00, 0x00, 0xd0, 0x07, 0x00, 0x00, 0x4e, 0x56, 0x49, 0x44,
  0x49, 0x41, 0x20, 0x43, 0x6f, 0x72, 0x70, 0x00, 0x02, 0x00, 0x00, 0x00,
  0x00, 0x00, 0x00, 0x00, 0x01, 0x00, 0x00, 0x00, 0x07, 0x00, 0x00, 0x00,
  0x36, 0x00, 0x00, 0x00, 0x60, 0x00, 0x00, 0x00, 0x00, 0x70, 0x74, 0x78,
  0x61, 0x73, 0x00, 0x43, 0x75, 0x64, 0x61, 0x20, 0x63, 0x6f, 0x6d, 0x70,
  0x69, 0x6c, 0x61, 0x74, 0x69, 0x6f, 0x6e, 0x20, 0x74, 0x6f, 0x6f, 0x6c,
  0x73, 0x2c, 0x20, 0x72, 0x65, 0x6c, 0x65, 0x61, 0x73, 0x65, 0x20, 0x31,
  0x33, 0x2e, 0x30, 0x2c, 0x20, 0x56, 0x31, 0x33, 0x2e, 0x30, 0x2e, 0x38,
  0x38, 0x00, 0x42, 0x75, 0x69, 0x6c, 0x64, 0x20, 0x63, 0x75, 0x64, 0x61,
  0x5f, 0x31, 0x33, 0x2e, 0x30, 0x2e, 0x72, 0x31, 0x33, 0x2e, 0x30, 0x2f,
  0x63, 0x6f, 0x6d, 0x70, 0x69, 0x6c, 0x65, 0x72, 0x2e, 0x33, 0x36, 0x34,
  0x32, 0x34, 0x37, 0x31, 0x34, 0x5f, 0x30, 0x00, 0x2d, 0x76, 0x20, 0x20,
  0x2d, 0x61, 0x72, 0x63, 0x68, 0x20, 0x73, 0x6d, 0x5f, 0x38, 0x39, 0x20,
  0x2d, 0x6d, 0x20, 0x36, 0x34, 0x20, 0x00, 0x00, 0x0c, 0x00, 0x00, 0x00,
  0x08, 0x00, 0x00, 0x00, 0xe8, 0x03, 0x00, 0x00, 0x4e, 0x56, 0x49, 0x44,
  0x49, 0x41, 0x20, 0x43, 0x6f, 0x72, 0x70, 0x00, 0x02, 0x00, 0x59, 0x00,
  0x82, 0x00, 0x00, 0x00, 0x04, 0x2f, 0x08, 0x00, 0x0e, 0x00, 0x00, 0x00,
  0xfc, 0x00, 0x00, 0x00, 0x04, 0x11, 0x08, 0x00, 0x0e, 0x00, 0x00, 0x00,
  0x00, 0x00, 0x00, 0x00, 0x04, 0x2f, 0x08, 0x00, 0x0d, 0x00, 0x00, 0x00,
  0xfe, 0x00, 0x00, 0x00, 0x04, 0x11, 0x08, 0x00, 0x0d, 0x00, 0x00, 0x00,
  0x00, 0x00, 0x00, 0x00, 0x04, 0x2f, 0x08, 0x00, 0x0c, 0x00, 0x00, 0x00,
  0xfe, 0x00, 0x00, 0x00, 0x04, 0x11, 0x08, 0x00, 0x0c, 0x00, 0x00, 0x00,
  0x00, 0x00, 0x00, 0x00, 0x04, 0x12, 0x08, 0x00, 0x0c, 0x00, 0x00, 0x00,
  0x00, 0x00, 0x00, 0x00, 0x04, 0x12, 0x08, 0x00, 0x0d, 0x00, 0x00, 0x00,
  0x00, 0x00, 0x00, 0x00, 0x04, 0x12, 0x08, 0x00, 0x0e, 0x00, 0x00, 0x00,
  0x00, 0x00, 0x00, 0x00, 0x04, 0x37, 0x04, 0x00, 0x82, 0x00, 0x00, 0x00,
  0x04, 0x0a, 0x08, 0x00, 0x04, 0x00, 0x00, 0x00, 0x60, 0x01, 0xe0, 0x02,
  0x03, 0x19, 0xe0, 0x02, 0x04, 0x17, 0x0c, 0x00, 0x00, 0x00, 0x00, 0x00,
  0x00, 0x00, 0x20, 0x00, 0x00, 0xf0, 0x01, 0x0b, 0x03, 0x1b, 0xff, 0x00,
  0x02, 0x4c, 0x01, 0x00, 0x03, 0x5f, 0x00, 0x00, 0x04, 0x29, 0x40, 0x00,
  0xff, 0xff, 0xff, 0xff, 0xff, 0xff, 0xff, 0xff, 0xff, 0xff, 0xff, 0xff,
  0xff, 0xff, 0xff, 0xff, 0xff, 0xff, 0xff, 0xff, 0xff, 0xff, 0xff, 0xff,
  0xff, 0xff, 0xff, 0xff, 0xff, 0xff, 0xff, 0xff, 0xff, 0xff, 0xff, 0xff,
  0xff, 0xff, 0xff, 0xff, 0xff, 0xff, 0xff, 0xff, 0xff, 0xff, 0xff, 0xff,
  0xff, 0xff, 0xff, 0xff, 0xff, 0xff, 0xff, 0xff, 0xff, 0xff, 0xff, 0xff,
  0xff, 0xff, 0xff, 0xff, 0x04, 0x28, 0x40, 0x00, 0x90, 0x35, 0x00, 0x00,
  0xa0, 0x35, 0x00, 0x00, 0xd0, 0x35, 0x00, 0x00, 0xe0, 0x35, 0x00, 0x00,
  0x20, 0x3b, 0x00, 0x00, 0x60, 0x3b, 0x00, 0x00, 0xf0, 0x3c, 0x00, 0x00,
  0x30, 0x3d, 0x00, 0x00, 0xc0, 0x40, 0x00, 0x00, 0xd0, 0x40, 0x00, 0x00,
  0x00, 0x41, 0x00, 0x00, 0x10, 0x41, 0x00, 0x00, 0x80, 0x45, 0x00, 0x00,
  0xe0, 0x45, 0x00, 0x00, 0x00, 0x46, 0x00, 0x00, 0x10, 0x46, 0x00, 0x00,
  0x04, 0x1c, 0x14, 0x00, 0x10, 0x01, 0x00, 0x00, 0x80, 0x83, 0x00, 0x00,
  0xf0, 0x83, 0x00, 0x00, 0x20, 0x85, 0x00, 0x00, 0xd0, 0x85, 0x00, 0x00,
  0x01, 0x04, 0x00, 0x00, 0x04, 0x1e, 0x04, 0x00, 0x00, 0x00, 0x00, 0x00,
  0x04, 0x37, 0x04, 0x00, 0x82, 0x00, 0x00, 0x00, 0x04, 0x0a, 0x08, 0x00,
  0x06, 0x00, 0x00, 0x00, 0x60, 0x01, 0xe0, 0x02, 0x03, 0x19, 0xe0, 0x02,
  0x04, 0x17, 0x0c, 0x00, 0x00, 0x00, 0x00, 0x00, 0x00, 0x00, 0x20, 0x00,
  0x00, 0xf0, 0x01, 0x0b, 0x03, 0x1b, 0xff, 0x00, 0x02, 0x4c, 0x01, 0x00,
  0x03, 0x5f, 0x00, 0x00, 0x04, 0x29, 0x40, 0x00, 0xff, 0xff, 0xff, 0xff,
  0xff, 0xff, 0xff, 0xff, 0xff, 0xff, 0xff, 0xff, 0xff, 0xff, 0xff, 0xff,
  0xff, 0xff, 0xff, 0xff, 0xff, 0xff, 0xff, 0xff, 0xff, 0xff, 0xff, 0xff,
  0xff, 0xff, 0xff, 0xff, 0xff, 0xff, 0xff, 0xff, 0xff, 0xff, 0xff, 0xff,
  0xff, 0xff, 0xff, 0xff, 0xff, 0xff, 0xff, 0xff, 0xff, 0xff, 0xff, 0xff,
  0xff, 0xff, 0xff, 0xff, 0xff, 0xff, 0xff, 0xff, 0xff, 0xff, 0xff, 0xff,
  0x04, 0x28, 0x40, 0x00, 0xc0, 0x3b, 0x00, 0x00, 0xd0, 0x3b, 0x00, 0x00,
  0x00, 0x3c, 0x00, 0x00, 0x10, 0x3c, 0x00, 0x00, 0x40, 0x40, 0x00, 0x00,
  0x10, 0x41, 0x00, 0x00, 0xb0, 0x41, 0x00, 0x00, 0x80, 0x43, 0x00, 0x00,
  0xf0, 0x46, 0x00, 0x00, 0x00, 0x47, 0x00, 0x00, 0x30, 0x47, 0x00, 0x00,
  0x40, 0x47, 0x00, 0x00, 0x90, 0x4b, 0x00, 0x00, 0x10, 0x4c, 0x00, 0x00,
  0x30, 0x4c, 0x00, 0x00, 0x40, 0x4c, 0x00, 0x00, 0x04, 0x1c, 0x14, 0x00,
  0xe0, 0x01, 0x00, 0x00, 0x20, 0x8a, 0x00, 0x00, 0x50, 0x8a, 0x00, 0x00,
  0x90, 0x8b, 0x00, 0x00, 0x40, 0x8c, 0x00, 0x00, 0x01, 0x04, 0x00, 0x00,
  0x04, 0x1e, 0x04, 0x00, 0x00, 0x00, 0x00, 0x00, 0x04, 0x37, 0x04, 0x00,
  0x82, 0x00, 0x00, 0x00, 0x04, 0x0a, 0x08, 0x00, 0x08, 0x00, 0x00, 0x00,
  0x60, 0x01, 0xe0, 0x02, 0x03, 0x19, 0xe0, 0x02, 0x04, 0x17, 0x0c, 0x00,
  0x00, 0x00, 0x00, 0x00, 0x00, 0x00, 0x20, 0x00, 0x00, 0xf0, 0x01, 0x0b,
  0x03, 0x1b, 0xff, 0x00, 0x02, 0x4c, 0x01, 0x00, 0x03, 0x5f, 0x00, 0x00,
  0x04, 0x29, 0x40, 0x00, 0xff, 0xff, 0xff, 0xff, 0xff, 0xff, 0xff, 0xff,
  0xff, 0xff, 0xff, 0xff, 0xff, 0xff, 0xff, 0xff, 0xff, 0xff, 0xff, 0xff,
  0xff, 0xff, 0xff, 0xff, 0xff, 0xff, 0xff, 0xff, 0xff, 0xff, 0xff, 0xff,
  0xff, 0xff, 0xff, 0xff, 0xff, 0xff, 0xff, 0xff, 0xff, 0xff, 0xff, 0xff,
  0xff, 0xff, 0xff, 0xff, 0xff, 0xff, 0xff, 0xff, 0xff, 0xff, 0xff, 0xff,
  0xff, 0xff, 0xff, 0xff, 0xff, 0xff, 0xff, 0xff, 0x04, 0x28, 0x40, 0x00,
  0x60, 0x38, 0x00, 0x00, 0x70, 0x38, 0x00, 0x00, 0xa0, 0x38, 0x00, 0x00,
  0xb0, 0x38, 0x00, 0x00, 0xa0, 0x3c, 0x00, 0x00, 0x40, 0x3d, 0x00, 0x00,
  0x10, 0x3e, 0x00, 0x00, 0xe0, 0x3f, 0x00, 0x00, 0x50, 0x43, 0x00, 0x00,
  0x60, 0x43, 0x00, 0x00, 0x90, 0x43, 0x00, 0x00, 0xa0, 0x43, 0x00, 0x00,
  0xd0, 0x47, 0x00, 0x00, 0x30, 0x48, 0x00, 0x00, 0x40, 0x48, 0x00, 0x00,
  0x70, 0x48, 0x00, 0x00, 0x04, 0x1c, 0x14, 0x00, 0x30, 0x01, 0x00, 0x00,
  0xa0, 0x85, 0x00, 0x00, 0xd0, 0x85, 0x00, 0x00, 0x10, 0x87, 0x00, 0x00,
  0xc0, 0x87, 0x00, 0x00, 0x01, 0x04, 0x00, 0x00, 0x04, 0x1e, 0x04, 0x00,
  0x00, 0x00, 0x00, 0x00, 0x00, 0x00, 0x00, 0x00, 0xff, 0xff, 0xff, 0xff,
  0x00, 0x00, 0x00, 0x00, 0xfe, 0xff, 0xff, 0xff, 0x00, 0x00, 0x00, 0x00,
  0xfd, 0xff, 0xff, 0xff, 0x00, 0x00, 0x00, 0x00, 0xfc, 0xff, 0xff, 0xff,
  0x00, 0x00, 0x00, 0x00, 0x73, 0x00, 0x00, 0x00, 0x00, 0x00, 0x00, 0x00,
  0x00, 0x00, 0x00, 0x11, 0x25, 0x00, 0x05, 0x36, 0x24, 0x01, 0x00, 0x00,
  0x00, 0x00, 0x00, 0x00, 0x02, 0x00, 0x00, 0x00, 0x0e, 0x00, 0x00, 0x00,
  0xb4, 0x00, 0x00, 0x00, 0x00, 0x00, 0x00, 0x00, 0x02, 0x00, 0x00, 0x00,
  0x0d, 0x00, 0x00, 0x00, 0x44, 0x00, 0x00, 0x00, 0x00, 0x00, 0x00, 0x00,
  0x02, 0x00, 0x00, 0x00, 0x0c, 0x00, 0x00, 0x00, 0x00, 0x00, 0x00, 0x00,
  0x00, 0x00, 0x00, 0x00, 0x00, 0x00, 0x00, 0x00, 0x00, 0x00, 0x00, 0x00,
  0x00, 0x00, 0x00, 0x00, 0x00, 0x00, 0x00, 0x00, 0x00, 0x00, 0x00, 0x00,
  0x00, 0x00, 0x00, 0x00, 0x00, 0x00, 0x00, 0x00, 0x00, 0x00, 0x00, 0x00,
  0x00, 0x00, 0x00, 0x00, 0x00, 0x00, 0x00, 0x00, 0x00, 0x00, 0x00, 0x00,
  0x00, 0x00, 0x00, 0x00, 0x00, 0x00, 0x00, 0x00, 0x00, 0x00, 0x00, 0x00,
  0x00, 0x00, 0x00, 0x00, 0x00, 0x00, 0x00, 0x00, 0x00, 0x00, 0x00, 0x00,
  0x00, 0x00, 0x00, 0x00, 0x00, 0x00, 0x00, 0x00, 0x00, 0x00, 0x00, 0x00,
  0x00, 0x00, 0x00, 0x00, 0x00, 0x00, 0x00, 0x00, 0x00, 0x00, 0x00, 0x00,
  0x00, 0x00, 0x00, 0x00, 0x00, 0x00, 0x00, 0x00, 0x00, 0x00, 0x00, 0x00,
  0x00, 0x00, 0x00, 0x00, 0x00, 0x00, 0x00, 0x00, 0x00, 0x00, 0x00, 0x00,
  0x00, 0x00, 0x00, 0x00, 0x00, 0x00, 0x00, 0x00, 0x00, 0x00, 0x00, 0x00,
  0x00, 0x00, 0x00, 0x00, 0x00, 0x00, 0x00, 0x00, 0x00, 0x00, 0x00, 0x00,
  0x00, 0x00, 0x00, 0x00, 0x00, 0x00, 0x00, 0x00, 0x00, 0x00, 0x00, 0x00,
  0x00, 0x00, 0x00, 0x00, 0x00, 0x00, 0x00, 0x00, 0x00, 0x00, 0x00, 0x00,
  0x00, 0x00, 0x00, 0x00, 0x00, 0x00, 0x00, 0x00, 0x00, 0x00, 0x00, 0x00,
  0x00, 0x00, 0x00, 0x00, 0x00, 0x00, 0x00, 0x00, 0x00, 0x00, 0x00, 0x00,
  0x00, 0x00, 0x00, 0x00, 0x00, 0x00, 0x00, 0x00, 0x00, 0x00, 0x00, 0x00,
  0x00, 0x00, 0x00, 0x00, 0x00, 0x00, 0x00, 0x00, 0x00, 0x00, 0x00, 0x00,
  0x00, 0x00, 0x00, 0x00, 0x00, 0x00, 0x00, 0x00, 0x00, 0x00, 0x00, 0x00,
  0x00, 0x00, 0x00, 0x00, 0x00, 0x00, 0x00, 0x00, 0x00, 0x00, 0x00, 0x00,
  0x00, 0x00, 0x00, 0x00, 0x00, 0x00, 0x00, 0x00, 0x00, 0x00, 0x00, 0x00,
  0x00, 0x00, 0x00, 0x00, 0x00, 0x00, 0x00, 0x00, 0x00, 0x00, 0x00, 0x00,
  0x00, 0x00, 0x00, 0x00, 0x00, 0x00, 0x00, 0x00, 0x00, 0x00, 0x00, 0x00,
  0x00, 0x00, 0x00, 0x00, 0x00, 0x00, 0x00, 0x00, 0x00, 0x00, 0x00, 0x00,
  0x00, 0x00, 0x00, 0x00, 0x00, 0x00, 0x00, 0x00, 0x00, 0x00, 0x00, 0x00,
  0x00, 0x00, 0x00, 0x00, 0x00, 0x00, 0x00, 0x00, 0x00, 0x00, 0x00, 0x00,
  0x00, 0x00, 0x00, 0x00, 0x00, 0x00, 0x00, 0x00, 0x00, 0x00, 0x00, 0x00,
  0x00, 0x00, 0x00, 0x00, 0x00, 0x00, 0x00, 0x00, 0x00, 0x00, 0x00, 0x00,
  0x00, 0x00, 0x00, 0x00, 0x00, 0x00, 0x00, 0x00, 0x00, 0x00, 0x00, 0x00,
  0x00, 0x00, 0x00, 0x00, 0x00, 0x00, 0x00, 0x00, 0x00, 0x00, 0x00, 0x00,
  0x00, 0x00, 0x00, 0x00, 0x00, 0x00, 0x00, 0x00, 0x00, 0x00, 0x00, 0x00,
  0x00, 0x00, 0x00, 0x00, 0x00, 0x00, 0x00, 0x00, 0x00, 0x00, 0x00, 0x00,
  0x00, 0x00, 0x00, 0x00, 0x00, 0x00, 0x00, 0x00, 0x00, 0x00, 0x00, 0x00,
  0x00, 0x00, 0x00, 0x00, 0x00, 0x00, 0x00, 0x00, 0x00, 0x00, 0x00, 0x00,
  0x00, 0x00, 0x00, 0x00, 0x00, 0x00, 0x00, 0x00, 0x00, 0x00, 0x00, 0x00,
  0x00, 0x00, 0x00, 0x00, 0x00, 0x00, 0x00, 0x00, 0x00, 0x00, 0x00, 0x00,
  0x00, 0x00, 0x00, 0x00, 0x00, 0x00, 0x00, 0x00, 0x00, 0x00, 0x00, 0x00,
  0x00, 0x00, 0x00, 0x00, 0x00, 0x00, 0x00, 0x00, 0x00, 0x00, 0x00, 0x00,
  0x00, 0x00, 0x00, 0x00, 0x00, 0x00, 0x00, 0x00, 0x00, 0x00, 0x00, 0x00,
  0x00, 0x00, 0x00, 0x00, 0x00, 0x00, 0x00, 0x00, 0x00, 0x00, 0x00, 0x00,
  0x00, 0x00, 0x00, 0x00, 0x00, 0x00, 0x00, 0x00, 0x00, 0x00, 0x00, 0x00,
  0x00, 0x00, 0x00, 0x00, 0x00, 0x00, 0x00, 0x00, 0x00, 0x00, 0x00, 0x00,
  0x00, 0x00, 0x00, 0x00, 0x00, 0x00, 0x00, 0x00, 0x00, 0x00, 0x00, 0x00,
  0x00, 0x00, 0x00, 0x00, 0x00, 0x00, 0x00, 0x00, 0x00, 0x00, 0x00, 0x00,
  0x00, 0x00, 0x00, 0x00, 0x00, 0x00, 0x00, 0x00, 0x00, 0x00, 0x00, 0x00,
  0x00, 0x00, 0x00, 0x00, 0x00, 0x00, 0x00, 0x00, 0x00, 0x00, 0x00, 0x00,
  0x00, 0x00, 0x00, 0x00, 0x00, 0x00, 0x00, 0x00, 0x00, 0x00, 0x00, 0x00,
  0x00, 0x00, 0x00, 0x00, 0x00, 0x00, 0x00, 0x00, 0x00, 0x00, 0x00, 0x00,
  0x00, 0x00, 0x00, 0x00, 0x00, 0x00, 0x00, 0x00, 0x00, 0x00, 0x00, 0x00,
  0x00, 0x00, 0x00, 0x00, 0x00, 0x00, 0x00, 0x00, 0x00, 0x00, 0x00, 0x00,
  0x00, 0x00, 0x00, 0x00, 0x00, 0x00, 0x00, 0x00, 0x00, 0x00, 0x00, 0x00,
  0x00, 0x00, 0x00, 0x00, 0x00, 0x00, 0x00, 0x00, 0x00, 0x00, 0x00, 0x00,
  0x00, 0x00, 0x00, 0x00, 0x00, 0x00, 0x00, 0x00, 0x00, 0x00, 0x00, 0x00,
  0x00, 0x00, 0x00, 0x00, 0x00, 0x00, 0x00, 0x00, 0x00, 0x00, 0x00, 0x00,
  0x00, 0x00, 0x00, 0x00, 0x00, 0x00, 0x00, 0x00, 0x00, 0x00, 0x00, 0x00,
  0x00, 0x00, 0x00, 0x00, 0x00, 0x00, 0x00, 0x00, 0x00, 0x00, 0x00, 0x00,
  0x00, 0x00, 0x00, 0x00, 0x00, 0x00, 0x00, 0x00, 0x00, 0x00, 0x00, 0x00,
  0x00, 0x00, 0x00, 0x00, 0x00, 0x00, 0x00, 0x00, 0x00, 0x00, 0x00, 0x00,
  0x00, 0x00, 0x00, 0x00, 0x00, 0x00, 0x00, 0x00, 0x00, 0x00, 0x00, 0x00,
  0x00, 0x00, 0x00, 0x00, 0x00, 0x00, 0x00, 0x00, 0x00, 0x00, 0x00, 0x00,
  0x00, 0x00, 0x00, 0x00, 0x00, 0x00, 0x00, 0x00, 0x00, 0x00, 0x00, 0x00,
  0x00, 0x00, 0x00, 0x00, 0x00, 0x00, 0x00, 0x00, 0x00, 0x00, 0x00, 0x00,
  0x00, 0x00, 0x00, 0x00, 0x00, 0x00, 0x00, 0x00, 0x00, 0x00, 0x00, 0x00,
  0x00, 0x00, 0x00, 0x00, 0x00, 0x00, 0x00, 0x00, 0x00, 0x00, 0x00, 0x00,
  0x00, 0x00, 0x00, 0x00, 0x00, 0x00, 0x00, 0x00, 0x00, 0x00, 0x00, 0x00,
  0x00, 0x00, 0x00, 0x00, 0x00, 0x00, 0x00, 0x00, 0x00, 0x00, 0x00, 0x00,
  0x00, 0x00, 0x00, 0x00, 0x00, 0x00, 0x00, 0x00, 0x00, 0x00, 0x00, 0x00,
  0x00, 0x00, 0x00, 0x00, 0x00, 0x00, 0x00, 0x00, 0x00, 0x00, 0x00, 0x00,
  0x00, 0x00, 0x00, 0x00, 0x00, 0x00, 0x00, 0x00, 0x00, 0x00, 0x00, 0x00,
  0x00, 0x00, 0x00, 0x00, 0x00, 0x00, 0x00, 0x00, 0x00, 0x00, 0x00, 0x00,
  0x00, 0x00, 0x00, 0x00, 0x00, 0x00, 0x00, 0x00, 0x00, 0x00, 0x00, 0x00,
  0x00, 0x00, 0x00, 0x00, 0x00, 0x00, 0x00, 0x00, 0x00, 0x00, 0x00, 0x00,
  0x00, 0x00, 0x00, 0x00, 0x00, 0x00, 0x00, 0x00, 0x00, 0x00, 0x00, 0x00,
  0x00, 0x00, 0x00, 0x00, 0x00, 0x00, 0x00, 0x00, 0x00, 0x00, 0x00, 0x00,
  0x00, 0x00, 0x00, 0x00, 0x00, 0x00, 0x00, 0x00, 0x00, 0x00, 0x00, 0x00,
  0x00, 0x00, 0x00, 0x00, 0x00, 0x00, 0x00, 0x00, 0x00, 0x00, 0x00, 0x00,
  0x00, 0x00, 0x00, 0x00, 0x00, 0x00, 0x00, 0x00, 0x00, 0x00, 0x00, 0x00,
  0x00, 0x00, 0x00, 0x00, 0x00, 0x00, 0x00, 0x00, 0x00, 0x00, 0x00, 0x00,
  0x00, 0x00, 0x00, 0x00, 0x00, 0x00, 0x00, 0x00, 0x00, 0x00, 0x00, 0x00,
  0x00, 0x00, 0x00, 0x00, 0x00, 0x00, 0x00, 0x00, 0x00, 0x00, 0x00, 0x00,
  0x00, 0x00, 0x00, 0x00, 0x00, 0x00, 0x00, 0x00, 0x00, 0x00, 0x00, 0x00,
  0x00, 0x00, 0x00, 0x00, 0x00, 0x00, 0x00, 0x00, 0x00, 0x00, 0x00, 0x00,
  0x00, 0x00, 0x00, 0x00, 0x00, 0x00, 0x00, 0x00, 0x00, 0x00, 0x00, 0x00,
  0x00, 0x00, 0x00, 0x00, 0x00, 0x00, 0x00, 0x00, 0x00, 0x00, 0x00, 0x00,
  0x00, 0x00, 0x00, 0x00, 0x00, 0x00, 0x00, 0x00, 0x00, 0x00, 0x00, 0x00,
  0x00, 0x00, 0x00, 0x00, 0x00, 0x00, 0x00, 0x00, 0x00, 0x00, 0x00, 0x00,
  0x00, 0x00, 0x00, 0x00, 0x00, 0x00, 0x00, 0x00, 0x00, 0x00, 0x00, 0x00,
  0x00, 0x00, 0x00, 0x00, 0x00, 0x00, 0x00, 0x00, 0x00, 0x00, 0x00, 0x00,
  0x00, 0x00, 0x00, 0x00, 0x00, 0x00, 0x00, 0x00, 0x00, 0x00, 0x00, 0x00,
  0x00, 0x00, 0x00, 0x00, 0x00, 0x00, 0x00, 0x00, 0x00, 0x00, 0x00, 0x00,
  0x00, 0x00, 0x00, 0x00, 0x00, 0x00, 0x00, 0x00, 0x00, 0x00, 0x00, 0x00,
  0x00, 0x00, 0x00, 0x00, 0x00, 0x00, 0x00, 0x00, 0x00, 0x00, 0x00, 0x00,
  0x00, 0x00, 0x00, 0x00, 0x00, 0x00, 0x00, 0x00, 0x00, 0x00, 0x00, 0x00,
  0x00, 0x00, 0x00, 0x00, 0x00, 0x00, 0x00, 0x00, 0x00, 0x00, 0x00, 0x00,
  0x00, 0x00, 0x00, 0x00, 0x00, 0x00, 0x00, 0x00, 0x00, 0x00, 0x00, 0x00,
  0x00, 0x00, 0x00, 0x00, 0x00, 0x00, 0x00, 0x00, 0x00, 0x00, 0x00, 0x00,
  0x00, 0x00, 0x00, 0x00, 0x00, 0x00, 0x00, 0x00, 0x00, 0x00, 0x00, 0x00,
  0x00, 0x00, 0x00, 0x00, 0x00, 0x00, 0x00, 0x00, 0x00, 0x00, 0x00, 0x00,
  0x00, 0x00, 0x00, 0x00, 0x00, 0x00, 0x00, 0x00, 0x00, 0x00, 0x00, 0x00,
  0x00, 0x00, 0x00, 0x00, 0x00, 0x00, 0x00, 0x00, 0x00, 0x00, 0x00, 0x00,
  0x00, 0x00, 0x00, 0x00, 0x00, 0x00, 0x00, 0x00, 0x00, 0x00, 0x00, 0x00,
  0x00, 0x00, 0x00, 0x00, 0x00, 0x00, 0x00, 0x00, 0x00, 0x00, 0x00, 0x00,
  0x00, 0x00, 0x00, 0x00, 0x00, 0x00, 0x00, 0x00, 0x00, 0x00, 0x00, 0x00,
  0x00, 0x00, 0x00, 0x00, 0x00, 0x00, 0x00, 0x00, 0x00, 0x00, 0x00, 0x00,
  0x00, 0x00, 0x00, 0x00, 0x00, 0x00, 0x00, 0x00, 0x00, 0x00, 0x00, 0x00,
  0x00, 0x00, 0x00, 0x00, 0x00, 0x00, 0x00, 0x00, 0x00, 0x00, 0x00, 0x00,
  0x00, 0x00, 0x00, 0x00, 0x00, 0x00, 0x00, 0x00, 0x00, 0x00, 0x00, 0x00,
  0x00, 0x00, 0x00, 0x00, 0x00, 0x00, 0x00, 0x00, 0x00, 0x00, 0x00, 0x00,
  0x00, 0x00, 0x00, 0x00, 0x00, 0x00, 0x00, 0x00, 0x00, 0x00, 0x00, 0x00,
  0x00, 0x00, 0x00, 0x00, 0x00, 0x00, 0x00, 0x00, 0x00, 0x00, 0x00, 0x00,
  0x00, 0x00, 0x00, 0x00, 0x00, 0x00, 0x00, 0x00, 0x00, 0x00, 0x00, 0x00,
  0x00, 0x00, 0x00, 0x00, 0x00, 0x00, 0x00, 0x00, 0x00, 0x00, 0x00, 0x00,
  0x00, 0x00, 0x00, 0x00, 0x00, 0x00, 0x00, 0x00, 0x00, 0x00, 0x00, 0x00,
  0x00, 0x00, 0x00, 0x00, 0x00, 0x00, 0x00, 0x00, 0x00, 0x00, 0x00, 0x00,
  0x00, 0x00, 0x00, 0x00, 0x00, 0x00, 0x00, 0x00, 0x00, 0x00, 0x00, 0x00,
  0x00, 0x00, 0x00, 0x00, 0x00, 0x00, 0x00, 0x00, 0x00, 0x00, 0x00, 0x00,
  0x00, 0x00, 0x00, 0x00, 0x00, 0x00, 0x00, 0x00, 0x00, 0x00, 0x00, 0x00,
  0x00, 0x00, 0x00, 0x00, 0x00, 0x00, 0x00, 0x00, 0x00, 0x00, 0x00, 0x00,
  0x00, 0x00, 0x00, 0x00, 0x00, 0x00, 0x00, 0x00, 0x00, 0x00, 0x00, 0x00,
  0x00, 0x00, 0x00, 0x00, 0x00, 0x00, 0x00, 0x00, 0x00, 0x00, 0x00, 0x00,
  0x00, 0x00, 0x00, 0x00, 0x00, 0x00, 0x00, 0x00, 0x00, 0x00, 0x00, 0x00,
  0x00, 0x00, 0x00, 0x00, 0x00, 0x00, 0x00, 0x00, 0x00, 0x00, 0x00, 0x00,
  0x00, 0x00, 0x00, 0x00, 0x00, 0x00, 0x00, 0x00, 0x00, 0x00, 0x00, 0x00,
  0x00, 0x00, 0x00, 0x00, 0x00, 0x00, 0x00, 0x00, 0x00, 0x00, 0x00, 0x00,
  0x00, 0x00, 0x00, 0x00, 0x00, 0x00, 0x00, 0x00, 0x00, 0x00, 0x00, 0x00,
  0x00, 0x00, 0x00, 0x00, 0x00, 0x00, 0x00, 0x00, 0x00, 0x00, 0x00, 0x00,
  0x00, 0x00, 0x00, 0x00, 0x00, 0x00, 0x00, 0x00, 0x00, 0x00, 0x00, 0x00,
  0x00, 0x00, 0x00, 0x00, 0x00, 0x00, 0x00, 0x00, 0x00, 0x00, 0x00, 0x00,
  0x00, 0x00, 0x00, 0x00, 0x00, 0x00, 0x00, 0x00, 0x00, 0x00, 0x00, 0x00,
  0x00, 0x00, 0x00, 0x00, 0x00, 0x00, 0x00, 0x00, 0x00, 0x00, 0x00, 0x00,
  0x00, 0x00, 0x00, 0x00, 0x00, 0x00, 0x00, 0x00, 0x00, 0x00, 0x00, 0x00,
  0x00, 0x00, 0x00, 0x00, 0x00, 0x00, 0x00, 0x00, 0x00, 0x00, 0x00, 0x00,
  0x00, 0x00, 0x00, 0x00, 0x00, 0x00, 0x00, 0x00, 0x00, 0x00, 0x00, 0x00,
  0x00, 0x00, 0x00, 0x00, 0x00, 0x00, 0x00, 0x00, 0x00, 0x00, 0x00, 0x00,
  0x00, 0x00, 0x00, 0x00, 0x00, 0x00, 0x00, 0x00, 0x00, 0x00, 0x00, 0x00,
  0x00, 0x00, 0x00, 0x00, 0x00, 0x00, 0x00, 0x00, 0x00, 0x00, 0x00, 0x00,
  0x00, 0x00, 0x00, 0x00, 0x00, 0x00, 0x00, 0x00, 0x00, 0x00, 0x00, 0x00,
  0x00, 0x00, 0x00, 0x00, 0x00, 0x00, 0x00, 0x00, 0x00, 0x00, 0x00, 0x00,
  0x00, 0x00, 0x00, 0x00, 0x00, 0x00, 0x00, 0x00, 0x00, 0x00, 0x00, 0x00,
  0x00, 0x00, 0x00, 0x00, 0x00, 0x00, 0x00, 0x00, 0x00, 0x00, 0x00, 0x00,
  0x00, 0x00, 0x00, 0x00, 0x00, 0x00, 0x00, 0x00, 0x00, 0x00, 0x00, 0x00,
  0x00, 0x00, 0x00, 0x00, 0x00, 0x00, 0x00, 0x00, 0x00, 0x00, 0x00, 0x00,
  0x00, 0x00, 0x00, 0x00, 0x00, 0x00, 0x00, 0x00, 0x00, 0x00, 0x00, 0x00,
  0x00, 0x00, 0x00, 0x00, 0x00, 0x00, 0x00, 0x00, 0x00, 0x00, 0x00, 0x00,
  0x00, 0x00, 0x00, 0x00, 0x00, 0x00, 0x00, 0x00, 0x00, 0x00, 0x00, 0x00,
  0x00, 0x00, 0x00, 0x00, 0x00, 0x00, 0x00, 0x00, 0x00, 0x00, 0x00, 0x00,
  0x00, 0x00, 0x00, 0x00, 0x00, 0x00, 0x00, 0x00, 0x00, 0x00, 0x00, 0x00,
  0x00, 0x00, 0x00, 0x00, 0x00, 0x00, 0x00, 0x00, 0x00, 0x00, 0x00, 0x00,
  0x00, 0x00, 0x00, 0x00, 0x00, 0x00, 0x00, 0x00, 0x00, 0x00, 0x00, 0x00,
  0x00, 0x00, 0x00, 0x00, 0x00, 0x00, 0x00, 0x00, 0x00, 0x00, 0x00, 0x00,
  0x00, 0x00, 0x00, 0x00, 0x00, 0x00, 0x00, 0x00, 0x00, 0x00, 0x00, 0x00,
  0x00, 0x00, 0x00, 0x00, 0x00, 0x00, 0x00, 0x00, 0x00, 0x00, 0x00, 0x00,
  0x00, 0x00, 0x00, 0x00, 0x00, 0x00, 0x00, 0x00, 0x00, 0x00, 0x00, 0x00,
  0x00, 0x00, 0x00, 0x00, 0x00, 0x00, 0x00, 0x00, 0x00, 0x00, 0x00, 0x00,
  0x00, 0x00, 0x00, 0x00, 0x00, 0x00, 0x00, 0x00, 0x00, 0x00, 0x00, 0x00,
  0x00, 0x00, 0x00, 0x00, 0x00, 0x00, 0x00, 0x00, 0x00, 0x00, 0x00, 0x00,
  0x00, 0x00, 0x00, 0x00, 0x00, 0x00, 0x00, 0x00, 0x00, 0x00, 0x00, 0x00,
  0x00, 0x00, 0x00, 0x00, 0x00, 0x00, 0x00, 0x00, 0x00, 0x00, 0x00, 0x00,
  0x00, 0x00, 0x00, 0x00, 0x00, 0x00, 0x00, 0x00, 0x00, 0x00, 0x00, 0x00,
  0x00, 0x00, 0x00, 0x00, 0x00, 0x00, 0x00, 0x00, 0x00, 0x00, 0x00, 0x00,
  0x00, 0x00, 0x00, 0x00, 0x00, 0x00, 0x00, 0x00, 0x00, 0x00, 0x00, 0x00,
  0x00, 0x00, 0x00, 0x00, 0x00, 0x00, 0x00, 0x00, 0x00, 0x00, 0x00, 0x00,
  0x00, 0x00, 0x00, 0x00, 0x00, 0x00, 0x00, 0x00, 0x00, 0x00, 0x00, 0x00,
  0x00, 0x00, 0x00, 0x00, 0x00, 0x00, 0x00, 0x00, 0x00, 0x00, 0x00, 0x00,
  0x00, 0x00, 0x00, 0x00, 0x00, 0x00, 0x00, 0x00, 0x00, 0x00, 0x00, 0x00,
  0x00, 0x00, 0x00, 0x00, 0x00, 0x00, 0x00, 0x00, 0x00, 0x00, 0x00, 0x00,
  0x00, 0x00, 0x00, 0x00, 0x00, 0x00, 0x00, 0x00, 0x00, 0x00, 0x00, 0x00,
  0x00, 0x00, 0x00, 0x00, 0x00, 0x00, 0x00, 0x00, 0x00, 0x00, 0x00, 0x00,
  0x00, 0x00, 0x00, 0x00, 0x00, 0x00, 0x00, 0x00, 0x00, 0x00, 0x00, 0x00,
  0x00, 0x00, 0x00, 0x00, 0x00, 0x00, 0x00, 0x00, 0x00, 0x00, 0x00, 0x00,
  0x00, 0x00, 0x00, 0x00, 0x00, 0x00, 0x00, 0x00, 0x00, 0x00, 0x00, 0x00,
  0x00, 0x00, 0x00, 0x00, 0x00, 0x00, 0x00, 0x00, 0x00, 0x00, 0x00, 0x00,
  0x00, 0x00, 0x00, 0x00, 0x00, 0x00, 0x00, 0x00, 0x00, 0x00, 0x00, 0x00,
  0x00, 0x00, 0x00, 0x00, 0x00, 0x00, 0x00, 0x00, 0x00, 0x00, 0x00, 0x00,
  0x00, 0x00, 0x00, 0x00, 0x00, 0x00, 0x00, 0x00, 0x00, 0x00, 0x00, 0x00,
  0x00, 0x00, 0x00, 0x00, 0x00, 0x00, 0x00, 0x00, 0x00, 0x00, 0x00, 0x00,
  0x00, 0x00, 0x00, 0x00, 0x00, 0x00, 0x00, 0x00, 0x00, 0x00, 0x00, 0x00,
  0x00, 0x00, 0x00, 0x00, 0x00, 0x00, 0x00, 0x00, 0x00, 0x00, 0x00, 0x00,
  0x00, 0x00, 0x00, 0x00, 0x00, 0x00, 0x00, 0x00, 0x00, 0x00, 0x00, 0x00,
  0x00, 0x00, 0x00, 0x00, 0x00, 0x00, 0x00, 0x00, 0x00, 0x00, 0x00, 0x00,
  0x00, 0x00, 0x00, 0x00, 0x00, 0x00, 0x00, 0x00, 0x00, 0x00, 0x00, 0x00,
  0x00, 0x00, 0x00, 0x00, 0x00, 0x00, 0x00, 0x00, 0x00, 0x00, 0x00, 0x00,
  0x00, 0x00, 0x00, 0x00, 0x00, 0x00, 0x00, 0x00, 0x00, 0x00, 0x00, 0x00,
  0x00, 0x00, 0x00, 0x00, 0x00, 0x00, 0x00, 0x00, 0x00, 0x00, 0x00, 0x00,
  0x00, 0x00, 0x00, 0x00, 0x00, 0x00, 0x00, 0x00, 0x00, 0x00, 0x00, 0x00,
  0x00, 0x00, 0x00, 0x00, 0x00, 0x00, 0x00, 0x00, 0x00, 0x00, 0x00, 0x00,
  0x00, 0x00, 0x00, 0x00, 0x00, 0x00, 0x00, 0x00, 0x00, 0x00, 0x00, 0x00,
  0x00, 0x00, 0x00, 0x00, 0x00, 0x00, 0x00, 0x00, 0x00, 0x00, 0x00, 0x00,
  0x00, 0x00, 0x00, 0x00, 0x00, 0x00, 0x00, 0x00, 0x00, 0x00, 0x00, 0x00,
  0x00, 0x00, 0x00, 0x00, 0x00, 0x00, 0x00, 0x00, 0x00, 0x00, 0x00, 0x00,
  0x00, 0x00, 0x00, 0x00, 0x00, 0x00, 0x00, 0x00, 0x00, 0x00, 0x00, 0x00,
  0x00, 0x00, 0x00, 0x00, 0x00, 0x00, 0x00, 0x00, 0x00, 0x00, 0x00, 0x00,
  0x00, 0x00, 0x00, 0x00, 0x00, 0x00, 0x00, 0x00, 0x00, 0x00, 0x00, 0x00,
  0x00, 0x00, 0x00, 0x00, 0x00, 0x00, 0x00, 0x00, 0x00, 0x00, 0x00, 0x00,
  0x00, 0x00, 0x00, 0x00, 0x00, 0x00, 0x00, 0x00, 0x00, 0x00, 0x00, 0x00,
  0x00, 0x00, 0x00, 0x00, 0x00, 0x00, 0x00, 0x00, 0x00, 0x00, 0x00, 0x00,
  0x00, 0x00, 0x00, 0x00, 0x00, 0x00, 0x00, 0x00, 0x00, 0x00, 0x00, 0x00,
  0x00, 0x00, 0x00, 0x00, 0x00, 0x00, 0x00, 0x00, 0x00, 0x00, 0x00, 0x00,
  0x00, 0x00, 0x00, 0x00, 0x00, 0x00, 0x00, 0x00, 0x00, 0x00, 0x00, 0x00,
  0x00, 0x00, 0x00, 0x00, 0x00, 0x00, 0x00, 0x00, 0x00, 0x00, 0x00, 0x00,
  0x00, 0x00, 0x00, 0x00, 0x00, 0x00, 0x00, 0x00, 0x00, 0x00, 0x00, 0x00,
  0x00, 0x00, 0x00, 0x00, 0x00, 0x00, 0x00, 0x00, 0x00, 0x00, 0x00, 0x00,
  0x00, 0x00, 0x00, 0x00, 0x00, 0x00, 0x00, 0x00, 0x00, 0x00, 0x00, 0x00,
  0x00, 0x00, 0x00, 0x00, 0x00, 0x00, 0x00, 0x00, 0x00, 0x00, 0x00, 0x00,
  0x00, 0x00, 0x00, 0x00, 0x00, 0x00, 0x00, 0x00, 0x00, 0x00, 0x00, 0x00,
  0x00, 0x00, 0x00, 0x00, 0x00, 0x00, 0x00, 0x00, 0x00, 0x00, 0x00, 0x00,
  0x00, 0x00, 0x00, 0x00, 0x00, 0x00, 0x00, 0x00, 0x00, 0x00, 0x00, 0x00,
  0x00, 0x00, 0x00, 0x00, 0x00, 0x00, 0x00, 0x00, 0x00, 0x00, 0x00, 0x00,
  0x00, 0x00, 0x00, 0x00, 0x00, 0x00, 0x00, 0x00, 0x00, 0x00, 0x00, 0x00,
  0x00, 0x00, 0x00, 0x00, 0x00, 0x00, 0x00, 0x00, 0x00, 0x00, 0x00, 0x00,
  0x00, 0x00, 0x00, 0x00, 0x00, 0x00, 0x00, 0x00, 0x00, 0x00, 0x00, 0x00,
  0x00, 0x00, 0x00, 0x00, 0x00, 0x00, 0x00, 0x00, 0x00, 0x00, 0x00, 0x00,
  0x00, 0x00, 0x00, 0x00, 0x00, 0x00, 0x00, 0x00, 0x00, 0x00, 0x00, 0x00,
  0x00, 0x00, 0x00, 0x00, 0x00, 0x00, 0x00, 0x00, 0x00, 0x00, 0x00, 0x00,
  0x00, 0x00, 0x00, 0x00, 0x00, 0x00, 0x00, 0x00, 0x00, 0x00, 0x00, 0x00,
  0x00, 0x00, 0x00, 0x00, 0x00, 0x00, 0x00, 0x00, 0x00, 0x00, 0x00, 0x00,
  0x00, 0x00, 0x00, 0x00, 0x00, 0x00, 0x00, 0x00, 0x00, 0x00, 0x00, 0x00,
  0x00, 0x00, 0x00, 0x00, 0x00, 0x00, 0x00, 0x00, 0x00, 0x00, 0x00, 0x00,
  0x00, 0x00, 0x00, 0x00, 0x00, 0x00, 0x00, 0x00, 0x00, 0x00, 0x00, 0x00,
  0x00, 0x00, 0x00, 0x00, 0x00, 0x00, 0x00, 0x00, 0x00, 0x00, 0x00, 0x00,
  0x00, 0x00, 0x00, 0x00, 0x00, 0x00, 0x00, 0x00, 0x00, 0x00, 0x00, 0x00,
  0x00, 0x00, 0x00, 0x00, 0x00, 0x00, 0x00, 0x00, 0x00, 0x00, 0x00, 0x00,
  0x00, 0x00, 0x00, 0x00, 0x00, 0x00, 0x00, 0x00, 0x00, 0x00, 0x00, 0x00,
  0x00, 0x00, 0x00, 0x00, 0x00, 0x00, 0x00, 0x00, 0x00, 0x00, 0x00, 0x00,
  0x00, 0x00, 0x00, 0x00, 0x00, 0x00, 0x00, 0x00, 0x00, 0x00, 0x00, 0x00,
  0x00, 0x00, 0x00, 0x00, 0x00, 0x00, 0x00, 0x00, 0x00, 0x00, 0x00, 0x00,
  0x00, 0x00, 0x00, 0x00, 0x00, 0x00, 0x00, 0x00, 0x00, 0x00, 0x00, 0x00,
  0x00, 0x00, 0x00, 0x00, 0x00, 0x00, 0x00, 0x00, 0x00, 0x00, 0x00, 0x00,
  0x00, 0x00, 0x00, 0x00, 0x00, 0x00, 0x00, 0x00, 0x00, 0x00, 0x00, 0x00,
  0x00, 0x00, 0x00, 0x00, 0x00, 0x00, 0x00, 0x00, 0x00, 0x00, 0x00, 0x00,
  0x00, 0x00, 0x00, 0x00, 0x00, 0x00, 0x00, 0x00, 0x00, 0x00, 0x00, 0x00,
  0x00, 0x00, 0x00, 0x00, 0x00, 0x00, 0x00, 0x00, 0x00, 0x00, 0x00, 0x00,
  0x00, 0x00, 0x00, 0x00, 0x00, 0x00, 0x00, 0x00, 0x00, 0x00, 0x00, 0x00,
  0x00, 0x00, 0x00, 0x00, 0x00, 0x00, 0x00, 0x00, 0x00, 0x00, 0x00, 0x00,
  0x00, 0x00, 0x00, 0x00, 0x00, 0x00, 0x00, 0x00, 0x00, 0x00, 0x00, 0x00,
  0x00, 0x00, 0x00, 0x00, 0x00, 0x00, 0x00, 0x00, 0x00, 0x00, 0x00, 0x00,
  0x00, 0x00, 0x00, 0x00, 0x00, 0x00, 0x00, 0x00, 0x00, 0x00, 0x00, 0x00,
  0x00, 0x00, 0x00, 0x00, 0x00, 0x00, 0x00, 0x00, 0x00, 0x00, 0x00, 0x00,
  0x00, 0x00, 0x00, 0x00, 0x00, 0x00, 0x00, 0x00, 0x00, 0x00, 0x00, 0x00,
  0x00, 0x00, 0x00, 0x00, 0x00, 0x00, 0x00, 0x00, 0x00, 0x00, 0x00, 0x00,
  0x00, 0x00, 0x00, 0x00, 0x00, 0x00, 0x00, 0x00, 0x00, 0x00, 0x00, 0x00,
  0x00, 0x00, 0x00, 0x00, 0x00, 0x00, 0x00, 0x00, 0x00, 0x00, 0x00, 0x00,
  0x00, 0x00, 0x00, 0x00, 0x00, 0x00, 0x00, 0x00, 0x00, 0x00, 0x00, 0x00,
  0x00, 0x00, 0x00, 0x00, 0x00, 0x00, 0x00, 0x00, 0x00, 0x00, 0x00, 0x00,
  0x00, 0x00, 0x00, 0x00, 0x00, 0x00, 0x00, 0x00, 0x00, 0x00, 0x00, 0x00,
  0x00, 0x00, 0x00, 0x00, 0x00, 0x00, 0x00, 0x00, 0x00, 0x00, 0x00, 0x00,
  0x00, 0x00, 0x00, 0x00, 0x00, 0x00, 0x00, 0x00, 0x00, 0x00, 0x00, 0x00,
  0x00, 0x00, 0x00, 0x00, 0x00, 0x00, 0x00, 0x00, 0x00, 0x00, 0x00, 0x00,
  0x00, 0x00, 0x00, 0x00, 0x00, 0x00, 0x00, 0x00, 0x00, 0x00, 0x00, 0x00,
  0x00, 0x00, 0x00, 0x00, 0x00, 0x00, 0x00, 0x00, 0x00, 0x00, 0x00, 0x00,
  0x00, 0x00, 0x00, 0x00, 0x00, 0x00, 0x00, 0x00, 0x00, 0x00, 0x00, 0x00,
  0x00, 0x00, 0x00, 0x00, 0x00, 0x00, 0x00, 0x00, 0x00, 0x00, 0x00, 0x00,
  0x00, 0x00, 0x00, 0x00, 0x00, 0x00, 0x00, 0x00, 0x00, 0x00, 0x00, 0x00,
  0x00, 0x00, 0x00, 0x00, 0x00, 0x00, 0x00, 0x00, 0x00, 0x00, 0x00, 0x00,
  0x00, 0x00, 0x00, 0x00, 0x00, 0x00, 0x00, 0x00, 0x00, 0x00, 0x00, 0x00,
  0x00, 0x00, 0x00, 0x00, 0x00, 0x00, 0x00, 0x00, 0x00, 0x00, 0x00, 0x00,
  0x00, 0x00, 0x00, 0x00, 0x00, 0x00, 0x00, 0x00, 0x00, 0x00, 0x00, 0x00,
  0x00, 0x00, 0x00, 0x00, 0x00, 0x00, 0x00, 0x00, 0x00, 0x00, 0x00, 0x00,
  0x00, 0x00, 0x00, 0x00, 0x00, 0x00, 0x00, 0x00, 0x00, 0x00, 0x00, 0x00,
  0x00, 0x00, 0x00, 0x00, 0x00, 0x00, 0x00, 0x00, 0x00, 0x00, 0x00, 0x00,
  0x00, 0x00, 0x00, 0x00, 0x00, 0x00, 0x00, 0x00, 0x00, 0x00, 0x00, 0x00,
  0x00, 0x00, 0x00, 0x00, 0x00, 0x00, 0x00, 0x00, 0x00, 0x00, 0x00, 0x00,
  0x00, 0x00, 0x00, 0x00, 0x00, 0x00, 0x00, 0x00, 0x00, 0x00, 0x00, 0x00,
  0x00, 0x00, 0x00, 0x00, 0x00, 0x00, 0x00, 0x00, 0x00, 0x00, 0x00, 0x00,
  0x00, 0x00, 0x00, 0x00, 0x00, 0x00, 0x00, 0x00, 0x00, 0x00, 0x00, 0x00,
  0x00, 0x00, 0x00, 0x00, 0x00, 0x00, 0x00, 0x00, 0x00, 0x00, 0x00, 0x00,
  0x00, 0x00, 0x00, 0x00, 0x00, 0x00, 0x00, 0x00, 0x00, 0x00, 0x00, 0x00,
  0x00, 0x00, 0x00, 0x00, 0x00, 0x00, 0x00, 0x00, 0x00, 0x00, 0x00, 0x00,
  0x00, 0x00, 0x00, 0x00, 0x00, 0x00, 0x00, 0x00, 0x00, 0x00, 0x00, 0x00,
  0x00, 0x00, 0x00, 0x00, 0x00, 0x00, 0x00, 0x00, 0x00, 0x00, 0x00, 0x00,
  0x00, 0x00, 0x00, 0x00, 0x00, 0x00, 0x00, 0x00, 0x00, 0x00, 0x00, 0x00,
  0x00, 0x00, 0x00, 0x00, 0x00, 0x00, 0x00, 0x00, 0x00, 0x00, 0x00, 0x00,
  0x00, 0x00, 0x00, 0x00, 0x00, 0x00, 0x00, 0x00, 0x00, 0x00, 0x00, 0x00,
  0x00, 0x00, 0x00, 0x00, 0x00, 0x00, 0x00, 0x00, 0x00, 0x00, 0x00, 0x00,
  0x00, 0x00, 0x00, 0x00, 0x24, 0x76, 0x01, 0xff, 0x00, 0x0a, 0x00, 0x00,
  0xff, 0x00, 0x8e, 0x07, 0x00, 0xe4, 0x0f, 0x00, 0xc3, 0x79, 0x0f, 0x00,
  0x00, 0x00, 0x00, 0x00, 0x00, 0x27, 0x00, 0x00, 0x00, 0x62, 0x0e, 0x00,
  0x82, 0x78, 0x06, 0x00, 0x04, 0x00, 0x00, 0x00, 0x00, 0x00, 0x00, 0x00,
  0x00, 0xe4, 0x0f, 0x00, 0xb9, 0x7a, 0x04, 0x00, 0x00, 0xe4, 0x00, 0x00,
  0x00, 0x0a, 0x00, 0x00, 0x00, 0xe4, 0x0f, 0x00, 0xb9, 0x7a, 0x10, 0x00,
  0x00, 0x46, 0x00, 0x00, 0x00, 0x0a, 0x00, 0x00, 0x00, 0xe4, 0x0f, 0x00,
  0xa5, 0x72, 0x04, 0x0f, 0x06, 0x00, 0x00, 0x00, 0x04, 0x02, 0x8e, 0x0f,
  0x00, 0xcc, 0x2f, 0x00, 0x24, 0x7e, 0x02, 0xff, 0x04, 0x00, 0x00, 0x00,
  0xff, 0x00, 0x8e, 0x0f, 0x00, 0xe4, 0x0f, 0x00, 0x24, 0x7e, 0x03, 0xff,
  0x05, 0x00, 0x00, 0x00, 0xff, 0x00, 0x8e, 0x0f, 0x00, 0xca, 0x0f, 0x00,
  0x81, 0x79, 0x04, 0x02, 0x10, 0x00, 0x00, 0x00, 0x00, 0x19, 0x1e, 0x0c,
  0x00, 0xa8, 0x0e, 0x00, 0x81, 0x79, 0x00, 0x02, 0x10, 0x04, 0x00, 0x00,
  0x00, 0x19, 0x1e, 0x0c, 0x00, 0xe2, 0x0e, 0x00, 0xc3, 0x79, 0x05, 0x00,
  0x00, 0x00, 0x00, 0x00, 0x00, 0x25, 0x00, 0x00, 0x00, 0x64, 0x0e, 0x00,
  0x99, 0x78, 0x05, 0x05, 0x06, 0x00, 0x00, 0x00, 0x3f, 0x06, 0x00, 0x08,
  0x00, 0xcc, 0x2f, 0x00, 0xc2, 0x73, 0x0a, 0x04, 0x00, 0x00, 0x00, 0x00,
  0x00, 0x00, 0x0e, 0x00, 0x00, 0x70, 0x4e, 0x00, 0xc2, 0x73, 0x06, 0x00,
  0x00, 0x00, 0x00, 0x00, 0x00, 0x00, 0x0e, 0x00, 0x00, 0x64, 0x8e, 0x00,
  0x90, 0x72, 0x06, 0x0a, 0x06, 0x00, 0x00, 0x00, 0x3f, 0xe1, 0xff, 0x0f,
  0x00, 0xc8, 0x2f, 0x00, 0x8c, 0x72, 0x00, 0x05, 0x06, 0x00, 0x00, 0x00,
  0x70, 0x62, 0xf0, 0x0b, 0x00, 0xcc, 0x0f, 0x00, 0x1c, 0x78, 0x00, 0x00,
  0x00, 0x00, 0x00, 0x00, 0x08, 0xf0, 0xf0, 0x03, 0x00, 0xda, 0x0f, 0x00,
  0x4d, 0x09, 0x00, 0x00, 0x00, 0x00, 0x00, 0x00, 0x00, 0x00, 0x80, 0x03,
  0x00, 0xea, 0x0f, 0x00, 0x19, 0x79, 0x03, 0x00, 0x00, 0x00, 0x00, 0x00,
  0x00, 0x21, 0x00, 0x00, 0x00, 0x62, 0x0e, 0x00, 0xb9, 0x7a, 0x08, 0x00,
  0x00, 0xe6, 0x00, 0x00, 0x00, 0x0a, 0x00, 0x00, 0x00, 0xe4, 0x0f, 0x00,
  0x8c, 0x72, 0x00, 0x3f, 0x08, 0x00, 0x00, 0x00, 0x70, 0x50, 0xf0, 0x0b,
  0x00, 0xe4, 0x0f, 0x00, 0x99, 0x78, 0x13, 0x3f, 0x1f, 0x00, 0x00, 0x00,
  0x0f, 0x14, 0x01, 0x08, 0x00, 0xe4, 0x0f, 0x00, 0x8c, 0x72, 0x00, 0x3f,
  0x09, 0x00, 0x00, 0x00, 0x00, 0x53, 0xf0, 0x0b, 0x00, 0xe4, 0x0f, 0x00,
  0x99, 0x78, 0x04, 0x0f, 0x01, 0x00, 0x00, 0x00, 0x3f, 0x06, 0x00, 0x08,
  0x00, 0xc8, 0x0f, 0x00, 0x1c, 0x78, 0x00, 0x00, 0x00, 0x00, 0x00, 0x00,
  0x08, 0xf0, 0xf0, 0x03, 0x00, 0xca, 0x0f, 0x00, 0x91, 0x02, 0x08, 0x0f,
  0x08, 0x00, 0x00, 0x00, 0x3f, 0x10, 0x82, 0x0f, 0x00, 0xc8, 0x0f, 0x00,
  0x91, 0x02, 0x09, 0x0f, 0x09, 0x00, 0x00, 0x00, 0x13, 0x14, 0x8f, 0x08,
  0x00, 0xe2, 0x0f, 0x00, 0x19, 0x78, 0x02, 0xff, 0x1f, 0x00, 0x00, 0x00,
  0x03, 0x14, 0x01, 0x00, 0x00, 0xe4, 0x2f, 0x00, 0x02, 0x7c, 0x06, 0x00,
  0x08, 0x00, 0x00, 0x00, 0x00, 0x0f, 0x00, 0x08, 0x00, 0xe2, 0x0f, 0x00,
  0xb9, 0x7a, 0x08, 0x00, 0x00, 0x6b, 0x00, 0x00, 0x00, 0x08, 0x00, 0x00,
  0x00, 0xe2, 0x0f, 0x00, 0x11, 0x72, 0x00, 0x02, 0x03, 0x00, 0x00, 0x00,
  0xff, 0x20, 0x8f, 0x07, 0x00, 0xe2, 0x0f, 0x00, 0xa4, 0x72, 0x21, 0x04,
  0x08, 0x00, 0x00, 0x00, 0x3f, 0x02, 0x8e, 0x0f, 0x00, 0xe2, 0x0f, 0x00,
  0x24, 0x7e, 0x07, 0xff, 0x09, 0x00, 0x00, 0x00, 0xff, 0x00, 0x8e, 0x0f,
  0x00, 0xe4, 0x0f, 0x00, 0x19, 0x78, 0xdc, 0xff, 0x04, 0x00, 0x00, 0x00,
  0x00, 0x14, 0x01, 0x00, 0x00, 0xe2, 0x0f, 0x00, 0x99, 0x78, 0x09, 0x3f,
  0x1f, 0x00, 0x00, 0x00, 0x21, 0x14, 0x01, 0x08, 0x00, 0xc4, 0x0f, 0x00,
  0x81, 0x09, 0x18, 0x06, 0x10, 0x00, 0x00, 0x00, 0x00, 0x19, 0x1e, 0x0c,
  0x00, 0xa2, 0x02, 0x00, 0x19, 0x7a, 0x0b, 0xff, 0x00, 0x6d, 0x00, 0x00,
  0xdc, 0x14, 0x01, 0x00, 0x00, 0xe4, 0x0f, 0x00, 0x10, 0x78, 0x1a, 0xdc,
  0x08, 0x00, 0x00, 0x00, 0xff, 0xe0, 0xff, 0x07, 0x00, 0xe2, 0x0f, 0x04,
  0x81, 0x09, 0x1e, 0x06, 0x10, 0x04, 0x00, 0x00, 0x00, 0x19, 0x1e, 0x0c,
  0x00, 0xe2, 0x02, 0x00, 0x19, 0x78, 0x14, 0xff, 0x1f, 0x00, 0x00, 0x00,
  0x0b, 0x14, 0x01, 0x00, 0x00, 0xe4, 0x0f, 0x00, 0x10, 0x7c, 0x05, 0x0b,
  0x21, 0x00, 0x00, 0x00, 0xff, 0xe0, 0xf3, 0x0f, 0x00, 0xe4, 0x0f, 0x00,
  0x10, 0x78, 0x1c, 0xdc, 0x10, 0x00, 0x00, 0x00, 0xff, 0xe0, 0xff, 0x07,
  0x00, 0xe4, 0x0f, 0x00, 0x10, 0x7c, 0x08, 0x14, 0x09, 0x00, 0x00, 0x00,
  0xff, 0xe4, 0xff, 0x08, 0x00, 0xc4, 0x0f, 0x00, 0x11, 0x7a, 0x04, 0x05,
  0x00, 0x72, 0x00, 0x00, 0xff, 0x10, 0x82, 0x07, 0x00, 0xe4, 0x0f, 0x04,
  0x19, 0x7a, 0x0e, 0xff, 0x00, 0x6d, 0x00, 0x00, 0x1a, 0x14, 0x01, 0x00,
  0x00, 0xe2, 0x0f, 0x00, 0x90, 0x78, 0x07, 0x04, 0x01, 0x00, 0x00, 0x00,
  0x3f, 0xe0, 0xff, 0x0f, 0x00, 0xe2, 0x0f, 0x00, 0x11, 0x7a, 0x05, 0x05,
  0x00, 0x73, 0x00, 0x00, 0x08, 0x14, 0x8f, 0x00, 0x00, 0xe4, 0x0f, 0x00,
  0x19, 0x7a, 0x0f, 0xff, 0x00, 0x6d, 0x00, 0x00, 0x1c, 0x14, 0x01, 0x00,
  0x00, 0xe4, 0x0f, 0x00, 0x19, 0x78, 0x11, 0xff, 0x1f, 0x00, 0x00, 0x00,
  0x0e, 0x14, 0x01, 0x00, 0x00, 0xe4, 0x0f, 0x00, 0x10, 0x78, 0x20, 0xdc,
  0x18, 0x00, 0x00, 0x00, 0xff, 0xe0, 0xff, 0x07, 0x00, 0xe2, 0x0f, 0x00,
  0xa4, 0x72, 0x07, 0x07, 0x08, 0x00, 0x00, 0x00, 0x3f, 0x02, 0x8e, 0x0f,
  0x00, 0xe2, 0x0f, 0x00, 0x19, 0x78, 0x12, 0xff, 0x1f, 0x00, 0x00, 0x00,
  0x0f, 0x14, 0x01, 0x00, 0x00, 0xe2, 0x0f, 0x00, 0x81, 0x79, 0x33, 0x04,
  0x10, 0x00, 0x00, 0x00, 0x00, 0x19, 0x1e, 0x0c, 0x00, 0xe2, 0x08, 0x00,
  0x10, 0x7c, 0x07, 0x0e, 0x21, 0x00, 0x00, 0x00, 0xff, 0xe0, 0xf3, 0x0f,
  0x00, 0xc4, 0x2f, 0x00, 0x10, 0x7c, 0x09, 0x0f, 0x21, 0x00, 0x00, 0x00,
  0xff, 0xe0, 0xf5, 0x0f, 0x00, 0xe4, 0x0f, 0x00, 0x10, 0x7c, 0x0c, 0x11,
  0x09, 0x00, 0x00, 0x00, 0xff, 0xe4, 0xff, 0x08, 0x00, 0xe4, 0x0f, 0x00,
  0x11, 0x7a, 0x06, 0x07, 0x00, 0x72, 0x00, 0x00, 0xff, 0x10, 0x82, 0x07,
  0x00, 0xe4, 0x0f, 0x00, 0x19, 0x7a, 0x10, 0xff, 0x00, 0x6d, 0x00, 0x00,
  0x20, 0x14, 0x01, 0x00, 0x00, 0xe2, 0x0f, 0x00, 0x99, 0x78, 0x04, 0x3f,
  0x1f, 0x00, 0x00, 0x00, 0x07, 0x14, 0x01, 0x08, 0x00, 0xe2, 0x0f, 0x00,
  0x10, 0x7c, 0x0a, 0x12, 0x09, 0x00, 0x00, 0x00, 0xff, 0xe4, 0x7f, 0x09,
  0x00, 0xe4, 0x0f, 0x00, 0x11, 0x7a, 0x08, 0x09, 0x00, 0x72, 0x00, 0x00,
  0xff, 0x10, 0x84, 0x07, 0x00, 0xc4, 0x0f, 0x00, 0x11, 0x7a, 0x07, 0x07,
  0x00, 0x73, 0x00, 0x00, 0x0c, 0x14, 0x8f, 0x00, 0x00, 0xe4, 0x0f, 0x00,
  0x10, 0x7c, 0x0b, 0x0b, 0x07, 0x00, 0x00, 0x00, 0xff, 0xe0, 0xf7, 0x0f,
  0x00, 0xe4, 0x0f, 0x00, 0x19, 0x78, 0x13, 0xff, 0x1f, 0x00, 0x00, 0x00,
  0x10, 0x14, 0x01, 0x00, 0x00, 0xe2, 0x0f, 0x00, 0x81, 0x79, 0x1b, 0x06,
  0x10, 0x00, 0x00, 0x00, 0x00, 0x19, 0x1e, 0x0c, 0x00, 0xe2, 0x02, 0x00,
  0x10, 0x7c, 0x15, 0x10, 0x21, 0x00, 0x00, 0x00, 0xff, 0xe0, 0xf3, 0x0f,
  0x00, 0xe4, 0x0f, 0x00, 0x11, 0x7a, 0x09, 0x09, 0x00, 0x73, 0x00, 0x00,
  0x0a, 0x14, 0x0f, 0x01, 0x00, 0xe4, 0x0f, 0x00, 0x10, 0x7c, 0x14, 0x14,
  0x04, 0x00, 0x00, 0x00, 0xff, 0xe4, 0xff, 0x09, 0x00, 0xc4, 0x0f, 0x00,
  0x11, 0x7a, 0x0c, 0x0b, 0x00, 0x72, 0x00, 0x00, 0xff, 0x10, 0x84, 0x07,
  0x00, 0xe2, 0x0f, 0x00, 0x81, 0x79, 0x1d, 0x08, 0x10, 0x00, 0x00, 0x00,
  0x00, 0x19, 0x1e, 0x0c, 0x00, 0xe2, 0x02, 0x00, 0x10, 0x7c, 0x16, 0x13,
  0x09, 0x00, 0x00, 0x00, 0xff, 0xe4, 0xff, 0x08, 0x00, 0xe4, 0x0f, 0x00,
  0x11, 0x7a, 0x0a, 0x15, 0x00, 0x72, 0x00, 0x00, 0xff, 0x10, 0x82, 0x07,
  0x00, 0xe4, 0x0f, 0x00, 0x11, 0x7a, 0x0d, 0x0b, 0x00, 0x73, 0x00, 0x00,
  0x14, 0x14, 0x0f, 0x01, 0x00, 0xe4, 0x0f, 0x00, 0x11, 0x7a, 0x0b, 0x15,
  0x00, 0x73, 0x00, 0x00, 0x16, 0x14, 0x8f, 0x00, 0x00, 0xe4, 0x0f, 0x00,
  0x10, 0x7c, 0x0e, 0x0e, 0x07, 0x00, 0x00, 0x00, 0xff, 0xe0, 0xf3, 0x0f,
  0x00, 0xe2, 0x0f, 0x00, 0x81, 0x79, 0x21, 0x0c, 0x10, 0x00, 0x00, 0x00,
  0x00, 0x19, 0x1e, 0x0c, 0x00, 0xe6, 0x02, 0x00, 0x10, 0x7c, 0x11, 0x11,
  0x04, 0x00, 0x00, 0x00, 0xff, 0xe4, 0xff, 0x08, 0x00, 0xe2, 0x0f, 0x00,
  0x81, 0x79, 0x1f, 0x0a, 0x10, 0x00, 0x00, 0x00, 0x00, 0x19, 0x1e, 0x0c,
  0x00, 0xe2, 0x02, 0x00, 0x11, 0x7a, 0x04, 0x0e, 0x00, 0x72, 0x00, 0x00,
  0xff, 0x10, 0x82, 0x07, 0x00, 0xc4, 0x0f, 0x01, 0x10, 0x7c, 0x10, 0x10,
  0x07, 0x00, 0x00, 0x00, 0xff, 0xe0, 0xf5, 0x0f, 0x00, 0xe4, 0x0f, 0x00,
  0x11, 0x7a, 0x05, 0x0e, 0x00, 0x73, 0x00, 0x00, 0x11, 0x14, 0x8f, 0x00,
  0x00, 0xe4, 0x0f, 0x00, 0x10, 0x7c, 0x0f, 0x0f, 0x07, 0x00, 0x00, 0x00,
  0xff, 0xe0, 0xf3, 0x0f, 0x00, 0xe4, 0x0f, 0x00, 0x10, 0x7c, 0x13, 0x13,
  0x04, 0x00, 0x00, 0x00, 0xff, 0xe4, 0x7f, 0x09, 0x00, 0xe2, 0x0f, 0x00,
  0x81, 0x79, 0x23, 0x04, 0x10, 0x00, 0x00, 0x00, 0x00, 0x19, 0x1e, 0x0c,
  0x00, 0xe2, 0x08, 0x00, 0x10, 0x7c, 0x12, 0x12, 0x04, 0x00, 0x00, 0x00,
  0xff, 0xe4, 0xff, 0x08, 0x00, 0xe4, 0x0f, 0x00, 0x11, 0x7a, 0x06, 0x0f,
  0x00, 0x72, 0x00, 0x00, 0xff, 0x10, 0x82, 0x07, 0x00, 0xc4, 0x2f, 0x00,
  0x11, 0x7a, 0x08, 0x10, 0x00, 0x72, 0x00, 0x00, 0xff, 0x10, 0x84, 0x07,
  0x00, 0xe4, 0x0f, 0x04, 0x11, 0x7a, 0x07, 0x0f, 0x00, 0x73, 0x00, 0x00,
  0x12, 0x14, 0x8f, 0x00, 0x00, 0xe4, 0x0f, 0x00, 0x11, 0x7a, 0x09, 0x10,
  0x00, 0x73, 0x00, 0x00, 0x13, 0x14, 0x0f, 0x01, 0x00, 0xc6, 0x0f, 0x00,
  0x81, 0x79, 0x25, 0x06, 0x10, 0x00, 0x00, 0x00, 0x00, 0x19, 0x1e, 0x0c,
  0x00, 0xe8, 0x02, 0x00, 0x81, 0x79, 0x27, 0x08, 0x10, 0x00, 0x00, 0x00,
  0x00, 0x19, 0x1e, 0x0c, 0x00, 0xe2, 0x02, 0x00, 0x13, 0x7a, 0x0c, 0x00,
  0x00, 0xd5, 0x00, 0x00, 0x00, 0x00, 0x00, 0x00, 0x00, 0xe2, 0x0f, 0x00,
  0xc3, 0x79, 0x12, 0x00, 0x00, 0x00, 0x00, 0x00, 0x00, 0x26, 0x00, 0x00,
  0x00, 0x62, 0x0e, 0x00, 0xb9, 0x7a, 0x04, 0x00, 0x40, 0xf4, 0x00, 0x00,
  0x00, 0x00, 0x00, 0x00, 0x00, 0xe4, 0x0f, 0x00, 0x06, 0x73, 0x0a, 0x00,
  0x0c, 0x00, 0x00, 0x00, 0x00, 0x94, 0x20, 0x00, 0x00, 0x22, 0x0f, 0x00,
  0x8c, 0x72, 0x00, 0x04, 0x3f, 0x00, 0x00, 0x00, 0x70, 0x52, 0xf2, 0x0b,
  0x00, 0xc4, 0x0f, 0x00, 0xb9, 0x7a, 0x08, 0x00, 0x00, 0xd6, 0x00, 0x00,
  0x00, 0x08, 0x00, 0x00, 0x00, 0xd2, 0x0f, 0x00, 0xa4, 0x12, 0x08, 0x0f,
  0x08, 0x00, 0x00, 0x00, 0x3f, 0x02, 0x8e, 0x0f, 0x00, 0xe2, 0x0f, 0x00,
  0x08, 0x73, 0x0a, 0x00, 0x0a, 0x00, 0x00, 0x00, 0x00, 0x10, 0x00, 0x00,
  0x00, 0x2c, 0x0f, 0x01, 0x82, 0x9c, 0x08, 0x00, 0x0a, 0x00, 0x00, 0x00,
  0x00, 0x00, 0x00, 0x08, 0x00, 0xe4, 0x0f, 0x00, 0x99, 0x78, 0x14, 0x3f,
  0x1f, 0x00, 0x00, 0x00, 0x12, 0x14, 0x01, 0x08, 0x00, 0xe2, 0x2f, 0x00,
  0x24, 0x7e, 0x07, 0xff, 0x08, 0x00, 0x00, 0x00, 0xff, 0x00, 0x8e, 0x0f,
  0x00, 0xe2, 0x0f, 0x00, 0x19, 0x78, 0x09, 0xff, 0x1f, 0x00, 0x00, 0x00,
  0xdc, 0x14, 0x01, 0x00, 0x00, 0xe2, 0x0f, 0x00, 0xa5, 0x78, 0x0c, 0x12,
  0xa0, 0x00, 0x00, 0x00, 0x3f, 0x00, 0x8e, 0x0f, 0x00, 0xc4, 0x0f, 0x00,
  0xa4, 0x78, 0x09, 0x14, 0xa0, 0x00, 0x00, 0x00, 0x3f, 0x02, 0x8e, 0x0f,
  0x00, 0xe2, 0x0f, 0x00, 0x10, 0x7c, 0x07, 0x07, 0x05, 0x00, 0x00, 0x00,
  0xdc, 0xe0, 0xff, 0x0f, 0x00, 0xe2, 0x0f, 0x00, 0x90, 0x72, 0x04, 0x06,
  0x05, 0x00, 0x00, 0x80, 0x3f, 0xe0, 0xff, 0x0f, 0x00, 0xe2, 0x0f, 0x00,
  0x11, 0x72, 0x09, 0x09, 0xdc, 0x00, 0x00, 0x00, 0xff, 0x18, 0x8f, 0x07,
  0x00, 0xe2, 0x0f, 0x00, 0x90, 0x72, 0x09, 0x0d, 0x09, 0x00, 0x00, 0x00,
  0x3f, 0xe0, 0xff, 0x0f, 0x00, 0xe2, 0x0f, 0x00, 0x12, 0x78, 0x00, 0x00,
  0xf0, 0xff, 0xff, 0xff, 0xff, 0xc0, 0x8e, 0x07, 0x00, 0xe2, 0x0f, 0x00,
  0xb9, 0x7a, 0x0a, 0x00, 0x00, 0x7e, 0x00, 0x00, 0x00, 0x0a, 0x00, 0x00,
  0x00, 0xe2, 0x0f, 0x00, 0x10, 0x78, 0x0a, 0x0a, 0xfe, 0xff, 0xff, 0x0f,
  0xff, 0xe0, 0xff, 0x07, 0x00, 0xe4, 0x0f, 0x01, 0x19, 0x78, 0x06, 0xff,
  0x1f, 0x00, 0x00, 0x00, 0x07, 0x14, 0x01, 0x00, 0x00, 0xe4, 0x0f, 0x00,
  0x12, 0x78, 0x09, 0x09, 0xf8, 0xff, 0xff, 0x0f, 0xff, 0xc0, 0x8e, 0x07,
  0x00, 0xe2, 0x0f, 0x00, 0x24, 0x7e, 0x05, 0xff, 0x0d, 0x00, 0x00, 0x00,
  0xff, 0x00, 0x8e, 0x0f, 0x00, 0xe2, 0x0f, 0x00, 0x8c, 0x78, 0x00, 0x04,
  0x40, 0x00, 0x00, 0x00, 0x70, 0x12, 0xf2, 0x0b, 0x00, 0xe2, 0x0f, 0x00,
  0x02, 0x7c, 0x05, 0x00, 0x09, 0x00, 0x00, 0x00, 0x00, 0x0f, 0x00, 0x08,
  0x00, 0xe2, 0x0f, 0x00, 0x24, 0x78, 0x00, 0x03, 0x01, 0x00, 0x00, 0x00,
  0x00, 0x0a, 0x8e, 0x07, 0x00, 0xe2, 0x0f, 0x00, 0x05, 0x73, 0x0b, 0x00,
  0x0a, 0x00, 0x00, 0x00, 0x00, 0xf0, 0x21, 0x00, 0x00, 0x62, 0x0e, 0x00,
  0x24, 0x7e, 0x04, 0xff, 0x0c, 0x00, 0x00, 0x00, 0xff, 0x00, 0x8e, 0x0f,
  0x00, 0xe2, 0x0f, 0x00, 0x87, 0x78, 0x04, 0x04, 0x40, 0x00, 0x00, 0x00,
  0x00, 0x00, 0x80, 0x08, 0x00, 0xe2, 0x0f, 0x00, 0x24, 0x7a, 0x06, 0x06,
  0x00, 0x7c, 0x00, 0x00, 0xff, 0x02, 0x8e, 0x07, 0x00, 0xc4, 0x0f, 0x00,
  0x24, 0x78, 0x09, 0xdc, 0x01, 0x00, 0x00, 0x00, 0x09, 0x0a, 0x8e, 0x07,
  0x00, 0xe2, 0x0f, 0x00, 0x0c, 0x78, 0x00, 0x00, 0x0a, 0x00, 0x00, 0x00,
  0x70, 0x62, 0xf4, 0x03, 0x00, 0xe2, 0x0f, 0x04, 0x25, 0x7a, 0x04, 0x07,
  0x00, 0x7c, 0x00, 0x00, 0x04, 0x00, 0x8e, 0x07, 0x00, 0xe2, 0x0f, 0x00,
  0x19, 0x78, 0xde, 0x00, 0x04, 0x00, 0x00, 0x00, 0xff, 0x06, 0x00, 0x00,
  0x00, 0xe2, 0x0f, 0x00, 0xb9, 0x7a, 0x0c, 0x00, 0x00, 0x7c, 0x00, 0x00,
  0x00, 0x0a, 0x00, 0x00, 0x00, 0xe2, 0x0f, 0x00, 0x12, 0x72, 0x09, 0x09,
  0x00, 0x00, 0x00, 0x00, 0xff, 0x3c, 0x8e, 0x07, 0x00, 0xe2, 0x0f, 0x00,
  0x24, 0x7a, 0x07, 0x07, 0x00, 0x7d, 0x00, 0x00, 0x06, 0x02, 0x8e, 0x07,
  0x00, 0xe2, 0x0f, 0x00, 0x0c, 0x7c, 0x00, 0xdc, 0x04, 0x00, 0x00, 0x00,
  0x70, 0x12, 0x76, 0x0d, 0x00, 0xe4, 0x0f, 0x00, 0x10, 0x7a, 0x04, 0x04,
  0x00, 0x62, 0x00, 0x00, 0xde, 0xe0, 0xe9, 0x07, 0x00, 0xe2, 0x0f, 0x10,
  0x24, 0x78, 0x05, 0x05, 0x01, 0x00, 0x00, 0x00, 0x07, 0x02, 0x8e, 0x07,
  0x00, 0xe2, 0x0f, 0x00, 0x19, 0x78, 0xdf, 0xff, 0x1f, 0x00, 0x00, 0x00,
  0xde, 0x14, 0x01, 0x00, 0x00, 0xe2, 0x0f, 0x00, 0x24, 0x78, 0x00, 0xdc,
  0x10, 0x00, 0x00, 0x00, 0x09, 0x02, 0x8e, 0x07, 0x00, 0xe2, 0x0f, 0x00,
  0x99, 0x78, 0x16, 0x0c, 0x03, 0x00, 0x00, 0x00, 0x3f, 0x06, 0x00, 0x08,
  0x00, 0xc4, 0x0f, 0x00, 0x10, 0x7a, 0x05, 0x05, 0x00, 0x63, 0x00, 0x00,
  0xdf, 0xc4, 0x7e, 0x02, 0x00, 0xe2, 0x0f, 0x00, 0x82, 0x78, 0x09, 0x00,
  0x03, 0x00, 0x00, 0x00, 0x00, 0x00, 0x00, 0x00, 0x00, 0xe2, 0x0f, 0x00,
  0x0c, 0x7c, 0x00, 0x1a, 0x04, 0x00, 0x00, 0x00, 0x70, 0x12, 0x78, 0x0d,
  0x00, 0xe2, 0x0f, 0x00, 0x24, 0x72, 0x09, 0xff, 0xff, 0x00, 0x00, 0x00,
  0x0b, 0x0a, 0x8e, 0x07, 0x00, 0xe2, 0x2f, 0x00, 0x10, 0x78, 0x08, 0xdc,
  0x20, 0x00, 0x00, 0x00, 0xff, 0xe0, 0xff, 0x07, 0x00, 0xe2, 0x0f, 0x00,
  0x99, 0x72, 0x0c, 0x0c, 0x09, 0x00, 0x00, 0x00, 0x0d, 0x02, 0x01, 0x08,
  0x00, 0xe2, 0x0f, 0x00, 0x19, 0x78, 0x00, 0x00, 0x04, 0x00, 0x00, 0x00,
  0xff, 0x06, 0x00, 0x00, 0x00, 0xe2, 0x0f, 0x00, 0x24, 0x72, 0x09, 0x09,
  0x0c, 0x00, 0x00, 0x00, 0xff, 0x02, 0x8e, 0x07, 0x00, 0xe2, 0x0f, 0x00,
  0x10, 0x7c, 0x06, 0x04, 0x16, 0x00, 0x00, 0x00, 0xff, 0xe0, 0xfd, 0x0f,
  0x00, 0xe2, 0x0f, 0x00, 0x24, 0x72, 0x0a, 0xff, 0xff, 0x00, 0x00, 0x00,
  0xff, 0x00, 0x8e, 0x07, 0x00, 0xe2, 0x0f, 0x00, 0x0c, 0x7c, 0x00, 0x08,
  0x04, 0x00, 0x00, 0x00, 0x70, 0x12, 0x7a, 0x0d, 0x00, 0xe2, 0x0f, 0x00,
  0xae, 0x7f, 0x00, 0x04, 0x00, 0x00, 0x00, 0x00, 0x50, 0x1c, 0x90, 0x09,
  0x00, 0xe2, 0x03, 0x00, 0x10, 0x78, 0x08, 0xdc, 0x28, 0x00, 0x00, 0x00,
  0xff, 0xe0, 0xff, 0x07, 0x00, 0xc4, 0x0f, 0x00, 0x13, 0x7c, 0x0d, 0x00,
  0x12, 0x00, 0x00, 0x00, 0x00, 0x00, 0x00, 0x08, 0x00, 0xe4, 0x0f, 0x00,
  0x0c, 0x7c, 0x00, 0x1c, 0x04, 0x00, 0x00, 0x00, 0x70, 0x12, 0x76, 0x0d,
  0x00, 0xe2, 0x0f, 0x00, 0x27, 0x72, 0x0a, 0x0b, 0x09, 0x00, 0x00, 0x00,
  0x0a, 0x00, 0x8e, 0x07, 0x00, 0xe2, 0x0f, 0x00, 0x10, 0x7c, 0x07, 0x05,
  0x0c, 0x00, 0x00, 0x00, 0xff, 0xe4, 0x7f, 0x0b, 0x00, 0xe4, 0x0f, 0x00,
  0x0c, 0x7c, 0x00, 0x08, 0x04, 0x00, 0x00, 0x00, 0x70, 0x12, 0x72, 0x0d,
  0x00, 0xe2, 0x0f, 0x00, 0x24, 0x72, 0x0b, 0xff, 0xff, 0x00, 0x00, 0x00,
  0x0d, 0x00, 0x8e, 0x07, 0x00, 0xe2, 0x0f, 0x00, 0x10, 0x7c, 0x08, 0x06,
  0x16, 0x00, 0x00, 0x00, 0xff, 0xe0, 0xfd, 0x0f, 0x00, 0xe2, 0x0f, 0x00,
  0xae, 0x7f, 0x00, 0x06, 0x00, 0x00, 0x80, 0x00, 0x50, 0x1c, 0x10, 0x0a,
  0x00, 0xe2, 0x09, 0x00, 0x0c, 0x7c, 0x00, 0x20, 0x04, 0x00, 0x00, 0x00,
  0x70, 0x12, 0x78, 0x0d, 0x00, 0xe2, 0x0f, 0x00, 0x27, 0x72, 0x0a, 0x0a,
  0x0b, 0x00, 0x00, 0x00, 0xff, 0x00, 0x8e, 0x07, 0x00, 0xe2, 0x0f, 0x00,
  0x10, 0x7c, 0x09, 0x07, 0x0c, 0x00, 0x00, 0x00, 0xff, 0xe4, 0x7f, 0x0b,
  0x00, 0xc4, 0x0f, 0x00, 0x10, 0x78, 0x05, 0xdc, 0x30, 0x00, 0x00, 0x00,
  0xff, 0xe0, 0xff, 0x07, 0x00, 0xe2, 0x2f, 0x00, 0x24, 0x72, 0x0d, 0xff,
  0xff, 0x00, 0x00, 0x00, 0x0a, 0x0a, 0x8e, 0x07, 0x00, 0xe2, 0x0f, 0x00,
  0x10, 0x7c, 0x04, 0x08, 0x16, 0x00, 0x00, 0x00, 0xff, 0xe0, 0xfd, 0x0f,
  0x00, 0xe2, 0x0f, 0x00, 0xae, 0x7f, 0x00, 0x08, 0x00, 0x00, 0x00, 0x01,
  0x50, 0x1c, 0x90, 0x09, 0x00, 0xe2, 0x03, 0x00, 0x0c, 0x7c, 0x00, 0x05,
  0x04, 0x00, 0x00, 0x00, 0x70, 0x12, 0x76, 0x0d, 0x00, 0xe2, 0x0f, 0x00,
  0x24, 0x72, 0x0b, 0x0c, 0x0d, 0x00, 0x00, 0x00, 0x0b, 0x02, 0x8e, 0x07,
  0x00, 0xe2, 0x0f, 0x00, 0x10, 0x7c, 0x05, 0x09, 0x0c, 0x00, 0x00, 0x00,
  0xff, 0xe4, 0x7f, 0x0b, 0x00, 0xe4, 0x0f, 0x00, 0x10, 0x7c, 0x06, 0x04,
  0x16, 0x00, 0x00, 0x00, 0xff, 0xe0, 0xfd, 0x0f, 0x00, 0xc6, 0x0f, 0x01,
  0xae, 0x7f, 0x00, 0x04, 0x00, 0x00, 0x80, 0x01, 0x50, 0x1c, 0x10, 0x0a,
  0x00, 0xe2, 0x09, 0x00, 0x0c, 0x72, 0x00, 0x0c, 0x0b, 0x00, 0x00, 0x00,
  0x70, 0x40, 0xf8, 0x03, 0x00, 0xe4, 0x0f, 0x00, 0x10, 0x7c, 0x07, 0x05,
  0x0c, 0x00, 0x00, 0x00, 0xff, 0xe4, 0x7f, 0x0b, 0x00, 0xe4, 0x0f, 0x00,
  0x10, 0x78, 0x09, 0xdc, 0x38, 0x00, 0x00, 0x00, 0xff, 0xe0, 0xff, 0x07,
  0x00, 0xe4, 0x2f, 0x00, 0x10, 0x7c, 0x08, 0x06, 0x16, 0x00, 0x00, 0x00,
  0xff, 0xe0, 0xfd, 0x0f, 0x00, 0xe2, 0x0f, 0x00, 0xae, 0x7f, 0x00, 0x06,
  0x00, 0x00, 0x00, 0x02, 0x50, 0x1c, 0x90, 0x0a, 0x00, 0xe2, 0x03, 0x00,
  0x0c, 0x7c, 0x00, 0x09, 0x04, 0x00, 0x00, 0x00, 0x70, 0x12, 0x7a, 0x0d,
  0x00, 0xe4, 0x0f, 0x00, 0x10, 0x7c, 0x09, 0x07, 0x0c, 0x00, 0x00, 0x00,
  0xff, 0xe4, 0x7f, 0x0b, 0x00, 0xe2, 0x0f, 0x00, 0xb9, 0x7a, 0x0d, 0x00,
  0x00, 0x6d, 0x00, 0x00, 0x00, 0x08, 0x00, 0x00, 0x00, 0xe2, 0x0f, 0x00,
  0x10, 0x7c, 0x04, 0x08, 0x16, 0x00, 0x00, 0x00, 0xff, 0xe0, 0xfd, 0x0f,
  0x00, 0xc4, 0x0f, 0x01, 0x10, 0xc2, 0x0b, 0x0b, 0x0c, 0x00, 0x00, 0x80,
  0xff, 0xe0, 0xff, 0x07, 0x00, 0xe2, 0x0f, 0x08, 0x99, 0x72, 0x09, 0x0a,
  0x0d, 0x00, 0x00, 0x00, 0x0b, 0x10, 0x00, 0x08, 0x00, 0xe2, 0x0f, 0x00,
  0x10, 0x7c, 0x05, 0x09, 0x0c, 0x00, 0x00, 0x00, 0xff, 0xe4, 0x7f, 0x0b,
  0x00, 0xe2, 0x0f, 0x00, 0xb9, 0x7a, 0x0e, 0x00, 0x00, 0xd5, 0x00, 0x00,
  0x00, 0x08, 0x00, 0x00, 0x00, 0xe2, 0x0f, 0x00, 0x0c, 0x72, 0x00, 0x0b,
  0x0c, 0x00, 0x00, 0x00, 0x70, 0x60, 0xfc, 0x03, 0x00, 0xe2, 0x0f, 0x00,
  0xb9, 0x7a, 0x0a, 0x00, 0x00, 0x80, 0x00, 0x00, 0x00, 0x0a, 0x00, 0x00,
  0x00, 0xe2, 0x0f, 0x00, 0x10, 0xc8, 0x0a, 0x0a, 0x01, 0x00, 0x00, 0x00,
  0xff, 0xe0, 0xff, 0x07, 0x00, 0xe2, 0x0f, 0x00, 0x99, 0x72, 0x0a, 0x0a,
  0x0d, 0x00, 0x00, 0x00, 0x0b, 0x10, 0x00, 0x08, 0x00, 0xe2, 0x0f, 0x00,
  0xae, 0x7f, 0x00, 0x08, 0x00, 0x00, 0x80, 0x02, 0x50, 0x1c, 0x90, 0x08,
  0x00, 0xe4, 0x09, 0x00, 0x82, 0x78, 0x0b, 0x00, 0xff, 0xff, 0xff, 0xff,
  0x00, 0x00, 0x00, 0x00, 0x00, 0xc4, 0x0f, 0x00, 0x99, 0x72, 0x0b, 0x0b,
  0x0d, 0x00, 0x00, 0x00, 0x3f, 0x06, 0x00, 0x08, 0x00, 0xe2, 0x0f, 0x00,
  0xae, 0x7f, 0x00, 0x04, 0x00, 0x00, 0x00, 0x03, 0x50, 0x1c, 0x90, 0x09,
  0x00, 0xe2, 0x09, 0x00, 0x92, 0x72, 0x04, 0x12, 0x0e, 0x00, 0x00, 0x00,
  0x3f, 0x3c, 0x8e, 0x0f, 0x00, 0xe4, 0x0f, 0x00, 0x99, 0x78, 0x0d, 0x3f,
  0x1f, 0x00, 0x00, 0x00, 0x09, 0x14, 0x01, 0x08, 0x00, 0xe4, 0x0f, 0x00,
  0x12, 0x7c, 0x35, 0xdc, 0x0b, 0x00, 0x00, 0x00, 0xff, 0x30, 0x8e, 0x0f,
  0x00, 0xe2, 0x0f, 0x00, 0x99, 0x78, 0x15, 0x3f, 0x1f, 0x00, 0x00, 0x00,
  0x0a, 0x14, 0x01, 0x08, 0x00, 0xe2, 0x0f, 0x00, 0x0c, 0x7c, 0x00, 0xff,
  0x04, 0x00, 0x00, 0x00, 0x70, 0x32, 0xf8, 0x0b, 0x00, 0xe4, 0x0f, 0x00,
  0x10, 0x68, 0x0a, 0x0a, 0x01, 0x00, 0x00, 0x00, 0xff, 0xe0, 0xff, 0x07,
  0x00, 0xe2, 0x0f, 0x00, 0x24, 0x7c, 0x07, 0x35, 0x0d, 0x00, 0x00, 0x00,
  0xff, 0x02, 0x8e, 0x0f, 0x00, 0xe2, 0x2f, 0x00, 0x19, 0x78, 0x2b, 0xff,
  0x1f, 0x00, 0x00, 0x00, 0x35, 0x14, 0x01, 0x00, 0x00, 0xc4, 0x0f, 0x00,
  0x0c, 0x7a, 0x00, 0xff, 0x00, 0xd5, 0x00, 0x00, 0x70, 0x52, 0xfc, 0x03,
  0x00, 0xe4, 0x0f, 0x00, 0x12, 0x7c, 0x0f, 0x1a, 0x0b, 0x00, 0x00, 0x00,
  0xff, 0x30, 0x8e, 0x0f, 0x00, 0xe2, 0x0f, 0x00, 0x24, 0x7c, 0x0d, 0x2b,
  0x09, 0x00, 0x00, 0x00, 0x07, 0x02, 0x8e, 0x0f, 0x00, 0xe2, 0x0f, 0x00,
  0x12, 0x7c, 0x11, 0x1c, 0x0b, 0x00, 0x00, 0x00, 0xff, 0x30, 0x8e, 0x0f,
  0x00, 0xe4, 0x0f, 0x00, 0x19, 0x78, 0x06, 0xff, 0x1f, 0x00, 0x00, 0x00,
  0x0f, 0x14, 0x01, 0x00, 0x00, 0xe2, 0x0f, 0x00, 0x24, 0x7c, 0x0b, 0x0f,
  0x0d, 0x00, 0x00, 0x00, 0xff, 0x02, 0x8e, 0x0f, 0x00, 0xe4, 0x0f, 0x04,
  0x24, 0x7c, 0x07, 0x0f, 0x15, 0x00, 0x00, 0x00, 0xff, 0x02, 0x8e, 0x0f,
  0x00, 0xe4, 0x0f, 0x00, 0x24, 0x7c, 0x15, 0x06, 0x09, 0x00, 0x00, 0x00,
  0x0b, 0x02, 0x8e, 0x0f, 0x00, 0xc4, 0x0f, 0x00, 0x24, 0x7c, 0x2d, 0x06,
  0x0a, 0x00, 0x00, 0x00, 0x07, 0x02, 0x8e, 0x0f, 0x00, 0xe2, 0x0f, 0x00,
  0x19, 0x78, 0x06, 0xff, 0x1f, 0x00, 0x00, 0x00, 0x11, 0x14, 0x01, 0x00,
  0x00, 0xe2, 0x0f, 0x00, 0x24, 0x7c, 0x0b, 0x11, 0x0d, 0x00, 0x00, 0x00,
  0xff, 0x02, 0x8e, 0x0f, 0x00, 0xe4, 0x0f, 0x00, 0x24, 0xc2, 0x0a, 0xff,
  0xff, 0x00, 0x00, 0x00, 0x0a, 0x0a, 0x8e, 0x07, 0x00, 0xe2, 0x0f, 0x00,
  0x12, 0xea, 0x0a, 0xff, 0x00, 0xd5, 0x00, 0x00, 0xff, 0x33, 0x8e, 0x07,
  0x00, 0xe2, 0x0f, 0x00, 0x24, 0x7c, 0x17, 0x06, 0x09, 0x00, 0x00, 0x00,
  0x0b, 0x02, 0x8e, 0x0f, 0x00, 0xe2, 0x0f, 0x00, 0x12, 0x7c, 0x19, 0x20,
  0x0b, 0x00, 0x00, 0x00, 0xff, 0x30, 0x8e, 0x0f, 0x00, 0xe2, 0x0f, 0x00,
  0x24, 0x7c, 0x0c, 0x35, 0x15, 0x00, 0x00, 0x00, 0xff, 0x02, 0x8e, 0x0f,
  0x00, 0xe2, 0x0f, 0x00, 0x19, 0x78, 0x0b, 0xff, 0x1f, 0x00, 0x00, 0x00,
  0x0a, 0x14, 0x01, 0x00, 0x00, 0xe2, 0x0f, 0x00, 0x24, 0x7c, 0x13, 0x11,
  0x15, 0x00, 0x00, 0x00, 0xff, 0x02, 0x8e, 0x0f, 0x00, 0xe2, 0x0f, 0x00,
  0x19, 0x78, 0x07, 0xff, 0x1f, 0x00, 0x00, 0x00, 0x19, 0x14, 0x01, 0x00,
  0x00, 0xe2, 0x0f, 0x00, 0x24, 0x7c, 0x2b, 0x2b, 0x0a, 0x00, 0x00, 0x00,
  0x0c, 0x02, 0x8e, 0x0f, 0x00, 0xc4, 0x0f, 0x00, 0x24, 0x7c, 0x2f, 0x06,
  0x0a, 0x00, 0x00, 0x00, 0x13, 0x02, 0x8e, 0x0f, 0x00, 0xe2, 0x0f, 0x00,
  0x10, 0x7c, 0x06, 0x04, 0x16, 0x00, 0x00, 0x00, 0xff, 0xe0, 0xf3, 0x0f,
  0x00, 0xe2, 0x0f, 0x00, 0x24, 0x7c, 0x0c, 0x19, 0x0d, 0x00, 0x00, 0x00,
  0xff, 0x02, 0x8e, 0x0f, 0x00, 0xe4, 0x0f, 0x04, 0x24, 0x7c, 0x0e, 0x19,
  0x15, 0x00, 0x00, 0x00, 0xff, 0x02, 0x8e, 0x0f, 0x00, 0xe4, 0x0f, 0x00,
  0x24, 0x7a, 0x13, 0x0b, 0x00, 0x7e, 0x00, 0x00, 0xff, 0x02, 0x8e, 0x07,
  0x00, 0xe4, 0x0f, 0x00, 0x24, 0x7c, 0x29, 0x07, 0x09, 0x00, 0x00, 0x00,
  0x0c, 0x02, 0x8e, 0x0f, 0x00, 0xe4, 0x0f, 0x04, 0x24, 0x7c, 0x31, 0x07,
  0x0a, 0x00, 0x00, 0x00, 0x0e, 0x02, 0x8e, 0x0f, 0x00, 0xe2, 0x0f, 0x00,
  0x10, 0x7c, 0x07, 0x05, 0x0c, 0x00, 0x00, 0x00, 0xff, 0xe4, 0xff, 0x08,
  0x00, 0xe2, 0x0f, 0x00, 0x25, 0x7a, 0xe0, 0x0a, 0x00, 0x7e, 0x00, 0x00,
  0xde, 0x00, 0x8e, 0x07, 0x00, 0xc8, 0x0f, 0x00, 0x24, 0x7a, 0x13, 0x0a,
  0x00, 0x7f, 0x00, 0x00, 0x13, 0x02, 0x8e, 0x07, 0x00, 0xe2, 0x0f, 0x00,
  0xae, 0x7f, 0x00, 0x06, 0x00, 0x00, 0x80, 0x03, 0x50, 0x1c, 0x90, 0x0a,
  0x00, 0xe2, 0x03, 0x00, 0x25, 0x7c, 0x08, 0x35, 0x09, 0x00, 0x00, 0x00,
  0xff, 0x00, 0x8e, 0x0f, 0x00, 0xc8, 0x0f, 0x01, 0x24, 0x7a, 0x0b, 0x0b,
  0x00, 0x80, 0x00, 0x00, 0xff, 0x02, 0x8e, 0x07, 0x00, 0xe2, 0x0f, 0x00,
  0x10, 0x72, 0x05, 0x09, 0x0d, 0x00, 0x00, 0x00, 0xff, 0xe0, 0xff, 0x07,
  0x00, 0xe2, 0x0f, 0x00, 0x24, 0x78, 0xe7, 0xe1, 0x01, 0x00, 0x00, 0x00,
  0x13, 0x02, 0x8e, 0x07, 0x00, 0xe4, 0x0f, 0x00, 0x25, 0x7a, 0xde, 0x0a,
  0x00, 0x80, 0x00, 0x00, 0xde, 0x00, 0x8e, 0x07, 0x00, 0xe2, 0x0f, 0x04,
  0xc2, 0x03, 0x04, 0x18, 0x00, 0x00, 0x00, 0x00, 0x00, 0x00, 0x0e, 0x00,
  0x00, 0xa6, 0x4e, 0x00, 0x24, 0x7a, 0x0b, 0x0a, 0x00, 0x81, 0x00, 0x00,
  0x0b, 0x02, 0x8e, 0x07, 0x00, 0xe4, 0x0f, 0x00, 0x24, 0x72, 0xe6, 0xff,
  0xff, 0x00, 0x00, 0x00, 0xe0, 0x00, 0x8e, 0x07, 0x00, 0xc6, 0x0f, 0x00,
  0xc2, 0x03, 0x0c, 0x1e, 0x00, 0x00, 0x00, 0x00, 0x00, 0x00, 0x0e, 0x00,
  0x00, 0xa2, 0x8e, 0x00, 0x10, 0x72, 0x04, 0x08, 0xe0, 0x00, 0x00, 0x00,
  0xff, 0xe0, 0xf1, 0x07, 0x00, 0xe2, 0x0f, 0x00, 0x24, 0x78, 0xe5, 0xdf,
  0x01, 0x00, 0x00, 0x00, 0x0b, 0x02, 0x8e, 0x07, 0x00, 0xe4, 0x0f, 0x00,
  0x24, 0x72, 0xe4, 0xff, 0xff, 0x00, 0x00, 0x00, 0xde, 0x00, 0x8e, 0x07,
  0x00, 0xe2, 0x0f, 0x00, 0x10, 0x72, 0x05, 0xe7, 0x05, 0x00, 0x00, 0x00,
  0xff, 0xe4, 0x7f, 0x00, 0x00, 0xe2, 0x0f, 0x00, 0x25, 0x7c, 0x08, 0x11,
  0x09, 0x00, 0x00, 0x00, 0xe6, 0x00, 0x8e, 0x0f, 0x00, 0xc8, 0x0f, 0x00,
  0x25, 0x7c, 0x06, 0x0f, 0x09, 0x00, 0x00, 0x00, 0xe6, 0x00, 0x8e, 0x0f,
  0x00, 0xc8, 0x2f, 0x00, 0x25, 0x7c, 0x0c, 0x35, 0x0a, 0x00, 0x00, 0x00,
  0xe4, 0x00, 0x8e, 0x0f, 0x00, 0xc8, 0x0f, 0x00, 0x25, 0x7c, 0x0e, 0x0f,
  0x0a, 0x00, 0x00, 0x00, 0xe4, 0x00, 0x8e, 0x0f, 0x00, 0xc8, 0x0f, 0x00,
  0x25, 0x7a, 0x04, 0x33, 0x00, 0x6e, 0x00, 0x00, 0x04, 0x02, 0x8e, 0x07,
  0x00, 0xc8, 0x0f, 0x00, 0x25, 0x7c, 0x0a, 0x19, 0x09, 0x00, 0x00, 0x00,
  0xe6, 0x00, 0x8e, 0x0f, 0x00, 0xc8, 0x0f, 0x00, 0x24, 0x78, 0x09, 0x09,
  0x01, 0x00, 0x00, 0x00, 0x17, 0x02, 0x8e, 0x07, 0x00, 0xe4, 0x0f, 0x00,
  0x24, 0x78, 0x07, 0x07, 0x01, 0x00, 0x00, 0x00, 0x15, 0x02, 0x8e, 0x07,
  0x00, 0xe2, 0x0f, 0x00, 0x10, 0x72, 0x13, 0x0d, 0x2b, 0x00, 0x00, 0x00,
  0xff, 0xe0, 0xff, 0x07, 0x00, 0xe2, 0x0f, 0x00, 0x24, 0x72, 0x14, 0xff,
  0xff, 0x00, 0x00, 0x00, 0x0e, 0x00, 0x8e, 0x07, 0x00, 0xe2, 0x0f, 0x00,
  0x10, 0x7a, 0x0e, 0x04, 0x00, 0x70, 0x00, 0x00, 0xff, 0xe0, 0xfd, 0x07,
  0x00, 0xe2, 0x0f, 0x00, 0x24, 0x72, 0x12, 0xff, 0xff, 0x00, 0x00, 0x00,
  0x0c, 0x00, 0x8e, 0x07, 0x00, 0xe2, 0x0f, 0x00, 0x02, 0x72, 0x0c, 0x00,
  0x0a, 0x00, 0x00, 0x00, 0x00, 0x0f, 0x00, 0x00, 0x00, 0xe2, 0x0f, 0x00,
  0x25, 0x7c, 0x10, 0x11, 0x0a, 0x00, 0x00, 0x00, 0xe4, 0x00, 0x8e, 0x0f,
  0x00, 0xc8, 0x0f, 0x00, 0x25, 0x7a, 0x06, 0x1b, 0x00, 0x6e, 0x00, 0x00,
  0x06, 0x02, 0x8e, 0x07, 0x00, 0xc8, 0x0f, 0x00, 0x25, 0x7a, 0x08, 0x1d,
  0x00, 0x6e, 0x00, 0x00, 0x08, 0x02, 0x8e, 0x07, 0x00, 0xc8, 0x0f, 0x00,
  0x24, 0x78, 0x0d, 0x0b, 0x01, 0x00, 0x00, 0x00, 0x29, 0x02, 0x8e, 0x07,
  0x00, 0xe4, 0x0f, 0x00, 0x24, 0x78, 0x15, 0x0f, 0x01, 0x00, 0x00, 0x00,
  0x2d, 0x02, 0x8e, 0x07, 0x00, 0xe2, 0x0f, 0x00, 0x10, 0x7a, 0x0f, 0x05,
  0x00, 0x71, 0x00, 0x00, 0xff, 0xe4, 0x7f, 0x03, 0x00, 0xe2, 0x0f, 0x00,
  0x24, 0x72, 0x16, 0xff, 0xff, 0x00, 0x00, 0x00, 0x10, 0x00, 0x8e, 0x07,
  0x00, 0xe2, 0x0f, 0x00, 0x10, 0x7a, 0x08, 0x08, 0x00, 0x70, 0x00, 0x00,
  0xff, 0xe0, 0xfd, 0x07, 0x00, 0xe2, 0x0f, 0x00, 0x25, 0x7a, 0x0a, 0x21,
  0x00, 0x6e, 0x00, 0x00, 0x12, 0x02, 0x8e, 0x07, 0x00, 0xe2, 0x0f, 0x00,
  0x82, 0x7c, 0x0b, 0x00, 0x06, 0x00, 0x00, 0x00, 0x00, 0x00, 0x00, 0x08,
  0x00, 0xe2, 0x0f, 0x00, 0x10, 0x7a, 0x10, 0x06, 0x00, 0x70, 0x00, 0x00,
  0xff, 0xe0, 0xfb, 0x07, 0x00, 0xe2, 0x0f, 0x00, 0x90, 0x02, 0x0b, 0x04,
  0x0c, 0x00, 0x00, 0x00, 0x3f, 0xe1, 0xff, 0x0f, 0x00, 0xe2, 0x4f, 0x00,
  0x25, 0x7a, 0x04, 0x1f, 0x00, 0x6e, 0x00, 0x00, 0x0c, 0x02, 0x8e, 0x07,
  0x00, 0xe2, 0x0f, 0x00, 0x10, 0x7a, 0x09, 0x09, 0x00, 0x71, 0x00, 0x00,
  0xff, 0xe4, 0x7f, 0x03, 0x00, 0xe2, 0x0f, 0x00, 0xb9, 0x7a, 0x0c, 0x00,
  0x00, 0xe8, 0x00, 0x00, 0x00, 0x0a, 0x00, 0x00, 0x00, 0xe2, 0x0f, 0x00,
  0x10, 0x7a, 0x0c, 0x0a, 0x00, 0x70, 0x00, 0x00, 0xff, 0xe0, 0xfd, 0x07,
  0x00, 0xe2, 0x0f, 0x00, 0x24, 0x78, 0x17, 0x11, 0x01, 0x00, 0x00, 0x00,
  0x2f, 0x02, 0x8e, 0x07, 0x00, 0xe2, 0x0f, 0x00, 0x10, 0x7a, 0x11, 0x07,
  0x00, 0x71, 0x00, 0x00, 0xff, 0xe4, 0xff, 0x02, 0x00, 0xc4, 0x0f, 0x00,
  0x10, 0x7a, 0x0a, 0x04, 0x00, 0x70, 0x00, 0x00, 0xff, 0xe0, 0xfb, 0x07,
  0x00, 0xe4, 0x0f, 0x00, 0x0c, 0x7c, 0x00, 0xdc, 0x0b, 0x00, 0x00, 0x00,
  0x70, 0x12, 0x78, 0x0d, 0x00, 0xe4, 0x0f, 0x00, 0x0c, 0x7c, 0x00, 0x1a,
  0x0b, 0x00, 0x00, 0x00, 0x70, 0x12, 0x70, 0x0d, 0x00, 0xe4, 0x0f, 0x00,
  0x10, 0x7a, 0x0d, 0x0b, 0x00, 0x71, 0x00, 0x00, 0xff, 0xe4, 0x7f, 0x03,
  0x00, 0xe4, 0x0f, 0x00, 0x0c, 0x7c, 0x00, 0x1c, 0x0b, 0x00, 0x00, 0x00,
  0x70, 0x12, 0x76, 0x0d, 0x00, 0xe4, 0x0f, 0x00, 0x10, 0x7a, 0x0b, 0x05,
  0x00, 0x71, 0x00, 0x00, 0xff, 0xe4, 0xff, 0x02, 0x00, 0xe2, 0x0f, 0x00,
  0x25, 0x7a, 0x04, 0x23, 0x00, 0x6e, 0x00, 0x00, 0x14, 0x02, 0x8e, 0x07,
  0x00, 0xe2, 0x0f, 0x00, 0x0c, 0x7c, 0x00, 0x20, 0x0b, 0x00, 0x00, 0x00,
  0x70, 0x12, 0x72, 0x0d, 0x00, 0xe2, 0x0f, 0x00, 0x8c, 0x72, 0x00, 0x3f,
  0x0c, 0x00, 0x00, 0x00, 0x70, 0x50, 0xf0, 0x0b, 0x00, 0xc4, 0x0f, 0x00,
  0x25, 0x7c, 0x18, 0x19, 0x0a, 0x00, 0x00, 0x00, 0xe4, 0x00, 0x8e, 0x0f,
  0x00, 0xe2, 0x0f, 0x00, 0x10, 0x7a, 0x12, 0x04, 0x00, 0x70, 0x00, 0x00,
  0xff, 0xe0, 0xfb, 0x07, 0x00, 0xe2, 0x0f, 0x00, 0x8c, 0x72, 0x00, 0x3f,
  0x0d, 0x00, 0x00, 0x00, 0x00, 0x53, 0xf0, 0x0b, 0x00, 0xe2, 0x0f, 0x00,
  0xae, 0x7f, 0x00, 0x0e, 0x00, 0x00, 0x00, 0x04, 0x50, 0x1c, 0x10, 0x0a,
  0x00, 0xe2, 0x03, 0x00, 0x24, 0x78, 0x19, 0x19, 0x01, 0x00, 0x00, 0x00,
  0x31, 0x02, 0x8e, 0x07, 0x00, 0xe2, 0x0f, 0x00, 0x10, 0x7a, 0x13, 0x05,
  0x00, 0x71, 0x00, 0x00, 0xff, 0xe4, 0xff, 0x02, 0x00, 0xe2, 0x0f, 0x00,
  0x25, 0x7a, 0x04, 0x25, 0x00, 0x6e, 0x00, 0x00, 0x16, 0x02, 0x8e, 0x07,
  0x00, 0xe2, 0x0f, 0x00, 0xae, 0x7f, 0x00, 0x10, 0x00, 0x00, 0x80, 0x04,
  0x50, 0x1c, 0x10, 0x08, 0x00, 0xe6, 0x05, 0x00, 0x25, 0x7a, 0x06, 0x27,
  0x00, 0x6e, 0x00, 0x00, 0x18, 0x02, 0x8e, 0x07, 0x00, 0xe2, 0x0f, 0x00,
  0xae, 0x7f, 0x00, 0x08, 0x00, 0x00, 0x00, 0x05, 0x50, 0x1c, 0x90, 0x09,
  0x00, 0xe8, 0x07, 0x00, 0xae, 0x7f, 0x00, 0x0a, 0x00, 0x00, 0x80, 0x05,
  0x50, 0x1c, 0x90, 0x08, 0x00, 0xe2, 0x09, 0x00, 0x10, 0x7a, 0x06, 0x06,
  0x00, 0x70, 0x00, 0x00, 0xff, 0xe0, 0xfb, 0x07, 0x00, 0xc6, 0x0f, 0x00,
  0xae, 0x7f, 0x00, 0x0c, 0x00, 0x00, 0x00, 0x06, 0x50, 0x1c, 0x10, 0x0a,
  0x00, 0xe2, 0x03, 0x00, 0x10, 0x7a, 0x04, 0x04, 0x00, 0x70, 0x00, 0x00,
  0xff, 0xe0, 0xf9, 0x07, 0x00, 0xe2, 0x0f, 0x00, 0x91, 0x02, 0x0c, 0x0f,
  0x0c, 0x00, 0x00, 0x00, 0x3f, 0x10, 0x82, 0x0f, 0x00, 0xe2, 0x0f, 0x00,
  0x10, 0x7a, 0x07, 0x07, 0x00, 0x71, 0x00, 0x00, 0xff, 0xe4, 0xff, 0x02,
  0x00, 0xe2, 0x0f, 0x00, 0xae, 0x7f, 0x00, 0x12, 0x00, 0x00, 0x80, 0x06,
  0x50, 0x1c, 0x10, 0x08, 0x00, 0xe2, 0x03, 0x00, 0x10, 0x7a, 0x05, 0x05,
  0x00, 0x71, 0x00, 0x00, 0xff, 0xe4, 0x7f, 0x02, 0x00, 0xe2, 0x0f, 0x00,
  0x91, 0x02, 0x0d, 0x0f, 0x0d, 0x00, 0x00, 0x00, 0x13, 0x14, 0x8f, 0x08,
  0x00, 0xe2, 0x0f, 0x00, 0x1c, 0x78, 0x00, 0x00, 0x00, 0x00, 0x00, 0x00,
  0x08, 0xf0, 0xfc, 0x03, 0x00, 0xe4, 0x0f, 0x00, 0xb9, 0x7a, 0x0e, 0x00,
  0x00, 0xe2, 0x00, 0x00, 0x00, 0x0a, 0x00, 0x00, 0x00, 0xe2, 0x0f, 0x00,
  0xae, 0x7f, 0x00, 0x04, 0x00, 0x00, 0x00, 0x07, 0x50, 0x1c, 0x90, 0x09,
  0x00, 0xe2, 0x03, 0x00, 0x8c, 0x72, 0x00, 0x3f, 0x0e, 0x00, 0x00, 0x00,
  0x70, 0x50, 0xf0, 0x0b, 0x00, 0xc6, 0x0f, 0x00, 0xae, 0x7f, 0x00, 0x06,
  0x00, 0x00, 0x80, 0x07, 0x50, 0x1c, 0x90, 0x08, 0x00, 0xe8, 0x03, 0x00,
  0xaf, 0x79, 0x00, 0x00, 0x00, 0x00, 0x00, 0x00, 0x00, 0x00, 0x00, 0x00,
  0x00, 0x22, 0x0e, 0x00, 0x8c, 0x72, 0x00, 0x3f, 0x0f, 0x00, 0x00, 0x00,
  0x00, 0x53, 0xf0, 0x0b, 0x00, 0xcc, 0x0f, 0x00, 0x1c, 0x78, 0x00, 0x00,
  0x00, 0x00, 0x00, 0x00, 0x08, 0xf0, 0xf0, 0x03, 0x00, 0xe2, 0x0f, 0x00,
  0x24, 0x7e, 0x0d, 0xff, 0x08, 0x00, 0x00, 0x00, 0xff, 0x00, 0x8e, 0x0f,
  0x00, 0xe2, 0x2f, 0x00, 0x02, 0x7c, 0x08, 0x00, 0x0c, 0x00, 0x00, 0x00,
  0x00, 0x0f, 0x00, 0x08, 0x00, 0xe2, 0x8f, 0x00, 0x24, 0x7e, 0x09, 0xff,
  0x0d, 0x00, 0x00, 0x00, 0xff, 0x00, 0x8e, 0x0f, 0x00, 0xe2, 0x0f, 0x00,
  0x02, 0x7a, 0x0a, 0x00, 0x00, 0xe2, 0x00, 0x00, 0x00, 0x0f, 0x00, 0x00,
  0x00, 0xe2, 0x0f, 0x01, 0x24, 0x76, 0x0b, 0xff, 0x00, 0xe3, 0x00, 0x00,
  0xff, 0x00, 0x8e, 0x07, 0x00, 0xe2, 0x0f, 0x00, 0xb9, 0x7a, 0x0c, 0x00,
  0x00, 0xe0, 0x00, 0x00, 0x00, 0x0a, 0x00, 0x00, 0x00, 0xe4, 0x0f, 0x00,
  0x81, 0x69, 0x0d, 0x08, 0x10, 0x00, 0x00, 0x00, 0x00, 0x19, 0x1e, 0x0c,
  0x00, 0xe2, 0x02, 0x00, 0x8c, 0x72, 0x00, 0x3f, 0x0c, 0x00, 0x00, 0x00,
  0x70, 0x50, 0xf2, 0x0b, 0x00, 0xc8, 0x0f, 0x00, 0x81, 0x09, 0x0f, 0x0a,
  0x10, 0x00, 0x00, 0x00, 0x00, 0x19, 0x1e, 0x0c, 0x00, 0xe2, 0x08, 0x00,
  0x1a, 0x79, 0x00, 0x00, 0x00, 0x80, 0x00, 0x00, 0x00, 0x00, 0x00, 0x00,
  0x00, 0xc8, 0x0f, 0x00, 0x8c, 0x72, 0x00, 0x3f, 0x0d, 0x00, 0x00, 0x00,
  0x10, 0x53, 0xf2, 0x0b, 0x00, 0xe2, 0x0f, 0x00, 0x24, 0x76, 0x04, 0xff,
  0x00, 0xe0, 0x00, 0x00, 0xff, 0x00, 0x8e, 0x07, 0x00, 0xe2, 0x0f, 0x00,
  0x02, 0x7a, 0x05, 0x00, 0x00, 0xe1, 0x00, 0x00, 0x00, 0x0f, 0x00, 0x00,
  0x00, 0xe2, 0x0f, 0x00, 0xb9, 0x7a, 0x0c, 0x00, 0x00, 0x76, 0x00, 0x00,
  0x00, 0x0a, 0x00, 0x00, 0x00, 0xc6, 0x0f, 0x00, 0x1c, 0x78, 0x00, 0x00,
  0x00, 0x00, 0x00, 0x00, 0x18, 0xf0, 0xf2, 0x03, 0x00, 0xe2, 0x0f, 0x00,
  0x1d, 0x7b, 0x00, 0x00, 0x00, 0x00, 0x00, 0x00, 0x00, 0x00, 0x01, 0x00,
  0x00, 0xd8, 0x0f, 0x00, 0x81, 0x19, 0x35, 0x04, 0x10, 0x00, 0x00, 0x00,
  0x00, 0x19, 0x1e, 0x0c, 0x00, 0xe2, 0x04, 0x00, 0x8c, 0x72, 0x00, 0x3f,
  0x0c, 0x00, 0x00, 0x00, 0x70, 0x50, 0xf4, 0x0b, 0x00, 0xc8, 0x0f, 0x00,
  0x8c, 0x72, 0x00, 0x3f, 0x0d, 0x00, 0x00, 0x00, 0x20, 0x53, 0xf4, 0x0b,
  0x00, 0xe2, 0x0f, 0x00, 0x12, 0x78, 0x08, 0x03, 0x60, 0x00, 0x00, 0x00,
  0xff, 0xc0, 0x8e, 0x07, 0x00, 0xe4, 0x2f, 0x04, 0x12, 0x78, 0x09, 0x03,
  0x0f, 0x00, 0x00, 0x00, 0xff, 0xc0, 0x8e, 0x07, 0x00, 0xc6, 0x0f, 0x00,
  0x1c, 0x78, 0x00, 0x00, 0x00, 0x00, 0x00, 0x00, 0x28, 0xf0, 0xf6, 0x03,
  0x00, 0xca, 0x0f, 0x00, 0x91, 0x22, 0x0c, 0x12, 0x0c, 0x00, 0x00, 0x00,
  0x3f, 0x10, 0x86, 0x0f, 0x00, 0xe2, 0x0f, 0x00, 0x11, 0x72, 0x09, 0x08,
  0x09, 0x00, 0x00, 0x00, 0xff, 0xf8, 0x8f, 0x07, 0x00, 0xc6, 0x0f, 0x00,
  0x91, 0x22, 0x0d, 0x12, 0x0d, 0x00, 0x00, 0x00, 0x14, 0x14, 0x8f, 0x09,
  0x00, 0xe2, 0x0f, 0x00, 0x11, 0x72, 0x08, 0x02, 0x03, 0x00, 0x00, 0x00,
  0xff, 0x18, 0x8f, 0x07, 0x00, 0xe2, 0x0f, 0x0c, 0x24, 0x74, 0xce, 0xff,
  0xff, 0xff, 0x7f, 0xff, 0xff, 0x00, 0x8e, 0x07, 0x00, 0xe2, 0x0f, 0x00,
  0x11, 0x72, 0x0a, 0x02, 0x03, 0x00, 0x00, 0x00, 0xff, 0x28, 0x8f, 0x07,
  0x00, 0xe2, 0x0f, 0x01, 0x24, 0x7e, 0x06, 0xff, 0x0c, 0x00, 0x00, 0x00,
  0xff, 0x00, 0x8e, 0x0f, 0x00, 0xe4, 0x0f, 0x00, 0x02, 0x7c, 0x07, 0x00,
  0x0d, 0x00, 0x00, 0x00, 0x00, 0x0f, 0x00, 0x08, 0x00, 0xe4, 0x0f, 0x00,
  0x12, 0x78, 0x08, 0x08, 0xf8, 0xff, 0xff, 0x0f, 0xff, 0xc0, 0x8e, 0x07,
  0x00, 0xe4, 0x0f, 0x00, 0x12, 0x78, 0x0a, 0x0a, 0xe0, 0xff, 0xff, 0x00,
  0xff, 0xc0, 0x8e, 0x07, 0x00, 0xe2, 0x0f, 0x00, 0x81, 0x39, 0xce, 0x06,
  0x10, 0x00, 0x00, 0x00, 0x00, 0x19, 0x1e, 0x0c, 0x00, 0x62, 0x03, 0x00,
  0x12, 0x78, 0x04, 0x03, 0x07, 0x00, 0x00, 0x00, 0xff, 0xc0, 0x8e, 0x07,
  0x00, 0xc4, 0x4f, 0x00, 0x12, 0x78, 0x05, 0x03, 0x10, 0x00, 0x00, 0x00,
  0xff, 0xc0, 0x8e, 0x07, 0x00, 0xe2, 0x0f, 0x04, 0x24, 0x78, 0x08, 0x03,
  0x01, 0x00, 0x00, 0x00, 0x08, 0x0a, 0x8e, 0x07, 0x00, 0xc6, 0x0f, 0x00,
  0x11, 0x72, 0x0b, 0x05, 0x04, 0x00, 0x00, 0x00, 0xff, 0xf8, 0x8f, 0x07,
  0x00, 0xe4, 0x0f, 0x00, 0x10, 0x72, 0x07, 0x0a, 0x03, 0x00, 0x00, 0x00,
  0xff, 0xe1, 0xff, 0x07, 0x00, 0xe2, 0x2f, 0x00, 0x24, 0x78, 0x04, 0x03,
  0x10, 0x00, 0x00, 0x00, 0xff, 0x00, 0x8e, 0x07, 0x00, 0xe2, 0x0f, 0x04,
  0x12, 0x78, 0x05, 0x03, 0x08, 0x00, 0x00, 0x00, 0xff, 0xc0, 0x8e, 0x07,
  0x00, 0xc6, 0x0f, 0x00, 0x24, 0x78, 0x07, 0x07, 0x10, 0x00, 0x00, 0x00,
  0x08, 0x02, 0x8e, 0x07, 0x00, 0xe2, 0x0f, 0x00, 0x12, 0x78, 0x04, 0x04,
  0x70, 0x00, 0x00, 0x00, 0xff, 0xc0, 0x8e, 0x07, 0x00, 0xe4, 0x0f, 0x00,
  0x19, 0x78, 0x06, 0xff, 0x03, 0x00, 0x00, 0x00, 0x05, 0x16, 0x01, 0x00,
  0x00, 0xe4, 0x0f, 0x00, 0x19, 0x78, 0xda, 0x07, 0x04, 0x00, 0x00, 0x00,
  0xff, 0x06, 0x00, 0x00, 0x00, 0xe4, 0x0f, 0x00, 0x12, 0x78, 0x04, 0x04,
  0x10, 0x00, 0x00, 0x00, 0x03, 0x78, 0x8e, 0x07, 0x00, 0xe4, 0x0f, 0x10,
  0x12, 0x78, 0x06, 0x06, 0x07, 0x00, 0x00, 0x00, 0x03, 0x78, 0x8e, 0x07,
  0x00, 0xe4, 0x0f, 0x00, 0x12, 0x78, 0xd7, 0xda, 0x10, 0x00, 0x00, 0x00,
  0xff, 0x3c, 0x8e, 0x07, 0x00, 0xc4, 0x0f, 0x00, 0x12, 0x78, 0xd6, 0xda,
  0x20, 0x00, 0x00, 0x00, 0xff, 0x3c, 0x8e, 0x07, 0x00, 0xe4, 0x0f, 0x04,
  0x12, 0x78, 0xd5, 0xda, 0x30, 0x00, 0x00, 0x00, 0xff, 0x3c, 0x8e, 0x07,
  0x00, 0xe2, 0x0f, 0x04, 0x24, 0x78, 0x5e, 0x09, 0x00, 0x01, 0x00, 0x00,
  0x04, 0x02, 0x8e, 0x07, 0x00, 0xe2, 0x0f, 0x00, 0x12, 0x78, 0xd4, 0xda,
  0x40, 0x00, 0x00, 0x00, 0xff, 0x3c, 0x8e, 0x07, 0x00, 0xe2, 0x0f, 0x04,
  0x24, 0x78, 0xdb, 0x0b, 0x10, 0x00, 0x00, 0x00, 0x06, 0x02, 0x8e, 0x07,
  0x00, 0xe2, 0x0f, 0x00, 0x12, 0x78, 0xd3, 0xda, 0x50, 0x00, 0x00, 0x00,
  0xff, 0x3c, 0x8e, 0x07, 0x00, 0xe2, 0x0f, 0x04, 0x3b, 0x78, 0x08, 0xda,
  0x00, 0x00, 0x60, 0x00, 0x00, 0x41, 0x00, 0x00, 0x00, 0x62, 0x0e, 0x00,
  0x12, 0x78, 0xd2, 0xda, 0x60, 0x00, 0x00, 0x00, 0xff, 0x3c, 0x8e, 0x07,
  0x00, 0xe4, 0x0f, 0x04, 0x12, 0x78, 0xd1, 0xda, 0x70, 0x00, 0x00, 0x00,
  0xff, 0x3c, 0x8e, 0x07, 0x00, 0xe2, 0x0f, 0x04, 0x3b, 0x78, 0x0a, 0xda,
  0x00, 0x00, 0x70, 0x00, 0x00, 0x41, 0x00, 0x00, 0x00, 0xa2, 0x0e, 0x00,
  0x12, 0x78, 0xd0, 0xda, 0x80, 0x00, 0x00, 0x00, 0xff, 0x3c, 0x8e, 0x07,
  0x00, 0xc4, 0x0f, 0x00, 0x12, 0x78, 0xcf, 0xda, 0x90, 0x00, 0x00, 0x00,
  0xff, 0x3c, 0x8e, 0x07, 0x00, 0xe2, 0x0f, 0x00, 0x3b, 0x78, 0x10, 0xd7,
  0x00, 0x00, 0x60, 0x00, 0x00, 0x41, 0x00, 0x00, 0x00, 0x28, 0x0f, 0x00,
  0x3b, 0x78, 0x12, 0xd7, 0x00, 0x00, 0x70, 0x00, 0x00, 0x41, 0x00, 0x00,
  0x00, 0x68, 0x0e, 0x00, 0x3b, 0x78, 0x14, 0xd6, 0x00, 0x00, 0x60, 0x00,
  0x00, 0x41, 0x00, 0x00, 0x00, 0x68, 0x0e, 0x00, 0x3b, 0x78, 0x16, 0xd6,
  0x00, 0x00, 0x70, 0x00, 0x00, 0x41, 0x00, 0x00, 0x00, 0xe8, 0x0f, 0x00,
  0x3b, 0x78, 0x18, 0xd5, 0x00, 0x00, 0x60, 0x00, 0x00, 0x41, 0x00, 0x00,
  0x00, 0xe8, 0x0f, 0x00, 0x3b, 0x78, 0x1a, 0xd5, 0x00, 0x00, 0x70, 0x00,
  0x00, 0x41, 0x00, 0x00, 0x00, 0xe8, 0x0f, 0x00, 0x3b, 0x78, 0x1c, 0xd4,
  0x00, 0x00, 0x60, 0x00, 0x00, 0x41, 0x00, 0x00, 0x00, 0x68, 0x0e, 0x00,
  0x3b, 0x78, 0x1e, 0xd4, 0x00, 0x00, 0x70, 0x00, 0x00, 0x41, 0x00, 0x00,
  0x00, 0x68, 0x0e, 0x00, 0x3b, 0x78, 0x20, 0xd3, 0x00, 0x00, 0x60, 0x00,
  0x00, 0x41, 0x00, 0x00, 0x00, 0x68, 0x0e, 0x00, 0x3b, 0x78, 0x22, 0xd3,
  0x00, 0x00, 0x70, 0x00, 0x00, 0x41, 0x00, 0x00, 0x00, 0x68, 0x0e, 0x00,
  0x3b, 0x78, 0x24, 0xd2, 0x00, 0x00, 0x60, 0x00, 0x00, 0x41, 0x00, 0x00,
  0x00, 0x68, 0x0e, 0x00, 0x3b, 0x78, 0x26, 0xd2, 0x00, 0x00, 0x70, 0x00,
  0x00, 0x41, 0x00, 0x00, 0x00, 0x68, 0x0e, 0x00, 0x3b, 0x78, 0x28, 0xd1,
  0x00, 0x00, 0x60, 0x00, 0x00, 0x41, 0x00, 0x00, 0x00, 0x68, 0x0e, 0x00,
  0x3b, 0x78, 0x2a, 0xd1, 0x00, 0x00, 0x70, 0x00, 0x00, 0x41, 0x00, 0x00,
  0x00, 0x62, 0x0e, 0x00, 0x11, 0x72, 0x02, 0x02, 0x03, 0x00, 0x00, 0x00,
  0xff, 0x30, 0x8f, 0x07, 0x00, 0xc6, 0x0f, 0x00, 0x3b, 0x78, 0x2c, 0xd0,
  0x00, 0x00, 0x60, 0x00, 0x00, 0x41, 0x00, 0x00, 0x00, 0x68, 0x0e, 0x00,
  0x3b, 0x78, 0x2e, 0xd0, 0x00, 0x00, 0x70, 0x00, 0x00, 0x41, 0x00, 0x00,
  0x00, 0x68, 0x0e, 0x00, 0x3b, 0x78, 0x30, 0xcf, 0x00, 0x00, 0x60, 0x00,
  0x00, 0x41, 0x00, 0x00, 0x00, 0x68, 0x0e, 0x00, 0x3b, 0x78, 0x32, 0xcf,
  0x00, 0x00, 0x70, 0x00, 0x00, 0x41, 0x00, 0x00, 0x00, 0xe2, 0x0e, 0x00,
  0x19, 0x78, 0x05, 0xff, 0x06, 0x00, 0x00, 0x00, 0x02, 0x14, 0x01, 0x00,
  0x00, 0xc4, 0x0f, 0x00, 0x12, 0x78, 0x04, 0x02, 0xc0, 0xff, 0xff, 0xff,
  0xff, 0xc0, 0x8e, 0x07, 0x00, 0xe2, 0x0f, 0x04, 0x8c, 0x78, 0x00, 0x0b,
  0x01, 0x00, 0x00, 0x00, 0x70, 0x62, 0xf4, 0x0b, 0x00, 0xe2, 0x0f, 0x00,
  0x11, 0x72, 0x02, 0x02, 0x05, 0x00, 0x00, 0x00, 0xff, 0x08, 0x8f, 0x07,
  0x00, 0xe2, 0x0f, 0x00, 0x25, 0x78, 0xe2, 0x03, 0x04, 0x00, 0x00, 0x00,
  0xff, 0x02, 0x8e, 0x07, 0x00, 0xe2, 0x0f, 0x00, 0x90, 0x78, 0x04, 0x0b,
  0x1f, 0x00, 0x00, 0x00, 0x3f, 0xe0, 0xff, 0x0f, 0x00, 0xe2, 0x0f, 0x00,
  0x3b, 0x78, 0x6c, 0x5e, 0x00, 0x00, 0x00, 0x00, 0x00, 0x02, 0x00, 0x00,
  0x00, 0xe2, 0x0e, 0x00, 0x12, 0x78, 0x02, 0x02, 0xfe, 0xff, 0xff, 0x03,
  0xff, 0xc0, 0x8e, 0x07, 0x00, 0xc6, 0x0f, 0x00, 0x3b, 0x78, 0x70, 0x5e,
  0x00, 0x80, 0x00, 0x00, 0x00, 0x02, 0x00, 0x00, 0x00, 0xe2, 0x02, 0x00,
  0x10, 0x72, 0x02, 0x05, 0x02, 0x00, 0x00, 0x80, 0xff, 0xe0, 0xff, 0x07,
  0x00, 0xe2, 0x0f, 0x00, 0x24, 0x78, 0x07, 0x03, 0x01, 0x00, 0x00, 0x00,
  0x04, 0x0a, 0x8e, 0x07, 0x00, 0xc8, 0x0f, 0x00, 0x24, 0x78, 0x02, 0x02,
  0x04, 0x00, 0x00, 0x00, 0xff, 0x00, 0x8e, 0x07, 0x00, 0xe2, 0x0f, 0x00,
  0x19, 0x78, 0xdb, 0xdb, 0x04, 0x00, 0x00, 0x00, 0xff, 0x06, 0x00, 0x00,
  0x00, 0xc8, 0x0f, 0x00, 0x12, 0x72, 0x02, 0x02, 0x07, 0x00, 0x00, 0x00,
  0xff, 0x3c, 0x8e, 0x07, 0x00, 0xe4, 0x0f, 0x00, 0x12, 0x78, 0x60, 0x5e,
  0x20, 0x00, 0x00, 0x00, 0xff, 0x3c, 0x8e, 0x07, 0x00, 0xe4, 0x0f, 0x04,
  0x12, 0x78, 0x64, 0x5e, 0x40, 0x00, 0x00, 0x00, 0xff, 0x3c, 0x8e, 0x07,
  0x00, 0xe4, 0x0f, 0x04, 0x12, 0x78, 0x68, 0x5e, 0x60, 0x00, 0x00, 0x00,
  0xff, 0x3c, 0x8e, 0x07, 0x00, 0xe2, 0x0f, 0x00, 0x24, 0x78, 0x02, 0x05,
  0x40, 0x00, 0x00, 0x00, 0x02, 0x02, 0x8e, 0x07, 0x00, 0xe2, 0x0f, 0x00,
  0x12, 0x78, 0x9c, 0xdb, 0x20, 0x00, 0x00, 0x00, 0xff, 0x3c, 0x8e, 0x07,
  0x00, 0xe2, 0x0f, 0x04, 0x99, 0x78, 0x0c, 0x3f, 0x1f, 0x00, 0x00, 0x00,
  0x04, 0x14, 0x01, 0x08, 0x00, 0xe2, 0x0f, 0x00, 0x12, 0x78, 0xd9, 0xdb,
  0x40, 0x00, 0x00, 0x00, 0xff, 0x3c, 0x8e, 0x07, 0x00, 0xe2, 0x0f, 0x04,
  0x3b, 0x78, 0x60, 0x60, 0x00, 0x00, 0x00, 0x00, 0x00, 0x02, 0x00, 0x00,
  0x00, 0xe2, 0x0e, 0x00, 0x12, 0x78, 0xd8, 0xdb, 0x60, 0x00, 0x00, 0x00,
  0xff, 0x3c, 0x8e, 0x07, 0x00, 0xc4, 0x0f, 0x00, 0x16, 0x78, 0x06, 0x08,
  0x31, 0x75, 0x00, 0x00, 0x09, 0x00, 0x00, 0x00, 0x00, 0xe2, 0x2f, 0x00,
  0x3b, 0x78, 0x64, 0x64, 0x00, 0x00, 0x00, 0x00, 0x00, 0x02, 0x00, 0x00,
  0x00, 0x62, 0x0e, 0x00, 0x16, 0x78, 0x05, 0x0a, 0x20, 0x64, 0x00, 0x00,
  0x0b, 0x00, 0x00, 0x00, 0x00, 0xe4, 0x4f, 0x14, 0x16, 0x78, 0x07, 0x0a,
  0x31, 0x75, 0x00, 0x00, 0x0b, 0x00, 0x00, 0x00, 0x00, 0xe2, 0x0f, 0x00,
  0x3b, 0x78, 0x68, 0x68, 0x00, 0x00, 0x00, 0x00, 0x00, 0x02, 0x00, 0x00,
  0x00, 0xa2, 0x0e, 0x00, 0x16, 0x78, 0x0a, 0x10, 0x31, 0x75, 0x00, 0x00,
  0x11, 0x00, 0x00, 0x00, 0x00, 0xe4, 0x0f, 0x01, 0x16, 0x78, 0x0b, 0x12,
  0x31, 0x75, 0x00, 0x00, 0x13, 0x00, 0x00, 0x00, 0x00, 0xe2, 0x0f, 0x00,
  0x3b, 0x78, 0x74, 0x9c, 0x00, 0x00, 0x40, 0x00, 0x00, 0x02, 0x00, 0x00,
  0x00, 0x22, 0x0f, 0x00, 0x16, 0x78, 0x0c, 0x14, 0x20, 0x64, 0x00, 0x00,
  0x15, 0x00, 0x00, 0x00, 0x00, 0xe2, 0x0f, 0x14, 0x91, 0x72, 0x0c, 0x0c,
  0x04, 0x00, 0x00, 0x00, 0x3f, 0x28, 0x8f, 0x0f, 0x00, 0xe2, 0x0f, 0x00,
  0x16, 0x78, 0x0e, 0x14, 0x31, 0x75, 0x00, 0x00, 0x15, 0x00, 0x00, 0x00,
  0x00, 0xe2, 0x0f, 0x00, 0x3b, 0x78, 0x78, 0x9c, 0x00, 0x00, 0x50, 0x00,
  0x00, 0x02, 0x00, 0x00, 0x00, 0x62, 0x02, 0x00, 0x16, 0x78, 0x14, 0x1c,
  0x20, 0x64, 0x00, 0x00, 0x1d, 0x00, 0x00, 0x00, 0x00, 0xc4, 0x0f, 0x00,
  0x16, 0x78, 0x15, 0x1e, 0x20, 0x64, 0x00, 0x00, 0x1f, 0x00, 0x00, 0x00,
  0x00, 0xe2, 0x0f, 0x00, 0x3b, 0x78, 0x7c, 0xdb, 0x00, 0x00, 0x40, 0x00,
  0x00, 0x02, 0x00, 0x00, 0x00, 0x62, 0x02, 0x00, 0x05, 0x78, 0x36, 0x00,
  0x00, 0x00, 0x00, 0x00, 0x00, 0xff, 0x01, 0x00, 0x00, 0xc6, 0x0f, 0x00,
  0x3b, 0x78, 0x80, 0xdb, 0x00, 0x00, 0x50, 0x00, 0x00, 0x02, 0x00, 0x00,
  0x00, 0xa2, 0x02, 0x00, 0x05, 0x78, 0x38, 0x00, 0x00, 0x00, 0x00, 0x00,
  0x00, 0xff, 0x01, 0x00, 0x00, 0xc6, 0x0f, 0x00, 0x3b, 0x78, 0x84, 0xd9,
  0x00, 0x00, 0x40, 0x00, 0x00, 0x02, 0x00, 0x00, 0x00, 0xa2, 0x02, 0x00,
  0x05, 0x78, 0x3a, 0x00, 0x00, 0x00, 0x00, 0x00, 0x00, 0xff, 0x01, 0x00,
  0x00, 0xc6, 0x0f, 0x00, 0x3b, 0x78, 0x88, 0xd9, 0x00, 0x00, 0x50, 0x00,
  0x00, 0x02, 0x00, 0x00, 0x00, 0xa2, 0x02, 0x00, 0x05, 0x78, 0x3c, 0x00,
  0x00, 0x00, 0x00, 0x00, 0x00, 0xff, 0x01, 0x00, 0x00, 0xc6, 0x0f, 0x00,
  0x3b, 0x78, 0x8c, 0xd8, 0x00, 0x00, 0x40, 0x00, 0x00, 0x02, 0x00, 0x00,
  0x00, 0xa2, 0x02, 0x00, 0x05, 0x78, 0x3e, 0x00, 0x00, 0x00, 0x00, 0x00,
  0x00, 0xff, 0x01, 0x00, 0x00, 0xc6, 0x0f, 0x00, 0x3b, 0x78, 0x90, 0xd8,
  0x00, 0x00, 0x50, 0x00, 0x00, 0x02, 0x00, 0x00, 0x00, 0xa2, 0x02, 0x00,
  0x05, 0x78, 0x40, 0x00, 0x00, 0x00, 0x00, 0x00, 0x00, 0xff, 0x01, 0x00,
  0x00, 0xc6, 0x0f, 0x00, 0x3b, 0x78, 0x94, 0xdb, 0x00, 0x80, 0x40, 0x00,
  0x00, 0x02, 0x00, 0x00, 0x00, 0xa2, 0x02, 0x00, 0x05, 0x78, 0x42, 0x00,
  0x00, 0x00, 0x00, 0x00, 0x00, 0xff, 0x01, 0x00, 0x00, 0xc6, 0x0f, 0x00,
  0x3b, 0x78, 0x98, 0xdb, 0x00, 0x80, 0x50, 0x00, 0x00, 0x02, 0x00, 0x00,
  0x00, 0xa2, 0x02, 0x00, 0x05, 0x78, 0x44, 0x00, 0x00, 0x00, 0x00, 0x00,
  0x00, 0xff, 0x01, 0x00, 0x00, 0xe2, 0x0f, 0x00, 0x05, 0x78, 0x46, 0x00,
  0x00, 0x00, 0x00, 0x00, 0x00, 0xff, 0x01, 0x00, 0x00, 0xe2, 0x0f, 0x00,
  0x05, 0x78, 0x48, 0x00, 0x00, 0x00, 0x00, 0x00, 0x00, 0xff, 0x01, 0x00,
  0x00, 0xe2, 0x0f, 0x00, 0x05, 0x78, 0x4a, 0x00, 0x00, 0x00, 0x00, 0x00,
  0x00, 0xff, 0x01, 0x00, 0x00, 0xe2, 0x0f, 0x00, 0x05, 0x78, 0x4c, 0x00,
  0x00, 0x00, 0x00, 0x00, 0x00, 0xff, 0x01, 0x00, 0x00, 0xe2, 0x0f, 0x00,
  0x05, 0x78, 0x4e, 0x00, 0x00, 0x00, 0x00, 0x00, 0x00, 0xff, 0x01, 0x00,
  0x00, 0xe2, 0x0f, 0x00, 0x05, 0x78, 0x50, 0x00, 0x00, 0x00, 0x00, 0x00,
  0x00, 0xff, 0x01, 0x00, 0x00, 0xe2, 0x0f, 0x00, 0x05, 0x78, 0x52, 0x00,
  0x00, 0x00, 0x00, 0x00, 0x00, 0xff, 0x01, 0x00, 0x00, 0xe2, 0x0f, 0x00,
  0x05, 0x78, 0x54, 0x00, 0x00, 0x00, 0x00, 0x00, 0x00, 0xff, 0x01, 0x00,
  0x00, 0xe2, 0x0f, 0x00, 0x05, 0x78, 0x56, 0x00, 0x00, 0x00, 0x00, 0x00,
  0x00, 0xff, 0x01, 0x00, 0x00, 0xe2, 0x0f, 0x00, 0x05, 0x78, 0x58, 0x00,
  0x00, 0x00, 0x00, 0x00, 0x00, 0xff, 0x01, 0x00, 0x00, 0xe2, 0x0f, 0x00,
  0x05, 0x78, 0x5a, 0x00, 0x00, 0x00, 0x00, 0x00, 0x00, 0xff, 0x01, 0x00,
  0x00, 0xe2, 0x0f, 0x00, 0x05, 0x78, 0x5c, 0x00, 0x00, 0x00, 0x00, 0x00,
  0x00, 0xff, 0x01, 0x00, 0x00, 0xe2, 0x0f, 0x00, 0x05, 0x78, 0x5e, 0x00,
  0x00, 0x00, 0x00, 0x00, 0x00, 0xff, 0x01, 0x00, 0x00, 0xe2, 0x0f, 0x00,
  0x05, 0x78, 0x9c, 0x00, 0x00, 0x00, 0x00, 0x00, 0x00, 0xff, 0x01, 0x00,
  0x00, 0xe2, 0x2f, 0x00, 0x05, 0x78, 0x9e, 0x00, 0x00, 0x00, 0x00, 0x00,
  0x00, 0xff, 0x01, 0x00, 0x00, 0xe2, 0x0f, 0x00, 0x19, 0x78, 0x04, 0xff,
  0x1f, 0x00, 0x00, 0x00, 0x0d, 0x14, 0x01, 0x00, 0x00, 0xe2, 0x8f, 0x00,
  0xc2, 0x03, 0x22, 0x0f, 0x00, 0x00, 0x00, 0x00, 0x00, 0x00, 0x0e, 0x00,
  0x00, 0xe2, 0x02, 0x00, 0x1c, 0x78, 0x00, 0x00, 0x00, 0x00, 0x00, 0x00,
  0x28, 0xf0, 0xf0, 0x03, 0x00, 0xc6, 0x0f, 0x00, 0x24, 0x7a, 0x04, 0x04,
  0x00, 0x82, 0x00, 0x00, 0xff, 0x02, 0x8e, 0x07, 0x00, 0xe4, 0x0f, 0x00,
  0x25, 0x7a, 0xe2, 0x0d, 0x00, 0x82, 0x00, 0x00, 0xe2, 0x00, 0x8e, 0x07,
  0x00, 0xc8, 0x0f, 0x00, 0x24, 0x7a, 0x03, 0x0d, 0x00, 0x83, 0x00, 0x00,
  0x04, 0x02, 0x8e, 0x07, 0x00, 0xe2, 0x0f, 0x00, 0x16, 0x78, 0x04, 0x08,
  0x20, 0x64, 0x00, 0x00, 0x09, 0x00, 0x00, 0x00, 0x00, 0xe4, 0x0f, 0x00,
  0x16, 0x78, 0x08, 0x10, 0x20, 0x64, 0x00, 0x00, 0x11, 0x00, 0x00, 0x00,
  0x00, 0xe4, 0x0f, 0x00, 0x16, 0x78, 0x09, 0x12, 0x20, 0x64, 0x00, 0x00,
  0x13, 0x00, 0x00, 0x00, 0x00, 0xe2, 0x0f, 0x00, 0xb9, 0x8a, 0x22, 0x00,
  0x00, 0xdf, 0x00, 0x00, 0x00, 0x08, 0x00, 0x00, 0x00, 0xe2, 0x8f, 0x00,
  0x16, 0x78, 0x0d, 0x16, 0x20, 0x64, 0x00, 0x00, 0x17, 0x00, 0x00, 0x00,
  0x00, 0xe4, 0x0f, 0x14, 0x16, 0x78, 0x0f, 0x16, 0x31, 0x75, 0x00, 0x00,
  0x17, 0x00, 0x00, 0x00, 0x00, 0xe4, 0x2f, 0x00, 0x16, 0x78, 0x10, 0x18,
  0x20, 0x64, 0x00, 0x00, 0x19, 0x00, 0x00, 0x00, 0x00, 0xc4, 0x0f, 0x00,
  0x16, 0x78, 0x12, 0x18, 0x31, 0x75, 0x00, 0x00, 0x19, 0x00, 0x00, 0x00,
  0x00, 0xe4, 0x0f, 0x00, 0x16, 0x78, 0x11, 0x1a, 0x20, 0x64, 0x00, 0x00,
  0x1b, 0x00, 0x00, 0x00, 0x00, 0xe4, 0x0f, 0x14, 0x16, 0x78, 0x13, 0x1a,
  0x31, 0x75, 0x00, 0x00, 0x1b, 0x00, 0x00, 0x00, 0x00, 0xe4, 0x0f, 0x00,
  0x16, 0x78, 0x16, 0x1c, 0x31, 0x75, 0x00, 0x00, 0x1d, 0x00, 0x00, 0x00,
  0x00, 0xe4, 0x0f, 0x00, 0x16, 0x78, 0x17, 0x1e, 0x31, 0x75, 0x00, 0x00,
  0x1f, 0x00, 0x00, 0x00, 0x00, 0xe4, 0x0f, 0x00, 0x16, 0x78, 0x18, 0x20,
  0x20, 0x64, 0x00, 0x00, 0x21, 0x00, 0x00, 0x00, 0x00, 0xc4, 0x0f, 0x00,
  0x16, 0x78, 0x1a, 0x20, 0x31, 0x75, 0x00, 0x00, 0x21, 0x00, 0x00, 0x00,
  0x00, 0xe4, 0x0f, 0x00, 0x16, 0x78, 0x19, 0x22, 0x20, 0x64, 0x00, 0x00,
  0x23, 0x00, 0x00, 0x00, 0x00, 0xe4, 0x0f, 0x14, 0x16, 0x78, 0x1b, 0x22,
  0x31, 0x75, 0x00, 0x00, 0x23, 0x00, 0x00, 0x00, 0x00, 0xe2, 0x0f, 0x00,
  0xc2, 0x13, 0x23, 0x35, 0x00, 0x00, 0x00, 0x00, 0x00, 0x00, 0x0e, 0x00,
  0x00, 0xe4, 0x02, 0x00, 0xb9, 0x9a, 0x23, 0x00, 0x00, 0xdc, 0x00, 0x00,
  0x00, 0x08, 0x00, 0x00, 0x00, 0xe2, 0x8f, 0x00, 0x16, 0x78, 0x1c, 0x24,
  0x20, 0x64, 0x00, 0x00, 0x25, 0x00, 0x00, 0x00, 0x00, 0xe4, 0x0f, 0x14,
  0x16, 0x78, 0x1e, 0x24, 0x31, 0x75, 0x00, 0x00, 0x25, 0x00, 0x00, 0x00,
  0x00, 0xc4, 0x0f, 0x00, 0x16, 0x78, 0x1d, 0x26, 0x20, 0x64, 0x00, 0x00,
  0x27, 0x00, 0x00, 0x00, 0x00, 0xe4, 0x0f, 0x14, 0x16, 0x78, 0x1f, 0x26,
  0x31, 0x75, 0x00, 0x00, 0x27, 0x00, 0x00, 0x00, 0x00, 0xe4, 0x0f, 0x00,
  0x16, 0x78, 0x20, 0x28, 0x20, 0x64, 0x00, 0x00, 0x29, 0x00, 0x00, 0x00,
  0x00, 0xe4, 0x0f, 0x14, 0x16, 0x78, 0x22, 0x28, 0x31, 0x75, 0x00, 0x00,
  0x29, 0x00, 0x00, 0x00, 0x00, 0xe4, 0x0f, 0x00, 0x16, 0x78, 0x21, 0x2a,
  0x20, 0x64, 0x00, 0x00, 0x2b, 0x00, 0x00, 0x00, 0x00, 0xe4, 0x0f, 0x14,
  0x16, 0x78, 0x23, 0x2a, 0x31, 0x75, 0x00, 0x00, 0x2b, 0x00, 0x00, 0x00,
  0x00, 0xe2, 0x0f, 0x00, 0x05, 0x78, 0x34, 0x00, 0x00, 0x00, 0x00, 0x00,
  0x00, 0xff, 0x01, 0x00, 0x00, 0xe2, 0x2f, 0x00, 0x16, 0x78, 0x24, 0x2c,
  0x20, 0x64, 0x00, 0x00, 0x2d, 0x00, 0x00, 0x00, 0x00, 0xe2, 0x0f, 0x14,
  0x05, 0x78, 0xa0, 0x00, 0x00, 0x00, 0x00, 0x00, 0x00, 0xff, 0x01, 0x00,
  0x00, 0xe2, 0x0f, 0x00, 0x16, 0x78, 0x26, 0x2c, 0x31, 0x75, 0x00, 0x00,
  0x2d, 0x00, 0x00, 0x00, 0x00, 0xe2, 0x0f, 0x00, 0x05, 0x78, 0xa2, 0x00,
  0x00, 0x00, 0x00, 0x00, 0x00, 0xff, 0x01, 0x00, 0x00, 0xe2, 0x0f, 0x00,
  0x16, 0x78, 0x25, 0x2e, 0x20, 0x64, 0x00, 0x00, 0x2f, 0x00, 0x00, 0x00,
  0x00, 0xe2, 0x0f, 0x14, 0x05, 0x78, 0x2c, 0x00, 0x00, 0x00, 0x00, 0x00,
  0x00, 0xff, 0x01, 0x00, 0x00, 0xe2, 0x0f, 0x00, 0x16, 0x78, 0x27, 0x2e,
  0x31, 0x75, 0x00, 0x00, 0x2f, 0x00, 0x00, 0x00, 0x00, 0xe2, 0x0f, 0x00,
  0x05, 0x78, 0xa4, 0x00, 0x00, 0x00, 0x00, 0x00, 0x00, 0xff, 0x01, 0x00,
  0x00, 0xe2, 0x0f, 0x00, 0x16, 0x78, 0x28, 0x30, 0x20, 0x64, 0x00, 0x00,
  0x31, 0x00, 0x00, 0x00, 0x00, 0xe2, 0x0f, 0x14, 0x05, 0x78, 0x2e, 0x00,
  0x00, 0x00, 0x00, 0x00, 0x00, 0xff, 0x01, 0x00, 0x00, 0xe2, 0x0f, 0x00,
  0x16, 0x78, 0x2a, 0x30, 0x31, 0x75, 0x00, 0x00, 0x31, 0x00, 0x00, 0x00,
  0x00, 0xe2, 0x0f, 0x00, 0x05, 0x78, 0xa6, 0x00, 0x00, 0x00, 0x00, 0x00,
  0x00, 0xff, 0x01, 0x00, 0x00, 0xe2, 0x0f, 0x00, 0x16, 0x78, 0x29, 0x32,
  0x20, 0x64, 0x00, 0x00, 0x33, 0x00, 0x00, 0x00, 0x00, 0xe2, 0x0f, 0x14,
  0x05, 0x78, 0x30, 0x00, 0x00, 0x00, 0x00, 0x00, 0x00, 0xff, 0x01, 0x00,
  0x00, 0xe2, 0x0f, 0x00, 0x16, 0x78, 0x2b, 0x32, 0x31, 0x75, 0x00, 0x00,
  0x33, 0x00, 0x00, 0x00, 0x00, 0xe2, 0x0f, 0x00, 0x05, 0x78, 0xa8, 0x00,
  0x00, 0x00, 0x00, 0x00, 0x00, 0xff, 0x01, 0x00, 0x00, 0xe2, 0x0f, 0x00,
  0x05, 0x78, 0x32, 0x00, 0x00, 0x00, 0x00, 0x00, 0x00, 0xff, 0x01, 0x00,
  0x00, 0xe2, 0x0f, 0x00, 0x05, 0x78, 0xaa, 0x00, 0x00, 0x00, 0x00, 0x00,
  0x00, 0xff, 0x01, 0x00, 0x00, 0xe2, 0x0f, 0x00, 0x05, 0x78, 0xac, 0x00,
  0x00, 0x00, 0x00, 0x00, 0x00, 0xff, 0x01, 0x00, 0x00, 0xe2, 0x0f, 0x00,
  0x05, 0x78, 0xae, 0x00, 0x00, 0x00, 0x00, 0x00, 0x00, 0xff, 0x01, 0x00,
  0x00, 0xe2, 0x0f, 0x00, 0x05, 0x78, 0xb0, 0x00, 0x00, 0x00, 0x00, 0x00,
  0x00, 0xff, 0x01, 0x00, 0x00, 0xe2, 0x0f, 0x00, 0x05, 0x78, 0xb2, 0x00,
  0x00, 0x00, 0x00, 0x00, 0x00, 0xff, 0x01, 0x00, 0x00, 0xe2, 0x0f, 0x00,
  0x05, 0x78, 0xb4, 0x00, 0x00, 0x00, 0x00, 0x00, 0x00, 0xff, 0x01, 0x00,
  0x00, 0xe2, 0x0f, 0x00, 0x05, 0x78, 0xb6, 0x00, 0x00, 0x00, 0x00, 0x00,
  0x00, 0xff, 0x01, 0x00, 0x00, 0xe2, 0x0f, 0x00, 0x47, 0x89, 0x00, 0x00,
  0x60, 0x2f, 0x00, 0x00, 0x00, 0x00, 0x80, 0x03, 0x00, 0xea, 0x0f, 0x00,
  0x90, 0x72, 0x04, 0x0b, 0x05, 0x00, 0x00, 0x00, 0x06, 0xe8, 0xff, 0x0f,
  0x00, 0xe2, 0x4f, 0x01, 0x24, 0x78, 0x03, 0xe3, 0x01, 0x00, 0x00, 0x00,
  0x03, 0x02, 0x8e, 0x07, 0x00, 0xe2, 0x0f, 0x00, 0x92, 0x78, 0x0c, 0x0c,
  0xe0, 0xff, 0xff, 0xff, 0x3f, 0xc0, 0x8e, 0x0f, 0x00, 0xe2, 0x0f, 0x00,
  0x24, 0x72, 0xcd, 0xff, 0xff, 0x00, 0x00, 0x00, 0xdc, 0x00, 0x8e, 0x07,
  0x00, 0xe2, 0x0f, 0x00, 0x99, 0x78, 0x0d, 0x3f, 0x1f, 0x00, 0x00, 0x00,
  0x04, 0x14, 0x01, 0x08, 0x00, 0xc4, 0x0f, 0x00, 0xb9, 0x7a, 0x25, 0x00,
  0x00, 0xea, 0x00, 0x00, 0x00, 0x00, 0x00, 0x00, 0x00, 0xe4, 0x0f, 0x00,
  0x91, 0x72, 0x0d, 0x0d, 0x04, 0x00, 0x00, 0x00, 0x3f, 0x28, 0x8f, 0x0f,
  0x00, 0xc6, 0x0f, 0x00, 0x82, 0x7c, 0x04, 0x00, 0x3f, 0x00, 0x00, 0x00,
  0x00, 0x00, 0x00, 0x08, 0x00, 0xe4, 0x0f, 0x00, 0x92, 0x78, 0x0d, 0x0d,
  0xe0, 0xff, 0xff, 0xff, 0x3f, 0xc0, 0x8e, 0x0f, 0x00, 0xe4, 0x0f, 0x00,
  0x92, 0x78, 0x3f, 0x04, 0x20, 0x00, 0x00, 0x00, 0x3f, 0xc0, 0x80, 0x0f,
  0x00, 0xe4, 0x0f, 0x00, 0xb9, 0x7a, 0x0f, 0x00, 0x00, 0x82, 0x00, 0x00,
  0x00, 0x08, 0x00, 0x00, 0x00, 0xc8, 0x0f, 0x00, 0x1c, 0x78, 0x00, 0x00,
  0x00, 0x00, 0x00, 0x00, 0x08, 0xf0, 0xf0, 0x03, 0x00, 0xe4, 0x0f, 0x00,
  0x1c, 0x78, 0x00, 0x00, 0x00, 0x00, 0x00, 0x00, 0x08, 0xf0, 0xf6, 0x03,
  0x00, 0xe4, 0x0f, 0x00, 0x1c, 0x78, 0x00, 0x00, 0x00, 0x00, 0x00, 0x00,
  0x08, 0xf0, 0xfa, 0x03, 0x00, 0xe2, 0x0f, 0x00, 0x99, 0x88, 0x0e, 0x04,
  0x03, 0x00, 0x00, 0x00, 0x3f, 0x06, 0x00, 0x08, 0x00, 0xe2, 0x0f, 0x00,
  0x1c, 0x78, 0x00, 0x00, 0x00, 0x00, 0x00, 0x00, 0x08, 0xf0, 0xf8, 0x03,
  0x00, 0xc6, 0x0f, 0x00, 0x92, 0x88, 0x0e, 0x0e, 0x00, 0xfe, 0xff, 0xff,
  0x3f, 0xc0, 0x8e, 0x0f, 0x00, 0xc8, 0x0f, 0x00, 0xa4, 0x82, 0x0e, 0x05,
  0x0f, 0x00, 0x00, 0x00, 0x0e, 0x02, 0x8e, 0x0f, 0x00, 0xcc, 0x0f, 0x00,
  0x02, 0x7c, 0xb9, 0x00, 0x0e, 0x00, 0x00, 0x00, 0x00, 0x0f, 0x00, 0x08,
  0x00, 0xe2, 0x0f, 0x00, 0x99, 0x88, 0x0e, 0x3f, 0x1f, 0x00, 0x00, 0x00,
  0x0e, 0x14, 0x01, 0x08, 0x00, 0xc6, 0x0f, 0x00, 0x10, 0x8a, 0xb8, 0xe2,
  0x00, 0x74, 0x00, 0x00, 0xb9, 0xe0, 0x91, 0x07, 0x00, 0xc6, 0x0f, 0x00,
  0x24, 0x7e, 0xba, 0xff, 0x0e, 0x00, 0x00, 0x00, 0xff, 0x00, 0x8e, 0x0f,
  0x00, 0xd4, 0x0f, 0x00, 0x10, 0xba, 0xb9, 0x03, 0x00, 0x75, 0x00, 0x00,
  0xba, 0x24, 0x7e, 0x00, 0x00, 0xca, 0x0f, 0x00, 0x81, 0xd9, 0xcc, 0xb8,
  0x10, 0x00, 0x00, 0x00, 0x00, 0x19, 0x1e, 0x0c, 0x00, 0x62, 0x23, 0x02,
  0x90, 0x78, 0x0e, 0x04, 0x20, 0x00, 0x00, 0x00, 0x3f, 0xe0, 0xff, 0x0f,
  0x00, 0xc8, 0x0f, 0x00, 0x8c, 0x72, 0x00, 0x0e, 0x0c, 0x00, 0x00, 0x00,
  0x70, 0x62, 0xf2, 0x0b, 0x00, 0xcc, 0x0f, 0x00, 0x1c, 0x78, 0x00, 0x00,
  0x00, 0x00, 0x00, 0x00, 0x18, 0xf0, 0xf0, 0x03, 0x00, 0xda, 0x0f, 0x00,
  0x47, 0x09, 0x00, 0x00, 0x20, 0x0a, 0x00, 0x00, 0x00, 0x00, 0x80, 0x03,
  0x00, 0xea, 0xcf, 0x01, 0x10, 0x78, 0xc4, 0xdc, 0x20, 0x00, 0x00, 0x00,
  0xff, 0xe0, 0xff, 0x07, 0x00, 0xe2, 0x2f, 0x04, 0x1d, 0x7b, 0x00, 0x00,
  0x00, 0x00, 0x00, 0x00, 0x00, 0x00, 0x01, 0x00, 0x00, 0xe2, 0x0f, 0x00,
  0x99, 0x78, 0x0f, 0x3f, 0x1f, 0x00, 0x00, 0x00, 0x21, 0x14, 0x01, 0x08,
  0x00, 0xe2, 0x0f, 0x00, 0x10, 0x78, 0xe8, 0xdc, 0x28, 0x00, 0x00, 0x00,
  0xff, 0xe0, 0xff, 0x07, 0x00, 0xe4, 0x0f, 0x00, 0x19, 0x7a, 0xb8, 0xff,
  0x00, 0x6d, 0x00, 0x00, 0xc4, 0x14, 0x01, 0x00, 0x00, 0xc8, 0x0f, 0x00,
  0x10, 0x7c, 0xb9, 0xb8, 0x21, 0x00, 0x00, 0x00, 0xff, 0xe0, 0xf1, 0x0f,
  0x00, 0xc8, 0x0f, 0x00, 0x11, 0x7c, 0xba, 0xb8, 0x0f, 0x00, 0x00, 0x00,
  0xff, 0x0e, 0x0f, 0x08, 0x00, 0xe4, 0x0f, 0x00, 0x11, 0x7a, 0xb8, 0xb9,
  0x00, 0x72, 0x00, 0x00, 0xff, 0x10, 0x80, 0x07, 0x00, 0xc8, 0x0f, 0x00,
  0x11, 0x7a, 0xb9, 0xb9, 0x00, 0x73, 0x00, 0x00, 0xba, 0x14, 0x0f, 0x00,
  0x00, 0xe4, 0x0f, 0x00, 0x19, 0x7a, 0xba, 0xff, 0x00, 0x6d, 0x00, 0x00,
  0xe8, 0x14, 0x01, 0x00, 0x00, 0xc8, 0x0f, 0x00, 0x10, 0x7c, 0xbb, 0xba,
  0x21, 0x00, 0x00, 0x00, 0xff, 0xe0, 0xf1, 0x0f, 0x00, 0xe2, 0x0f, 0x04,
  0x81, 0x79, 0xef, 0xb8, 0x10, 0x00, 0x00, 0x00, 0x00, 0x19, 0x1e, 0x0c,
  0x00, 0xa6, 0x02, 0x00, 0x11, 0x7c, 0xba, 0xba, 0x0f, 0x00, 0x00, 0x00,
  0xff, 0x0e, 0x0f, 0x08, 0x00, 0xe4, 0x0f, 0x00, 0x11, 0x7a, 0xbc, 0xbb,
  0x00, 0x72, 0x00, 0x00, 0xff, 0x10, 0x80, 0x07, 0x00, 0xe4, 0x0f, 0x00,
  0x10, 0x78, 0xc2, 0xdc, 0x30, 0x00, 0x00, 0x00, 0xff, 0xe0, 0xff, 0x07,
  0x00, 0xe4, 0x0f, 0x04, 0x10, 0x78, 0xdc, 0xdc, 0x38, 0x00, 0x00, 0x00,
  0xff, 0xe0, 0xff, 0x07, 0x00, 0xc4, 0x0f, 0x00, 0x11, 0x7a, 0xbd, 0xbb,
  0x00, 0x73, 0x00, 0x00, 0xba, 0x14, 0x0f, 0x00, 0x00, 0xe4, 0x0f, 0x00,
  0x19, 0x7a, 0xba, 0xff, 0x00, 0x6d, 0x00, 0x00, 0xc2, 0x14, 0x01, 0x00,
  0x00, 0xe4, 0x0f, 0x00, 0x19, 0x7a, 0xbb, 0xff, 0x00, 0x6d, 0x00, 0x00,
  0xdc, 0x14, 0x01, 0x00, 0x00, 0xe2, 0x0f, 0x00, 0x81, 0x79, 0xeb, 0xbc,
  0x10, 0x00, 0x00, 0x00, 0x00, 0x19, 0x1e, 0x0c, 0x00, 0x22, 0x07, 0x00,
  0x10, 0x7c, 0xbf, 0xba, 0x21, 0x00, 0x00, 0x00, 0xff, 0xe0, 0xf1, 0x0f,
  0x00, 0xe4, 0x0f, 0x04, 0x10, 0x7c, 0xb9, 0xbb, 0x21, 0x00, 0x00, 0x00,
  0xff, 0xe0, 0xf3, 0x0f, 0x00, 0xe4, 0x2f, 0x00, 0x11, 0x7c, 0xc0, 0xba,
  0x0f, 0x00, 0x00, 0x00, 0xff, 0x0e, 0x0f, 0x08, 0x00, 0xc4, 0x0f, 0x00,
  0x11, 0x7a, 0xba, 0xbf, 0x00, 0x72, 0x00, 0x00, 0xff, 0x10, 0x80, 0x07,
  0x00, 0xe4, 0x0f, 0x00, 0x11, 0x7c, 0xbe, 0xbb, 0x0f, 0x00, 0x00, 0x00,
  0xff, 0x0e, 0x8f, 0x08, 0x00, 0xe4, 0x0f, 0x00, 0x11, 0x7a, 0xb8, 0xb9,
  0x00, 0x72, 0x00, 0x00, 0xff, 0x10, 0x82, 0x07, 0x00, 0xe4, 0x0f, 0x00,
  0x11, 0x7a, 0xbb, 0xbf, 0x00, 0x73, 0x00, 0x00, 0xc0, 0x14, 0x0f, 0x00,
  0x00, 0xe4, 0x0f, 0x00, 0x11, 0x7a, 0xb9, 0xb9, 0x00, 0x73, 0x00, 0x00,
  0xbe, 0x14, 0x8f, 0x00, 0x00, 0xe4, 0x0f, 0x00, 0x10, 0x78, 0xc5, 0xcd,
  0x20, 0x00, 0x00, 0x00, 0xff, 0xe0, 0xff, 0x07, 0x00, 0xe2, 0x0f, 0x04,
  0x99, 0x78, 0x0f, 0x3f, 0x1f, 0x00, 0x00, 0x00, 0x07, 0x14, 0x01, 0x08,
  0x00, 0xe2, 0x0f, 0x00, 0x10, 0x78, 0xbf, 0xcd, 0x30, 0x00, 0x00, 0x00,
  0xff, 0xe0, 0xff, 0x07, 0x00, 0xe2, 0x0f, 0x00, 0x81, 0x79, 0xc3, 0xba,
  0x10, 0x00, 0x00, 0x00, 0x00, 0x19, 0x1e, 0x0c, 0x00, 0x22, 0x03, 0x00,
  0x19, 0x7a, 0xbc, 0xff, 0x00, 0x6d, 0x00, 0x00, 0xc5, 0x14, 0x01, 0x00,
  0x00, 0xc4, 0x8f, 0x00, 0x19, 0x7a, 0xc0, 0xff, 0x00, 0x6d, 0x00, 0x00,
  0xbf, 0x14, 0x01, 0x00, 0x00, 0xe2, 0x0f, 0x00, 0x81, 0x79, 0xed, 0xb8,
  0x10, 0x00, 0x00, 0x00, 0x00, 0x19, 0x1e, 0x0c, 0x00, 0x22, 0x07, 0x00,
  0x10, 0x78, 0xbe, 0xcd, 0x28, 0x00, 0x00, 0x00, 0xff, 0xe0, 0xff, 0x07,
  0x00, 0xe4, 0x0f, 0x04, 0x10, 0x78, 0xc6, 0xcd, 0x38, 0x00, 0x00, 0x00,
  0xff, 0xe0, 0xff, 0x07, 0x00, 0xe4, 0x0f, 0x00, 0x19, 0x7a, 0xbd, 0xff,
  0x00, 0x6d, 0x00, 0x00, 0xbe, 0x14, 0x01, 0x00, 0x00, 0xe4, 0x0f, 0x00,
  0x10, 0x7c, 0xc1, 0xbc, 0x07, 0x00, 0x00, 0x00, 0xff, 0xe0, 0xf1, 0x0f,
  0x00, 0xe4, 0x0f, 0x00, 0x10, 0x7c, 0xc7, 0xbd, 0x07, 0x00, 0x00, 0x00,
  0xff, 0xe0, 0xf3, 0x0f, 0x00, 0xc4, 0x0f, 0x00, 0x10, 0x7c, 0xb9, 0xc0,
  0x07, 0x00, 0x00, 0x00, 0xff, 0xe0, 0xf7, 0x0f, 0x00, 0xe4, 0x8f, 0x00,
  0x19, 0x7a, 0xba, 0xff, 0x00, 0x6d, 0x00, 0x00, 0xc6, 0x14, 0x01, 0x00,
  0x00, 0xe4, 0x2f, 0x00, 0x11, 0x7c, 0xee, 0xbc, 0x0f, 0x00, 0x00, 0x00,
  0xff, 0x0e, 0x0f, 0x08, 0x00, 0xe4, 0x0f, 0x00, 0x11, 0x7c, 0xea, 0xc0,
  0x0f, 0x00, 0x00, 0x00, 0xff, 0x0e, 0x8f, 0x09, 0x00, 0xe4, 0x0f, 0x00,
  0x11, 0x7c, 0xec, 0xbd, 0x0f, 0x00, 0x00, 0x00, 0xff, 0x0e, 0x8f, 0x08,
  0x00, 0xe4, 0x0f, 0x00, 0x11, 0x7a, 0xc0, 0xc1, 0x00, 0x72, 0x00, 0x00,
  0xff, 0x10, 0x80, 0x07, 0x00, 0xc4, 0x0f, 0x00, 0x11, 0x7a, 0xb8, 0xb9,
  0x00, 0x72, 0x00, 0x00, 0xff, 0x10, 0x86, 0x07, 0x00, 0xe4, 0x0f, 0x00,
  0x11, 0x7a, 0xbc, 0xc7, 0x00, 0x72, 0x00, 0x00, 0xff, 0x10, 0x82, 0x07,
  0x00, 0xe4, 0x0f, 0x00, 0x10, 0x7c, 0xbb, 0xba, 0x07, 0x00, 0x00, 0x00,
  0xff, 0xe0, 0xf9, 0x0f, 0x00, 0xe4, 0x0f, 0x04, 0x11, 0x7a, 0xc1, 0xc1,
  0x00, 0x73, 0x00, 0x00, 0xee, 0x14, 0x0f, 0x00, 0x00, 0xe4, 0x0f, 0x00,
  0x11, 0x7a, 0xb9, 0xb9, 0x00, 0x73, 0x00, 0x00, 0xea, 0x14, 0x8f, 0x01,
  0x00, 0xe4, 0x0f, 0x00, 0x11, 0x7a, 0xbd, 0xc7, 0x00, 0x73, 0x00, 0x00,
  0xec, 0x14, 0x8f, 0x00, 0x00, 0xe2, 0x0f, 0x00, 0x81, 0x79, 0xe9, 0xc0,
  0x10, 0x00, 0x00, 0x00, 0x00, 0x19, 0x1e, 0x0c, 0x00, 0xe2, 0x02, 0x00,
  0x11, 0x7c, 0xea, 0xba, 0x0f, 0x00, 0x00, 0x00, 0xff, 0x0e, 0x0f, 0x0a,
  0x00, 0xc4, 0x0f, 0x00, 0x11, 0x7a, 0xba, 0xbb, 0x00, 0x72, 0x00, 0x00,
  0xff, 0x10, 0x80, 0x07, 0x00, 0xe2, 0x0f, 0x04, 0x81, 0x79, 0xdd, 0xbc,
  0x10, 0x00, 0x00, 0x00, 0x00, 0x19, 0x1e, 0x0c, 0x00, 0xe6, 0x02, 0x00,
  0x11, 0x7a, 0xbb, 0xbb, 0x00, 0x73, 0x00, 0x00, 0xea, 0x14, 0x0f, 0x00,
  0x00, 0xe2, 0x0f, 0x00, 0x81, 0x79, 0xcd, 0xb8, 0x10, 0x00, 0x00, 0x00,
  0x00, 0x19, 0x1e, 0x0c, 0x00, 0xe8, 0x02, 0x00, 0x81, 0x79, 0xc7, 0xba,
  0x10, 0x00, 0x00, 0x00, 0x00, 0x19, 0x1e, 0x0c, 0x00, 0xe2, 0x02, 0x00,
  0x82, 0x78, 0x0f, 0x00, 0xff, 0xff, 0xff, 0xff, 0x00, 0x00, 0x00, 0x00,
  0x00, 0xc4, 0x0f, 0x00, 0xb9, 0x7a, 0x12, 0x00, 0x00, 0x6d, 0x00, 0x00,
  0x00, 0x08, 0x00, 0x00, 0x00, 0xe4, 0x0f, 0x00, 0x99, 0x72, 0x0f, 0x0f,
  0x12, 0x00, 0x00, 0x00, 0x3f, 0x06, 0x00, 0x08, 0x00, 0xe4, 0x0f, 0x00,
  0x99, 0x78, 0x12, 0x3f, 0x1f, 0x00, 0x00, 0x00, 0x09, 0x14, 0x01, 0x08,
  0x00, 0xc8, 0x0f, 0x00, 0x12, 0x7c, 0xf1, 0xc4, 0x0f, 0x00, 0x00, 0x00,
  0xff, 0x30, 0x8e, 0x0f, 0x00, 0xc8, 0x0f, 0x00, 0x19, 0x78, 0xea, 0xff,
  0x1f, 0x00, 0x00, 0x00, 0xf1, 0x14, 0x01, 0x00, 0x00, 0xe2, 0x0f, 0x00,
  0x24, 0x7c, 0xc1, 0xf1, 0x12, 0x00, 0x00, 0x00, 0xff, 0x02, 0x8e, 0x0f,
  0x00, 0xe4, 0x2f, 0x00, 0x24, 0x72, 0xc0, 0xff, 0xff, 0x00, 0x00, 0x00,
  0xe0, 0x00, 0x8e, 0x07, 0x00, 0xe4, 0x0f, 0x00, 0x24, 0x7c, 0xbd, 0xea,
  0x09, 0x00, 0x00, 0x00, 0xc1, 0x02, 0x8e, 0x0f, 0x00, 0xe2, 0x0f, 0x00,
  0x02, 0x72, 0xc1, 0x00, 0xe7, 0x00, 0x00, 0x00, 0x00, 0x0f, 0x00, 0x00,
  0x00, 0xe4, 0x0f, 0x00, 0x12, 0x7c, 0xbb, 0xe8, 0x0f, 0x00, 0x00, 0x00,
  0xff, 0x30, 0x8e, 0x0f, 0x00, 0xc6, 0x0f, 0x00, 0x25, 0x7c, 0xb8, 0xf1,
  0x09, 0x00, 0x00, 0x00, 0xc0, 0x00, 0x8e, 0x0f, 0x00, 0xe2, 0x0f, 0x00,
  0x19, 0x78, 0xba, 0xff, 0x1f, 0x00, 0x00, 0x00, 0xbb, 0x14, 0x01, 0x00,
  0x00, 0xc6, 0x0f, 0x00, 0x24, 0x78, 0xb9, 0xb9, 0x01, 0x00, 0x00, 0x00,
  0xbd, 0x02, 0x8e, 0x07, 0x00, 0xe4, 0x0f, 0x00, 0x24, 0x7c, 0xbd, 0xbb,
  0x12, 0x00, 0x00, 0x00, 0xff, 0x02, 0x8e, 0x0f, 0x00, 0xe2, 0x0f, 0x00,
  0x0c, 0x7c, 0x00, 0xc4, 0x0b, 0x00, 0x00, 0x00, 0x70, 0x12, 0x70, 0x0d,
  0x00, 0xc6, 0x0f, 0x00, 0x24, 0x7c, 0xf3, 0xba, 0x09, 0x00, 0x00, 0x00,
  0xbd, 0x02, 0x8e, 0x0f, 0x00, 0xe4, 0x0f, 0x00, 0x25, 0x7c, 0xba, 0xbb,
  0x09, 0x00, 0x00, 0x00, 0xc0, 0x00, 0x8e, 0x0f, 0x00, 0xe2, 0x0f, 0x00,
  0x12, 0x7c, 0xf1, 0xc2, 0x0f, 0x00, 0x00, 0x00, 0xff, 0x30, 0x8e, 0x0f,
  0x00, 0xc6, 0x0f, 0x00, 0x24, 0x78, 0xbb, 0xbb, 0x01, 0x00, 0x00, 0x00,
  0xf3, 0x02, 0x8e, 0x07, 0x00, 0xe2, 0x0f, 0x00, 0x12, 0x7c, 0xf3, 0xdc,
  0x0f, 0x00, 0x00, 0x00, 0xff, 0x30, 0x8e, 0x0f, 0x00, 0xe2, 0x0f, 0x00,
  0x99, 0x78, 0x13, 0x3f, 0x1f, 0x00, 0x00, 0x00, 0x0a, 0x14, 0x01, 0x08,
  0x00, 0xe2, 0x0f, 0x00, 0x12, 0x7c, 0xf7, 0xc5, 0x0f, 0x00, 0x00, 0x00,
  0xff, 0x30, 0x8e, 0x0f, 0x00, 0xe4, 0x0f, 0x00, 0x0c, 0x7c, 0x00, 0xc2,
  0x0b, 0x00, 0x00, 0x00, 0x70, 0x12, 0x78, 0x0d, 0x00, 0xe2, 0x0f, 0x00,
  0x24, 0x7c, 0xc2, 0xf3, 0x12, 0x00, 0x00, 0x00, 0xff, 0x02, 0x8e, 0x0f,
  0x00, 0xe2, 0x0f, 0x00, 0x19, 0x78, 0xf5, 0xff, 0x1f, 0x00, 0x00, 0x00,
  0xf3, 0x14, 0x01, 0x00, 0x00, 0xe4, 0x0f, 0x00, 0x0c, 0x7c, 0x00, 0xe8,
  0x0b, 0x00, 0x00, 0x00, 0x70, 0x12, 0x76, 0x0d, 0x00, 0xc6, 0x0f, 0x00,
  0x24, 0x7c, 0xf5, 0xf5, 0x09, 0x00, 0x00, 0x00, 0xc2, 0x02, 0x8e, 0x0f,
  0x00, 0xe2, 0x0f, 0x00, 0x12, 0x7c, 0xf9, 0xbe, 0x0f, 0x00, 0x00, 0x00,
  0xff, 0x30, 0x8e, 0x0f, 0x00, 0xe4, 0x0f, 0x00, 0x12, 0x7c, 0xfb, 0xc6,
  0x0f, 0x00, 0x00, 0x00, 0xff, 0x30, 0x8e, 0x0f, 0x00, 0xe4, 0x0f, 0x00,
  0x0c, 0x7c, 0x00, 0xdc, 0x0b, 0x00, 0x00, 0x00, 0x70, 0x12, 0x7a, 0x0d,
  0x00, 0xe4, 0x0f, 0x00, 0x19, 0x78, 0xdc, 0xff, 0x1f, 0x00, 0x00, 0x00,
  0xfb, 0x14, 0x01, 0x00, 0x00, 0xe2, 0x0f, 0x00, 0x25, 0x7a, 0xb8, 0xef,
  0x00, 0x6e, 0x00, 0x00, 0xb8, 0x02, 0x8e, 0x07, 0x00, 0xca, 0x4f, 0x00,
  0x10, 0x7a, 0xbc, 0xb8, 0x00, 0x70, 0x00, 0x00, 0xff, 0xe0, 0xf3, 0x07,
  0x00, 0xc8, 0x0f, 0x00, 0x10, 0x7a, 0xbd, 0xb9, 0x00, 0x71, 0x00, 0x00,
  0xff, 0xe4, 0xff, 0x00, 0x00, 0xe2, 0x0f, 0x00, 0x24, 0x7c, 0xb8, 0xf1,
  0x12, 0x00, 0x00, 0x00, 0xff, 0x02, 0x8e, 0x0f, 0x00, 0xe2, 0x0f, 0x00,
  0x19, 0x78, 0xef, 0xff, 0x1f, 0x00, 0x00, 0x00, 0xf1, 0x14, 0x01, 0x00,
  0x00, 0xc6, 0x0f, 0x00, 0x84, 0xf9, 0xff, 0xff, 0x00, 0x00, 0x00, 0x00,
  0x00, 0x08, 0x00, 0x00, 0x00, 0xe2, 0x0f, 0x00, 0x84, 0xf9, 0xff, 0xff,
  0x00, 0x00, 0x00, 0x00, 0x00, 0x08, 0x00, 0x00, 0x00, 0xe2, 0x0f, 0x00,
  0x84, 0xf9, 0xff, 0xff, 0x00, 0x00, 0x00, 0x00, 0x00, 0x08, 0x00, 0x00,
  0x00, 0xe2, 0x0f, 0x00, 0xae, 0x7f, 0x00, 0xbc, 0x00, 0x00, 0x00, 0x04,
  0x50, 0x1c, 0x10, 0x08, 0x00, 0xe2, 0x03, 0x00, 0x25, 0x7a, 0xba, 0xeb,
  0x00, 0x6e, 0x00, 0x00, 0xba, 0x02, 0x8e, 0x07, 0x00, 0xca, 0x0f, 0x01,
  0x10, 0x7a, 0xea, 0xba, 0x00, 0x70, 0x00, 0x00, 0xff, 0xe0, 0xf1, 0x07,
  0x00, 0xe2, 0x0f, 0x00, 0x24, 0x7c, 0xef, 0xef, 0x09, 0x00, 0x00, 0x00,
  0xb8, 0x02, 0x8e, 0x0f, 0x00, 0xe4, 0x0f, 0x00, 0x25, 0x7c, 0xb8, 0xf1,
  0x09, 0x00, 0x00, 0x00, 0xc0, 0x00, 0x8e, 0x0f, 0x00, 0xe2, 0x0f, 0x10,
  0x10, 0x7a, 0xeb, 0xbb, 0x00, 0x71, 0x00, 0x00, 0xff, 0xe4, 0x7f, 0x00,
  0x00, 0xe4, 0x0f, 0x00, 0x0c, 0x7c, 0x00, 0xbf, 0x0b, 0x00, 0x00, 0x00,
  0x70, 0x12, 0x70, 0x0d, 0x00, 0xe2, 0x0f, 0x00, 0x25, 0x7c, 0xc0, 0xf3,
  0x09, 0x00, 0x00, 0x00, 0xc0, 0x00, 0x8e, 0x0f, 0x00, 0xe2, 0x0f, 0x00,
  0x19, 0x78, 0xf3, 0xff, 0x1f, 0x00, 0x00, 0x00, 0xf7, 0x14, 0x01, 0x00,
  0x00, 0xe2, 0x0f, 0x00, 0xae, 0x7f, 0x00, 0xea, 0x00, 0x00, 0x80, 0x04,
  0x50, 0x1c, 0x90, 0x09, 0x00, 0xe2, 0x05, 0x00, 0x12, 0x7c, 0xbf, 0xbf,
  0x0f, 0x00, 0x00, 0x00, 0xff, 0x30, 0x8e, 0x0f, 0x00, 0xe2, 0x0f, 0x00,
  0x24, 0x7c, 0xbc, 0xf7, 0x13, 0x00, 0x00, 0x00, 0xff, 0x02, 0x8e, 0x0f,
  0x00, 0xe2, 0x2f, 0x00, 0x10, 0x72, 0xb9, 0xb9, 0xef, 0x00, 0x00, 0x00,
  0xff, 0xe0, 0xff, 0x07, 0x00, 0xc4, 0x0f, 0x00, 0x19, 0x78, 0xef, 0xff,
  0x1f, 0x00, 0x00, 0x00, 0xbf, 0x14, 0x01, 0x00, 0x00, 0xe2, 0x0f, 0x00,
  0x24, 0x7c, 0xf3, 0xf3, 0x0a, 0x00, 0x00, 0x00, 0xbc, 0x02, 0x8e, 0x0f,
  0x00, 0xe4, 0x0f, 0x00, 0x24, 0x7c, 0xbc, 0xbf, 0x13, 0x00, 0x00, 0x00,
  0xff, 0x02, 0x8e, 0x0f, 0x00, 0xe2, 0x0f, 0x00, 0x10, 0x72, 0xc1, 0xc1,
  0xf5, 0x00, 0x00, 0x00, 0xff, 0xe0, 0xff, 0x07, 0x00, 0xe2, 0x0f, 0x00,
  0x25, 0x7a, 0xc2, 0xc3, 0x00, 0x6e, 0x00, 0x00, 0xb8, 0x02, 0x8e, 0x07,
  0x00, 0xe2, 0x0f, 0x00, 0x19, 0x78, 0xf1, 0xff, 0x1f, 0x00, 0x00, 0x00,
  0xf9, 0x14, 0x01, 0x00, 0x00, 0xc6, 0x0f, 0x00, 0x24, 0x7c, 0xba, 0xf9,
  0x13, 0x00, 0x00, 0x00, 0xff, 0x02, 0x8e, 0x0f, 0x00, 0xe4, 0x0f, 0x00,
  0x24, 0x7c, 0xef, 0xef, 0x0a, 0x00, 0x00, 0x00, 0xbc, 0x02, 0x8e, 0x0f,
  0x00, 0xe4, 0x0f, 0x00, 0x24, 0x72, 0xbc, 0xff, 0xff, 0x00, 0x00, 0x00,
  0xde, 0x00, 0x8e, 0x07, 0x00, 0xe4, 0x0f, 0x00, 0x24, 0x72, 0xbd, 0xff,
  0xff, 0x00, 0x00, 0x00, 0xe5, 0x00, 0x8e, 0x07, 0x00, 0xe2, 0x0f, 0x00,
  0x10, 0x7a, 0xc2, 0xc2, 0x00, 0x70, 0x00, 0x00, 0xff, 0xe0, 0xf7, 0x07,
  0x00, 0xe2, 0x0f, 0x00, 0x25, 0x7a, 0xc0, 0xed, 0x00, 0x6e, 0x00, 0x00,
  0xc0, 0x02, 0x8e, 0x07, 0x00, 0xe2, 0x0f, 0x00, 0x0c, 0x7c, 0x00, 0xbe,
  0x0b, 0x00, 0x00, 0x00, 0x70, 0x12, 0x72, 0x0d, 0x00, 0xc6, 0x0f, 0x00,
  0x24, 0x7c, 0xf1, 0xf1, 0x0a, 0x00, 0x00, 0x00, 0xba, 0x02, 0x8e, 0x0f,
  0x00, 0xe4, 0x0f, 0x00, 0x25, 0x7c, 0xba, 0xf7, 0x0a, 0x00, 0x00, 0x00,
  0xbc, 0x00, 0x8e, 0x0f, 0x00, 0xe2, 0x0f, 0x00, 0x10, 0x7a, 0xc3, 0xc3,
  0x00, 0x71, 0x00, 0x00, 0xff, 0xe4, 0xff, 0x01, 0x00, 0xc6, 0x0f, 0x00,
  0x25, 0x7c, 0xb8, 0xf9, 0x0a, 0x00, 0x00, 0x00, 0xbc, 0x00, 0x8e, 0x0f,
  0x00, 0xe2, 0x0f, 0x10, 0x10, 0x7a, 0xc0, 0xc0, 0x00, 0x70, 0x00, 0x00,
  0xff, 0xe0, 0xf7, 0x07, 0x00, 0xe2, 0x0f, 0x00, 0xae, 0x7f, 0x00, 0xc2,
  0x00, 0x00, 0x00, 0x05, 0x50, 0x1c, 0x10, 0x0a, 0x00, 0xe4, 0x05, 0x00,
  0x25, 0x7c, 0xbe, 0xbf, 0x0a, 0x00, 0x00, 0x00, 0xbc, 0x00, 0x8e, 0x0f,
  0x00, 0xc8, 0x0f, 0x00, 0x25, 0x7c, 0xbc, 0xfb, 0x0a, 0x00, 0x00, 0x00,
  0xbc, 0x00, 0x8e, 0x0f, 0x00, 0xc8, 0x0f, 0x00, 0x24, 0x7c, 0xfb, 0xfb,
  0x13, 0x00, 0x00, 0x00, 0xff, 0x02, 0x8e, 0x0f, 0x00, 0xe4, 0x0f, 0x00,
  0x24, 0x78, 0xbb, 0xbb, 0x01, 0x00, 0x00, 0x00, 0xf3, 0x02, 0x8e, 0x07,
  0x00, 0xe4, 0x0f, 0x00, 0x24, 0x78, 0xb9, 0xb9, 0x01, 0x00, 0x00, 0x00,
  0xf1, 0x02, 0x8e, 0x07, 0x00, 0xe2, 0x0f, 0x00, 0x10, 0x7a, 0xc1, 0xc1,
  0x00, 0x71, 0x00, 0x00, 0xff, 0xe4, 0xff, 0x01, 0x00, 0xe2, 0x0f, 0x00,
  0x24, 0x7c, 0xfb, 0xdc, 0x0a, 0x00, 0x00, 0x00, 0xfb, 0x02, 0x8e, 0x0f,
  0x00, 0xe2, 0x0f, 0x00, 0x10, 0x72, 0xbf, 0xbf, 0xef, 0x00, 0x00, 0x00,
  0xff, 0xe0, 0xff, 0x07, 0x00, 0xe2, 0x0f, 0x00, 0x25, 0x7a, 0xba, 0xe9,
  0x00, 0x6e, 0x00, 0x00, 0xba, 0x02, 0x8e, 0x07, 0x00, 0xe2, 0x8f, 0x00,
  0x0c, 0x7c, 0x00, 0xc5, 0x0b, 0x00, 0x00, 0x00, 0x70, 0x12, 0x78, 0x0d,
  0x00, 0xe2, 0x0f, 0x00, 0xae, 0x7f, 0x00, 0xc0, 0x00, 0x00, 0x80, 0x05,
  0x50, 0x1c, 0x90, 0x0a, 0x00, 0xe4, 0x05, 0x00, 0x25, 0x7a, 0xb8, 0xdd,
  0x00, 0x6e, 0x00, 0x00, 0xb8, 0x02, 0x8e, 0x07, 0x00, 0xe2, 0x0f, 0x00,
  0x10, 0x7a, 0xba, 0xba, 0x00, 0x70, 0x00, 0x00, 0xff, 0xe0, 0xfb, 0x07,
  0x00, 0xc6, 0x0f, 0x00, 0x24, 0x78, 0xbd, 0xbd, 0x01, 0x00, 0x00, 0x00,
  0xfb, 0x02, 0x8e, 0x07, 0x00, 0xe2, 0x0f, 0x00, 0x10, 0x7a, 0xb8, 0xb8,
  0x00, 0x70, 0x00, 0x00, 0xff, 0xe0, 0xfd, 0x07, 0x00, 0xe2, 0x0f, 0x00,
  0x25, 0x7a, 0xbe, 0xcd, 0x00, 0x6e, 0x00, 0x00, 0xbe, 0x02, 0x8e, 0x07,
  0x00, 0xe2, 0x0f, 0x00, 0x0c, 0x7c, 0x00, 0xc6, 0x0b, 0x00, 0x00, 0x00,
  0x70, 0x12, 0x76, 0x0d, 0x00, 0xc6, 0x0f, 0x00, 0x25, 0x7a, 0xbc, 0xc7,
  0x00, 0x6e, 0x00, 0x00, 0xbc, 0x02, 0x8e, 0x07, 0x00, 0xe2, 0x0f, 0x00,
  0x10, 0x7a, 0xbb, 0xbb, 0x00, 0x71, 0x00, 0x00, 0xff, 0xe4, 0xff, 0x02,
  0x00, 0xe4, 0x0f, 0x00, 0x10, 0x7a, 0xb9, 0xb9, 0x00, 0x71, 0x00, 0x00,
  0xff, 0xe4, 0x7f, 0x03, 0x00, 0xe4, 0x0f, 0x00, 0x10, 0x7a, 0xbe, 0xbe,
  0x00, 0x70, 0x00, 0x00, 0xff, 0xe0, 0xfb, 0x07, 0x00, 0xe2, 0x0f, 0x00,
  0xae, 0x7f, 0x00, 0xba, 0x00, 0x00, 0x00, 0x06, 0x50, 0x1c, 0x10, 0x0a,
  0x00, 0xe2, 0x05, 0x00, 0x10, 0x7a, 0xbc, 0xbc, 0x00, 0x70, 0x00, 0x00,
  0xff, 0xe0, 0xfd, 0x07, 0x00, 0xe4, 0x0f, 0x00, 0x10, 0x7a, 0xbf, 0xbf,
  0x00, 0x71, 0x00, 0x00, 0xff, 0xe4, 0xff, 0x02, 0x00, 0xe2, 0x0f, 0x00,
  0xae, 0x7f, 0x00, 0xb8, 0x00, 0x00, 0x80, 0x06, 0x50, 0x1c, 0x90, 0x08,
  0x00, 0xe2, 0x05, 0x00, 0x10, 0x7a, 0xbd, 0xbd, 0x00, 0x71, 0x00, 0x00,
  0xff, 0xe4, 0x7f, 0x03, 0x00, 0xc6, 0x0f, 0x00, 0xae, 0x7f, 0x00, 0xbe,
  0x00, 0x00, 0x00, 0x07, 0x50, 0x1c, 0x10, 0x08, 0x00, 0xe8, 0x05, 0x00,
  0xae, 0x7f, 0x00, 0xbc, 0x00, 0x00, 0x80, 0x07, 0x50, 0x1c, 0x90, 0x09,
  0x00, 0xe8, 0x05, 0x00, 0xaf, 0x79, 0x00, 0x00, 0x00, 0x00, 0x00, 0x00,
  0x00, 0x00, 0x00, 0x00, 0x00, 0x22, 0x0e, 0x00, 0x24, 0x72, 0xcd, 0xff,
  0xff, 0x00, 0x00, 0x00, 0xc5, 0x00, 0x8e, 0x07, 0x00, 0xe2, 0x0f, 0x00,
  0x02, 0x72, 0xdc, 0x00, 0xc4, 0x00, 0x00, 0x00, 0x00, 0x0f, 0x00, 0x00,
  0x00, 0xc4, 0x0f, 0x00, 0x7a, 0x72, 0xb8, 0x6c, 0x7c, 0x00, 0x00, 0x00,
  0xff, 0x2c, 0x00, 0x00, 0x00, 0xe2, 0x6f, 0x00, 0x24, 0x7e, 0xdd, 0xff,
  0x04, 0x00, 0x00, 0x00, 0xff, 0x00, 0x8e, 0x0f, 0x00, 0xe2, 0x0f, 0x00,
  0x0c, 0x7c, 0x00, 0xff, 0x25, 0x00, 0x00, 0x00, 0x70, 0x52, 0xf0, 0x0b,
  0x00, 0xc8, 0x0f, 0x00, 0x0c, 0x7c, 0x00, 0xdd, 0x0d, 0x00, 0x00, 0x00,
  0x70, 0x12, 0xf2, 0x0b, 0x00, 0xd4, 0x0f, 0x00, 0x7a, 0x72, 0xbc, 0x6c,
  0x7e, 0x00, 0x00, 0x00, 0xff, 0x2c, 0x00, 0x00, 0x00, 0xf6, 0x0f, 0x04,
  0x90, 0xf2, 0x3f, 0x3f, 0x3f, 0x00, 0x00, 0x00, 0x3f, 0xe0, 0xff, 0x0f,
  0x00, 0xea, 0x0f, 0x00, 0x7a, 0x72, 0xc0, 0x6c, 0x80, 0x00, 0x00, 0x00,
  0xff, 0x2c, 0x00, 0x00, 0x00, 0xf6, 0x0f, 0x04, 0x90, 0xf2, 0x3f, 0x3f,
  0x3f, 0x00, 0x00, 0x00, 0x3f, 0xe0, 0xff, 0x0f, 0x00, 0xea, 0x0f, 0x00,
  0x7a, 0x72, 0xc4, 0x6c, 0x82, 0x00, 0x00, 0x00, 0xff, 0x2c, 0x00, 0x00,
  0x00, 0xf6, 0x0f, 0x00, 0x90, 0xf2, 0x3f, 0x3f, 0x3f, 0x00, 0x00, 0x00,
  0x3f, 0xe0, 0xff, 0x0f, 0x00, 0xea, 0x0f, 0x00, 0x7a, 0x72, 0xb8, 0x60,
  0x74, 0x00, 0x00, 0x00, 0xb8, 0x2c, 0x00, 0x00, 0x00, 0xf6, 0x0f, 0x04,
  0x90, 0xf2, 0x3f, 0x3f, 0x3f, 0x00, 0x00, 0x00, 0x3f, 0xe0, 0xff, 0x0f,
  0x00, 0xea, 0x0f, 0x00, 0x7a, 0x72, 0xbc, 0x60, 0x76, 0x00, 0x00, 0x00,
  0xbc, 0x2c, 0x00, 0x00, 0x00, 0xf6, 0x0f, 0x04, 0x90, 0xf2, 0x3f, 0x3f,
  0x3f, 0x00, 0x00, 0x00, 0x3f, 0xe0, 0xff, 0x0f, 0x00, 0xea, 0x0f, 0x00,
  0x7a, 0x72, 0xc0, 0x60, 0x78, 0x00, 0x00, 0x00, 0xc0, 0x2c, 0x00, 0x00,
  0x00, 0xf6, 0x0f, 0x04, 0x90, 0xf2, 0x3f, 0x3f, 0x3f, 0x00, 0x00, 0x00,
  0x3f, 0xe0, 0xff, 0x0f, 0x00, 0xea, 0x0f, 0x00, 0x7a, 0x72, 0xc4, 0x60,
  0x7a, 0x00, 0x00, 0x00, 0xc4, 0x2c, 0x00, 0x00, 0x00, 0xf6, 0x0f, 0x00,
  0x90, 0xf2, 0x3f, 0x3f, 0x3f, 0x00, 0x00, 0x00, 0x3f, 0xe0, 0xff, 0x0f,
  0x00, 0xea, 0x0f, 0x00, 0x7a, 0x72, 0xb8, 0x64, 0x84, 0x00, 0x00, 0x00,
  0xb8, 0x2c, 0x00, 0x00, 0x00, 0xf6, 0x0f, 0x04, 0x90, 0xf2, 0x3f, 0x3f,
  0x3f, 0x00, 0x00, 0x00, 0x3f, 0xe0, 0xff, 0x0f, 0x00, 0xea, 0x0f, 0x00,
  0x7a, 0x72, 0xbc, 0x64, 0x86, 0x00, 0x00, 0x00, 0xbc, 0x2c, 0x00, 0x00,
  0x00, 0xf6, 0x0f, 0x04, 0x90, 0xf2, 0x3f, 0x3f, 0x3f, 0x00, 0x00, 0x00,
  0x3f, 0xe0, 0xff, 0x0f, 0x00, 0xea, 0x0f, 0x00, 0x7a, 0x72, 0xc0, 0x64,
  0x88, 0x00, 0x00, 0x00, 0xc0, 0x2c, 0x00, 0x00, 0x00, 0xf6, 0x0f, 0x04,
  0x90, 0xf2, 0x3f, 0x3f, 0x3f, 0x00, 0x00, 0x00, 0x3f, 0xe0, 0xff, 0x0f,
  0x00, 0xea, 0x0f, 0x00, 0x7a, 0x72, 0xc4, 0x64, 0x8a, 0x00, 0x00, 0x00,
  0xc4, 0x2c, 0x00, 0x00, 0x00, 0xf6, 0x0f, 0x00, 0x90, 0xf2, 0x3f, 0x3f,
  0x3f, 0x00, 0x00, 0x00, 0x3f, 0xe0, 0xff, 0x0f, 0x00, 0xea, 0x0f, 0x00,
  0x7a, 0x72, 0xb8, 0x68, 0x8c, 0x00, 0x00, 0x00, 0xb8, 0x2c, 0x00, 0x00,
  0x00, 0xf6, 0x0f, 0x04, 0x90, 0xf2, 0x3f, 0x3f, 0x3f, 0x00, 0x00, 0x00,
  0x3f, 0xe0, 0xff, 0x0f, 0x00, 0xea, 0x0f, 0x00, 0x7a, 0x72, 0xbc, 0x68,
  0x8e, 0x00, 0x00, 0x00, 0xbc, 0x2c, 0x00, 0x00, 0x00, 0xf6, 0x0f, 0x04,
  0x90, 0xf2, 0x3f, 0x3f, 0x3f, 0x00, 0x00, 0x00, 0x3f, 0xe0, 0xff, 0x0f,
  0x00, 0xea, 0x0f, 0x00, 0x7a, 0x72, 0xc0, 0x68, 0x90, 0x00, 0x00, 0x00,
  0xc0, 0x2c, 0x00, 0x00, 0x00, 0xf6, 0x0f, 0x04, 0x90, 0xf2, 0x3f, 0x3f,
  0x3f, 0x00, 0x00, 0x00, 0x3f, 0xe0, 0xff, 0x0f, 0x00, 0xea, 0x0f, 0x00,
  0x7a, 0x72, 0xc4, 0x68, 0x92, 0x00, 0x00, 0x00, 0xc4, 0x2c, 0x00, 0x00,
  0x00, 0xf6, 0x0f, 0x00, 0x90, 0xf2, 0x3f, 0x3f, 0x3f, 0x00, 0x00, 0x00,
  0x3f, 0xe0, 0xff, 0x0f, 0x00, 0xea, 0x0f, 0x00, 0x7a, 0x72, 0xb8, 0x70,
  0x94, 0x00, 0x00, 0x00, 0xb8, 0x2c, 0x00, 0x00, 0x00, 0xf6, 0x0f, 0x04,
  0x90, 0xf2, 0x3f, 0x3f, 0x3f, 0x00, 0x00, 0x00, 0x3f, 0xe0, 0xff, 0x0f,
  0x00, 0xea, 0x0f, 0x00, 0x7a, 0x72, 0xbc, 0x70, 0x96, 0x00, 0x00, 0x00,
  0xbc, 0x2c, 0x00, 0x00, 0x00, 0xf0, 0x0f, 0x00, 0x20, 0x7c, 0xdd, 0xb8,
  0x23, 0x00, 0x00, 0x00, 0x00, 0x00, 0x41, 0x08, 0x00, 0xe2, 0x0f, 0x00,
  0x20, 0x7c, 0xe8, 0xb9, 0x23, 0x00, 0x00, 0x00, 0x00, 0x00, 0x41, 0x08,
  0x00, 0xe2, 0x0f, 0x00, 0x20, 0x7c, 0xba, 0xba, 0x23, 0x00, 0x00, 0x00,
  0x00, 0x00, 0x41, 0x08, 0x00, 0xe2, 0x0f, 0x00, 0x20, 0x7c, 0xbb, 0xbb,
  0x23, 0x00, 0x00, 0x00, 0x00, 0x00, 0x41, 0x08, 0x00, 0xca, 0x0f, 0x00,
  0x7a, 0x72, 0xc0, 0x70, 0x98, 0x00, 0x00, 0x00, 0xc0, 0x2c, 0x00, 0x00,
  0x00, 0xf0, 0x0f, 0x00, 0x20, 0x7c, 0xe9, 0xbc, 0x23, 0x00, 0x00, 0x00,
  0x00, 0x00, 0x41, 0x08, 0x00, 0xe2, 0x0f, 0x00, 0x20, 0x7c, 0xea, 0xbd,
  0x23, 0x00, 0x00, 0x00, 0x00, 0x00, 0x41, 0x08, 0x00, 0xe2, 0x0f, 0x00,
  0x20, 0x7c, 0xbe, 0xbe, 0x23, 0x00, 0x00, 0x00, 0x00, 0x00, 0x41, 0x08,
  0x00, 0xe2, 0x0f, 0x00, 0x20, 0x7c, 0xbf, 0xbf, 0x23, 0x00, 0x00, 0x00,
  0x00, 0x00, 0x41, 0x08, 0x00, 0xe2, 0x0f, 0x00, 0x24, 0x72, 0xbd, 0xff,
  0xff, 0x00, 0x00, 0x00, 0xc8, 0x00, 0x8e, 0x07, 0x00, 0xe2, 0x0f, 0x00,
  0x02, 0x72, 0xbc, 0x00, 0xc9, 0x00, 0x00, 0x00, 0x00, 0x0f, 0x00, 0x00,
  0x00, 0xc6, 0x0f, 0x00, 0x7a, 0x72, 0xc4, 0x70, 0x9a, 0x00, 0x00, 0x00,
  0xc4, 0x2c, 0x00, 0x00, 0x00, 0xf0, 0x0f, 0x00, 0x20, 0x7c, 0xc0, 0xc0,
  0x23, 0x00, 0x00, 0x00, 0x00, 0x00, 0x41, 0x08, 0x00, 0xe2, 0x0f, 0x00,
  0x20, 0x7c, 0xc1, 0xc1, 0x23, 0x00, 0x00, 0x00, 0x00, 0x00, 0x41, 0x08,
  0x00, 0xe2, 0x0f, 0x00, 0x20, 0x7c, 0xc2, 0xc2, 0x23, 0x00, 0x00, 0x00,
  0x00, 0x00, 0x41, 0x08, 0x00, 0xe2, 0x0f, 0x00, 0x20, 0x7c, 0xc3, 0xc3,
  0x23, 0x00, 0x00, 0x00, 0x00, 0x00, 0x41, 0x08, 0x00, 0xf6, 0x0f, 0x00,
  0x90, 0xf2, 0x3f, 0x3f, 0x3f, 0x00, 0x00, 0x00, 0x3f, 0xe0, 0xff, 0x0f,
  0x00, 0xe4, 0x0f, 0x00, 0x20, 0x7c, 0xc4, 0xc4, 0x23, 0x00, 0x00, 0x00,
  0x00, 0x00, 0x41, 0x08, 0x00, 0xe2, 0x0f, 0x00, 0x20, 0x7c, 0xc5, 0xc5,
  0x23, 0x00, 0x00, 0x00, 0x00, 0x00, 0x41, 0x08, 0x00, 0xe2, 0x0f, 0x00,
  0x20, 0x7c, 0xc6, 0xc6, 0x23, 0x00, 0x00, 0x00, 0x00, 0x00, 0x41, 0x08,
  0x00, 0xe2, 0x0f, 0x00, 0x20, 0x7c, 0xc7, 0xc7, 0x23, 0x00, 0x00, 0x00,
  0x00, 0x00, 0x41, 0x08, 0x00, 0xe2, 0x0f, 0x00, 0x47, 0x89, 0x00, 0x00,
  0x00, 0x05, 0x00, 0x00, 0x00, 0x00, 0x80, 0x00, 0x00, 0xea, 0x0f, 0x00,
  0x1c, 0x78, 0x00, 0x00, 0x00, 0x00, 0x00, 0x00, 0x08, 0xf0, 0xf2, 0x03,
  0x00, 0xe4, 0x0f, 0x00, 0x0c, 0x7c, 0x00, 0xff, 0x25, 0x00, 0x00, 0x00,
  0x70, 0x52, 0xf0, 0x0b, 0x00, 0xd6, 0x0f, 0x00, 0x47, 0x19, 0x00, 0x00,
  0xa0, 0x00, 0x00, 0x00, 0x00, 0x00, 0x80, 0x03, 0x00, 0xea, 0x0f, 0x00,
  0x99, 0x78, 0x0f, 0x04, 0x03, 0x00, 0x00, 0x00, 0x3f, 0x06, 0x00, 0x08,
  0x00, 0xe4, 0x0f, 0x00, 0xb9, 0x7a, 0x12, 0x00, 0x00, 0x82, 0x00, 0x00,
  0x00, 0x08, 0x00, 0x00, 0x00, 0xe4, 0x0f, 0x00, 0x92, 0x78, 0x0f, 0x0f,
  0x00, 0xfe, 0xff, 0xff, 0x3f, 0xc0, 0x8e, 0x0f, 0x00, 0xc8, 0x0f, 0x00,
  0xa4, 0x72, 0x0f, 0x05, 0x12, 0x00, 0x00, 0x00, 0x0f, 0x02, 0x8e, 0x0f,
  0x00, 0xc8, 0x0f, 0x00, 0x99, 0x78, 0x12, 0x3f, 0x1f, 0x00, 0x00, 0x00,
  0x0f, 0x14, 0x01, 0x08, 0x00, 0xe4, 0x0f, 0x00, 0x24, 0x7e, 0xb9, 0xff,
  0x0f, 0x00, 0x00, 0x00, 0xff, 0x00, 0x8e, 0x0f, 0x00, 0xc8, 0x0f, 0x00,
  0x24, 0x7e, 0xc8, 0xff, 0x12, 0x00, 0x00, 0x00, 0xff, 0x00, 0x8e, 0x0f,
  0x00, 0xe2, 0x0f, 0x00, 0x10, 0x7a, 0xb8, 0xe2, 0x00, 0x74, 0x00, 0x00,
  0xb9, 0xe0, 0xb3, 0x07, 0x00, 0xc8, 0x0f, 0x00, 0x10, 0x7a, 0xb9, 0x03,
  0x00, 0x75, 0x00, 0x00, 0xc8, 0x64, 0xfe, 0x00, 0x00, 0xca, 0x0f, 0x00,
  0x81, 0x79, 0xcc, 0xb8, 0x10, 0x00, 0x00, 0x00, 0x00, 0x19, 0x1e, 0x0c,
  0x00, 0x68, 0x03, 0x02, 0x47, 0x09, 0x00, 0x00, 0x20, 0x04, 0x00, 0x00,
  0x00, 0x00, 0x80, 0x03, 0x00, 0xea, 0x0f, 0x00, 0x99, 0x78, 0x0f, 0x3f,
  0x01, 0x00, 0x00, 0x00, 0x04, 0x16, 0x01, 0x08, 0x00, 0xe4, 0x0f, 0x00,
  0x82, 0x78, 0x12, 0x00, 0x00, 0x80, 0x00, 0x00, 0x00, 0x00, 0x00, 0x00,
  0x00, 0xe4, 0x0f, 0x00, 0x92, 0x78, 0x0f, 0x0f, 0x10, 0x00, 0x00, 0x00,
  0x3f, 0xc0, 0x8e, 0x0f, 0x00, 0xe4, 0x0f, 0x00, 0x82, 0x78, 0x13, 0x00,
  0x00, 0x40, 0x00, 0x00, 0x00, 0x00, 0x00, 0x00, 0x00, 0xe4, 0x0f, 0x00,
  0x82, 0x78, 0x14, 0x00, 0x00, 0x20, 0x00, 0x00, 0x00, 0x00, 0x00, 0x00,
  0x00, 0xe4, 0x0f, 0x00, 0x82, 0x78, 0x15, 0x00, 0x00, 0x10, 0x00, 0x00,
  0x00, 0x00, 0x00, 0x00, 0x00, 0xc4, 0x0f, 0x00, 0x99, 0x72, 0x12, 0x12,
  0x0f, 0x00, 0x00, 0x00, 0x3f, 0x06, 0x00, 0x08, 0x00, 0xe4, 0x0f, 0x00,
  0x99, 0x72, 0x13, 0x13, 0x0f, 0x00, 0x00, 0x00, 0x3f, 0x06, 0x00, 0x08,
  0x00, 0xe4, 0x0f, 0x00, 0x99, 0x72, 0x14, 0x14, 0x0f, 0x00, 0x00, 0x00,
  0x3f, 0x06, 0x00, 0x08, 0x00, 0xe4, 0x0f, 0x00, 0x99, 0x72, 0x15, 0x15,
  0x0f, 0x00, 0x00, 0x00, 0x3f, 0x06, 0x00, 0x08, 0x00, 0xe2, 0x0f, 0x00,
  0x12, 0x7c, 0xff, 0xcc, 0x12, 0x00, 0x00, 0x00, 0xff, 0xc0, 0x82, 0x0f,
  0x00, 0xe2, 0x0f, 0x06, 0x82, 0x78, 0x16, 0x00, 0x00, 0x08, 0x00, 0x00,
  0x00, 0x00, 0x00, 0x00, 0x00, 0xe2, 0x0f, 0x00, 0x12, 0x7c, 0xff, 0xcc,
  0x13, 0x00, 0x00, 0x00, 0xff, 0xc0, 0x86, 0x0f, 0x00, 0xe2, 0x0f, 0x04,
  0x82, 0x78, 0x17, 0x00, 0x00, 0x04, 0x00, 0x00, 0x00, 0x00, 0x00, 0x00,
  0x00, 0xe2, 0x0f, 0x00, 0x12, 0x7c, 0xff, 0xcc, 0x14, 0x00, 0x00, 0x00,
  0xff, 0xc0, 0x88, 0x0f, 0x00, 0xe2, 0x0f, 0x04, 0x82, 0x78, 0x18, 0x00,
  0x00, 0x02, 0x00, 0x00, 0x00, 0x00, 0x00, 0x00, 0x00, 0xe2, 0x0f, 0x00,
  0x12, 0x7c, 0xff, 0xcc, 0x15, 0x00, 0x00, 0x00, 0xff, 0xc0, 0x8a, 0x0f,
  0x00, 0xe2, 0x0f, 0x00, 0x82, 0x78, 0x19, 0x00, 0x00, 0x01, 0x00, 0x00,
  0x00, 0x00, 0x00, 0x00, 0x00, 0xe2, 0x0f, 0x00, 0x08, 0x78, 0xc7, 0xc7,
  0xff, 0xff, 0x7f, 0xff, 0x00, 0x00, 0x80, 0x00, 0x00, 0xe2, 0x0f, 0x00,
  0x82, 0x78, 0x1a, 0x00, 0x80, 0x00, 0x00, 0x00, 0x00, 0x00, 0x00, 0x00,
  0x00, 0xe2, 0x0f, 0x00, 0x08, 0x78, 0xc6, 0xc6, 0xff, 0xff, 0x7f, 0xff,
  0x00, 0x00, 0x80, 0x01, 0x00, 0xe2, 0x0f, 0x00, 0x82, 0x78, 0x1b, 0x00,
  0x40, 0x00, 0x00, 0x00, 0x00, 0x00, 0x00, 0x00, 0x00, 0xe2, 0x0f, 0x00,
  0x08, 0x78, 0xc5, 0xc5, 0xff, 0xff, 0x7f, 0xff, 0x00, 0x00, 0x00, 0x02,
  0x00, 0xe2, 0x0f, 0x00, 0x99, 0x72, 0x16, 0x16, 0x0f, 0x00, 0x00, 0x00,
  0x3f, 0x06, 0x00, 0x08, 0x00, 0xe2, 0x0f, 0x00, 0x08, 0x78, 0xc4, 0xc4,
  0xff, 0xff, 0x7f, 0xff, 0x00, 0x00, 0x80, 0x02, 0x00, 0xe2, 0x0f, 0x00,
  0x99, 0x72, 0x17, 0x17, 0x0f, 0x00, 0x00, 0x00, 0x3f, 0x06, 0x00, 0x08,
  0x00, 0xc4, 0x0f, 0x00, 0x99, 0x72, 0x18, 0x18, 0x0f, 0x00, 0x00, 0x00,
  0x3f, 0x06, 0x00, 0x08, 0x00, 0xe4, 0x0f, 0x00, 0x99, 0x72, 0x19, 0x19,
  0x0f, 0x00, 0x00, 0x00, 0x3f, 0x06, 0x00, 0x08, 0x00, 0xe2, 0x0f, 0x00,
  0x12, 0x7c, 0xff, 0xcc, 0x16, 0x00, 0x00, 0x00, 0xff, 0xc0, 0x8c, 0x0f,
  0x00, 0xe2, 0x0f, 0x04, 0x99, 0x72, 0x1a, 0x1a, 0x0f, 0x00, 0x00, 0x00,
  0x3f, 0x06, 0x00, 0x08, 0x00, 0xe2, 0x0f, 0x00, 0x12, 0x7c, 0xff, 0xcc,
  0x17, 0x00, 0x00, 0x00, 0xff, 0xc0, 0x80, 0x0f, 0x00, 0xe2, 0x0f, 0x04,
  0x99, 0x72, 0x1b, 0x1b, 0x0f, 0x00, 0x00, 0x00, 0x3f, 0x06, 0x00, 0x08,
  0x00, 0xe2, 0x0f, 0x00, 0x12, 0x7c, 0xff, 0xcc, 0x18, 0x00, 0x00, 0x00,
  0xff, 0xc0, 0x82, 0x0f, 0x00, 0xe2, 0x0f, 0x04, 0x82, 0x78, 0x1c, 0x00,
  0x20, 0x00, 0x00, 0x00, 0x00, 0x00, 0x00, 0x00, 0x00, 0xe2, 0x0f, 0x00,
  0x12, 0x7c, 0xff, 0xcc, 0x19, 0x00, 0x00, 0x00, 0xff, 0xc0, 0x86, 0x0f,
  0x00, 0xe2, 0x0f, 0x04, 0x82, 0x78, 0x1d, 0x00, 0x10, 0x00, 0x00, 0x00,
  0x00, 0x00, 0x00, 0x00, 0x00, 0xe2, 0x0f, 0x00, 0x12, 0x7c, 0xff, 0xcc,
  0x1a, 0x00, 0x00, 0x00, 0xff, 0xc0, 0x88, 0x0f, 0x00, 0xe2, 0x0f, 0x04,
  0x82, 0x78, 0x1e, 0x00, 0x08, 0x00, 0x00, 0x00, 0x00, 0x00, 0x00, 0x00,
  0x00, 0xe2, 0x0f, 0x00, 0x12, 0x7c, 0xff, 0xcc, 0x1b, 0x00, 0x00, 0x00,
  0xff, 0xc0, 0x8a, 0x0f, 0x00, 0xe2, 0x0f, 0x00, 0x82, 0x78, 0x1f, 0x00,
  0x04, 0x00, 0x00, 0x00, 0x00, 0x00, 0x00, 0x00, 0x00, 0xe2, 0x0f, 0x00,
  0x08, 0x78, 0xc3, 0xc3, 0xff, 0xff, 0x7f, 0xff, 0x00, 0x00, 0x00, 0x03,
  0x00, 0xe2, 0x0f, 0x00, 0x82, 0x78, 0x20, 0x00, 0x02, 0x00, 0x00, 0x00,
  0x00, 0x00, 0x00, 0x00, 0x00, 0xe2, 0x0f, 0x00, 0x08, 0x78, 0xc2, 0xc2,
  0xff, 0xff, 0x7f, 0xff, 0x00, 0x00, 0x00, 0x00, 0x00, 0xe2, 0x0f, 0x00,
  0x82, 0x78, 0x24, 0x00, 0x01, 0x00, 0x00, 0x00, 0x00, 0x00, 0x00, 0x00,
  0x00, 0xe2, 0x0f, 0x00, 0x08, 0x78, 0xc1, 0xc1, 0xff, 0xff, 0x7f, 0xff,
  0x00, 0x00, 0x80, 0x00, 0x00, 0xe2, 0x0f, 0x00, 0x99, 0x72, 0x1c, 0x1c,
  0x0f, 0x00, 0x00, 0x00, 0x3f, 0x06, 0x00, 0x08, 0x00, 0xe2, 0x0f, 0x00,
  0x08, 0x78, 0xc0, 0xc0, 0xff, 0xff, 0x7f, 0xff, 0x00, 0x00, 0x80, 0x01,
  0x00, 0xe2, 0x0f, 0x00, 0x99, 0x72, 0x1d, 0x1d, 0x0f, 0x00, 0x00, 0x00,
  0x3f, 0x06, 0x00, 0x08, 0x00, 0xe2, 0x0f, 0x00, 0x08, 0x78, 0xbf, 0xbf,
  0xff, 0xff, 0x7f, 0xff, 0x00, 0x00, 0x00, 0x02, 0x00, 0xe2, 0x0f, 0x00,
  0x99, 0x72, 0x1e, 0x1e, 0x0f, 0x00, 0x00, 0x00, 0x3f, 0x06, 0x00, 0x08,
  0x00, 0xe2, 0x0f, 0x00, 0x08, 0x78, 0xbe, 0xbe, 0xff, 0xff, 0x7f, 0xff,
  0x00, 0x00, 0x80, 0x02, 0x00, 0xe2, 0x0f, 0x00, 0x99, 0x72, 0x1f, 0x1f,
  0x0f, 0x00, 0x00, 0x00, 0x3f, 0x06, 0x00, 0x08, 0x00, 0xe2, 0x0f, 0x00,
  0x12, 0x7c, 0xff, 0xcc, 0x1c, 0x00, 0x00, 0x00, 0xff, 0xc0, 0x8c, 0x0f,
  0x00, 0xe2, 0x0f, 0x04, 0x99, 0x72, 0x20, 0x20, 0x0f, 0x00, 0x00, 0x00,
  0x3f, 0x06, 0x00, 0x08, 0x00, 0xe2, 0x0f, 0x00, 0x12, 0x7c, 0xff, 0xcc,
  0x1d, 0x00, 0x00, 0x00, 0xff, 0xc0, 0x80, 0x0f, 0x00, 0xe2, 0x0f, 0x04,
  0x99, 0x72, 0x0f, 0x24, 0x0f, 0x00, 0x00, 0x00, 0x3f, 0x06, 0x00, 0x08,
  0x00, 0xe2, 0x0f, 0x00, 0x12, 0x7c, 0xff, 0xcc, 0x1e, 0x00, 0x00, 0x00,
  0xff, 0xc0, 0x82, 0x0f, 0x00, 0xc4, 0x0f, 0x00, 0x12, 0x7c, 0xff, 0xcc,
  0x1f, 0x00, 0x00, 0x00, 0xff, 0xc0, 0x86, 0x0f, 0x00, 0xe4, 0x0f, 0x04,
  0x12, 0x7c, 0xff, 0xcc, 0x20, 0x00, 0x00, 0x00, 0xff, 0xc0, 0x88, 0x0f,
  0x00, 0xe4, 0x0f, 0x04, 0x12, 0x7c, 0xff, 0xcc, 0x0f, 0x00, 0x00, 0x00,
  0xff, 0xc0, 0x8a, 0x0f, 0x00, 0xe4, 0x0f, 0x00, 0x08, 0x78, 0xea, 0xea,
  0xff, 0xff, 0x7f, 0xff, 0x00, 0x00, 0x00, 0x03, 0x00, 0xe4, 0x0f, 0x00,
  0x08, 0x78, 0xe9, 0xe9, 0xff, 0xff, 0x7f, 0xff, 0x00, 0x00, 0x00, 0x00,
  0x00, 0xe4, 0x0f, 0x00, 0x08, 0x78, 0xbb, 0xbb, 0xff, 0xff, 0x7f, 0xff,
  0x00, 0x00, 0x80, 0x00, 0x00, 0xc4, 0x0f, 0x00, 0x08, 0x78, 0xba, 0xba,
  0xff, 0xff, 0x7f, 0xff, 0x00, 0x00, 0x80, 0x01, 0x00, 0xe4, 0x0f, 0x00,
  0x08, 0x78, 0xe8, 0xe8, 0xff, 0xff, 0x7f, 0xff, 0x00, 0x00, 0x00, 0x02,
  0x00, 0xe4, 0x0f, 0x00, 0x08, 0x78, 0xdd, 0xdd, 0xff, 0xff, 0x7f, 0xff,
  0x00, 0x00, 0x80, 0x02, 0x00, 0xc8, 0x0f, 0x00, 0x09, 0x72, 0xb8, 0xe8,
  0xdd, 0x00, 0x00, 0x00, 0x00, 0x00, 0x81, 0x07, 0x00, 0xe4, 0x2f, 0x00,
  0x09, 0x72, 0xc9, 0xbb, 0xba, 0x00, 0x00, 0x00, 0x00, 0x00, 0x81, 0x07,
  0x00, 0xe4, 0x0f, 0x00, 0x09, 0x72, 0xb9, 0xb8, 0xe9, 0x00, 0x00, 0x00,
  0x00, 0x00, 0x81, 0x07, 0x00, 0xe4, 0x0f, 0x00, 0x09, 0x72, 0xb8, 0xc9,
  0xbe, 0x00, 0x00, 0x00, 0x00, 0x00, 0x81, 0x07, 0x00, 0xc4, 0x0f, 0x00,
  0x09, 0x72, 0xb9, 0xb9, 0xea, 0x00, 0x00, 0x00, 0x00, 0x00, 0x81, 0x07,
  0x00, 0xe4, 0x0f, 0x00, 0x09, 0x72, 0xc9, 0xb8, 0xbf, 0x00, 0x00, 0x00,
  0x00, 0x00, 0x81, 0x07, 0x00, 0xe4, 0x0f, 0x00, 0x0c, 0x7c, 0x00, 0xff,
  0x04, 0x00, 0x00, 0x00, 0x70, 0x52, 0xf0, 0x0b, 0x00, 0xe4, 0x0f, 0x00,
  0x09, 0x72, 0xb8, 0xb9, 0xc0, 0x00, 0x00, 0x00, 0x00, 0x00, 0x81, 0x07,
  0x00, 0xe4, 0x0f, 0x00, 0x09, 0x72, 0xc8, 0xc9, 0xc2, 0x00, 0x00, 0x00,
  0x00, 0x00, 0x81, 0x07, 0x00, 0xe4, 0x0f, 0x00, 0x09, 0x72, 0xb9, 0xb8,
  0xc1, 0x00, 0x00, 0x00, 0x00, 0x00, 0x81, 0x07, 0x00, 0xc4, 0x0f, 0x00,
  0x09, 0x72, 0xc9, 0xc8, 0xc3, 0x00, 0x00, 0x00, 0x00, 0x00, 0x81, 0x07,
  0x00, 0xe4, 0x0f, 0x00, 0x09, 0x72, 0xb8, 0xb9, 0xc4, 0x00, 0x00, 0x00,
  0x00, 0x00, 0x81, 0x07, 0x00, 0xe4, 0x0f, 0x00, 0x09, 0x72, 0xc8, 0xc9,
  0xc6, 0x00, 0x00, 0x00, 0x00, 0x00, 0x81, 0x07, 0x00, 0xe4, 0x0f, 0x00,
  0x09, 0x72, 0xed, 0xb8, 0xc5, 0x00, 0x00, 0x00, 0x00, 0x00, 0x81, 0x07,
  0x00, 0xe4, 0x0f, 0x00, 0x09, 0x72, 0xee, 0xc8, 0xc7, 0x00, 0x00, 0x00,
  0x00, 0x00, 0x81, 0x07, 0x00, 0xe2, 0x0f, 0x00, 0x47, 0x89, 0x00, 0x00,
  0x30, 0x0b, 0x00, 0x00, 0x00, 0x00, 0x80, 0x03, 0x00, 0xea, 0x0f, 0x00,
  0x89, 0x7f, 0xb8, 0xed, 0x00, 0x1f, 0x20, 0x0c, 0x00, 0x00, 0x0e, 0x00,
  0x00, 0x68, 0x0e, 0x00, 0x89, 0x7f, 0xc9, 0xee, 0x00, 0x1f, 0x20, 0x0c,
  0x00, 0x00, 0x0e, 0x00, 0x00, 0xa2, 0x0e, 0x00, 0x09, 0x72, 0xb8, 0xed,
  0xb8, 0x00, 0x00, 0x00, 0x00, 0x00, 0x81, 0x07, 0x00, 0xc4, 0x2f, 0x00,
  0x09, 0x72, 0xc9, 0xee, 0xc9, 0x00, 0x00, 0x00, 0x00, 0x00, 0x81, 0x07,
  0x00, 0xc6, 0x4f, 0x00, 0x89, 0x7f, 0xb9, 0xb8, 0x00, 0x1f, 0x40, 0x0c,
  0x00, 0x00, 0x0e, 0x00, 0x00, 0x68, 0x0e, 0x00, 0x89, 0x7f, 0xec, 0xc9,
  0x00, 0x1f, 0x40, 0x0c, 0x00, 0x00, 0x0e, 0x00, 0x00, 0xa2, 0x0e, 0x00,
  0x09, 0x72, 0xc8, 0xb8, 0xb9, 0x00, 0x00, 0x00, 0x00, 0x00, 0x81, 0x07,
  0x00, 0xc8, 0x2f, 0x00, 0x09, 0x72, 0xc8, 0xc8, 0xbd, 0x00, 0x00, 0x00,
  0x00, 0x00, 0x81, 0x07, 0x00, 0xe4, 0x0f, 0x00, 0x09, 0x72, 0xc9, 0xc9,
  0xec, 0x00, 0x00, 0x00, 0x00, 0x00, 0x81, 0x07, 0x00, 0xe4, 0x4f, 0x00,
  0x0b, 0x78, 0x00, 0xc8, 0xff, 0xff, 0x7f, 0xff, 0x00, 0xd0, 0xf1, 0x03,
  0x00, 0xe2, 0x0f, 0x04, 0x21, 0x74, 0xeb, 0xc8, 0x18, 0x72, 0xb1, 0xc0,
  0x00, 0x00, 0x01, 0x00, 0x00, 0xe2, 0x0f, 0x04, 0x09, 0x72, 0xc9, 0xc9,
  0xbc, 0x00, 0x00, 0x00, 0x00, 0x00, 0x81, 0x07, 0x00, 0xe2, 0x0f, 0x00,
  0x21, 0x72, 0xbd, 0xc8, 0xbd, 0x00, 0x00, 0x00, 0x00, 0x01, 0x01, 0x00,
  0x00, 0xc6, 0x0f, 0x00, 0x08, 0x72, 0xeb, 0xeb, 0xff, 0x00, 0x00, 0x00,
  0x00, 0x00, 0x00, 0x00, 0x00, 0xe2, 0x0f, 0x00, 0x21, 0x72, 0xbc, 0xc9,
  0xbc, 0x00, 0x00, 0x00, 0x00, 0x01, 0x01, 0x00, 0x00, 0xe2, 0x0f, 0x04,
  0x0b, 0x78, 0x00, 0xc9, 0xff, 0xff, 0x7f, 0xff, 0x00, 0xd0, 0xf1, 0x03,
  0x00, 0xe2, 0x0f, 0x00, 0x20, 0x78, 0xbd, 0xbd, 0x3b, 0xaa, 0xb8, 0x3f,
  0x00, 0x00, 0x41, 0x00, 0x00, 0xe4, 0x0f, 0x00, 0x21, 0x72, 0xdd, 0xeb,
  0xdd, 0x00, 0x00, 0x00, 0x00, 0x01, 0x01, 0x00, 0x00, 0xe2, 0x0f, 0x04,
  0x21, 0x72, 0xe8, 0xeb, 0xe8, 0x00, 0x00, 0x00, 0x00, 0x01, 0x01, 0x00,
  0x00, 0xe2, 0x0f, 0x04, 0x21, 0x72, 0xe9, 0xeb, 0xe9, 0x00, 0x00, 0x00,
  0x00, 0x01, 0x01, 0x00, 0x00, 0xe2, 0x0f, 0x04, 0x21, 0x72, 0xea, 0xeb,
  0xea, 0x00, 0x00, 0x00, 0x00, 0x01, 0x01, 0x00, 0x00, 0xe2, 0x0f, 0x00,
  0x20, 0x78, 0xed, 0xdd, 0x3b, 0xaa, 0xb8, 0x3f, 0x00, 0x00, 0x41, 0x00,
  0x00, 0xe2, 0x0f, 0x00, 0x20, 0x78, 0xe8, 0xe8, 0x3b, 0xaa, 0xb8, 0x3f,
  0x00, 0x00, 0x41, 0x00, 0x00, 0xe2, 0x0f, 0x00, 0x21, 0x72, 0xee, 0xeb,
  0xc0, 0x00, 0x00, 0x00, 0x00, 0x01, 0x01, 0x00, 0x00, 0xe2, 0x0f, 0x04,
  0x21, 0x72, 0xec, 0xeb, 0xc1, 0x00, 0x00, 0x00, 0x00, 0x01, 0x01, 0x00,
  0x00, 0xe2, 0x0f, 0x00, 0x08, 0x73, 0xb8, 0x00, 0xed, 0x00, 0x00, 0x00,
  0x00, 0x08, 0x00, 0x00, 0x00, 0xe2, 0x03, 0x00, 0x20, 0x78, 0xe9, 0xe9,
  0x3b, 0xaa, 0xb8, 0x3f, 0x00, 0x00, 0x41, 0x00, 0x00, 0xe2, 0x0f, 0x00,
  0x20, 0x78, 0xea, 0xea, 0x3b, 0xaa, 0xb8, 0x3f, 0x00, 0x00, 0x41, 0x00,
  0x00, 0xe2, 0x0f, 0x00, 0x20, 0x78, 0xec, 0xec, 0x3b, 0xaa, 0xb8, 0x3f,
  0x00, 0x00, 0x41, 0x00, 0x00, 0xe2, 0x0f, 0x00, 0x20, 0x78, 0xee, 0xee,
  0x3b, 0xaa, 0xb8, 0x3f, 0x00, 0x00, 0x41, 0x00, 0x00, 0xe2, 0x0f, 0x00,
  0x20, 0x78, 0xbc, 0xbc, 0x3b, 0xaa, 0xb8, 0x3f, 0x00, 0x00, 0x41, 0x00,
  0x00, 0xc6, 0x0f, 0x00, 0x08, 0x73, 0xb9, 0x00, 0xe8, 0x00, 0x00, 0x00,
  0x00, 0x08, 0x00, 0x00, 0x00, 0xe2, 0x04, 0x00, 0x21, 0x74, 0xed, 0xc9,
  0x18, 0x72, 0xb1, 0xc0, 0x00, 0x00, 0x01, 0x00, 0x00, 0xce, 0x2f, 0x00,
  0x08, 0x73, 0xdd, 0x00, 0xe9, 0x00, 0x00, 0x00, 0x00, 0x08, 0x00, 0x00,
  0x00, 0xe2, 0x03, 0x00, 0x21, 0x72, 0xe8, 0xeb, 0xc4, 0x00, 0x00, 0x00,
  0x00, 0x01, 0x01, 0x00, 0x00, 0xe2, 0x4f, 0x04, 0x21, 0x72, 0xeb, 0xeb,
  0xc5, 0x00, 0x00, 0x00, 0x00, 0x01, 0x01, 0x00, 0x00, 0xc6, 0x0f, 0x00,
  0x20, 0x78, 0xc5, 0xe8, 0x3b, 0xaa, 0xb8, 0x3f, 0x00, 0x00, 0x41, 0x00,
  0x00, 0xe2, 0x0f, 0x00, 0x08, 0x72, 0xe8, 0xed, 0xff, 0x00, 0x00, 0x00,
  0x00, 0x00, 0x00, 0x00, 0x00, 0xe2, 0x0f, 0x00, 0x20, 0x78, 0xeb, 0xeb,
  0x3b, 0xaa, 0xb8, 0x3f, 0x00, 0x00, 0x41, 0x00, 0x00, 0xe2, 0x0f, 0x00,
  0x08, 0x73, 0xc0, 0x00, 0xea, 0x00, 0x00, 0x00, 0x00, 0x08, 0x00, 0x00,
  0x00, 0xe6, 0x05, 0x00, 0x21, 0x72, 0xe9, 0xe8, 0xba, 0x00, 0x00, 0x00,
  0x00, 0x01, 0x01, 0x00, 0x00, 0xe2, 0x2f, 0x04, 0x21, 0x72, 0xed, 0xe8,
  0xbf, 0x00, 0x00, 0x00, 0x00, 0x01, 0x01, 0x00, 0x00, 0xc6, 0x0f, 0x00,
  0x20, 0x78, 0xe9, 0xe9, 0x3b, 0xaa, 0xb8, 0x3f, 0x00, 0x00, 0x41, 0x00,
  0x00, 0xe2, 0x0f, 0x00, 0x08, 0x73, 0xc4, 0x00, 0xec, 0x00, 0x00, 0x00,
  0x00, 0x08, 0x00, 0x00, 0x00, 0xe2, 0x03, 0x00, 0x21, 0x72, 0xea, 0xe8,
  0xbb, 0x00, 0x00, 0x00, 0x00, 0x01, 0x01, 0x00, 0x00, 0xe2, 0x4f, 0x00,
  0x20, 0x78, 0xed, 0xed, 0x3b, 0xaa, 0xb8, 0x3f, 0x00, 0x00, 0x41, 0x00,
  0x00, 0xc6, 0x0f, 0x00, 0x20, 0x78, 0xea, 0xea, 0x3b, 0xaa, 0xb8, 0x3f,
  0x00, 0x00, 0x41, 0x00, 0x00, 0xc6, 0x0f, 0x00, 0x08, 0x73, 0xba, 0x00,
  0xeb, 0x00, 0x00, 0x00, 0x00, 0x08, 0x00, 0x00, 0x00, 0xe2, 0x05, 0x00,
  0x21, 0x72, 0xec, 0xe8, 0xbe, 0x00, 0x00, 0x00, 0x00, 0x01, 0x01, 0x00,
  0x00, 0xc8, 0x2f, 0x00, 0x20, 0x78, 0xec, 0xec, 0x3b, 0xaa, 0xb8, 0x3f,
  0x00, 0x00, 0x41, 0x00, 0x00, 0xc6, 0x0f, 0x00, 0x08, 0x73, 0xbb, 0x00,
  0xe9, 0x00, 0x00, 0x00, 0x00, 0x08, 0x00, 0x00, 0x00, 0xe2, 0x03, 0x00,
  0x21, 0x72, 0xeb, 0xe8, 0xc2, 0x00, 0x00, 0x00, 0x00, 0x01, 0x01, 0x00,
  0x00, 0xc8, 0x4f, 0x00, 0x20, 0x78, 0xeb, 0xeb, 0x3b, 0xaa, 0xb8, 0x3f,
  0x00, 0x00, 0x41, 0x00, 0x00, 0xc6, 0x0f, 0x00, 0x08, 0x73, 0xbe, 0x00,
  0xea, 0x00, 0x00, 0x00, 0x00, 0x08, 0x00, 0x00, 0x00, 0xe2, 0x05, 0x00,
  0x21, 0x72, 0xe9, 0xe8, 0xc3, 0x00, 0x00, 0x00, 0x00, 0x01, 0x01, 0x00,
  0x00, 0xc8, 0x2f, 0x00, 0x20, 0x78, 0xe9, 0xe9, 0x3b, 0xaa, 0xb8, 0x3f,
  0x00, 0x00, 0x41, 0x00, 0x00, 0xc6, 0x0f, 0x00, 0x08, 0x73, 0xc1, 0x00,
  0xee, 0x00, 0x00, 0x00, 0x00, 0x08, 0x00, 0x00, 0x00, 0xe2, 0x0f, 0x00,
  0x21, 0x72, 0xea, 0xe8, 0xc6, 0x00, 0x00, 0x00, 0x00, 0x01, 0x01, 0x00,
  0x00, 0xe2, 0x4f, 0x04, 0x21, 0x72, 0xe8, 0xe8, 0xc7, 0x00, 0x00, 0x00,
  0x00, 0x01, 0x01, 0x00, 0x00, 0xc6, 0x0f, 0x00, 0x20, 0x78, 0xea, 0xea,
  0x3b, 0xaa, 0xb8, 0x3f, 0x00, 0x00, 0x41, 0x00, 0x00, 0xe2, 0x0f, 0x00,
  0x20, 0x78, 0xe8, 0xe8, 0x3b, 0xaa, 0xb8, 0x3f, 0x00, 0x00, 0x41, 0x00,
  0x00, 0xe4, 0x0f, 0x00, 0x08, 0x73, 0xc5, 0x00, 0xc5, 0x00, 0x00, 0x00,
  0x00, 0x08, 0x00, 0x00, 0x00, 0x70, 0x0e, 0x00, 0x08, 0x73, 0xbf, 0x00,
  0xec, 0x00, 0x00, 0x00, 0x00, 0x08, 0x00, 0x00, 0x00, 0xf0, 0x07, 0x00,
  0x08, 0x73, 0xc2, 0x00, 0xed, 0x00, 0x00, 0x00, 0x00, 0x08, 0x00, 0x00,
  0x00, 0x22, 0x05, 0x00, 0x21, 0x72, 0xec, 0xb8, 0xb9, 0x00, 0x00, 0x00,
  0x00, 0x00, 0x01, 0x00, 0x00, 0xe2, 0x8f, 0x00, 0x21, 0x72, 0xee, 0xc5,
  0xba, 0x00, 0x00, 0x00, 0x00, 0x00, 0x01, 0x00, 0x00, 0xc6, 0x2f, 0x00,
  0x21, 0x72, 0xec, 0xff, 0xec, 0x00, 0x00, 0x00, 0x00, 0x00, 0x01, 0x00,
  0x00, 0xc6, 0x0f, 0x00, 0x08, 0x73, 0xc3, 0x00, 0xeb, 0x00, 0x00, 0x00,
  0x00, 0x08, 0x00, 0x00, 0x00, 0xe2, 0x03, 0x00, 0x21, 0x72, 0xed, 0xc1,
  0xc4, 0x00, 0x00, 0x00, 0x00, 0x00, 0x01, 0x00, 0x00, 0xc8, 0x4f, 0x00,
  0x21, 0x72, 0xec, 0xec, 0xed, 0x00, 0x00, 0x00, 0x00, 0x00, 0x01, 0x00,
  0x00, 0xc6, 0x0f, 0x00, 0x08, 0x73, 0xc6, 0x00, 0xe9, 0x00, 0x00, 0x00,
  0x00, 0x08, 0x00, 0x00, 0x00, 0xe2, 0x04, 0x00, 0x21, 0x72, 0xeb, 0xdd,
  0xc0, 0x00, 0x00, 0x00, 0x00, 0x00, 0x01, 0x00, 0x00, 0xc8, 0x2f, 0x00,
  0x21, 0x72, 0xeb, 0xff, 0xeb, 0x00, 0x00, 0x00, 0x00, 0x00, 0x01, 0x00,
  0x00, 0xc6, 0x0f, 0x00, 0x08, 0x73, 0xc7, 0x00, 0xea, 0x00, 0x00, 0x00,
  0x00, 0x08, 0x00, 0x00, 0x00, 0xe2, 0x09, 0x00, 0x21, 0x72, 0xe9, 0xbb,
  0xbe, 0x00, 0x00, 0x00, 0x00, 0x00, 0x01, 0x00, 0x00, 0xe2, 0x4f, 0x00,
  0x21, 0x72, 0xeb, 0xeb, 0xee, 0x00, 0x00, 0x00, 0x00, 0x00, 0x01, 0x00,
  0x00, 0xc6, 0x0f, 0x00, 0x21, 0x72, 0xe9, 0xff, 0xe9, 0x00, 0x00, 0x00,
  0x00, 0x00, 0x01, 0x00, 0x00, 0xe2, 0x0f, 0x00, 0x21, 0x72, 0xeb, 0xec,
  0xeb, 0x00, 0x00, 0x00, 0x00, 0x00, 0x01, 0x00, 0x00, 0xe4, 0x0f, 0x00,
  0x08, 0x73, 0xe8, 0x00, 0xe8, 0x00, 0x00, 0x00, 0x00, 0x08, 0x00, 0x00,
  0x00, 0x62, 0x0e, 0x00, 0x21, 0x72, 0xea, 0xbf, 0xc2, 0x00, 0x00, 0x00,
  0x00, 0x00, 0x01, 0x00, 0x00, 0xe2, 0x0f, 0x01, 0x21, 0x72, 0xee, 0xc3,
  0xc6, 0x00, 0x00, 0x00, 0x00, 0x00, 0x01, 0x00, 0x00, 0xc6, 0x8f, 0x00,
  0x21, 0x72, 0xea, 0xff, 0xea, 0x00, 0x00, 0x00, 0x00, 0x00, 0x01, 0x00,
  0x00, 0xe2, 0x0f, 0x00, 0x21, 0x72, 0xe9, 0xe9, 0xee, 0x00, 0x00, 0x00,
  0x00, 0x00, 0x01, 0x00, 0x00, 0xe4, 0x0f, 0x00, 0x08, 0x73, 0xbd, 0x00,
  0xbd, 0x00, 0x00, 0x00, 0x00, 0x08, 0x00, 0x00, 0x00, 0xa2, 0x0e, 0x00,
  0x21, 0x72, 0xed, 0xc7, 0xe8, 0x00, 0x00, 0x00, 0x00, 0x00, 0x01, 0x00,
  0x00, 0xce, 0x2f, 0x00, 0x08, 0x73, 0xbc, 0x00, 0xbc, 0x00, 0x00, 0x00,
  0x00, 0x08, 0x00, 0x00, 0x00, 0x62, 0x0e, 0x00, 0x21, 0x72, 0xea, 0xea,
  0xed, 0x00, 0x00, 0x00, 0x00, 0x00, 0x01, 0x00, 0x00, 0xc8, 0x0f, 0x00,
  0x21, 0x72, 0xe9, 0xe9, 0xea, 0x00, 0x00, 0x00, 0x00, 0x00, 0x01, 0x00,
  0x00, 0xe2, 0x0f, 0x00, 0x20, 0x72, 0x2c, 0x2c, 0xbd, 0x00, 0x00, 0x00,
  0x00, 0x00, 0x41, 0x00, 0x00, 0xe2, 0x4f, 0x08, 0x89, 0x7f, 0xea, 0xeb,
  0x00, 0x1f, 0x20, 0x0c, 0x00, 0x00, 0x0e, 0x00, 0x00, 0xa2, 0x0e, 0x00,
  0x20, 0x72, 0x2d, 0x2d, 0xbd, 0x00, 0x00, 0x00, 0x00, 0x00, 0x41, 0x00,
  0x00, 0xe2, 0x0f, 0x08, 0x20, 0x72, 0x30, 0x30, 0xbd, 0x00, 0x00, 0x00,
  0x00, 0x00, 0x41, 0x00, 0x00, 0xe2, 0x0f, 0x08, 0x20, 0x72, 0x31, 0x31,
  0xbd, 0x00, 0x00, 0x00, 0x00, 0x00, 0x41, 0x00, 0x00, 0xe2, 0x0f, 0x08,
  0x89, 0x7f, 0xec, 0xe9, 0x00, 0x1f, 0x20, 0x0c, 0x00, 0x00, 0x0e, 0x00,
  0x00, 0xe2, 0x0e, 0x00, 0x20, 0x72, 0x34, 0x34, 0xbd, 0x00, 0x00, 0x00,
  0x00, 0x00, 0x41, 0x00, 0x00, 0xe2, 0x0f, 0x08, 0x20, 0x72, 0x35, 0x35,
  0xbd, 0x00, 0x00, 0x00, 0x00, 0x00, 0x41, 0x00, 0x00, 0xe2, 0x0f, 0x08,
  0x20, 0x72, 0x38, 0x38, 0xbd, 0x00, 0x00, 0x00, 0x00, 0x00, 0x41, 0x00,
  0x00, 0xe2, 0x0f, 0x08, 0x20, 0x72, 0x39, 0x39, 0xbd, 0x00, 0x00, 0x00,
  0x00, 0x00, 0x41, 0x00, 0x00, 0xe2, 0x0f, 0x08, 0x20, 0x72, 0x3c, 0x3c,
  0xbd, 0x00, 0x00, 0x00, 0x00, 0x00, 0x41, 0x00, 0x00, 0xe2, 0x0f, 0x08,
  0x20, 0x72, 0x3d, 0x3d, 0xbd, 0x00, 0x00, 0x00, 0x00, 0x00, 0x41, 0x00,
  0x00, 0xe2, 0x0f, 0x08, 0x20, 0x72, 0x40, 0x40, 0xbd, 0x00, 0x00, 0x00,
  0x00, 0x00, 0x41, 0x00, 0x00, 0xe2, 0x0f, 0x08, 0x20, 0x72, 0x41, 0x41,
  0xbd, 0x00, 0x00, 0x00, 0x00, 0x00, 0x41, 0x00, 0x00, 0xe2, 0x0f, 0x08,
  0x20, 0x72, 0x44, 0x44, 0xbd, 0x00, 0x00, 0x00, 0x00, 0x00, 0x41, 0x00,
  0x00, 0xe2, 0x0f, 0x08, 0x20, 0x72, 0x45, 0x45, 0xbd, 0x00, 0x00, 0x00,
  0x00, 0x00, 0x41, 0x00, 0x00, 0xe2, 0x0f, 0x08, 0x20, 0x72, 0x48, 0x48,
  0xbd, 0x00, 0x00, 0x00, 0x00, 0x00, 0x41, 0x00, 0x00, 0xe2, 0x0f, 0x08,
  0x20, 0x72, 0x49, 0x49, 0xbd, 0x00, 0x00, 0x00, 0x00, 0x00, 0x41, 0x00,
  0x00, 0xe2, 0x0f, 0x08, 0x20, 0x72, 0x4c, 0x4c, 0xbd, 0x00, 0x00, 0x00,
  0x00, 0x00, 0x41, 0x00, 0x00, 0xe2, 0x0f, 0x08, 0x20, 0x72, 0x4d, 0x4d,
  0xbd, 0x00, 0x00, 0x00, 0x00, 0x00, 0x41, 0x00, 0x00, 0xe2, 0x0f, 0x08,
  0x20, 0x72, 0x50, 0x50, 0xbd, 0x00, 0x00, 0x00, 0x00, 0x00, 0x41, 0x00,
  0x00, 0xe2, 0x0f, 0x08, 0x20, 0x72, 0x51, 0x51, 0xbd, 0x00, 0x00, 0x00,
  0x00, 0x00, 0x41, 0x00, 0x00, 0xe2, 0x0f, 0x08, 0x20, 0x72, 0x54, 0x54,
  0xbd, 0x00, 0x00, 0x00, 0x00, 0x00, 0x41, 0x00, 0x00, 0xe2, 0x0f, 0x08,
  0x20, 0x72, 0x55, 0x55, 0xbd, 0x00, 0x00, 0x00, 0x00, 0x00, 0x41, 0x00,
  0x00, 0xe2, 0x0f, 0x08, 0x20, 0x72, 0x58, 0x58, 0xbd, 0x00, 0x00, 0x00,
  0x00, 0x00, 0x41, 0x00, 0x00, 0xe2, 0x0f, 0x08, 0x21, 0x72, 0xea, 0xeb,
  0xea, 0x00, 0x00, 0x00, 0x00, 0x00, 0x01, 0x00, 0x00, 0xe2, 0x4f, 0x00,
  0x20, 0x72, 0x59, 0x59, 0xbd, 0x00, 0x00, 0x00, 0x00, 0x00, 0x41, 0x00,
  0x00, 0xe2, 0x0f, 0x08, 0x20, 0x72, 0x5c, 0x5c, 0xbd, 0x00, 0x00, 0x00,
  0x00, 0x00, 0x41, 0x00, 0x00, 0xe2, 0x0f, 0x08, 0x20, 0x72, 0x5d, 0x5d,
  0xbd, 0x00, 0x00, 0x00, 0x00, 0x00, 0x41, 0x00, 0x00, 0xe2, 0x0f, 0x08,
  0x21, 0x72, 0xee, 0xe9, 0xec, 0x00, 0x00, 0x00, 0x00, 0x00, 0x01, 0x00,
  0x00, 0xe2, 0x8f, 0x00, 0x89, 0x7f, 0xed, 0xea, 0x00, 0x1f, 0x40, 0x0c,
  0x00, 0x00, 0x0e, 0x00, 0x00, 0xa2, 0x0e, 0x00, 0x20, 0x72, 0x9c, 0x9c,
  0xbd, 0x00, 0x00, 0x00, 0x00, 0x00, 0x41, 0x00, 0x00, 0xe2, 0x0f, 0x08,
  0x20, 0x72, 0x9d, 0x9d, 0xbd, 0x00, 0x00, 0x00, 0x00, 0x00, 0x41, 0x00,
  0x00, 0xe2, 0x0f, 0x08, 0x20, 0x72, 0xa0, 0xa0, 0xbd, 0x00, 0x00, 0x00,
  0x00, 0x00, 0x41, 0x00, 0x00, 0xe2, 0x0f, 0x08, 0x89, 0x7f, 0xef, 0xee,
  0x00, 0x1f, 0x40, 0x0c, 0x00, 0x00, 0x0e, 0x00, 0x00, 0xe2, 0x0e, 0x00,
  0x20, 0x72, 0xa1, 0xa1, 0xbd, 0x00, 0x00, 0x00, 0x00, 0x00, 0x41, 0x00,
  0x00, 0xe2, 0x0f, 0x08, 0x20, 0x72, 0xa4, 0xa4, 0xbd, 0x00, 0x00, 0x00,
  0x00, 0x00, 0x41, 0x00, 0x00, 0xe2, 0x0f, 0x08, 0x20, 0x72, 0xa5, 0xa5,
  0xbd, 0x00, 0x00, 0x00, 0x00, 0x00, 0x41, 0x00, 0x00, 0xe2, 0x0f, 0x08,
  0x20, 0x72, 0xa8, 0xa8, 0xbd, 0x00, 0x00, 0x00, 0x00, 0x00, 0x41, 0x00,
  0x00, 0xe2, 0x0f, 0x08, 0x20, 0x72, 0xa9, 0xa9, 0xbd, 0x00, 0x00, 0x00,
  0x00, 0x00, 0x41, 0x00, 0x00, 0xe2, 0x0f, 0x08, 0x20, 0x72, 0xac, 0xac,
  0xbd, 0x00, 0x00, 0x00, 0x00, 0x00, 0x41, 0x00, 0x00, 0xe2, 0x0f, 0x08,
  0x20, 0x72, 0xad, 0xad, 0xbd, 0x00, 0x00, 0x00, 0x00, 0x00, 0x41, 0x00,
  0x00, 0xe2, 0x0f, 0x08, 0x20, 0x72, 0xb0, 0xb0, 0xbd, 0x00, 0x00, 0x00,
  0x00, 0x00, 0x41, 0x00, 0x00, 0xe2, 0x0f, 0x08, 0x20, 0x72, 0xb1, 0xb1,
  0xbd, 0x00, 0x00, 0x00, 0x00, 0x00, 0x41, 0x00, 0x00, 0xe2, 0x0f, 0x08,
  0x20, 0x72, 0xb4, 0xb4, 0xbd, 0x00, 0x00, 0x00, 0x00, 0x00, 0x41, 0x00,
  0x00, 0xe2, 0x0f, 0x08, 0x20, 0x72, 0xb5, 0xb5, 0xbd, 0x00, 0x00, 0x00,
  0x00, 0x00, 0x41, 0x00, 0x00, 0xe2, 0x0f, 0x00, 0x20, 0x72, 0x2e, 0x2e,
  0xbc, 0x00, 0x00, 0x00, 0x00, 0x00, 0x41, 0x00, 0x00, 0xe2, 0x2f, 0x08,
  0x20, 0x72, 0x2f, 0x2f, 0xbc, 0x00, 0x00, 0x00, 0x00, 0x00, 0x41, 0x00,
  0x00, 0xe2, 0x0f, 0x08, 0x20, 0x72, 0x32, 0x32, 0xbc, 0x00, 0x00, 0x00,
  0x00, 0x00, 0x41, 0x00, 0x00, 0xe2, 0x0f, 0x08, 0x20, 0x72, 0x33, 0x33,
  0xbc, 0x00, 0x00, 0x00, 0x00, 0x00, 0x41, 0x00, 0x00, 0xe2, 0x0f, 0x08,
  0x20, 0x72, 0x36, 0x36, 0xbc, 0x00, 0x00, 0x00, 0x00, 0x00, 0x41, 0x00,
  0x00, 0xe2, 0x0f, 0x08, 0x20, 0x72, 0x37, 0x37, 0xbc, 0x00, 0x00, 0x00,
  0x00, 0x00, 0x41, 0x00, 0x00, 0xe2, 0x0f, 0x08, 0x20, 0x72, 0x3a, 0x3a,
  0xbc, 0x00, 0x00, 0x00, 0x00, 0x00, 0x41, 0x00, 0x00, 0xe2, 0x0f, 0x08,
  0x20, 0x72, 0x3b, 0x3b, 0xbc, 0x00, 0x00, 0x00, 0x00, 0x00, 0x41, 0x00,
  0x00, 0xe2, 0x0f, 0x08, 0x21, 0x72, 0xec, 0xea, 0xed, 0x00, 0x00, 0x00,
  0x00, 0x00, 0x01, 0x00, 0x00, 0xe2, 0x4f, 0x00, 0x20, 0x72, 0x3e, 0x3e,
  0xbc, 0x00, 0x00, 0x00, 0x00, 0x00, 0x41, 0x00, 0x00, 0xe2, 0x0f, 0x08,
  0x20, 0x72, 0x3f, 0x3f, 0xbc, 0x00, 0x00, 0x00, 0x00, 0x00, 0x41, 0x00,
  0x00, 0xe2, 0x0f, 0x08, 0x20, 0x72, 0x42, 0x42, 0xbc, 0x00, 0x00, 0x00,
  0x00, 0x00, 0x41, 0x00, 0x00, 0xe2, 0x0f, 0x00, 0x21, 0x72, 0xef, 0xee,
  0xef, 0x00, 0x00, 0x00, 0x00, 0x00, 0x01, 0x00, 0x00, 0xe2, 0x8f, 0x00,
  0x23, 0x72, 0xca, 0xbd, 0xca, 0x00, 0x00, 0x00, 0xec, 0x00, 0x01, 0x00,
  0x00, 0xe2, 0x0f, 0x00, 0x20, 0x72, 0x43, 0x43, 0xbc, 0x00, 0x00, 0x00,
  0x00, 0x00, 0x41, 0x00, 0x00, 0xe2, 0x0f, 0x08, 0x20, 0x72, 0x46, 0x46,
  0xbc, 0x00, 0x00, 0x00, 0x00, 0x00, 0x41, 0x00, 0x00, 0xe2, 0x0f, 0x08,
  0x23, 0x72, 0xcb, 0xbc, 0xcb, 0x00, 0x00, 0x00, 0xef, 0x00, 0x01, 0x00,
  0x00, 0xe2, 0x0f, 0x00, 0x20, 0x72, 0x47, 0x47, 0xbc, 0x00, 0x00, 0x00,
  0x00, 0x00, 0x41, 0x00, 0x00, 0xe2, 0x0f, 0x08, 0x20, 0x72, 0x4a, 0x4a,
  0xbc, 0x00, 0x00, 0x00, 0x00, 0x00, 0x41, 0x00, 0x00, 0xe2, 0x0f, 0x08,
  0x20, 0x72, 0x4b, 0x4b, 0xbc, 0x00, 0x00, 0x00, 0x00, 0x00, 0x41, 0x00,
  0x00, 0xe2, 0x0f, 0x08, 0x20, 0x72, 0x4e, 0x4e, 0xbc, 0x00, 0x00, 0x00,
  0x00, 0x00, 0x41, 0x00, 0x00, 0xe2, 0x0f, 0x08, 0x20, 0x72, 0x4f, 0x4f,
  0xbc, 0x00, 0x00, 0x00, 0x00, 0x00, 0x41, 0x00, 0x00, 0xe2, 0x0f, 0x08,
  0x20, 0x72, 0x52, 0x52, 0xbc, 0x00, 0x00, 0x00, 0x00, 0x00, 0x41, 0x00,
  0x00, 0xe2, 0x0f, 0x08, 0x20, 0x72, 0x53, 0x53, 0xbc, 0x00, 0x00, 0x00,
  0x00, 0x00, 0x41, 0x00, 0x00, 0xe2, 0x0f, 0x08, 0x20, 0x72, 0x56, 0x56,
  0xbc, 0x00, 0x00, 0x00, 0x00, 0x00, 0x41, 0x00, 0x00, 0xe2, 0x0f, 0x08,
  0x20, 0x72, 0x57, 0x57, 0xbc, 0x00, 0x00, 0x00, 0x00, 0x00, 0x41, 0x00,
  0x00, 0xe2, 0x0f, 0x08, 0x20, 0x72, 0x5a, 0x5a, 0xbc, 0x00, 0x00, 0x00,
  0x00, 0x00, 0x41, 0x00, 0x00, 0xe2, 0x0f, 0x08, 0x20, 0x72, 0x5b, 0x5b,
  0xbc, 0x00, 0x00, 0x00, 0x00, 0x00, 0x41, 0x00, 0x00, 0xe2, 0x0f, 0x08,
  0x20, 0x72, 0x5e, 0x5e, 0xbc, 0x00, 0x00, 0x00, 0x00, 0x00, 0x41, 0x00,
  0x00, 0xe2, 0x0f, 0x08, 0x20, 0x72, 0x5f, 0x5f, 0xbc, 0x00, 0x00, 0x00,
  0x00, 0x00, 0x41, 0x00, 0x00, 0xe2, 0x0f, 0x08, 0x20, 0x72, 0x9e, 0x9e,
  0xbc, 0x00, 0x00, 0x00, 0x00, 0x00, 0x41, 0x00, 0x00, 0xe2, 0x0f, 0x08,
  0x20, 0x72, 0x9f, 0x9f, 0xbc, 0x00, 0x00, 0x00, 0x00, 0x00, 0x41, 0x00,
  0x00, 0xe2, 0x0f, 0x08, 0x20, 0x72, 0xa2, 0xa2, 0xbc, 0x00, 0x00, 0x00,
  0x00, 0x00, 0x41, 0x00, 0x00, 0xe2, 0x0f, 0x08, 0x20, 0x72, 0xa3, 0xa3,
  0xbc, 0x00, 0x00, 0x00, 0x00, 0x00, 0x41, 0x00, 0x00, 0xe2, 0x0f, 0x08,
  0x20, 0x72, 0xa6, 0xa6, 0xbc, 0x00, 0x00, 0x00, 0x00, 0x00, 0x41, 0x00,
  0x00, 0xe2, 0x0f, 0x08, 0x20, 0x72, 0xa7, 0xa7, 0xbc, 0x00, 0x00, 0x00,
  0x00, 0x00, 0x41, 0x00, 0x00, 0xe2, 0x0f, 0x08, 0x20, 0x72, 0xaa, 0xaa,
  0xbc, 0x00, 0x00, 0x00, 0x00, 0x00, 0x41, 0x00, 0x00, 0xe2, 0x0f, 0x08,
  0x20, 0x72, 0xab, 0xab, 0xbc, 0x00, 0x00, 0x00, 0x00, 0x00, 0x41, 0x00,
  0x00, 0xe2, 0x0f, 0x08, 0x20, 0x72, 0xae, 0xae, 0xbc, 0x00, 0x00, 0x00,
  0x00, 0x00, 0x41, 0x00, 0x00, 0xe2, 0x0f, 0x08, 0x20, 0x72, 0xaf, 0xaf,
  0xbc, 0x00, 0x00, 0x00, 0x00, 0x00, 0x41, 0x00, 0x00, 0xe2, 0x0f, 0x08,
  0x20, 0x72, 0xb2, 0xb2, 0xbc, 0x00, 0x00, 0x00, 0x00, 0x00, 0x41, 0x00,
  0x00, 0xe2, 0x0f, 0x08, 0x20, 0x72, 0xb3, 0xb3, 0xbc, 0x00, 0x00, 0x00,
  0x00, 0x00, 0x41, 0x00, 0x00, 0xe2, 0x0f, 0x08, 0x20, 0x72, 0xb6, 0xb6,
  0xbc, 0x00, 0x00, 0x00, 0x00, 0x00, 0x41, 0x00, 0x00, 0xe2, 0x0f, 0x08,
  0x20, 0x72, 0xb7, 0xb7, 0xbc, 0x00, 0x00, 0x00, 0x00, 0x00, 0x41, 0x00,
  0x00, 0xe2, 0x0f, 0x00, 0x47, 0x79, 0x00, 0x00, 0x80, 0x05, 0x00, 0x00,
  0x00, 0x00, 0x80, 0x03, 0x00, 0xea, 0x0f, 0x00, 0x89, 0x7f, 0xb8, 0xed,
  0x00, 0x1f, 0x20, 0x0c, 0x00, 0x00, 0x0e, 0x00, 0x00, 0x68, 0x0e, 0x00,
  0x89, 0x7f, 0xbd, 0xee, 0x00, 0x1f, 0x20, 0x0c, 0x00, 0x00, 0x0e, 0x00,
  0x00, 0xa2, 0x0e, 0x00, 0x09, 0x72, 0xb8, 0xed, 0xb8, 0x00, 0x00, 0x00,
  0x00, 0x00, 0x81, 0x07, 0x00, 0xc4, 0x2f, 0x00, 0x09, 0x72, 0xbd, 0xee,
  0xbd, 0x00, 0x00, 0x00, 0x00, 0x00, 0x81, 0x07, 0x00, 0xc6, 0x4f, 0x00,
  0x89, 0x7f, 0xb9, 0xb8, 0x00, 0x1f, 0x40, 0x0c, 0x00, 0x00, 0x0e, 0x00,
  0x00, 0x68, 0x0e, 0x00, 0x89, 0x7f, 0xca, 0xbd, 0x00, 0x1f, 0x40, 0x0c,
  0x00, 0x00, 0x0e, 0x00, 0x00, 0xa2, 0x0e, 0x00, 0x09, 0x72, 0xc8, 0xb8,
  0xb9, 0x00, 0x00, 0x00, 0x00, 0x00, 0x81, 0x07, 0x00, 0xc8, 0x2f, 0x00,
  0x0b, 0x78, 0x00, 0xc8, 0xff, 0xff, 0x7f, 0xff, 0x00, 0xd0, 0xf1, 0x03,
  0x00, 0xe2, 0x0f, 0x04, 0x21, 0x74, 0xbc, 0xc8, 0x18, 0x72, 0xb1, 0xc0,
  0x00, 0x00, 0x01, 0x00, 0x00, 0xca, 0x0f, 0x00, 0x08, 0x72, 0xbc, 0xbc,
  0xff, 0x00, 0x00, 0x00, 0x00, 0x00, 0x00, 0x00, 0x00, 0xca, 0x0f, 0x00,
  0x21, 0x72, 0xdd, 0xbc, 0xdd, 0x00, 0x00, 0x00, 0x00, 0x01, 0x01, 0x00,
  0x00, 0xe2, 0x0f, 0x04, 0x21, 0x72, 0xe8, 0xbc, 0xe8, 0x00, 0x00, 0x00,
  0x00, 0x01, 0x01, 0x00, 0x00, 0xe2, 0x0f, 0x04, 0x21, 0x72, 0xcb, 0xbc,
  0xc0, 0x00, 0x00, 0x00, 0x00, 0x01, 0x01, 0x00, 0x00, 0xe2, 0x0f, 0x04,
  0x21, 0x72, 0xe9, 0xbc, 0xe9, 0x00, 0x00, 0x00, 0x00, 0x01, 0x01, 0x00,
  0x00, 0xe2, 0x0f, 0x00, 0x20, 0x78, 0xc9, 0xdd, 0x3b, 0xaa, 0xb8, 0x3f,
  0x00, 0x00, 0x41, 0x00, 0x00, 0xe2, 0x0f, 0x00, 0x20, 0x78, 0xe8, 0xe8,
  0x3b, 0xaa, 0xb8, 0x3f, 0x00, 0x00, 0x41, 0x00, 0x00, 0xe2, 0x0f, 0x00,
  0x20, 0x78, 0xcb, 0xcb, 0x3b, 0xaa, 0xb8, 0x3f, 0x00, 0x00, 0x41, 0x00,
  0x00, 0xe2, 0x0f, 0x00, 0x21, 0x72, 0xeb, 0xbc, 0xc1, 0x00, 0x00, 0x00,
  0x00, 0x01, 0x01, 0x00, 0x00, 0xe2, 0x0f, 0x04, 0x08, 0x73, 0xb8, 0x00,
  0xc9, 0x00, 0x00, 0x00, 0x00, 0x08, 0x00, 0x00, 0x00, 0xe2, 0x05, 0x00,
  0x21, 0x72, 0xea, 0xbc, 0xea, 0x00, 0x00, 0x00, 0x00, 0x01, 0x01, 0x00,
  0x00, 0xe2, 0x0f, 0x00, 0x20, 0x78, 0xe9, 0xe9, 0x3b, 0xaa, 0xb8, 0x3f,
  0x00, 0x00, 0x41, 0x00, 0x00, 0xe2, 0x0f, 0x00, 0x20, 0x78, 0xeb, 0xeb,
  0x3b, 0xaa, 0xb8, 0x3f, 0x00, 0x00, 0x41, 0x00, 0x00, 0xc4, 0x0f, 0x00,
  0x20, 0x78, 0xea, 0xea, 0x3b, 0xaa, 0xb8, 0x3f, 0x00, 0x00, 0x41, 0x00,
  0x00, 0xc6, 0x0f, 0x00, 0x08, 0x73, 0xb9, 0x00, 0xe8, 0x00, 0x00, 0x00,
  0x00, 0x08, 0x00, 0x00, 0x00, 0xe2, 0x03, 0x00, 0x09, 0x72, 0xc9, 0xbd,
  0xca, 0x00, 0x00, 0x00, 0x00, 0x00, 0x81, 0x07, 0x00, 0xe2, 0x4f, 0x00,
  0x21, 0x72, 0xbd, 0xbc, 0xc4, 0x00, 0x00, 0x00, 0x00, 0x01, 0x01, 0x00,
  0x00, 0xe2, 0x0f, 0x04, 0x21, 0x72, 0xbc, 0xbc, 0xc5, 0x00, 0x00, 0x00,
  0x00, 0x01, 0x01, 0x00, 0x00, 0xe4, 0x0f, 0x00, 0x0b, 0x78, 0x00, 0xc9,
  0xff, 0xff, 0x7f, 0xff, 0x00, 0xd0, 0xf1, 0x03, 0x00, 0xe2, 0x0f, 0x04,
  0x21, 0x74, 0xca, 0xc9, 0x18, 0x72, 0xb1, 0xc0, 0x00, 0x00, 0x01, 0x00,
  0x00, 0xe2, 0x0f, 0x00, 0x20, 0x78, 0xbd, 0xbd, 0x3b, 0xaa, 0xb8, 0x3f,
  0x00, 0x00, 0x41, 0x00, 0x00, 0xe2, 0x0f, 0x00, 0x08, 0x73, 0xc1, 0x00,
  0xcb, 0x00, 0x00, 0x00, 0x00, 0x08, 0x00, 0x00, 0x00, 0xe2, 0x05, 0x00,
  0x20, 0x78, 0xbc, 0xbc, 0x3b, 0xaa, 0xb8, 0x3f, 0x00, 0x00, 0x41, 0x00,
  0x00, 0xe4, 0x0f, 0x00, 0x08, 0x72, 0xca, 0xca, 0xff, 0x00, 0x00, 0x00,
  0x00, 0x00, 0x00, 0x00, 0x00, 0xca, 0x0f, 0x00, 0x21, 0x72, 0xe8, 0xca,
  0xbb, 0x00, 0x00, 0x00, 0x00, 0x01, 0x01, 0x00, 0x00, 0xe2, 0x2f, 0x04,
  0x21, 0x72, 0xcb, 0xca, 0xba, 0x00, 0x00, 0x00, 0x00, 0x01, 0x01, 0x00,
  0x00, 0xe2, 0x4f, 0x00, 0x08, 0x73, 0xdd, 0x00, 0xe9, 0x00, 0x00, 0x00,
  0x00, 0x08, 0x00, 0x00, 0x00, 0xe4, 0x03, 0x00, 0x20, 0x78, 0xe8, 0xe8,
  0x3b, 0xaa, 0xb8, 0x3f, 0x00, 0x00, 0x41, 0x00, 0x00, 0xe2, 0x0f, 0x00,
  0x20, 0x78, 0xcb, 0xcb, 0x3b, 0xaa, 0xb8, 0x3f, 0x00, 0x00, 0x41, 0x00,
  0x00, 0xca, 0x0f, 0x00, 0x08, 0x73, 0xc5, 0x00, 0xbd, 0x00, 0x00, 0x00,
  0x00, 0x08, 0x00, 0x00, 0x00, 0xe2, 0x05, 0x00, 0x21, 0x72, 0xe9, 0xca,
  0xbe, 0x00, 0x00, 0x00, 0x00, 0x01, 0x01, 0x00, 0x00, 0xc8, 0x2f, 0x00,
  0x20, 0x78, 0xe9, 0xe9, 0x3b, 0xaa, 0xb8, 0x3f, 0x00, 0x00, 0x41, 0x00,
  0x00, 0xc6, 0x0f, 0x00, 0x08, 0x73, 0xba, 0x00, 0xbc, 0x00, 0x00, 0x00,
  0x00, 0x08, 0x00, 0x00, 0x00, 0xe2, 0x02, 0x00, 0x21, 0x72, 0xbd, 0xca,
  0xbf, 0x00, 0x00, 0x00, 0x00, 0x01, 0x01, 0x00, 0x00, 0xc8, 0x4f, 0x00,
  0x20, 0x78, 0xbd, 0xbd, 0x3b, 0xaa, 0xb8, 0x3f, 0x00, 0x00, 0x41, 0x00,
  0x00, 0xc6, 0x0f, 0x00, 0x08, 0x73, 0xbb, 0x00, 0xcb, 0x00, 0x00, 0x00,
  0x00, 0x08, 0x00, 0x00, 0x00, 0xe2, 0x05, 0x00, 0x21, 0x72, 0xbc, 0xca,
  0xc2, 0x00, 0x00, 0x00, 0x00, 0x01, 0x01, 0x00, 0x00, 0xc8, 0x2f, 0x00,
  0x20, 0x78, 0xbc, 0xbc, 0x3b, 0xaa, 0xb8, 0x3f, 0x00, 0x00, 0x41, 0x00,
  0x00, 0xc6, 0x0f, 0x00, 0x08, 0x73, 0xbe, 0x00, 0xe8, 0x00, 0x00, 0x00,
  0x00, 0x08, 0x00, 0x00, 0x00, 0x22, 0x03, 0x00, 0x21, 0x72, 0xcb, 0xca,
  0xc3, 0x00, 0x00, 0x00, 0x00, 0x01, 0x01, 0x00, 0x00, 0xc8, 0x4f, 0x00,
  0x20, 0x78, 0xcb, 0xcb, 0x3b, 0xaa, 0xb8, 0x3f, 0x00, 0x00, 0x41, 0x00,
  0x00, 0xc6, 0x0f, 0x00, 0x08, 0x73, 0xc0, 0x00, 0xea, 0x00, 0x00, 0x00,
  0x00, 0x08, 0x00, 0x00, 0x00, 0xe2, 0x04, 0x00, 0x21, 0x72, 0xe8, 0xca,
  0xc6, 0x00, 0x00, 0x00, 0x00, 0x01, 0x01, 0x00, 0x00, 0xe2, 0x2f, 0x04,
  0x21, 0x72, 0xca, 0xca, 0xc7, 0x00, 0x00, 0x00, 0x00, 0x01, 0x01, 0x00,
  0x00, 0xc8, 0x0f, 0x00, 0x20, 0x78, 0xca, 0xca, 0x3b, 0xaa, 0xb8, 0x3f,
  0x00, 0x00, 0x41, 0x00, 0x00, 0xe4, 0x0f, 0x00, 0x08, 0x73, 0xbf, 0x00,
  0xe9, 0x00, 0x00, 0x00, 0x00, 0x08, 0x00, 0x00, 0x00, 0xe2, 0x07, 0x00,
  0x20, 0x78, 0xea, 0xe8, 0x3b, 0xaa, 0xb8, 0x3f, 0x00, 0x00, 0x41, 0x00,
  0x00, 0xce, 0x4f, 0x00, 0x08, 0x73, 0xc2, 0x00, 0xbd, 0x00, 0x00, 0x00,
  0x00, 0x08, 0x00, 0x00, 0x00, 0xe2, 0x03, 0x00, 0x21, 0x72, 0xe9, 0xc5,
  0xba, 0x00, 0x00, 0x00, 0x00, 0x00, 0x01, 0x00, 0x00, 0xce, 0x8f, 0x00,
  0x08, 0x73, 0xc4, 0x00, 0xeb, 0x00, 0x00, 0x00, 0x00, 0x08, 0x00, 0x00,
  0x00, 0xa2, 0x08, 0x00, 0x21, 0x72, 0xbd, 0xb8, 0xb9, 0x00, 0x00, 0x00,
  0x00, 0x00, 0x01, 0x00, 0x00, 0xc8, 0x2f, 0x00, 0x21, 0x72, 0xbd, 0xff,
  0xbd, 0x00, 0x00, 0x00, 0x00, 0x00, 0x01, 0x00, 0x00, 0xc6, 0x0f, 0x00,
  0x08, 0x73, 0xc3, 0x00, 0xbc, 0x00, 0x00, 0x00, 0x00, 0x08, 0x00, 0x00,
  0x00, 0xe2, 0x03, 0x00, 0x21, 0x72, 0xeb, 0xbb, 0xbe, 0x00, 0x00, 0x00,
  0x00, 0x00, 0x01, 0x00, 0x00, 0xc8, 0x0f, 0x01, 0x21, 0x72, 0xeb, 0xff,
  0xeb, 0x00, 0x00, 0x00, 0x00, 0x00, 0x01, 0x00, 0x00, 0xc6, 0x0f, 0x00,
  0x08, 0x73, 0xc6, 0x00, 0xcb, 0x00, 0x00, 0x00, 0x00, 0x08, 0x00, 0x00,
  0x00, 0x22, 0x07, 0x00, 0x21, 0x72, 0xbc, 0xdd, 0xc0, 0x00, 0x00, 0x00,
  0x00, 0x00, 0x01, 0x00, 0x00, 0xe2, 0x2f, 0x00, 0x21, 0x72, 0xec, 0xc1,
  0xc4, 0x00, 0x00, 0x00, 0x00, 0x00, 0x01, 0x00, 0x00, 0xc6, 0x4f, 0x00,
  0x21, 0x72, 0xbc, 0xff, 0xbc, 0x00, 0x00, 0x00, 0x00, 0x00, 0x01, 0x00,
  0x00, 0xe2, 0x0f, 0x00, 0x21, 0x72, 0xbd, 0xbd, 0xec, 0x00, 0x00, 0x00,
  0x00, 0x00, 0x01, 0x00, 0x00, 0xe4, 0x0f, 0x00, 0x08, 0x73, 0xc7, 0x00,
  0xea, 0x00, 0x00, 0x00, 0x00, 0x08, 0x00, 0x00, 0x00, 0xe2, 0x0f, 0x00,
  0x21, 0x72, 0xcb, 0xbf, 0xc2, 0x00, 0x00, 0x00, 0x00, 0x00, 0x01, 0x00,
  0x00, 0xe2, 0x8f, 0x00, 0x21, 0x72, 0xbc, 0xbc, 0xe9, 0x00, 0x00, 0x00,
  0x00, 0x00, 0x01, 0x00, 0x00, 0xc6, 0x0f, 0x00, 0x21, 0x72, 0xcb, 0xff,
  0xcb, 0x00, 0x00, 0x00, 0x00, 0x00, 0x01, 0x00, 0x00, 0xe2, 0x0f, 0x00,
  0x21, 0x72, 0xbc, 0xbd, 0xbc, 0x00, 0x00, 0x00, 0x00, 0x00, 0x01, 0x00,
  0x00, 0xe4, 0x0f, 0x00, 0x08, 0x73, 0xe8, 0x00, 0xca, 0x00, 0x00, 0x00,
  0x00, 0x08, 0x00, 0x00, 0x00, 0x62, 0x0e, 0x00, 0x21, 0x72, 0xee, 0xc3,
  0xc6, 0x00, 0x00, 0x00, 0x00, 0x00, 0x01, 0x00, 0x00, 0xe4, 0x0f, 0x01,
  0x89, 0x7f, 0xbd, 0xbc, 0x00, 0x1f, 0x20, 0x0c, 0x00, 0x00, 0x0e, 0x00,
  0x00, 0xa4, 0x0e, 0x00, 0x21, 0x72, 0xeb, 0xeb, 0xee, 0x00, 0x00, 0x00,
  0x00, 0x00, 0x01, 0x00, 0x00, 0xe2, 0x0f, 0x00, 0x21, 0x72, 0xca, 0xc7,
  0xe8, 0x00, 0x00, 0x00, 0x00, 0x00, 0x01, 0x00, 0x00, 0xc8, 0x2f, 0x00,
  0x21, 0x72, 0xca, 0xcb, 0xca, 0x00, 0x00, 0x00, 0x00, 0x00, 0x01, 0x00,
  0x00, 0xc8, 0x0f, 0x00, 0x21, 0x72, 0xeb, 0xeb, 0xca, 0x00, 0x00, 0x00,
  0x00, 0x00, 0x01, 0x00, 0x00, 0xe2, 0x0f, 0x00, 0x21, 0x72, 0xbd, 0xbc,
  0xbd, 0x00, 0x00, 0x00, 0x00, 0x00, 0x01, 0x00, 0x00, 0xc8, 0x4f, 0x00,
  0x89, 0x7f, 0xca, 0xeb, 0x00, 0x1f, 0x20, 0x0c, 0x00, 0x00, 0x0e, 0x00,
  0x00, 0x64, 0x0e, 0x00, 0x21, 0x72, 0xe9, 0xeb, 0xca, 0x00, 0x00, 0x00,
  0x00, 0x00, 0x01, 0x00, 0x00, 0xe4, 0x2f, 0x00, 0x89, 0x7f, 0xca, 0xbd,
  0x00, 0x1f, 0x40, 0x0c, 0x00, 0x00, 0x0e, 0x00, 0x00, 0x68, 0x0e, 0x00,
  0x89, 0x7f, 0xea, 0xe9, 0x00, 0x1f, 0x40, 0x0c, 0x00, 0x00, 0x0e, 0x00,
  0x00, 0xa2, 0x0e, 0x00, 0x21, 0x72, 0xca, 0xbd, 0xca, 0x00, 0x00, 0x00,
  0x00, 0x00, 0x01, 0x00, 0x00, 0xe2, 0x2f, 0x00, 0x21, 0x72, 0xcb, 0xe9,
  0xea, 0x00, 0x00, 0x00, 0x00, 0x00, 0x01, 0x00, 0x00, 0xc4, 0x4f, 0x00,
  0x1c, 0x78, 0x00, 0x00, 0x00, 0x00, 0x00, 0x00, 0x18, 0xf0, 0xf0, 0x03,
  0x00, 0xe2, 0x0f, 0x00, 0x20, 0x7a, 0xc0, 0xc0, 0x00, 0xde, 0x00, 0x00,
  0x00, 0x00, 0x41, 0x00, 0x00, 0xe2, 0x0f, 0x00, 0x20, 0x7a, 0xdd, 0xdd,
  0x00, 0xde, 0x00, 0x00, 0x00, 0x00, 0x41, 0x00, 0x00, 0xe2, 0x0f, 0x00,
  0x20, 0x7a, 0xba, 0xba, 0x00, 0xde, 0x00, 0x00, 0x00, 0x00, 0x41, 0x00,
  0x00, 0xe2, 0x0f, 0x00, 0x20, 0x7a, 0xc5, 0xc5, 0x00, 0xde, 0x00, 0x00,
  0x00, 0x00, 0x41, 0x00, 0x00, 0xe2, 0x0f, 0x00, 0x20, 0x7a, 0xc2, 0xc2,
  0x00, 0xde, 0x00, 0x00, 0x00, 0x00, 0x41, 0x00, 0x00, 0xe2, 0x0f, 0x00,
  0x20, 0x7a, 0xbf, 0xbf, 0x00, 0xde, 0x00, 0x00, 0x00, 0x00, 0x41, 0x00,
  0x00, 0xe2, 0x0f, 0x00, 0x20, 0x7a, 0xe8, 0xe8, 0x00, 0xde, 0x00, 0x00,
  0x00, 0x00, 0x41, 0x00, 0x00, 0xe2, 0x0f, 0x00, 0x20, 0x7a, 0xc7, 0xc7,
  0x00, 0xde, 0x00, 0x00, 0x00, 0x00, 0x41, 0x00, 0x00, 0xe2, 0x0f, 0x00,
  0x20, 0x7a, 0xb9, 0xb9, 0x00, 0xde, 0x00, 0x00, 0x00, 0x00, 0x41, 0x00,
  0x00, 0xe2, 0x0f, 0x00, 0x20, 0x7a, 0xb8, 0xb8, 0x00, 0xde, 0x00, 0x00,
  0x00, 0x00, 0x41, 0x00, 0x00, 0xe2, 0x0f, 0x00, 0x3e, 0x72, 0xc0, 0xc0,
  0xdd, 0x00, 0x00, 0x00, 0xff, 0x70, 0x80, 0x04, 0x00, 0xe2, 0x0f, 0x00,
  0x20, 0x7a, 0xbe, 0xbe, 0x00, 0xde, 0x00, 0x00, 0x00, 0x00, 0x41, 0x00,
  0x00, 0xe2, 0x0f, 0x00, 0x3e, 0x72, 0xc5, 0xba, 0xc5, 0x00, 0x00, 0x00,
  0xff, 0x70, 0x80, 0x04, 0x00, 0xe2, 0x0f, 0x00, 0x20, 0x7a, 0xbb, 0xbb,
  0x00, 0xde, 0x00, 0x00, 0x00, 0x00, 0x41, 0x00, 0x00, 0xe2, 0x0f, 0x00,
  0x3e, 0x72, 0xbf, 0xc2, 0xbf, 0x00, 0x00, 0x00, 0xff, 0x70, 0x80, 0x04,
  0x00, 0xe2, 0x0f, 0x00, 0x20, 0x7a, 0xba, 0xc4, 0x00, 0xde, 0x00, 0x00,
  0x00, 0x00, 0x41, 0x00, 0x00, 0xe2, 0x0f, 0x00, 0x20, 0x7a, 0xc1, 0xc1,
  0x00, 0xde, 0x00, 0x00, 0x00, 0x00, 0x41, 0x00, 0x00, 0xe2, 0x0f, 0x00,
  0x20, 0x7a, 0xc6, 0xc6, 0x00, 0xde, 0x00, 0x00, 0x00, 0x00, 0x41, 0x00,
  0x00, 0xe2, 0x0f, 0x00, 0x20, 0x7a, 0xc3, 0xc3, 0x00, 0xde, 0x00, 0x00,
  0x00, 0x00, 0x41, 0x00, 0x00, 0xe2, 0x0f, 0x00, 0x3e, 0x72, 0xc7, 0xe8,
  0xc7, 0x00, 0x00, 0x00, 0xff, 0x70, 0x80, 0x04, 0x00, 0xc4, 0x0f, 0x00,
  0x3e, 0x72, 0xb8, 0xb9, 0xb8, 0x00, 0x00, 0x00, 0xc0, 0x70, 0x80, 0x04,
  0x00, 0xe4, 0x0f, 0x00, 0x3e, 0x72, 0xb9, 0xbe, 0xbb, 0x00, 0x00, 0x00,
  0xbf, 0x70, 0x80, 0x04, 0x00, 0xe4, 0x0f, 0x00, 0x3e, 0x72, 0xba, 0xba,
  0xc1, 0x00, 0x00, 0x00, 0xc5, 0x70, 0x80, 0x04, 0x00, 0xe4, 0x0f, 0x00,
  0x3e, 0x72, 0xbb, 0xc6, 0xc3, 0x00, 0x00, 0x00, 0xc7, 0x70, 0x80, 0x04,
  0x00, 0xe2, 0x0f, 0x00, 0x47, 0x09, 0x00, 0x00, 0xd0, 0x00, 0x00, 0x00,
  0x00, 0x00, 0x80, 0x03, 0x00, 0xea, 0x0f, 0x00, 0x1a, 0x79, 0x00, 0x00,
  0x00, 0x80, 0x00, 0x00, 0x00, 0x00, 0x00, 0x00, 0x00, 0xc8, 0x0f, 0x00,
  0x1d, 0x7b, 0x00, 0x00, 0x00, 0x00, 0x00, 0x00, 0x00, 0x00, 0x01, 0x00,
  0x00, 0xe2, 0x0f, 0x00, 0x12, 0x78, 0xbc, 0xdb, 0x20, 0x00, 0x00, 0x00,
  0xff, 0x3c, 0x8e, 0x07, 0x00, 0xca, 0x0f, 0x00, 0x3b, 0x78, 0x74, 0xbc,
  0x00, 0x00, 0x40, 0x00, 0x00, 0x02, 0x00, 0x00, 0x00, 0xa8, 0x02, 0x00,
  0x3b, 0x78, 0x78, 0xbc, 0x00, 0x00, 0x50, 0x00, 0x00, 0x02, 0x00, 0x00,
  0x00, 0xe8, 0x02, 0x00, 0x3b, 0x78, 0x7c, 0xdb, 0x00, 0x00, 0x40, 0x00,
  0x00, 0x02, 0x00, 0x00, 0x00, 0x28, 0x03, 0x00, 0x3b, 0x78, 0x80, 0xdb,
  0x00, 0x00, 0x50, 0x00, 0x00, 0x02, 0x00, 0x00, 0x00, 0x68, 0x02, 0x00,
  0x3b, 0x78, 0x84, 0xd9, 0x00, 0x00, 0x40, 0x00, 0x00, 0x02, 0x00, 0x00,
  0x00, 0x68, 0x02, 0x00, 0x3b, 0x78, 0x88, 0xd9, 0x00, 0x00, 0x50, 0x00,
  0x00, 0x02, 0x00, 0x00, 0x00, 0x68, 0x02, 0x00, 0x3b, 0x78, 0x8c, 0xd8,
  0x00, 0x00, 0x40, 0x00, 0x00, 0x02, 0x00, 0x00, 0x00, 0x68, 0x02, 0x00,
  0x3b, 0x78, 0x90, 0xd8, 0x00, 0x00, 0x50, 0x00, 0x00, 0x02, 0x00, 0x00,
  0x00, 0x68, 0x02, 0x00, 0x3b, 0x78, 0x94, 0xdb, 0x00, 0x80, 0x40, 0x00,
  0x00, 0x02, 0x00, 0x00, 0x00, 0x68, 0x02, 0x00, 0x3b, 0x78, 0x98, 0xdb,
  0x00, 0x80, 0x50, 0x00, 0x00, 0x02, 0x00, 0x00, 0x00, 0x64, 0x02, 0x00,
  0x1c, 0x78, 0x00, 0x00, 0x00, 0x00, 0x00, 0x00, 0x18, 0xf0, 0xf0, 0x03,
  0x00, 0xe2, 0x0f, 0x00, 0x7a, 0x72, 0x2c, 0xb8, 0x04, 0x00, 0x00, 0x00,
  0x2c, 0x2c, 0x00, 0x00, 0x00, 0xf6, 0x0f, 0x04, 0x90, 0xf2, 0x3f, 0x3f,
  0x3f, 0x00, 0x00, 0x00, 0x3f, 0xe0, 0xff, 0x0f, 0x00, 0xea, 0x0f, 0x00,
  0x7a, 0x72, 0x30, 0xb8, 0x06, 0x00, 0x00, 0x00, 0x30, 0x2c, 0x00, 0x00,
  0x00, 0xf6, 0x0f, 0x04, 0x90, 0xf2, 0x3f, 0x3f, 0x3f, 0x00, 0x00, 0x00,
  0x3f, 0xe0, 0xff, 0x0f, 0x00, 0xea, 0x0f, 0x00, 0x7a, 0x72, 0x34, 0xb8,
  0x08, 0x00, 0x00, 0x00, 0x34, 0x2c, 0x00, 0x00, 0x00, 0xf6, 0x0f, 0x04,
  0x90, 0xf2, 0x3f, 0x3f, 0x3f, 0x00, 0x00, 0x00, 0x3f, 0xe0, 0xff, 0x0f,
  0x00, 0xea, 0x0f, 0x00, 0x7a, 0x72, 0x38, 0xb8, 0x0a, 0x00, 0x00, 0x00,
  0x38, 0x2c, 0x00, 0x00, 0x00, 0xf6, 0x0f, 0x04, 0x90, 0xf2, 0x3f, 0x3f,
  0x3f, 0x00, 0x00, 0x00, 0x3f, 0xe0, 0xff, 0x0f, 0x00, 0xea, 0x0f, 0x00,
  0x7a, 0x72, 0x3c, 0xb8, 0x0c, 0x00, 0x00, 0x00, 0x3c, 0x2c, 0x00, 0x00,
  0x00, 0xf6, 0x0f, 0x04, 0x90, 0xf2, 0x3f, 0x3f, 0x3f, 0x00, 0x00, 0x00,
  0x3f, 0xe0, 0xff, 0x0f, 0x00, 0xea, 0x0f, 0x00, 0x7a, 0x72, 0x40, 0xb8,
  0x0e, 0x00, 0x00, 0x00, 0x40, 0x2c, 0x00, 0x00, 0x00, 0xf6, 0x0f, 0x04,
  0x90, 0xf2, 0x3f, 0x3f, 0x3f, 0x00, 0x00, 0x00, 0x3f, 0xe0, 0xff, 0x0f,
  0x00, 0xea, 0x0f, 0x00, 0x7a, 0x72, 0x44, 0xb8, 0x10, 0x00, 0x00, 0x00,
  0x44, 0x2c, 0x00, 0x00, 0x00, 0xf6, 0x0f, 0x04, 0x90, 0xf2, 0x3f, 0x3f,
  0x3f, 0x00, 0x00, 0x00, 0x3f, 0xe0, 0xff, 0x0f, 0x00, 0xea, 0x0f, 0x00,
  0x7a, 0x72, 0x48, 0xb8, 0x12, 0x00, 0x00, 0x00, 0x48, 0x2c, 0x00, 0x00,
  0x00, 0xf6, 0x0f, 0x04, 0x90, 0xf2, 0x3f, 0x3f, 0x3f, 0x00, 0x00, 0x00,
  0x3f, 0xe0, 0xff, 0x0f, 0x00, 0xea, 0x0f, 0x00, 0x7a, 0x72, 0x4c, 0xb8,
  0x14, 0x00, 0x00, 0x00, 0x4c, 0x2c, 0x00, 0x00, 0x00, 0xf6, 0x0f, 0x04,
  0x90, 0xf2, 0x3f, 0x3f, 0x3f, 0x00, 0x00, 0x00, 0x3f, 0xe0, 0xff, 0x0f,
  0x00, 0xea, 0x0f, 0x00, 0x7a, 0x72, 0x50, 0xb8, 0x16, 0x00, 0x00, 0x00,
  0x50, 0x2c, 0x00, 0x00, 0x00, 0xf6, 0x0f, 0x04, 0x90, 0xf2, 0x3f, 0x3f,
  0x3f, 0x00, 0x00, 0x00, 0x3f, 0xe0, 0xff, 0x0f, 0x00, 0xea, 0x0f, 0x00,
  0x7a, 0x72, 0x54, 0xb8, 0x18, 0x00, 0x00, 0x00, 0x54, 0x2c, 0x00, 0x00,
  0x00, 0xf6, 0x0f, 0x04, 0x90, 0xf2, 0x3f, 0x3f, 0x3f, 0x00, 0x00, 0x00,
  0x3f, 0xe0, 0xff, 0x0f, 0x00, 0xea, 0x0f, 0x00, 0x7a, 0x72, 0x58, 0xb8,
  0x1a, 0x00, 0x00, 0x00, 0x58, 0x2c, 0x00, 0x00, 0x00, 0xf6, 0x0f, 0x04,
  0x90, 0xf2, 0x3f, 0x3f, 0x3f, 0x00, 0x00, 0x00, 0x3f, 0xe0, 0xff, 0x0f,
  0x00, 0xea, 0x0f, 0x00, 0x7a, 0x72, 0x5c, 0xb8, 0x1c, 0x00, 0x00, 0x00,
  0x5c, 0x2c, 0x00, 0x00, 0x00, 0xf6, 0x0f, 0x04, 0x90, 0xf2, 0x3f, 0x3f,
  0x3f, 0x00, 0x00, 0x00, 0x3f, 0xe0, 0xff, 0x0f, 0x00, 0xea, 0x0f, 0x00,
  0x7a, 0x72, 0x9c, 0xb8, 0x1e, 0x00, 0x00, 0x00, 0x9c, 0x2c, 0x00, 0x00,
  0x00, 0xf6, 0x0f, 0x04, 0x90, 0xf2, 0x3f, 0x3f, 0x3f, 0x00, 0x00, 0x00,
  0x3f, 0xe0, 0xff, 0x0f, 0x00, 0xea, 0x0f, 0x00, 0x7a, 0x72, 0xa0, 0xb8,
  0x20, 0x00, 0x00, 0x00, 0xa0, 0x2c, 0x00, 0x00, 0x00, 0xf6, 0x0f, 0x04,
  0x90, 0xf2, 0x3f, 0x3f, 0x3f, 0x00, 0x00, 0x00, 0x3f, 0xe0, 0xff, 0x0f,
  0x00, 0xea, 0x0f, 0x00, 0x7a, 0x72, 0xa4, 0xb8, 0x22, 0x00, 0x00, 0x00,
  0xa4, 0x2c, 0x00, 0x00, 0x00, 0xf6, 0x0f, 0x04, 0x90, 0xf2, 0x3f, 0x3f,
  0x3f, 0x00, 0x00, 0x00, 0x3f, 0xe0, 0xff, 0x0f, 0x00, 0xea, 0x0f, 0x00,
  0x7a, 0x72, 0xa8, 0xb8, 0x24, 0x00, 0x00, 0x00, 0xa8, 0x2c, 0x00, 0x00,
  0x00, 0xf6, 0x0f, 0x04, 0x90, 0xf2, 0x3f, 0x3f, 0x3f, 0x00, 0x00, 0x00,
  0x3f, 0xe0, 0xff, 0x0f, 0x00, 0xea, 0x0f, 0x00, 0x7a, 0x72, 0xac, 0xb8,
  0x26, 0x00, 0x00, 0x00, 0xac, 0x2c, 0x00, 0x00, 0x00, 0xf6, 0x0f, 0x04,
  0x90, 0xf2, 0x3f, 0x3f, 0x3f, 0x00, 0x00, 0x00, 0x3f, 0xe0, 0xff, 0x0f,
  0x00, 0xea, 0x0f, 0x00, 0x7a, 0x72, 0xb0, 0xb8, 0x28, 0x00, 0x00, 0x00,
  0xb0, 0x2c, 0x00, 0x00, 0x00, 0xf6, 0x0f, 0x04, 0x90, 0xf2, 0x3f, 0x3f,
  0x3f, 0x00, 0x00, 0x00, 0x3f, 0xe0, 0xff, 0x0f, 0x00, 0xea, 0x0f, 0x00,
  0x7a, 0x72, 0xb4, 0xb8, 0x2a, 0x00, 0x00, 0x00, 0xb4, 0x2c, 0x00, 0x00,
  0x00, 0xe2, 0x0f, 0x00, 0x90, 0xf2, 0x3f, 0x3f, 0x3f, 0x00, 0x00, 0x00,
  0x3f, 0xe0, 0xff, 0x0f, 0x00, 0xe8, 0x0f, 0x00, 0x47, 0x09, 0x00, 0x00,
  0xc0, 0x03, 0x00, 0x00, 0x00, 0x00, 0x80, 0x03, 0x00, 0xf6, 0x0f, 0x00,
  0x3b, 0x78, 0x06, 0xda, 0x00, 0x00, 0x60, 0x00, 0x00, 0x41, 0x00, 0x00,
  0x00, 0x28, 0x0f, 0x00, 0x3b, 0x78, 0x08, 0xda, 0x00, 0x00, 0x70, 0x00,
  0x00, 0x41, 0x00, 0x00, 0x00, 0xe8, 0x0e, 0x00, 0x3b, 0x78, 0x0a, 0xd7,
  0x00, 0x00, 0x60, 0x00, 0x00, 0x41, 0x00, 0x00, 0x00, 0xa8, 0x0e, 0x00,
  0x3b, 0x78, 0x0c, 0xd7, 0x00, 0x00, 0x70, 0x00, 0x00, 0x41, 0x00, 0x00,
  0x00, 0x68, 0x0e, 0x00, 0x3b, 0x78, 0x0e, 0xd6, 0x00, 0x00, 0x60, 0x00,
  0x00, 0x41, 0x00, 0x00, 0x00, 0x68, 0x0e, 0x00, 0x3b, 0x78, 0x10, 0xd6,
  0x00, 0x00, 0x70, 0x00, 0x00, 0x41, 0x00, 0x00, 0x00, 0x68, 0x0e, 0x00,
  0x3b, 0x78, 0x12, 0xd5, 0x00, 0x00, 0x60, 0x00, 0x00, 0x41, 0x00, 0x00,
  0x00, 0x68, 0x0e, 0x00, 0x3b, 0x78, 0x14, 0xd5, 0x00, 0x00, 0x70, 0x00,
  0x00, 0x41, 0x00, 0x00, 0x00, 0x68, 0x0e, 0x00, 0x3b, 0x78, 0x16, 0xd4,
  0x00, 0x00, 0x60, 0x00, 0x00, 0x41, 0x00, 0x00, 0x00, 0x68, 0x0e, 0x00,
  0x3b, 0x78, 0x18, 0xd4, 0x00, 0x00, 0x70, 0x00, 0x00, 0x41, 0x00, 0x00,
  0x00, 0x68, 0x0e, 0x00, 0x3b, 0x78, 0x1a, 0xd3, 0x00, 0x00, 0x60, 0x00,
  0x00, 0x41, 0x00, 0x00, 0x00, 0x62, 0x0e, 0x00, 0x16, 0x78, 0x04, 0x06,
  0x20, 0x64, 0x00, 0x00, 0x07, 0x00, 0x00, 0x00, 0x00, 0xc4, 0x0f, 0x01,
  0x16, 0x78, 0x06, 0x06, 0x31, 0x75, 0x00, 0x00, 0x07, 0x00, 0x00, 0x00,
  0x00, 0xe2, 0x0f, 0x00, 0x3b, 0x78, 0x1c, 0xd3, 0x00, 0x00, 0x70, 0x00,
  0x00, 0x41, 0x00, 0x00, 0x00, 0x22, 0x0f, 0x00, 0x16, 0x78, 0x05, 0x08,
  0x20, 0x64, 0x00, 0x00, 0x09, 0x00, 0x00, 0x00, 0x00, 0xe4, 0x8f, 0x14,
  0x16, 0x78, 0x07, 0x08, 0x31, 0x75, 0x00, 0x00, 0x09, 0x00, 0x00, 0x00,
  0x00, 0xe2, 0x0f, 0x00, 0x3b, 0x78, 0x1e, 0xd2, 0x00, 0x00, 0x60, 0x00,
  0x00, 0x41, 0x00, 0x00, 0x00, 0xe2, 0x0e, 0x00, 0x16, 0x78, 0x08, 0x0a,
  0x20, 0x64, 0x00, 0x00, 0x0b, 0x00, 0x00, 0x00, 0x00, 0xe4, 0x4f, 0x14,
  0x16, 0x78, 0x0a, 0x0a, 0x31, 0x75, 0x00, 0x00, 0x0b, 0x00, 0x00, 0x00,
  0x00, 0xe2, 0x0f, 0x00, 0x3b, 0x78, 0x20, 0xd2, 0x00, 0x00, 0x70, 0x00,
  0x00, 0x41, 0x00, 0x00, 0x00, 0xa2, 0x0e, 0x00, 0x16, 0x78, 0x09, 0x0c,
  0x20, 0x64, 0x00, 0x00, 0x0d, 0x00, 0x00, 0x00, 0x00, 0xc4, 0x2f, 0x00,
  0x16, 0x78, 0x0b, 0x0c, 0x31, 0x75, 0x00, 0x00, 0x0d, 0x00, 0x00, 0x00,
  0x00, 0xe2, 0x0f, 0x00, 0x3b, 0x78, 0x22, 0xd1, 0x00, 0x00, 0x60, 0x00,
  0x00, 0x41, 0x00, 0x00, 0x00, 0x62, 0x0e, 0x00, 0x16, 0x78, 0x0c, 0x0e,
  0x20, 0x64, 0x00, 0x00, 0x0f, 0x00, 0x00, 0x00, 0x00, 0xe4, 0x0f, 0x14,
  0x16, 0x78, 0x0e, 0x0e, 0x31, 0x75, 0x00, 0x00, 0x0f, 0x00, 0x00, 0x00,
  0x00, 0xe2, 0x0f, 0x00, 0x3b, 0x78, 0x24, 0xd1, 0x00, 0x00, 0x70, 0x00,
  0x00, 0x41, 0x00, 0x00, 0x00, 0x62, 0x0e, 0x00, 0x16, 0x78, 0x0d, 0x10,
  0x20, 0x64, 0x00, 0x00, 0x11, 0x00, 0x00, 0x00, 0x00, 0xe4, 0x0f, 0x14,
  0x16, 0x78, 0x0f, 0x10, 0x31, 0x75, 0x00, 0x00, 0x11, 0x00, 0x00, 0x00,
  0x00, 0xe2, 0x0f, 0x00, 0x3b, 0x78, 0x26, 0xd0, 0x00, 0x00, 0x60, 0x00,
  0x00, 0x41, 0x00, 0x00, 0x00, 0x62, 0x0e, 0x00, 0x16, 0x78, 0x10, 0x12,
  0x20, 0x64, 0x00, 0x00, 0x13, 0x00, 0x00, 0x00, 0x00, 0xc4, 0x0f, 0x00,
  0x16, 0x78, 0x12, 0x12, 0x31, 0x75, 0x00, 0x00, 0x13, 0x00, 0x00, 0x00,
  0x00, 0xe2, 0x0f, 0x00, 0x3b, 0x78, 0x28, 0xd0, 0x00, 0x00, 0x70, 0x00,
  0x00, 0x41, 0x00, 0x00, 0x00, 0x62, 0x0e, 0x00, 0x16, 0x78, 0x11, 0x14,
  0x20, 0x64, 0x00, 0x00, 0x15, 0x00, 0x00, 0x00, 0x00, 0xe4, 0x0f, 0x14,
  0x16, 0x78, 0x13, 0x14, 0x31, 0x75, 0x00, 0x00, 0x15, 0x00, 0x00, 0x00,
  0x00, 0xe2, 0x0f, 0x00, 0x3b, 0x78, 0x2a, 0xcf, 0x00, 0x00, 0x60, 0x00,
  0x00, 0x41, 0x00, 0x00, 0x00, 0x62, 0x0e, 0x00, 0x16, 0x78, 0x14, 0x16,
  0x20, 0x64, 0x00, 0x00, 0x17, 0x00, 0x00, 0x00, 0x00, 0xe4, 0x0f, 0x14,
  0x16, 0x78, 0x16, 0x16, 0x31, 0x75, 0x00, 0x00, 0x17, 0x00, 0x00, 0x00,
  0x00, 0xe2, 0x0f, 0x00, 0x3b, 0x78, 0xb8, 0xcf, 0x00, 0x00, 0x70, 0x00,
  0x00, 0x41, 0x00, 0x00, 0x00, 0x62, 0x0e, 0x00, 0x16, 0x78, 0x15, 0x18,
  0x20, 0x64, 0x00, 0x00, 0x19, 0x00, 0x00, 0x00, 0x00, 0xc4, 0x0f, 0x00,
  0x16, 0x78, 0x17, 0x18, 0x31, 0x75, 0x00, 0x00, 0x19, 0x00, 0x00, 0x00,
  0x00, 0xe4, 0x0f, 0x00, 0x16, 0x78, 0x18, 0x1a, 0x20, 0x64, 0x00, 0x00,
  0x1b, 0x00, 0x00, 0x00, 0x00, 0xe4, 0x0f, 0x14, 0x16, 0x78, 0x1a, 0x1a,
  0x31, 0x75, 0x00, 0x00, 0x1b, 0x00, 0x00, 0x00, 0x00, 0xe4, 0x0f, 0x00,
  0x16, 0x78, 0x19, 0x1c, 0x20, 0x64, 0x00, 0x00, 0x1d, 0x00, 0x00, 0x00,
  0x00, 0xe4, 0x0f, 0x15, 0x16, 0x78, 0x1b, 0x1c, 0x31, 0x75, 0x00, 0x00,
  0x1d, 0x00, 0x00, 0x00, 0x00, 0xe4, 0x0f, 0x00, 0x16, 0x78, 0x1c, 0x1e,
  0x20, 0x64, 0x00, 0x00, 0x1f, 0x00, 0x00, 0x00, 0x00, 0xc4, 0x8f, 0x00,
  0x16, 0x78, 0x1e, 0x1e, 0x31, 0x75, 0x00, 0x00, 0x1f, 0x00, 0x00, 0x00,
  0x00, 0xe4, 0x0f, 0x00, 0x16, 0x78, 0x1d, 0x20, 0x20, 0x64, 0x00, 0x00,
  0x21, 0x00, 0x00, 0x00, 0x00, 0xe4, 0x4f, 0x14, 0x16, 0x78, 0x1f, 0x20,
  0x31, 0x75, 0x00, 0x00, 0x21, 0x00, 0x00, 0x00, 0x00, 0xe4, 0x0f, 0x00,
  0x16, 0x78, 0x20, 0x22, 0x20, 0x64, 0x00, 0x00, 0x23, 0x00, 0x00, 0x00,
  0x00, 0xe4, 0x2f, 0x14, 0x16, 0x78, 0x22, 0x22, 0x31, 0x75, 0x00, 0x00,
  0x23, 0x00, 0x00, 0x00, 0x00, 0xe4, 0x0f, 0x00, 0x16, 0x78, 0x21, 0x24,
  0x20, 0x64, 0x00, 0x00, 0x25, 0x00, 0x00, 0x00, 0x00, 0xc4, 0x0f, 0x00,
  0x16, 0x78, 0x23, 0x24, 0x31, 0x75, 0x00, 0x00, 0x25, 0x00, 0x00, 0x00,
  0x00, 0xe4, 0x0f, 0x00, 0x16, 0x78, 0x24, 0x26, 0x20, 0x64, 0x00, 0x00,
  0x27, 0x00, 0x00, 0x00, 0x00, 0xe4, 0x0f, 0x14, 0x16, 0x78, 0x26, 0x26,
  0x31, 0x75, 0x00, 0x00, 0x27, 0x00, 0x00, 0x00, 0x00, 0xe4, 0x0f, 0x00,
  0x16, 0x78, 0x25, 0x28, 0x20, 0x64, 0x00, 0x00, 0x29, 0x00, 0x00, 0x00,
  0x00, 0xe4, 0x0f, 0x14, 0x16, 0x78, 0x27, 0x28, 0x31, 0x75, 0x00, 0x00,
  0x29, 0x00, 0x00, 0x00, 0x00, 0xe4, 0x0f, 0x00, 0x16, 0x78, 0x28, 0x2a,
  0x20, 0x64, 0x00, 0x00, 0x2b, 0x00, 0x00, 0x00, 0x00, 0xc4, 0x0f, 0x00,
  0x16, 0x78, 0x2a, 0x2a, 0x31, 0x75, 0x00, 0x00, 0x2b, 0x00, 0x00, 0x00,
  0x00, 0xe4, 0x0f, 0x00, 0x16, 0x78, 0x29, 0xb8, 0x20, 0x64, 0x00, 0x00,
  0xb9, 0x00, 0x00, 0x00, 0x00, 0xe4, 0x0f, 0x14, 0x16, 0x78, 0x2b, 0xb8,
  0x31, 0x75, 0x00, 0x00, 0xb9, 0x00, 0x00, 0x00, 0x00, 0xe4, 0x0f, 0x00,
  0x8c, 0x72, 0x00, 0x0e, 0x0c, 0x00, 0x00, 0x00, 0x70, 0x62, 0xf0, 0x0b,
  0x00, 0xe4, 0x0f, 0x00, 0x82, 0x7c, 0x04, 0x00, 0x0e, 0x00, 0x00, 0x00,
  0x00, 0x00, 0x00, 0x08, 0x00, 0xc8, 0x0f, 0x00, 0x1c, 0x78, 0x00, 0x00,
  0x00, 0x00, 0x00, 0x00, 0x08, 0xf0, 0xf0, 0x03, 0x00, 0xda, 0x0f, 0x00,
  0x44, 0x09, 0x00, 0x00, 0x10, 0x00, 0x00, 0x00, 0x00, 0x00, 0xc0, 0x03,
  0x00, 0xe2, 0x0f, 0x00, 0x47, 0x79, 0x00, 0x00, 0x30, 0xd1, 0xff, 0xff,
  0xff, 0xff, 0x83, 0x03, 0x00, 0xea, 0x0f, 0x00, 0x21, 0x72, 0x00, 0xc8,
  0xce, 0x00, 0x00, 0x00, 0x00, 0x01, 0x01, 0x00, 0x00, 0xe2, 0x4f, 0x13,
  0x21, 0x72, 0xce, 0xc9, 0xce, 0x00, 0x00, 0x00, 0x00, 0x01, 0x01, 0x00,
  0x00, 0xe2, 0x0f, 0x00, 0x02, 0x78, 0x2b, 0x00, 0x00, 0x00, 0x80, 0x3f,
  0x00, 0x0f, 0x00, 0x00, 0x00, 0xe2, 0x0f, 0x00, 0x19, 0x79, 0x08, 0x00,
  0x00, 0x00, 0x00, 0x00, 0x00, 0x21, 0x00, 0x00, 0x00, 0xa2, 0x0e, 0x00,
  0x20, 0x78, 0x03, 0x00, 0x3b, 0xaa, 0xb8, 0x3f, 0x00, 0x00, 0x41, 0x00,
  0x00, 0xe2, 0x0f, 0x00, 0x20, 0x78, 0xce, 0xce, 0x3b, 0xaa, 0xb8, 0x3f,
  0x00, 0x00, 0x41, 0x00, 0x00, 0xe2, 0x0f, 0x00, 0xc3, 0x79, 0x04, 0x00,
  0x00, 0x00, 0x00, 0x00, 0x00, 0x26, 0x00, 0x00, 0x00, 0x22, 0x0f, 0x00,
  0x19, 0x79, 0x00, 0x00, 0x00, 0x00, 0x00, 0x00, 0x00, 0x21, 0x00, 0x00,
  0x00, 0xe2, 0x0e, 0x00, 0xb9, 0x7a, 0x07, 0x00, 0x00, 0xd3, 0x00, 0x00,
  0x00, 0x08, 0x00, 0x00, 0x00, 0xe2, 0x0f, 0x00, 0x45, 0x79, 0x00, 0x00,
  0x60, 0x33, 0x00, 0x00, 0x00, 0x00, 0x80, 0x03, 0x00, 0xe2, 0x0f, 0x00,
  0x08, 0x73, 0x03, 0x00, 0x03, 0x00, 0x00, 0x00, 0x00, 0x08, 0x00, 0x00,
  0x00, 0x62, 0x0e, 0x00, 0x1d, 0x7b, 0x00, 0x00, 0x00, 0x00, 0x00, 0x00,
  0x00, 0x00, 0x01, 0x00, 0x00, 0xee, 0x0f, 0x00, 0x08, 0x73, 0xce, 0x00,
  0xce, 0x00, 0x00, 0x00, 0x00, 0x08, 0x00, 0x00, 0x00, 0xe2, 0x0e, 0x00,
  0x23, 0x78, 0xca, 0x03, 0x00, 0x00, 0x80, 0x43, 0xca, 0x00, 0x01, 0x00,
  0x00, 0xe2, 0x2f, 0x00, 0x19, 0x78, 0x09, 0xff, 0x1f, 0x00, 0x00, 0x00,
  0x08, 0x14, 0x01, 0x00, 0x00, 0xe2, 0x4f, 0x00, 0xa4, 0x72, 0x08, 0x08,
  0x07, 0x00, 0x00, 0x00, 0x04, 0x02, 0x8e, 0x0f, 0x00, 0xc6, 0x0f, 0x01,
  0x0b, 0x72, 0x00, 0xca, 0xff, 0x00, 0x00, 0x00, 0x00, 0x50, 0xf1, 0x03,
  0x00, 0xe4, 0x0f, 0x00, 0x12, 0x78, 0x07, 0x00, 0x60, 0x00, 0x00, 0x00,
  0xff, 0xc0, 0x8e, 0x07, 0x00, 0xe2, 0x8f, 0x00, 0x23, 0x78, 0xcb, 0xce,
  0x00, 0x00, 0x80, 0x43, 0xcb, 0x00, 0x01, 0x00, 0x00, 0xe2, 0x0f, 0x00,
  0x12, 0x78, 0x04, 0x00, 0x1c, 0x00, 0x00, 0x00, 0xff, 0xc0, 0x8e, 0x07,
  0x00, 0xe2, 0x0f, 0x04, 0xb9, 0x7a, 0x04, 0x00, 0x00, 0xd8, 0x00, 0x00,
  0x00, 0x08, 0x00, 0x00, 0x00, 0xe2, 0x0f, 0x00, 0x19, 0x78, 0x03, 0xff,
  0x01, 0x00, 0x00, 0x00, 0x07, 0x16, 0x01, 0x00, 0x00, 0xe2, 0x0f, 0x00,
  0xa4, 0x72, 0x04, 0x08, 0x04, 0x00, 0x00, 0x00, 0x3f, 0x02, 0x8e, 0x0f,
  0x00, 0xe2, 0x0f, 0x00, 0x12, 0x78, 0x06, 0x00, 0x07, 0x00, 0x00, 0x00,
  0xff, 0xc0, 0x8e, 0x07, 0x00, 0xe4, 0x0f, 0x00, 0x11, 0x72, 0x04, 0x04,
  0x03, 0x00, 0x00, 0x00, 0xff, 0xf0, 0x8f, 0x07, 0x00, 0xe2, 0x0f, 0x00,
  0x24, 0x74, 0x03, 0xff, 0x00, 0x00, 0x80, 0x3f, 0xff, 0x00, 0x8e, 0x07,
  0x00, 0xe2, 0x0f, 0x00, 0x12, 0x78, 0x05, 0x00, 0x80, 0x00, 0x00, 0x00,
  0xff, 0xc0, 0x8e, 0x07, 0x00, 0xe2, 0x0f, 0x00, 0x08, 0x03, 0x2b, 0x00,
  0xca, 0x00, 0x00, 0x00, 0x00, 0x10, 0x00, 0x00, 0x00, 0x62, 0x0e, 0x00,
  0x0b, 0x72, 0x00, 0xcb, 0xff, 0x00, 0x00, 0x00, 0x00, 0x50, 0xf1, 0x03,
  0x00, 0xe2, 0x0f, 0x00, 0x99, 0x78, 0x07, 0x3f, 0x1f, 0x00, 0x00, 0x00,
  0x04, 0x14, 0x01, 0x08, 0x00, 0xe2, 0x0f, 0x00, 0x11, 0x72, 0x05, 0x05,
  0x06, 0x00, 0x00, 0x00, 0xff, 0xe8, 0x8f, 0x07, 0x00, 0xc4, 0x0f, 0x00,
  0x11, 0x72, 0x61, 0x09, 0x08, 0x00, 0x00, 0x00, 0xff, 0x30, 0x8f, 0x07,
  0x00, 0xc6, 0x0f, 0x00, 0x24, 0x78, 0x60, 0x04, 0x40, 0x00, 0x00, 0x00,
  0x05, 0x02, 0x8e, 0x07, 0x00, 0xe2, 0x0f, 0x00, 0x12, 0x78, 0x07, 0x61,
  0xc0, 0xff, 0xff, 0xff, 0xff, 0xc0, 0x8e, 0x07, 0x00, 0xc8, 0x0f, 0x00,
  0x10, 0x72, 0x62, 0x07, 0x08, 0x00, 0x00, 0x00, 0xff, 0xe1, 0xff, 0x07,
  0x00, 0xe2, 0x0f, 0x00, 0x08, 0x03, 0x03, 0x00, 0xcb, 0x00, 0x00, 0x00,
  0x00, 0x10, 0x00, 0x00, 0x00, 0xa2, 0x0e, 0x00, 0x20, 0x72, 0x17, 0x2b,
  0x51, 0x00, 0x00, 0x00, 0x00, 0x00, 0x41, 0x00, 0x00, 0xe2, 0x2f, 0x04,
  0x20, 0x72, 0x04, 0x2b, 0x2c, 0x00, 0x00, 0x00, 0x00, 0x00, 0x41, 0x00,
  0x00, 0xe2, 0x0f, 0x04, 0x24, 0x78, 0x51, 0x60, 0x10, 0x00, 0x00, 0x00,
  0xff, 0x00, 0x8e, 0x07, 0x00, 0xe2, 0x0f, 0x00, 0x20, 0x72, 0x06, 0x2b,
  0x2d, 0x00, 0x00, 0x00, 0x00, 0x00, 0x41, 0x00, 0x00, 0xe2, 0x0f, 0x04,
  0x20, 0x72, 0x05, 0x2b, 0x30, 0x00, 0x00, 0x00, 0x00, 0x00, 0x41, 0x00,
  0x00, 0xe2, 0x0f, 0x04, 0x20, 0x72, 0x07, 0x2b, 0x31, 0x00, 0x00, 0x00,
  0x00, 0x00, 0x41, 0x00, 0x00, 0xe2, 0x0f, 0x04, 0x20, 0x72, 0x08, 0x2b,
  0x34, 0x00, 0x00, 0x00, 0x00, 0x00, 0x41, 0x00, 0x00, 0xe2, 0x0f, 0x04,
  0x20, 0x72, 0x0a, 0x2b, 0x35, 0x00, 0x00, 0x00, 0x00, 0x00, 0x41, 0x00,
  0x00, 0xe2, 0x0f, 0x04, 0x20, 0x72, 0x09, 0x2b, 0x38, 0x00, 0x00, 0x00,
  0x00, 0x00, 0x41, 0x00, 0x00, 0xe2, 0x0f, 0x04, 0x20, 0x72, 0x0b, 0x2b,
  0x39, 0x00, 0x00, 0x00, 0x00, 0x00, 0x41, 0x00, 0x00, 0xe2, 0x0f, 0x04,
  0x20, 0x72, 0x0c, 0x2b, 0x3c, 0x00, 0x00, 0x00, 0x00, 0x00, 0x41, 0x00,
  0x00, 0xe2, 0x0f, 0x04, 0x20, 0x72, 0x0e, 0x2b, 0x3d, 0x00, 0x00, 0x00,
  0x00, 0x00, 0x41, 0x00, 0x00, 0xe2, 0x0f, 0x04, 0x20, 0x72, 0x18, 0x2b,
  0x54, 0x00, 0x00, 0x00, 0x00, 0x00, 0x41, 0x00, 0x00, 0xe2, 0x0f, 0x04,
  0x20, 0x72, 0x0d, 0x2b, 0x40, 0x00, 0x00, 0x00, 0x00, 0x00, 0x41, 0x00,
  0x00, 0xe2, 0x0f, 0x00, 0x20, 0x72, 0x2c, 0x03, 0x2e, 0x00, 0x00, 0x00,
  0x00, 0x00, 0x41, 0x00, 0x00, 0xe2, 0x4f, 0x04, 0x20, 0x72, 0x2e, 0x03,
  0x2f, 0x00, 0x00, 0x00, 0x00, 0x00, 0x41, 0x00, 0x00, 0xe2, 0x0f, 0x04,
  0x20, 0x72, 0x2d, 0x03, 0x32, 0x00, 0x00, 0x00, 0x00, 0x00, 0x41, 0x00,
  0x00, 0xe2, 0x0f, 0x04, 0x20, 0x72, 0x2f, 0x03, 0x33, 0x00, 0x00, 0x00,
  0x00, 0x00, 0x41, 0x00, 0x00, 0xe2, 0x0f, 0x04, 0x20, 0x72, 0x30, 0x03,
  0x36, 0x00, 0x00, 0x00, 0x00, 0x00, 0x41, 0x00, 0x00, 0xe2, 0x0f, 0x04,
  0x20, 0x72, 0x32, 0x03, 0x37, 0x00, 0x00, 0x00, 0x00, 0x00, 0x41, 0x00,
  0x00, 0xe2, 0x0f, 0x04, 0x20, 0x72, 0x31, 0x03, 0x3a, 0x00, 0x00, 0x00,
  0x00, 0x00, 0x41, 0x00, 0x00, 0xe2, 0x0f, 0x04, 0x20, 0x72, 0x33, 0x03,
  0x3b, 0x00, 0x00, 0x00, 0x00, 0x00, 0x41, 0x00, 0x00, 0xe2, 0x0f, 0x04,
  0x20, 0x72, 0x34, 0x03, 0x3e, 0x00, 0x00, 0x00, 0x00, 0x00, 0x41, 0x00,
  0x00, 0xe2, 0x0f, 0x04, 0x20, 0x72, 0x36, 0x03, 0x3f, 0x00, 0x00, 0x00,
  0x00, 0x00, 0x41, 0x00, 0x00, 0xe2, 0x0f, 0x00, 0x20, 0x72, 0x0f, 0x2b,
  0x41, 0x00, 0x00, 0x00, 0x00, 0x00, 0x41, 0x00, 0x00, 0xe2, 0x0f, 0x04,
  0x20, 0x72, 0x10, 0x2b, 0x44, 0x00, 0x00, 0x00, 0x00, 0x00, 0x41, 0x00,
  0x00, 0xe2, 0x0f, 0x04, 0x20, 0x72, 0x12, 0x2b, 0x45, 0x00, 0x00, 0x00,
  0x00, 0x00, 0x41, 0x00, 0x00, 0xe2, 0x0f, 0x04, 0x20, 0x72, 0x11, 0x2b,
  0x48, 0x00, 0x00, 0x00, 0x00, 0x00, 0x41, 0x00, 0x00, 0xe2, 0x0f, 0x04,
  0x20, 0x72, 0x13, 0x2b, 0x49, 0x00, 0x00, 0x00, 0x00, 0x00, 0x41, 0x00,
  0x00, 0xe2, 0x0f, 0x04, 0x20, 0x72, 0x14, 0x2b, 0x4c, 0x00, 0x00, 0x00,
  0x00, 0x00, 0x41, 0x00, 0x00, 0xe2, 0x0f, 0x04, 0x20, 0x72, 0x16, 0x2b,
  0x4d, 0x00, 0x00, 0x00, 0x00, 0x00, 0x41, 0x00, 0x00, 0xe2, 0x0f, 0x04,
  0x20, 0x72, 0x15, 0x2b, 0x50, 0x00, 0x00, 0x00, 0x00, 0x00, 0x41, 0x00,
  0x00, 0xe2, 0x0f, 0x00, 0x20, 0x72, 0x35, 0x03, 0x42, 0x00, 0x00, 0x00,
  0x00, 0x00, 0x41, 0x00, 0x00, 0xe2, 0x0f, 0x04, 0x20, 0x72, 0x37, 0x03,
  0x43, 0x00, 0x00, 0x00, 0x00, 0x00, 0x41, 0x00, 0x00, 0xe2, 0x0f, 0x04,
  0x20, 0x72, 0x38, 0x03, 0x46, 0x00, 0x00, 0x00, 0x00, 0x00, 0x41, 0x00,
  0x00, 0xe2, 0x0f, 0x04, 0x20, 0x72, 0x3a, 0x03, 0x47, 0x00, 0x00, 0x00,
  0x00, 0x00, 0x41, 0x00, 0x00, 0xe2, 0x0f, 0x04, 0x20, 0x72, 0x39, 0x03,
  0x4a, 0x00, 0x00, 0x00, 0x00, 0x00, 0x41, 0x00, 0x00, 0xe2, 0x0f, 0x04,
  0x20, 0x72, 0x3b, 0x03, 0x4b, 0x00, 0x00, 0x00, 0x00, 0x00, 0x41, 0x00,
  0x00, 0xe2, 0x0f, 0x04, 0x20, 0x72, 0x3c, 0x03, 0x4e, 0x00, 0x00, 0x00,
  0x00, 0x00, 0x41, 0x00, 0x00, 0xe2, 0x0f, 0x04, 0x20, 0x72, 0x3e, 0x03,
  0x4f, 0x00, 0x00, 0x00, 0x00, 0x00, 0x41, 0x00, 0x00, 0xe2, 0x0f, 0x04,
  0x20, 0x72, 0x3d, 0x03, 0x52, 0x00, 0x00, 0x00, 0x00, 0x00, 0x41, 0x00,
  0x00, 0xe2, 0x0f, 0x04, 0x20, 0x72, 0x3f, 0x03, 0x53, 0x00, 0x00, 0x00,
  0x00, 0x00, 0x41, 0x00, 0x00, 0xe2, 0x0f, 0x00, 0x12, 0x78, 0x54, 0x51,
  0x40, 0x00, 0x00, 0x00, 0xff, 0x3c, 0x8e, 0x07, 0x00, 0xe2, 0x0f, 0x00,
  0x20, 0x72, 0x40, 0x03, 0x56, 0x00, 0x00, 0x00, 0x00, 0x00, 0x41, 0x00,
  0x00, 0xe2, 0x0f, 0x04, 0x20, 0x72, 0x42, 0x03, 0x57, 0x00, 0x00, 0x00,
  0x00, 0x00, 0x41, 0x00, 0x00, 0xe2, 0x0f, 0x04, 0x20, 0x72, 0x41, 0x03,
  0x5a, 0x00, 0x00, 0x00, 0x00, 0x00, 0x41, 0x00, 0x00, 0xe2, 0x0f, 0x04,
  0x20, 0x72, 0x43, 0x03, 0x5b, 0x00, 0x00, 0x00, 0x00, 0x00, 0x41, 0x00,
  0x00, 0xe2, 0x0f, 0x04, 0x20, 0x72, 0x44, 0x03, 0x5e, 0x00, 0x00, 0x00,
  0x00, 0x00, 0x41, 0x00, 0x00, 0xe2, 0x0f, 0x04, 0x20, 0x72, 0x46, 0x03,
  0x5f, 0x00, 0x00, 0x00, 0x00, 0x00, 0x41, 0x00, 0x00, 0xe2, 0x0f, 0x04,
  0x20, 0x72, 0x45, 0x03, 0x9e, 0x00, 0x00, 0x00, 0x00, 0x00, 0x41, 0x00,
  0x00, 0xe2, 0x0f, 0x04, 0x20, 0x72, 0x47, 0x03, 0x9f, 0x00, 0x00, 0x00,
  0x00, 0x00, 0x41, 0x00, 0x00, 0xe2, 0x0f, 0x04, 0x20, 0x72, 0x48, 0x03,
  0xa2, 0x00, 0x00, 0x00, 0x00, 0x00, 0x41, 0x00, 0x00, 0xe2, 0x0f, 0x04,
  0x20, 0x72, 0x4a, 0x03, 0xa3, 0x00, 0x00, 0x00, 0x00, 0x00, 0x41, 0x00,
  0x00, 0xe2, 0x0f, 0x04, 0x20, 0x72, 0x49, 0x03, 0xa6, 0x00, 0x00, 0x00,
  0x00, 0x00, 0x41, 0x00, 0x00, 0xe2, 0x0f, 0x04, 0x20, 0x72, 0x4b, 0x03,
  0xa7, 0x00, 0x00, 0x00, 0x00, 0x00, 0x41, 0x00, 0x00, 0xe2, 0x0f, 0x04,
  0x20, 0x72, 0x4c, 0x03, 0xaa, 0x00, 0x00, 0x00, 0x00, 0x00, 0x41, 0x00,
  0x00, 0xe2, 0x0f, 0x04, 0x20, 0x72, 0x4e, 0x03, 0xab, 0x00, 0x00, 0x00,
  0x00, 0x00, 0x41, 0x00, 0x00, 0xe2, 0x0f, 0x04, 0x20, 0x72, 0x4d, 0x03,
  0xae, 0x00, 0x00, 0x00, 0x00, 0x00, 0x41, 0x00, 0x00, 0xe2, 0x0f, 0x04,
  0x20, 0x72, 0x4f, 0x03, 0xaf, 0x00, 0x00, 0x00, 0x00, 0x00, 0x41, 0x00,
  0x00, 0xe2, 0x0f, 0x04, 0x20, 0x72, 0x50, 0x03, 0xb2, 0x00, 0x00, 0x00,
  0x00, 0x00, 0x41, 0x00, 0x00, 0xe2, 0x0f, 0x04, 0x20, 0x72, 0x52, 0x03,
  0xb3, 0x00, 0x00, 0x00, 0x00, 0x00, 0x41, 0x00, 0x00, 0xe2, 0x0f, 0x04,
  0x20, 0x72, 0x51, 0x03, 0xb6, 0x00, 0x00, 0x00, 0x00, 0x00, 0x41, 0x00,
  0x00, 0xe2, 0x0f, 0x04, 0x20, 0x72, 0x53, 0x03, 0xb7, 0x00, 0x00, 0x00,
  0x00, 0x00, 0x41, 0x00, 0x00, 0xe2, 0x0f, 0x00, 0x19, 0x78, 0x03, 0xff,
  0x06, 0x00, 0x00, 0x00, 0x61, 0x14, 0x01, 0x00, 0x00, 0xe2, 0x0f, 0x00,
  0x88, 0x73, 0x00, 0x60, 0x04, 0x00, 0x00, 0x00, 0x00, 0xcc, 0x00, 0x00,
  0x00, 0xe2, 0x03, 0x00, 0x20, 0x72, 0x1a, 0x2b, 0x55, 0x00, 0x00, 0x00,
  0x00, 0x00, 0x41, 0x00, 0x00, 0xe2, 0x0f, 0x04, 0x20, 0x72, 0x19, 0x2b,
  0x58, 0x00, 0x00, 0x00, 0x00, 0x00, 0x41, 0x00, 0x00, 0xe2, 0x0f, 0x00,
  0x10, 0x7c, 0x03, 0x03, 0x05, 0x00, 0x00, 0x00, 0xff, 0xe0, 0xff, 0x0f,
  0x00, 0xe2, 0x0f, 0x00, 0x20, 0x72, 0x1b, 0x2b, 0x59, 0x00, 0x00, 0x00,
  0x00, 0x00, 0x41, 0x00, 0x00, 0xe2, 0x0f, 0x04, 0x88, 0x73, 0x00, 0x60,
  0x2c, 0x00, 0x20, 0x00, 0x00, 0xcc, 0x00, 0x00, 0x00, 0xe2, 0x0f, 0x00,
  0x20, 0x72, 0x1c, 0x2b, 0x5c, 0x00, 0x00, 0x00, 0x00, 0x00, 0x41, 0x00,
  0x00, 0xe2, 0x0f, 0x04, 0x20, 0x72, 0x1e, 0x2b, 0x5d, 0x00, 0x00, 0x00,
  0x00, 0x00, 0x41, 0x00, 0x00, 0xe2, 0x0f, 0x04, 0x20, 0x72, 0x1d, 0x2b,
  0x9c, 0x00, 0x00, 0x00, 0x00, 0x00, 0x41, 0x00, 0x00, 0xe2, 0x0f, 0x04,
  0x20, 0x72, 0x1f, 0x2b, 0x9d, 0x00, 0x00, 0x00, 0x00, 0x00, 0x41, 0x00,
  0x00, 0xe2, 0x0f, 0x04, 0x88, 0x73, 0x00, 0x54, 0x08, 0x00, 0x00, 0x00,
  0x00, 0x0c, 0x00, 0x00, 0x00, 0xe2, 0x0f, 0x00, 0x20, 0x72, 0x20, 0x2b,
  0xa0, 0x00, 0x00, 0x00, 0x00, 0x00, 0x41, 0x00, 0x00, 0xe2, 0x0f, 0x04,
  0x20, 0x72, 0x22, 0x2b, 0xa1, 0x00, 0x00, 0x00, 0x00, 0x00, 0x41, 0x00,
  0x00, 0xe2, 0x0f, 0x04, 0x20, 0x72, 0x21, 0x2b, 0xa4, 0x00, 0x00, 0x00,
  0x00, 0x00, 0x41, 0x00, 0x00, 0xe2, 0x0f, 0x04, 0x88, 0x73, 0x00, 0x54,
  0x30, 0x00, 0x20, 0x00, 0x00, 0x0c, 0x00, 0x00, 0x00, 0xe2, 0x0f, 0x00,
  0x20, 0x72, 0x23, 0x2b, 0xa5, 0x00, 0x00, 0x00, 0x00, 0x00, 0x41, 0x00,
  0x00, 0xe2, 0x0f, 0x04, 0x24, 0x78, 0x04, 0x62, 0x04, 0x00, 0x00, 0x00,
  0xff, 0x00, 0x8e, 0x07, 0x00, 0xe2, 0x2f, 0x00, 0x19, 0x78, 0x06, 0xff,
  0x1f, 0x00, 0x00, 0x00, 0x03, 0x14, 0x01, 0x00, 0x00, 0xe2, 0x0f, 0x00,
  0x88, 0x73, 0x00, 0x60, 0x0c, 0x80, 0x00, 0x00, 0x00, 0xcc, 0x00, 0x00,
  0x00, 0xe2, 0x0f, 0x00, 0x20, 0x72, 0x24, 0x2b, 0xa8, 0x00, 0x00, 0x00,
  0x00, 0x00, 0x41, 0x00, 0x00, 0xe2, 0x0f, 0x04, 0x20, 0x72, 0x26, 0x2b,
  0xa9, 0x00, 0x00, 0x00, 0x00, 0x00, 0x41, 0x00, 0x00, 0xe2, 0x0f, 0x04,
  0x19, 0x78, 0x05, 0xff, 0x1f, 0x00, 0x00, 0x00, 0x04, 0x14, 0x01, 0x00,
  0x00, 0xe2, 0x0f, 0x10, 0x88, 0x73, 0x00, 0x60, 0x34, 0x80, 0x20, 0x00,
  0x00, 0xcc, 0x00, 0x00, 0x00, 0xe2, 0x0f, 0x00, 0x20, 0x72, 0x25, 0x2b,
  0xac, 0x00, 0x00, 0x00, 0x00, 0x00, 0x41, 0x00, 0x00, 0xe2, 0x0f, 0x04,
  0x20, 0x72, 0x27, 0x2b, 0xad, 0x00, 0x00, 0x00, 0x00, 0x00, 0x41, 0x00,
  0x00, 0xe2, 0x0f, 0x04, 0x20, 0x72, 0x28, 0x2b, 0xb0, 0x00, 0x00, 0x00,
  0x00, 0x00, 0x41, 0x00, 0x00, 0xe2, 0x0f, 0x04, 0x20, 0x72, 0x2a, 0x2b,
  0xb1, 0x00, 0x00, 0x00, 0x00, 0x00, 0x41, 0x00, 0x00, 0xe2, 0x0f, 0x04,
  0x20, 0x72, 0x29, 0x2b, 0xb4, 0x00, 0x00, 0x00, 0x00, 0x00, 0x41, 0x00,
  0x00, 0xe2, 0x0f, 0x04, 0x88, 0x73, 0x00, 0x54, 0x10, 0x80, 0x00, 0x00,
  0x00, 0x0c, 0x00, 0x00, 0x00, 0xe2, 0x0f, 0x00, 0x20, 0x72, 0x2b, 0x2b,
  0xb5, 0x00, 0x00, 0x00, 0x00, 0x00, 0x41, 0x00, 0x00, 0xe2, 0x0f, 0x00,
  0x0c, 0x7c, 0x00, 0x03, 0x06, 0x00, 0x00, 0x00, 0x70, 0x62, 0xf0, 0x0b,
  0x00, 0xe2, 0x0f, 0x04, 0x24, 0x7a, 0x06, 0x06, 0x00, 0x84, 0x00, 0x00,
  0xff, 0x02, 0x8e, 0x07, 0x00, 0xe2, 0x0f, 0x00, 0x88, 0x73, 0x00, 0x54,
  0x38, 0x80, 0x20, 0x00, 0x00, 0x0c, 0x00, 0x00, 0x00, 0xe2, 0x0f, 0x00,
  0x25, 0x7a, 0x04, 0x03, 0x00, 0x84, 0x00, 0x00, 0x04, 0x00, 0x8e, 0x07,
  0x00, 0xc6, 0x0f, 0x00, 0x88, 0x73, 0x00, 0x60, 0x14, 0x00, 0x01, 0x00,
  0x00, 0xcc, 0x00, 0x00, 0x00, 0xe2, 0x0f, 0x00, 0x24, 0x7a, 0x07, 0x03,
  0x00, 0x85, 0x00, 0x00, 0x06, 0x02, 0x8e, 0x07, 0x00, 0xc6, 0x0f, 0x00,
  0x88, 0x73, 0x00, 0x60, 0x3c, 0x00, 0x21, 0x00, 0x00, 0xcc, 0x00, 0x00,
  0x00, 0xe8, 0x0f, 0x00, 0x88, 0x73, 0x00, 0x54, 0x18, 0x00, 0x01, 0x00,
  0x00, 0x0c, 0x00, 0x00, 0x00, 0xe8, 0x0f, 0x00, 0x88, 0x73, 0x00, 0x54,
  0x40, 0x00, 0x21, 0x00, 0x00, 0x0c, 0x00, 0x00, 0x00, 0xe8, 0x0f, 0x00,
  0x88, 0x73, 0x00, 0x60, 0x1c, 0x80, 0x01, 0x00, 0x00, 0xcc, 0x00, 0x00,
  0x00, 0xe8, 0x0f, 0x00, 0x88, 0x73, 0x00, 0x60, 0x44, 0x80, 0x21, 0x00,
  0x00, 0xcc, 0x00, 0x00, 0x00, 0xe8, 0x0f, 0x00, 0x88, 0x73, 0x00, 0x54,
  0x20, 0x80, 0x01, 0x00, 0x00, 0x0c, 0x00, 0x00, 0x00, 0xe8, 0x0f, 0x00,
  0x88, 0x73, 0x00, 0x54, 0x48, 0x80, 0x21, 0x00, 0x00, 0x0c, 0x00, 0x00,
  0x00, 0xe8, 0x0f, 0x00, 0x88, 0x73, 0x00, 0x60, 0x24, 0x00, 0x02, 0x00,
  0x00, 0xcc, 0x00, 0x00, 0x00, 0xe8, 0x0f, 0x00, 0x88, 0x73, 0x00, 0x60,
  0x4c, 0x00, 0x22, 0x00, 0x00, 0xcc, 0x00, 0x00, 0x00, 0xe8, 0x03, 0x00,
  0x88, 0x73, 0x00, 0x54, 0x28, 0x00, 0x02, 0x00, 0x00, 0x0c, 0x00, 0x00,
  0x00, 0xe8, 0x05, 0x00, 0x88, 0x73, 0x00, 0x54, 0x50, 0x00, 0x22, 0x00,
  0x00, 0x0c, 0x00, 0x00, 0x00, 0xe8, 0x05, 0x00, 0x88, 0x73, 0x00, 0x60,
  0x58, 0x80, 0x02, 0x00, 0x00, 0xcc, 0x00, 0x00, 0x00, 0xe8, 0x05, 0x00,
  0x88, 0x73, 0x00, 0x60, 0x58, 0x80, 0x22, 0x00, 0x00, 0xcc, 0x00, 0x00,
  0x00, 0xe2, 0x05, 0x00, 0x10, 0x7c, 0x4c, 0x04, 0x04, 0x00, 0x00, 0x00,
  0xff, 0xe0, 0xf3, 0x0f, 0x00, 0xc6, 0x2f, 0x00, 0x88, 0x73, 0x00, 0x54,
  0x58, 0x80, 0x02, 0x00, 0x00, 0x0c, 0x00, 0x00, 0x00, 0xe2, 0x05, 0x00,
  0x10, 0x7c, 0x4d, 0x05, 0x07, 0x00, 0x00, 0x00, 0x07, 0xe4, 0xff, 0x08,
  0x00, 0xc6, 0x0f, 0x00, 0x88, 0x73, 0x00, 0x54, 0x58, 0x80, 0x22, 0x00,
  0x00, 0x0c, 0x00, 0x00, 0x00, 0xe8, 0x05, 0x00, 0x88, 0x73, 0x00, 0x60,
  0x58, 0x00, 0x03, 0x00, 0x00, 0xcc, 0x00, 0x00, 0x00, 0xe8, 0x05, 0x00,
  0x88, 0x73, 0x00, 0x60, 0x58, 0x00, 0x23, 0x00, 0x00, 0xcc, 0x00, 0x00,
  0x00, 0xe8, 0x05, 0x00, 0x88, 0x73, 0x00, 0x54, 0x58, 0x00, 0x03, 0x00,
  0x00, 0x0c, 0x00, 0x00, 0x00, 0xe8, 0x05, 0x00, 0x88, 0x73, 0x00, 0x54,
  0x58, 0x00, 0x23, 0x00, 0x00, 0x0c, 0x00, 0x00, 0x00, 0xe8, 0x05, 0x00,
  0x88, 0x73, 0x00, 0x60, 0x58, 0x80, 0x03, 0x00, 0x00, 0xcc, 0x00, 0x00,
  0x00, 0xe8, 0x05, 0x00, 0x88, 0x73, 0x00, 0x60, 0x58, 0x80, 0x23, 0x00,
  0x00, 0xcc, 0x00, 0x00, 0x00, 0xe8, 0x05, 0x00, 0x88, 0x73, 0x00, 0x54,
  0x58, 0x80, 0x03, 0x00, 0x00, 0x0c, 0x00, 0x00, 0x00, 0xe8, 0x05, 0x00,
  0x88, 0x73, 0x00, 0x54, 0x58, 0x80, 0x23, 0x00, 0x00, 0x0c, 0x00, 0x00,
  0x00, 0xe8, 0x05, 0x00, 0x1d, 0x7b, 0x00, 0x00, 0x00, 0x00, 0x00, 0x00,
  0x00, 0x00, 0x01, 0x00, 0x00, 0xec, 0x0f, 0x00, 0x47, 0x09, 0x00, 0x00,
  0xc0, 0x29, 0x00, 0x00, 0x00, 0x00, 0x80, 0x03, 0x00, 0xea, 0x0f, 0x00,
  0x84, 0x79, 0x04, 0x02, 0x00, 0x00, 0x00, 0x00, 0x00, 0xcc, 0x00, 0x00,
  0x00, 0x62, 0x0e, 0x00, 0xb9, 0x7a, 0x07, 0x00, 0x00, 0xd8, 0x00, 0x00,
  0x00, 0x08, 0x00, 0x00, 0x00, 0xc4, 0x0f, 0x00, 0x99, 0x78, 0x04, 0x3f,
  0x1f, 0x00, 0x00, 0x00, 0x07, 0x14, 0x01, 0x08, 0x00, 0xc8, 0x0f, 0x00,
  0x91, 0x72, 0x04, 0x04, 0x07, 0x00, 0x00, 0x00, 0x3f, 0x10, 0x8f, 0x0f,
  0x00, 0xc8, 0x0f, 0x00, 0x99, 0x78, 0x04, 0x3f, 0x02, 0x00, 0x00, 0x00,
  0x04, 0x14, 0x01, 0x08, 0x00, 0xcc, 0x0f, 0x00, 0x0c, 0x7c, 0x00, 0x62,
  0x04, 0x00, 0x00, 0x00, 0x70, 0x62, 0xf0, 0x0b, 0x00, 0xe2, 0x0f, 0x00,
  0x20, 0x7c, 0x08, 0x06, 0x22, 0x00, 0x00, 0x00, 0x00, 0x00, 0x41, 0x08,
  0x00, 0xe2, 0x2f, 0x00, 0x20, 0x7c, 0x09, 0x07, 0x22, 0x00, 0x00, 0x00,
  0x00, 0x00, 0x41, 0x08, 0x00, 0xe2, 0x0f, 0x00, 0x20, 0x7c, 0x06, 0x04,
  0x22, 0x00, 0x00, 0x00, 0x00, 0x00, 0x41, 0x08, 0x00, 0xe2, 0x0f, 0x00,
  0x20, 0x7c, 0x07, 0x05, 0x22, 0x00, 0x00, 0x00, 0x00, 0x00, 0x41, 0x08,
  0x00, 0xd2, 0x0f, 0x00, 0x10, 0x8a, 0x04, 0x4c, 0x00, 0x78, 0x00, 0x00,
  0xff, 0xe0, 0xf3, 0x07, 0x00, 0xe4, 0x0f, 0x00, 0x3e, 0x72, 0x08, 0x09,
  0x08, 0x00, 0x00, 0x00, 0xff, 0x70, 0x80, 0x04, 0x00, 0xe4, 0x0f, 0x00,
  0x10, 0x8a, 0x05, 0x4d, 0x00, 0x79, 0x00, 0x00, 0xff, 0xe4, 0xff, 0x00,
  0x00, 0xe4, 0x0f, 0x00, 0x3e, 0x72, 0x07, 0x07, 0x06, 0x00, 0x00, 0x00,
  0x08, 0x70, 0x80, 0x04, 0x00, 0xe4, 0x0f, 0x00, 0x10, 0x78, 0x06, 0x03,
  0x02, 0x00, 0x00, 0x00, 0xff, 0xe0, 0xff, 0x07, 0x00, 0xc6, 0x0f, 0x00,
  0x86, 0x89, 0x00, 0x04, 0x07, 0x00, 0x00, 0x00, 0x10, 0x19, 0x10, 0x0c,
  0x00, 0xe2, 0x03, 0x00, 0x0c, 0x7c, 0x00, 0x06, 0x06, 0x00, 0x00, 0x00,
  0x70, 0x62, 0xf2, 0x0b, 0x00, 0xda, 0x0f, 0x00, 0x47, 0x19, 0x00, 0x00,
  0xa0, 0x28, 0x00, 0x00, 0x00, 0x00, 0x80, 0x03, 0x00, 0xea, 0x0f, 0x00,
  0x84, 0x79, 0x04, 0x02, 0x00, 0x00, 0x08, 0x00, 0x00, 0xcc, 0x00, 0x00,
  0x00, 0x62, 0x2e, 0x00, 0x02, 0x8a, 0x0b, 0x00, 0x00, 0x84, 0x00, 0x00,
  0x00, 0x0f, 0x00, 0x00, 0x00, 0xe2, 0x0f, 0x00, 0x24, 0x86, 0x0c, 0xff,
  0x00, 0x85, 0x00, 0x00, 0xff, 0x00, 0x8e, 0x07, 0x00, 0xc6, 0x0f, 0x00,
  0x11, 0x82, 0x0a, 0x0b, 0x4c, 0x00, 0x00, 0x00, 0xff, 0x08, 0x82, 0x07,
  0x00, 0xc8, 0x0f, 0x00, 0x11, 0x82, 0x0b, 0x0b, 0x4d, 0x00, 0x00, 0x00,
  0x0c, 0x0c, 0x8f, 0x00, 0x00, 0xe2, 0x0f, 0x00, 0x20, 0x7c, 0x08, 0x06,
  0x22, 0x00, 0x00, 0x00, 0x00, 0x00, 0x41, 0x08, 0x00, 0xe2, 0x2f, 0x00,
  0x20, 0x7c, 0x09, 0x07, 0x22, 0x00, 0x00, 0x00, 0x00, 0x00, 0x41, 0x08,
  0x00, 0xe2, 0x0f, 0x00, 0x20, 0x7c, 0x06, 0x04, 0x22, 0x00, 0x00, 0x00,
  0x00, 0x00, 0x41, 0x08, 0x00, 0xe2, 0x0f, 0x00, 0x20, 0x7c, 0x07, 0x05,
  0x22, 0x00, 0x00, 0x00, 0x00, 0x00, 0x41, 0x08, 0x00, 0xe2, 0x0f, 0x00,
  0x10, 0x8a, 0x04, 0x0a, 0x00, 0x78, 0x00, 0x00, 0xff, 0xe0, 0xf3, 0x07,
  0x00, 0xe4, 0x0f, 0x00, 0x3e, 0x72, 0x08, 0x09, 0x08, 0x00, 0x00, 0x00,
  0xff, 0x70, 0x80, 0x04, 0x00, 0xe4, 0x0f, 0x00, 0x10, 0x8a, 0x05, 0x0b,
  0x00, 0x79, 0x00, 0x00, 0xff, 0xe4, 0xff, 0x00, 0x00, 0xe4, 0x0f, 0x00,
  0x3e, 0x72, 0x07, 0x07, 0x06, 0x00, 0x00, 0x00, 0x08, 0x70, 0x80, 0x04,
  0x00, 0xc4, 0x0f, 0x00, 0x10, 0x78, 0x06, 0x03, 0x04, 0x00, 0x00, 0x00,
  0xff, 0xe0, 0xff, 0x07, 0x00, 0xc6, 0x0f, 0x00, 0x86, 0x89, 0x00, 0x04,
  0x07, 0x00, 0x00, 0x00, 0x10, 0x19, 0x10, 0x0c, 0x00, 0xe2, 0x03, 0x00,
  0x0c, 0x7c, 0x00, 0x06, 0x06, 0x00, 0x00, 0x00, 0x70, 0x62, 0xf2, 0x0b,
  0x00, 0xda, 0x0f, 0x00, 0x47, 0x19, 0x00, 0x00, 0x90, 0x27, 0x00, 0x00,
  0x00, 0x00, 0x80, 0x03, 0x00, 0xea, 0x0f, 0x00, 0x84, 0x79, 0x04, 0x02,
  0x00, 0x00, 0x10, 0x00, 0x00, 0xcc, 0x00, 0x00, 0x00, 0x62, 0x2e, 0x00,
  0x24, 0x86, 0x0b, 0xff, 0x00, 0x84, 0x00, 0x00, 0xff, 0x00, 0x8e, 0x07,
  0x00, 0xe2, 0x0f, 0x00, 0x02, 0x8a, 0x0c, 0x00, 0x00, 0x85, 0x00, 0x00,
  0x00, 0x0f, 0x00, 0x00, 0x00, 0xc8, 0x0f, 0x00, 0x11, 0x82, 0x0a, 0x0b,
  0x4c, 0x00, 0x00, 0x00, 0xff, 0x10, 0x82, 0x07, 0x00, 0xc8, 0x0f, 0x00,
  0x11, 0x82, 0x0b, 0x0b, 0x4d, 0x00, 0x00, 0x00, 0x0c, 0x14, 0x8f, 0x00,
  0x00, 0xe2, 0x0f, 0x00, 0x20, 0x7c, 0x08, 0x06, 0x22, 0x00, 0x00, 0x00,
  0x00, 0x00, 0x41, 0x08, 0x00, 0xe2, 0x2f, 0x00, 0x20, 0x7c, 0x09, 0x07,
  0x22, 0x00, 0x00, 0x00, 0x00, 0x00, 0x41, 0x08, 0x00, 0xe2, 0x0f, 0x00,
  0x20, 0x7c, 0x06, 0x04, 0x22, 0x00, 0x00, 0x00, 0x00, 0x00, 0x41, 0x08,
  0x00, 0xe2, 0x0f, 0x00, 0x20, 0x7c, 0x07, 0x05, 0x22, 0x00, 0x00, 0x00,
  0x00, 0x00, 0x41, 0x08, 0x00, 0xe2, 0x0f, 0x00, 0x10, 0x8a, 0x04, 0x0a,
  0x00, 0x78, 0x00, 0x00, 0xff, 0xe0, 0xf3, 0x07, 0x00, 0xe4, 0x0f, 0x00,
  0x3e, 0x72, 0x08, 0x09, 0x08, 0x00, 0x00, 0x00, 0xff, 0x70, 0x80, 0x04,
  0x00, 0xe4, 0x0f, 0x00, 0x10, 0x8a, 0x05, 0x0b, 0x00, 0x79, 0x00, 0x00,
  0xff, 0xe4, 0xff, 0x00, 0x00, 0xe4, 0x0f, 0x00, 0x3e, 0x72, 0x07, 0x07,
  0x06, 0x00, 0x00, 0x00, 0x08, 0x70, 0x80, 0x04, 0x00, 0xc4, 0x0f, 0x00,
  0x10, 0x78, 0x06, 0x03, 0x06, 0x00, 0x00, 0x00, 0xff, 0xe0, 0xff, 0x07,
  0x00, 0xc6, 0x0f, 0x00, 0x86, 0x89, 0x00, 0x04, 0x07, 0x00, 0x00, 0x00,
  0x10, 0x19, 0x10, 0x0c, 0x00, 0xe2, 0x03, 0x00, 0x0c, 0x7c, 0x00, 0x06,
  0x06, 0x00, 0x00, 0x00, 0x70, 0x62, 0xf2, 0x0b, 0x00, 0xda, 0x0f, 0x00,
  0x47, 0x19, 0x00, 0x00, 0x80, 0x26, 0x00, 0x00, 0x00, 0x00, 0x80, 0x03,
  0x00, 0xea, 0x0f, 0x00, 0x84, 0x79, 0x78, 0x02, 0x00, 0x00, 0x20, 0x00,
  0x00, 0xcc, 0x00, 0x00, 0x00, 0xe2, 0x22, 0x00, 0x10, 0x78, 0x4e, 0x03,
  0x08, 0x00, 0x00, 0x00, 0xff, 0xe0, 0xff, 0x07, 0x00, 0xe2, 0x0f, 0x00,
  0x45, 0x79, 0x01, 0x00, 0xc0, 0x02, 0x00, 0x00, 0x00, 0x00, 0x80, 0x03,
  0x00, 0xe4, 0x0f, 0x00, 0x84, 0x79, 0x70, 0x02, 0x00, 0x00, 0x28, 0x00,
  0x00, 0xcc, 0x00, 0x00, 0x00, 0x22, 0x03, 0x00, 0x0c, 0x7c, 0x00, 0x4e,
  0x06, 0x00, 0x00, 0x00, 0x70, 0x62, 0xf2, 0x0b, 0x00, 0xc6, 0x0f, 0x00,
  0x84, 0x79, 0x6c, 0x02, 0x00, 0x00, 0x30, 0x00, 0x00, 0xcc, 0x00, 0x00,
  0x00, 0xa8, 0x02, 0x00, 0x84, 0x79, 0x68, 0x02, 0x00, 0x00, 0x38, 0x00,
  0x00, 0xcc, 0x00, 0x00, 0x00, 0x68, 0x02, 0x00, 0x84, 0x79, 0x64, 0x02,
  0x00, 0x00, 0x40, 0x00, 0x00, 0xcc, 0x00, 0x00, 0x00, 0x68, 0x02, 0x00,
  0x84, 0x79, 0x60, 0x02, 0x00, 0x00, 0x48, 0x00, 0x00, 0xcc, 0x00, 0x00,
  0x00, 0x68, 0x44, 0x00, 0x84, 0x79, 0x5c, 0x02, 0x00, 0x00, 0x50, 0x00,
  0x00, 0xcc, 0x00, 0x00, 0x00, 0x68, 0x04, 0x00, 0x84, 0x79, 0x58, 0x02,
  0x00, 0x00, 0x58, 0x00, 0x00, 0xcc, 0x00, 0x00, 0x00, 0x68, 0x04, 0x00,
  0x84, 0x79, 0x54, 0x02, 0x00, 0x00, 0x60, 0x00, 0x00, 0xcc, 0x00, 0x00,
  0x00, 0x68, 0x04, 0x00, 0x84, 0x79, 0x50, 0x02, 0x00, 0x00, 0x68, 0x00,
  0x00, 0xcc, 0x00, 0x00, 0x00, 0x68, 0x04, 0x00, 0x84, 0x79, 0x48, 0x02,
  0x00, 0x00, 0x70, 0x00, 0x00, 0xcc, 0x00, 0x00, 0x00, 0x68, 0x04, 0x00,
  0x84, 0x79, 0x44, 0x02, 0x00, 0x00, 0x78, 0x00, 0x00, 0xcc, 0x00, 0x00,
  0x00, 0x68, 0x04, 0x00, 0x84, 0x79, 0x40, 0x02, 0x00, 0x00, 0x80, 0x00,
  0x00, 0xcc, 0x00, 0x00, 0x00, 0x68, 0x04, 0x00, 0x84, 0x79, 0x3c, 0x02,
  0x00, 0x00, 0x88, 0x00, 0x00, 0xcc, 0x00, 0x00, 0x00, 0x68, 0x04, 0x00,
  0x84, 0x79, 0x38, 0x02, 0x00, 0x00, 0x90, 0x00, 0x00, 0xcc, 0x00, 0x00,
  0x00, 0x68, 0x04, 0x00, 0x84, 0x79, 0x04, 0x02, 0x00, 0x00, 0x98, 0x00,
  0x00, 0xcc, 0x00, 0x00, 0x00, 0x68, 0x04, 0x00, 0x84, 0x79, 0x08, 0x02,
  0x00, 0x00, 0xa0, 0x00, 0x00, 0xcc, 0x00, 0x00, 0x00, 0x68, 0x04, 0x00,
  0x84, 0x79, 0x0c, 0x02, 0x00, 0x00, 0xa8, 0x00, 0x00, 0xcc, 0x00, 0x00,
  0x00, 0x68, 0x04, 0x00, 0x84, 0x79, 0x10, 0x02, 0x00, 0x00, 0xb0, 0x00,
  0x00, 0xcc, 0x00, 0x00, 0x00, 0x68, 0x04, 0x00, 0x84, 0x79, 0x14, 0x02,
  0x00, 0x00, 0xb8, 0x00, 0x00, 0xcc, 0x00, 0x00, 0x00, 0x68, 0x04, 0x00,
  0x84, 0x79, 0x18, 0x02, 0x00, 0x00, 0xc0, 0x00, 0x00, 0xcc, 0x00, 0x00,
  0x00, 0x68, 0x04, 0x00, 0x84, 0x79, 0x1c, 0x02, 0x00, 0x00, 0xc8, 0x00,
  0x00, 0xcc, 0x00, 0x00, 0x00, 0x68, 0x04, 0x00, 0x84, 0x79, 0x20, 0x02,
  0x00, 0x00, 0xd0, 0x00, 0x00, 0xcc, 0x00, 0x00, 0x00, 0x68, 0x04, 0x00,
  0x84, 0x79, 0x24, 0x02, 0x00, 0x00, 0xd8, 0x00, 0x00, 0xcc, 0x00, 0x00,
  0x00, 0x68, 0x04, 0x00, 0x84, 0x79, 0x28, 0x02, 0x00, 0x00, 0xe0, 0x00,
  0x00, 0xcc, 0x00, 0x00, 0x00, 0x68, 0x04, 0x00, 0x84, 0x79, 0x2c, 0x02,
  0x00, 0x00, 0xe8, 0x00, 0x00, 0xcc, 0x00, 0x00, 0x00, 0x68, 0x04, 0x00,
  0x84, 0x79, 0x30, 0x02, 0x00, 0x00, 0xf0, 0x00, 0x00, 0xcc, 0x00, 0x00,
  0x00, 0x68, 0x04, 0x00, 0x84, 0x79, 0x34, 0x02, 0x00, 0x00, 0xf8, 0x00,
  0x00, 0xcc, 0x00, 0x00, 0x00, 0x68, 0x04, 0x00, 0x84, 0x79, 0x74, 0x02,
  0x00, 0x00, 0x18, 0x00, 0x00, 0xcc, 0x00, 0x00, 0x00, 0x62, 0x04, 0x00,
  0x47, 0x09, 0x00, 0x00, 0xd0, 0x00, 0x00, 0x00, 0x00, 0x00, 0x80, 0x03,
  0x00, 0xea, 0x0f, 0x00, 0x24, 0x76, 0x4f, 0xff, 0x00, 0x84, 0x00, 0x00,
  0xff, 0x00, 0x8e, 0x07, 0x00, 0xe2, 0x8f, 0x01, 0x20, 0x7c, 0x76, 0x76,
  0x22, 0x00, 0x00, 0x00, 0x00, 0x00, 0x41, 0x08, 0x00, 0xe2, 0x2f, 0x00,
  0x24, 0x76, 0x7d, 0xff, 0x00, 0x85, 0x00, 0x00, 0xff, 0x00, 0x8e, 0x07,
  0x00, 0xe2, 0x0f, 0x00, 0x20, 0x7c, 0x77, 0x77, 0x22, 0x00, 0x00, 0x00,
  0x00, 0x00, 0x41, 0x08, 0x00, 0xe2, 0x0f, 0x00, 0x25, 0x78, 0x4e, 0x4f,
  0x06, 0x00, 0x00, 0x00, 0x4c, 0x00, 0x8e, 0x07, 0x00, 0xe2, 0x0f, 0x00,
  0x20, 0x7c, 0x74, 0x74, 0x22, 0x00, 0x00, 0x00, 0x00, 0x00, 0x41, 0x08,
  0x00, 0xe2, 0x0f, 0x00, 0x20, 0x7c, 0x75, 0x75, 0x22, 0x00, 0x00, 0x00,
  0x00, 0x00, 0x41, 0x08, 0x00, 0xc4, 0x0f, 0x00, 0x24, 0x78, 0x7d, 0x7d,
  0x06, 0x00, 0x00, 0x00, 0xff, 0x02, 0x8e, 0x07, 0x00, 0xe2, 0x0f, 0x00,
  0x10, 0x7a, 0x4e, 0x4e, 0x00, 0x78, 0x00, 0x00, 0xff, 0xe0, 0xf5, 0x07,
  0x00, 0xe4, 0x0f, 0x00, 0x3e, 0x72, 0x76, 0x77, 0x76, 0x00, 0x00, 0x00,
  0xff, 0x70, 0x80, 0x04, 0x00, 0xe4, 0x0f, 0x00, 0x10, 0x7a, 0x4f, 0x4f,
  0x00, 0x79, 0x00, 0x00, 0x7d, 0xe4, 0x7f, 0x01, 0x00, 0xe4, 0x0f, 0x00,
  0x3e, 0x72, 0x75, 0x75, 0x74, 0x00, 0x00, 0x00, 0x76, 0x70, 0x80, 0x04,
  0x00, 0xca, 0x0f, 0x00, 0x86, 0x79, 0x00, 0x4e, 0x75, 0x00, 0x00, 0x00,
  0x10, 0x19, 0x10, 0x0c, 0x00, 0xe4, 0x03, 0x00, 0x41, 0x79, 0x01, 0x00,
  0x00, 0x00, 0x00, 0x00, 0x00, 0x00, 0x80, 0x03, 0x00, 0xea, 0x8f, 0x01,
  0x47, 0x19, 0x00, 0x00, 0x80, 0x23, 0x00, 0x00, 0x00, 0x00, 0x80, 0x03,
  0x00, 0xea, 0x0f, 0x00, 0x02, 0x8a, 0x4f, 0x00, 0x00, 0x84, 0x00, 0x00,
  0x00, 0x0f, 0x00, 0x00, 0x00, 0xe2, 0x2f, 0x00, 0x24, 0x86, 0x02, 0xff,
  0x00, 0x85, 0x00, 0x00, 0xff, 0x00, 0x8e, 0x07, 0x00, 0xe2, 0x4f, 0x00,
  0x20, 0x7c, 0x7a, 0x7a, 0x22, 0x00, 0x00, 0x00, 0x00, 0x00, 0x41, 0x08,
  0x00, 0xe2, 0x0f, 0x00, 0x20, 0x7c, 0x7b, 0x7b, 0x22, 0x00, 0x00, 0x00,
  0x00, 0x00, 0x41, 0x08, 0x00, 0xe2, 0x0f, 0x00, 0x11, 0x82, 0x4e, 0x4f,
  0x4c, 0x00, 0x00, 0x00, 0xff, 0x18, 0x82, 0x07, 0x00, 0xe2, 0x0f, 0x00,
  0x20, 0x7c, 0x78, 0x78, 0x22, 0x00, 0x00, 0x00, 0x00, 0x00, 0x41, 0x08,
  0x00, 0xe2, 0x0f, 0x00, 0x20, 0x7c, 0x79, 0x79, 0x22, 0x00, 0x00, 0x00,
  0x00, 0x00, 0x41, 0x08, 0x00, 0xe4, 0x0f, 0x00, 0x11, 0x82, 0x02, 0x4f,
  0x4d, 0x00, 0x00, 0x00, 0x02, 0x1c, 0x8f, 0x00, 0x00, 0xe4, 0x0f, 0x00,
  0x10, 0x8a, 0x4e, 0x4e, 0x00, 0x78, 0x00, 0x00, 0xff, 0xe0, 0xf3, 0x07,
  0x00, 0xc4, 0x0f, 0x00, 0x3e, 0x72, 0x7a, 0x7b, 0x7a, 0x00, 0x00, 0x00,
  0xff, 0x70, 0x80, 0x04, 0x00, 0xe4, 0x0f, 0x00, 0x10, 0x8a, 0x4f, 0x02,
  0x00, 0x79, 0x00, 0x00, 0xff, 0xe4, 0xff, 0x00, 0x00, 0xe4, 0x0f, 0x00,
  0x3e, 0x72, 0x79, 0x79, 0x78, 0x00, 0x00, 0x00, 0x7a, 0x70, 0x80, 0x04,
  0x00, 0xe4, 0x0f, 0x00, 0x10, 0x78, 0x02, 0x03, 0x0a, 0x00, 0x00, 0x00,
  0xff, 0xe0, 0xff, 0x07, 0x00, 0xc6, 0x0f, 0x00, 0x86, 0x89, 0x00, 0x4e,
  0x79, 0x00, 0x00, 0x00, 0x10, 0x19, 0x10, 0x0c, 0x00, 0xe2, 0x03, 0x00,
  0x0c, 0x7c, 0x00, 0x02, 0x06, 0x00, 0x00, 0x00, 0x70, 0x62, 0xf2, 0x0b,
  0x00, 0xda, 0x0f, 0x00, 0x47, 0x19, 0x00, 0x00, 0x80, 0x22, 0x00, 0x00,
  0x00, 0x00, 0x80, 0x03, 0x00, 0xea, 0x0f, 0x00, 0x10, 0x78, 0x02, 0x03,
  0x0c, 0x00, 0x00, 0x00, 0xff, 0xe0, 0xff, 0x07, 0x00, 0xe2, 0x2f, 0x00,
  0x45, 0x79, 0x01, 0x00, 0x20, 0x01, 0x00, 0x00, 0x00, 0x00, 0x80, 0x03,
  0x00, 0xe6, 0x0f, 0x00, 0x0c, 0x7c, 0x00, 0x02, 0x06, 0x00, 0x00, 0x00,
  0x70, 0x62, 0xf2, 0x0b, 0x00, 0xe2, 0x0f, 0x00, 0x47, 0x09, 0x00, 0x00,
  0xf0, 0x00, 0x00, 0x00, 0x00, 0x00, 0x80, 0x03, 0x00, 0xee, 0x0f, 0x00,
  0x24, 0x76, 0x75, 0xff, 0x00, 0x84, 0x00, 0x00, 0xff, 0x00, 0x8e, 0x07,
  0x00, 0xe2, 0x0f, 0x00, 0x02, 0x7a, 0x02, 0x00, 0x00, 0x85, 0x00, 0x00,
  0x00, 0x0f, 0x00, 0x00, 0x00, 0xe2, 0x0f, 0x00, 0x24, 0x72, 0x4e, 0xff,
  0xff, 0x00, 0x00, 0x00, 0x4c, 0x00, 0x8e, 0x07, 0x00, 0xe2, 0x0f, 0x00,
  0x20, 0x7c, 0x72, 0x72, 0x22, 0x00, 0x00, 0x00, 0x00, 0x00, 0x41, 0x08,
  0x00, 0xe2, 0x0f, 0x00, 0x24, 0x72, 0x4f, 0xff, 0xff, 0x00, 0x00, 0x00,
  0x4d, 0x00, 0x8e, 0x07, 0x00, 0xe2, 0x0f, 0x00, 0x20, 0x7c, 0x73, 0x73,
  0x22, 0x00, 0x00, 0x00, 0x00, 0x00, 0x41, 0x08, 0x00, 0xe2, 0x0f, 0x00,
  0x20, 0x7c, 0x70, 0x70, 0x22, 0x00, 0x00, 0x00, 0x00, 0x00, 0x41, 0x08,
  0x00, 0xe2, 0x0f, 0x00, 0x20, 0x7c, 0x71, 0x71, 0x22, 0x00, 0x00, 0x00,
  0x00, 0x00, 0x41, 0x08, 0x00, 0xe2, 0x0f, 0x00, 0x25, 0x78, 0x4e, 0x75,
  0x0a, 0x00, 0x00, 0x00, 0x4e, 0x00, 0x8e, 0x07, 0x00, 0xc4, 0x0f, 0x00,
  0x3e, 0x72, 0x72, 0x73, 0x72, 0x00, 0x00, 0x00, 0xff, 0x70, 0x80, 0x04,
  0x00, 0xe4, 0x0f, 0x00, 0x24, 0x78, 0x75, 0x02, 0x0a, 0x00, 0x00, 0x00,
  0xff, 0x02, 0x8e, 0x07, 0x00, 0xe2, 0x0f, 0x00, 0x10, 0x7a, 0x4e, 0x4e,
  0x00, 0x78, 0x00, 0x00, 0xff, 0xe0, 0xf5, 0x07, 0x00, 0xe4, 0x0f, 0x00,
  0x3e, 0x72, 0x71, 0x71, 0x70, 0x00, 0x00, 0x00, 0x72, 0x70, 0x80, 0x04,
  0x00, 0xe4, 0x0f, 0x00, 0x10, 0x7a, 0x4f, 0x4f, 0x00, 0x79, 0x00, 0x00,
  0x75, 0xe4, 0x7f, 0x01, 0x00, 0xca, 0x0f, 0x00, 0x86, 0x79, 0x00, 0x4e,
  0x71, 0x00, 0x00, 0x00, 0x10, 0x19, 0x10, 0x0c, 0x00, 0xe8, 0x03, 0x00,
  0x41, 0x79, 0x01, 0x00, 0x00, 0x00, 0x00, 0x00, 0x00, 0x00, 0x80, 0x03,
  0x00, 0xea, 0x0f, 0x00, 0x47, 0x19, 0x00, 0x00, 0x30, 0x21, 0x00, 0x00,
  0x00, 0x00, 0x80, 0x03, 0x00, 0xea, 0x0f, 0x00, 0x10, 0x78, 0x02, 0x03,
  0x0e, 0x00, 0x00, 0x00, 0xff, 0xe0, 0xff, 0x07, 0x00, 0xe2, 0x0f, 0x00,
  0x45, 0x79, 0x01, 0x00, 0x20, 0x01, 0x00, 0x00, 0x00, 0x00, 0x80, 0x03,
  0x00, 0xe6, 0x0f, 0x00, 0x0c, 0x7c, 0x00, 0x02, 0x06, 0x00, 0x00, 0x00,
  0x70, 0x62, 0xf2, 0x0b, 0x00, 0xe2, 0x0f, 0x00, 0x47, 0x09, 0x00, 0x00,
  0xf0, 0x00, 0x00, 0x00, 0x00, 0x00, 0x80, 0x03, 0x00, 0xee, 0x0f, 0x00,
  0x02, 0x7a, 0x71, 0x00, 0x00, 0x84, 0x00, 0x00, 0x00, 0x0f, 0x00, 0x00,
  0x00, 0xe2, 0x2f, 0x00, 0x24, 0x72, 0x4e, 0xff, 0xff, 0x00, 0x00, 0x00,
  0x4c, 0x00, 0x8e, 0x07, 0x00, 0xe2, 0x0f, 0x00, 0x02, 0x72, 0x4f, 0x00,
  0x4d, 0x00, 0x00, 0x00, 0x00, 0x0f, 0x00, 0x00, 0x00, 0xe2, 0x0f, 0x00,
  0x20, 0x7c, 0x6e, 0x6e, 0x22, 0x00, 0x00, 0x00, 0x00, 0x00, 0x41, 0x08,
  0x00, 0xe2, 0x0f, 0x00, 0x24, 0x76, 0x02, 0xff, 0x00, 0x85, 0x00, 0x00,
  0xff, 0x00, 0x8e, 0x07, 0x00, 0xe2, 0x0f, 0x00, 0x20, 0x7c, 0x6f, 0x6f,
  0x22, 0x00, 0x00, 0x00, 0x00, 0x00, 0x41, 0x08, 0x00, 0xe2, 0x0f, 0x00,
  0x20, 0x7c, 0x6c, 0x6c, 0x22, 0x00, 0x00, 0x00, 0x00, 0x00, 0x41, 0x08,
  0x00, 0xe2, 0x0f, 0x00, 0x25, 0x78, 0x4e, 0x71, 0x0c, 0x00, 0x00, 0x00,
  0x4e, 0x00, 0x8e, 0x07, 0x00, 0xe2, 0x0f, 0x00, 0x20, 0x7c, 0x6d, 0x6d,
  0x22, 0x00, 0x00, 0x00, 0x00, 0x00, 0x41, 0x08, 0x00, 0xc4, 0x0f, 0x00,
  0x3e, 0x72, 0x6e, 0x6f, 0x6e, 0x00, 0x00, 0x00, 0xff, 0x70, 0x80, 0x04,
  0x00, 0xe2, 0x0f, 0x00, 0x24, 0x78, 0x71, 0x02, 0x0c, 0x00, 0x00, 0x00,
  0xff, 0x02, 0x8e, 0x07, 0x00, 0xe2, 0x0f, 0x00, 0x10, 0x7a, 0x4e, 0x4e,
  0x00, 0x78, 0x00, 0x00, 0xff, 0xe0, 0xf5, 0x07, 0x00, 0xe4, 0x0f, 0x00,
  0x3e, 0x72, 0x6d, 0x6d, 0x6c, 0x00, 0x00, 0x00, 0x6e, 0x70, 0x80, 0x04,
  0x00, 0xe4, 0x0f, 0x00, 0x10, 0x7a, 0x4f, 0x4f, 0x00, 0x79, 0x00, 0x00,
  0x71, 0xe4, 0x7f, 0x01, 0x00, 0xca, 0x0f, 0x00, 0x86, 0x79, 0x00, 0x4e,
  0x6d, 0x00, 0x00, 0x00, 0x10, 0x19, 0x10, 0x0c, 0x00, 0xe8, 0x03, 0x00,
  0x41, 0x79, 0x01, 0x00, 0x00, 0x00, 0x00, 0x00, 0x00, 0x00, 0x80, 0x03,
  0x00, 0xea, 0x0f, 0x00, 0x47, 0x19, 0x00, 0x00, 0xe0, 0x1f, 0x00, 0x00,
  0x00, 0x00, 0x80, 0x03, 0x00, 0xea, 0x0f, 0x00, 0x10, 0x78, 0x02, 0x03,
  0x10, 0x00, 0x00, 0x00, 0xff, 0xe0, 0xff, 0x07, 0x00, 0xe2, 0x0f, 0x00,
  0x45, 0x79, 0x01, 0x00, 0x20, 0x01, 0x00, 0x00, 0x00, 0x00, 0x80, 0x03,
  0x00, 0xe6, 0x0f, 0x00, 0x0c, 0x7c, 0x00, 0x02, 0x06, 0x00, 0x00, 0x00,
  0x70, 0x62, 0xf2, 0x0b, 0x00, 0xe2, 0x0f, 0x00, 0x47, 0x09, 0x00, 0x00,
  0xf0, 0x00, 0x00, 0x00, 0x00, 0x00, 0x80, 0x03, 0x00, 0xee, 0x0f, 0x00,
  0x02, 0x72, 0x4e, 0x00, 0x4c, 0x00, 0x00, 0x00, 0x00, 0x0f, 0x00, 0x00,
  0x00, 0xe2, 0x2f, 0x00, 0x24, 0x76, 0x6d, 0xff, 0x00, 0x84, 0x00, 0x00,
  0xff, 0x00, 0x8e, 0x07, 0x00, 0xe2, 0x0f, 0x00, 0x20, 0x7c, 0x6a, 0x6a,
  0x22, 0x00, 0x00, 0x00, 0x00, 0x00, 0x41, 0x08, 0x00, 0xe2, 0x0f, 0x00,
  0x24, 0x72, 0x4f, 0xff, 0xff, 0x00, 0x00, 0x00, 0x4d, 0x00, 0x8e, 0x07,
  0x00, 0xe2, 0x0f, 0x00, 0x20, 0x7c, 0x6b, 0x6b, 0x22, 0x00, 0x00, 0x00,
  0x00, 0x00, 0x41, 0x08, 0x00, 0xe2, 0x0f, 0x00, 0x24, 0x76, 0x02, 0xff,
  0x00, 0x85, 0x00, 0x00, 0xff, 0x00, 0x8e, 0x07, 0x00, 0xe2, 0x0f, 0x00,
  0x20, 0x7c, 0x68, 0x68, 0x22, 0x00, 0x00, 0x00, 0x00, 0x00, 0x41, 0x08,
  0x00, 0xe2, 0x0f, 0x00, 0x25, 0x78, 0x4e, 0x6d, 0x0e, 0x00, 0x00, 0x00,
  0x4e, 0x00, 0x8e, 0x07, 0x00, 0xe2, 0x0f, 0x00, 0x20, 0x7c, 0x69, 0x69,
  0x22, 0x00, 0x00, 0x00, 0x00, 0x00, 0x41, 0x08, 0x00, 0xe2, 0x0f, 0x00,
  0x3e, 0x72, 0x6a, 0x6b, 0x6a, 0x00, 0x00, 0x00, 0xff, 0x70, 0x80, 0x04,
  0x00, 0xc4, 0x0f, 0x00, 0x24, 0x78, 0x6d, 0x02, 0x0e, 0x00, 0x00, 0x00,
  0xff, 0x02, 0x8e, 0x07, 0x00, 0xe2, 0x0f, 0x00, 0x10, 0x7a, 0x4e, 0x4e,
  0x00, 0x78, 0x00, 0x00, 0xff, 0xe0, 0xf5, 0x07, 0x00, 0xe4, 0x0f, 0x00,
  0x3e, 0x72, 0x69, 0x69, 0x68, 0x00, 0x00, 0x00, 0x6a, 0x70, 0x80, 0x04,
  0x00, 0xe4, 0x0f, 0x00, 0x10, 0x7a, 0x4f, 0x4f, 0x00, 0x79, 0x00, 0x00,
  0x6d, 0xe4, 0x7f, 0x01, 0x00, 0xca, 0x0f, 0x00, 0x86, 0x79, 0x00, 0x4e,
  0x69, 0x00, 0x00, 0x00, 0x10, 0x19, 0x10, 0x0c, 0x00, 0xe8, 0x03, 0x00,
  0x41, 0x79, 0x01, 0x00, 0x00, 0x00, 0x00, 0x00, 0x00, 0x00, 0x80, 0x03,
  0x00, 0xea, 0x0f, 0x00, 0x47, 0x19, 0x00, 0x00, 0x90, 0x1e, 0x00, 0x00,
  0x00, 0x00, 0x80, 0x03, 0x00, 0xea, 0x0f, 0x00, 0x24, 0x86, 0x4f, 0xff,
  0x00, 0x84, 0x00, 0x00, 0xff, 0x00, 0x8e, 0x07, 0x00, 0xe2, 0x2f, 0x00,
  0x20, 0x7c, 0x66, 0x66, 0x22, 0x00, 0x00, 0x00, 0x00, 0x00, 0x41, 0x08,
  0x00, 0xe2, 0x0f, 0x00, 0x02, 0x8a, 0x02, 0x00, 0x00, 0x85, 0x00, 0x00,
  0x00, 0x0f, 0x00, 0x00, 0x00, 0xe2, 0x0f, 0x00, 0x20, 0x7c, 0x67, 0x67,
  0x22, 0x00, 0x00, 0x00, 0x00, 0x00, 0x41, 0x08, 0x00, 0xe2, 0x0f, 0x00,
  0x20, 0x7c, 0x64, 0x64, 0x22, 0x00, 0x00, 0x00, 0x00, 0x00, 0x41, 0x08,
  0x00, 0xe2, 0x0f, 0x00, 0x11, 0x82, 0x4e, 0x4f, 0x4c, 0x00, 0x00, 0x00,
  0xff, 0x20, 0x82, 0x07, 0x00, 0xe2, 0x0f, 0x00, 0x20, 0x7c, 0x65, 0x65,
  0x22, 0x00, 0x00, 0x00, 0x00, 0x00, 0x41, 0x08, 0x00, 0xe4, 0x0f, 0x00,
  0x3e, 0x72, 0x66, 0x67, 0x66, 0x00, 0x00, 0x00, 0xff, 0x70, 0x80, 0x04,
  0x00, 0xe4, 0x0f, 0x00, 0x11, 0x82, 0x02, 0x4f, 0x4d, 0x00, 0x00, 0x00,
  0x02, 0x24, 0x8f, 0x00, 0x00, 0xc4, 0x0f, 0x00, 0x10, 0x8a, 0x4e, 0x4e,
  0x00, 0x78, 0x00, 0x00, 0xff, 0xe0, 0xf3, 0x07, 0x00, 0xe4, 0x0f, 0x00,
  0x3e, 0x72, 0x65, 0x65, 0x64, 0x00, 0x00, 0x00, 0x66, 0x70, 0x80, 0x04,
  0x00, 0xe4, 0x0f, 0x00, 0x10, 0x8a, 0x4f, 0x02, 0x00, 0x79, 0x00, 0x00,
  0xff, 0xe4, 0xff, 0x00, 0x00, 0xe4, 0x0f, 0x00, 0x10, 0x78, 0x02, 0x03,
  0x12, 0x00, 0x00, 0x00, 0xff, 0xe0, 0xff, 0x07, 0x00, 0xc6, 0x0f, 0x00,
  0x86, 0x89, 0x00, 0x4e, 0x65, 0x00, 0x00, 0x00, 0x10, 0x19, 0x10, 0x0c,
  0x00, 0xe2, 0x03, 0x00, 0x0c, 0x7c, 0x00, 0x02, 0x06, 0x00, 0x00, 0x00,
  0x70, 0x62, 0xf2, 0x0b, 0x00, 0xda, 0x0f, 0x00, 0x47, 0x19, 0x00, 0x00,
  0x90, 0x1d, 0x00, 0x00, 0x00, 0x00, 0x80, 0x03, 0x00, 0xea, 0x0f, 0x00,
  0x10, 0x78, 0x02, 0x03, 0x14, 0x00, 0x00, 0x00, 0xff, 0xe0, 0xff, 0x07,
  0x00, 0xe2, 0x2f, 0x00, 0x45, 0x79, 0x01, 0x00, 0x20, 0x01, 0x00, 0x00,
  0x00, 0x00, 0x80, 0x03, 0x00, 0xe6, 0x0f, 0x00, 0x0c, 0x7c, 0x00, 0x02,
  0x06, 0x00, 0x00, 0x00, 0x70, 0x62, 0xf2, 0x0b, 0x00, 0xe2, 0x0f, 0x00,
  0x47, 0x09, 0x00, 0x00, 0xf0, 0x00, 0x00, 0x00, 0x00, 0x00, 0x80, 0x03,
  0x00, 0xee, 0x0f, 0x00, 0x02, 0x72, 0x4e, 0x00, 0x4c, 0x00, 0x00, 0x00,
  0x00, 0x0f, 0x00, 0x00, 0x00, 0xe2, 0x0f, 0x00, 0x24, 0x76, 0x65, 0xff,
  0x00, 0x84, 0x00, 0x00, 0xff, 0x00, 0x8e, 0x07, 0x00, 0xe2, 0x0f, 0x00,
  0x20, 0x7c, 0x62, 0x62, 0x22, 0x00, 0x00, 0x00, 0x00, 0x00, 0x41, 0x08,
  0x00, 0xe2, 0x0f, 0x00, 0x24, 0x72, 0x4f, 0xff, 0xff, 0x00, 0x00, 0x00,
  0x4d, 0x00, 0x8e, 0x07, 0x00, 0xe2, 0x0f, 0x00, 0x20, 0x7c, 0x63, 0x63,
  0x22, 0x00, 0x00, 0x00, 0x00, 0x00, 0x41, 0x08, 0x00, 0xe2, 0x0f, 0x00,
  0x24, 0x76, 0x02, 0xff, 0x00, 0x85, 0x00, 0x00, 0xff, 0x00, 0x8e, 0x07,
  0x00, 0xe2, 0x0f, 0x00, 0x20, 0x7c, 0x60, 0x60, 0x22, 0x00, 0x00, 0x00,
  0x00, 0x00, 0x41, 0x08, 0x00, 0xe2, 0x0f, 0x00, 0x25, 0x78, 0x4e, 0x65,
  0x12, 0x00, 0x00, 0x00, 0x4e, 0x00, 0x8e, 0x07, 0x00, 0xe2, 0x0f, 0x00,
  0x20, 0x7c, 0x61, 0x61, 0x22, 0x00, 0x00, 0x00, 0x00, 0x00, 0x41, 0x08,
  0x00, 0xe2, 0x0f, 0x00, 0x3e, 0x72, 0x62, 0x63, 0x62, 0x00, 0x00, 0x00,
  0xff, 0x70, 0x80, 0x04, 0x00, 0xc4, 0x0f, 0x00, 0x24, 0x78, 0x65, 0x02,
  0x12, 0x00, 0x00, 0x00, 0xff, 0x02, 0x8e, 0x07, 0x00, 0xe2, 0x0f, 0x00,
  0x10, 0x7a, 0x4e, 0x4e, 0x00, 0x78, 0x00, 0x00, 0xff, 0xe0, 0xf5, 0x07,
  0x00, 0xe4, 0x0f, 0x00, 0x3e, 0x72, 0x61, 0x61, 0x60, 0x00, 0x00, 0x00,
  0x62, 0x70, 0x80, 0x04, 0x00, 0xe4, 0x0f, 0x00, 0x10, 0x7a, 0x4f, 0x4f,
  0x00, 0x79, 0x00, 0x00, 0x65, 0xe4, 0x7f, 0x01, 0x00, 0xca, 0x0f, 0x00,
  0x86, 0x79, 0x00, 0x4e, 0x61, 0x00, 0x00, 0x00, 0x10, 0x19, 0x10, 0x0c,
  0x00, 0xe8, 0x03, 0x00, 0x41, 0x79, 0x01, 0x00, 0x00, 0x00, 0x00, 0x00,
  0x00, 0x00, 0x80, 0x03, 0x00, 0xea, 0x0f, 0x00, 0x47, 0x19, 0x00, 0x00,
  0x40, 0x1c, 0x00, 0x00, 0x00, 0x00, 0x80, 0x03, 0x00, 0xea, 0x0f, 0x00,
  0x10, 0x78, 0x02, 0x03, 0x16, 0x00, 0x00, 0x00, 0xff, 0xe0, 0xff, 0x07,
  0x00, 0xe2, 0x0f, 0x00, 0x45, 0x79, 0x01, 0x00, 0x20, 0x01, 0x00, 0x00,
  0x00, 0x00, 0x80, 0x03, 0x00, 0xe6, 0x0f, 0x00, 0x0c, 0x7c, 0x00, 0x02,
  0x06, 0x00, 0x00, 0x00, 0x70, 0x62, 0xf2, 0x0b, 0x00, 0xe2, 0x0f, 0x00,
  0x47, 0x09, 0x00, 0x00, 0xf0, 0x00, 0x00, 0x00, 0x00, 0x00, 0x80, 0x03,
  0x00, 0xee, 0x0f, 0x00, 0x24, 0x76, 0x61, 0xff, 0x00, 0x84, 0x00, 0x00,
  0xff, 0x00, 0x8e, 0x07, 0x00, 0xe2, 0x2f, 0x00, 0x02, 0x7a, 0x02, 0x00,
  0x00, 0x85, 0x00, 0x00, 0x00, 0x0f, 0x00, 0x00, 0x00, 0xe2, 0x0f, 0x00,
  0x24, 0x72, 0x4e, 0xff, 0xff, 0x00, 0x00, 0x00, 0x4c, 0x00, 0x8e, 0x07,
  0x00, 0xe2, 0x0f, 0x00, 0x20, 0x7c, 0x5e, 0x5e, 0x22, 0x00, 0x00, 0x00,
  0x00, 0x00, 0x41, 0x08, 0x00, 0xe2, 0x0f, 0x00, 0x24, 0x72, 0x4f, 0xff,
  0xff, 0x00, 0x00, 0x00, 0x4d, 0x00, 0x8e, 0x07, 0x00, 0xe2, 0x0f, 0x00,
  0x20, 0x7c, 0x5f, 0x5f, 0x22, 0x00, 0x00, 0x00, 0x00, 0x00, 0x41, 0x08,
  0x00, 0xe2, 0x0f, 0x00, 0x20, 0x7c, 0x5c, 0x5c, 0x22, 0x00, 0x00, 0x00,
  0x00, 0x00, 0x41, 0x08, 0x00, 0xe2, 0x0f, 0x00, 0x20, 0x7c, 0x5d, 0x5d,
  0x22, 0x00, 0x00, 0x00, 0x00, 0x00, 0x41, 0x08, 0x00, 0xe2, 0x0f, 0x00,
  0x25, 0x78, 0x4e, 0x61, 0x14, 0x00, 0x00, 0x00, 0x4e, 0x00, 0x8e, 0x07,
  0x00, 0xc4, 0x0f, 0x00, 0x3e, 0x72, 0x5e, 0x5f, 0x5e, 0x00, 0x00, 0x00,
  0xff, 0x70, 0x80, 0x04, 0x00, 0xe4, 0x0f, 0x00, 0x24, 0x78, 0x61, 0x02,
  0x14, 0x00, 0x00, 0x00, 0xff, 0x02, 0x8e, 0x07, 0x00, 0xe2, 0x0f, 0x00,
  0x10, 0x7a, 0x4e, 0x4e, 0x00, 0x78, 0x00, 0x00, 0xff, 0xe0, 0xf5, 0x07,
  0x00, 0xe4, 0x0f, 0x00, 0x3e, 0x72, 0x5d, 0x5d, 0x5c, 0x00, 0x00, 0x00,
  0x5e, 0x70, 0x80, 0x04, 0x00, 0xe4, 0x0f, 0x00, 0x10, 0x7a, 0x4f, 0x4f,
  0x00, 0x79, 0x00, 0x00, 0x61, 0xe4, 0x7f, 0x01, 0x00, 0xca, 0x0f, 0x00,
  0x86, 0x79, 0x00, 0x4e, 0x5d, 0x00, 0x00, 0x00, 0x10, 0x19, 0x10, 0x0c,
  0x00, 0xe8, 0x03, 0x00, 0x41, 0x79, 0x01, 0x00, 0x00, 0x00, 0x00, 0x00,
  0x00, 0x00, 0x80, 0x03, 0x00, 0xea, 0x0f, 0x00, 0x47, 0x19, 0x00, 0x00,
  0xf0, 0x1a, 0x00, 0x00, 0x00, 0x00, 0x80, 0x03, 0x00, 0xea, 0x0f, 0x00,
  0x10, 0x78, 0x02, 0x03, 0x18, 0x00, 0x00, 0x00, 0xff, 0xe0, 0xff, 0x07,
  0x00, 0xe2, 0x0f, 0x00, 0x45, 0x79, 0x01, 0x00, 0x20, 0x01, 0x00, 0x00,
  0x00, 0x00, 0x80, 0x03, 0x00, 0xe6, 0x0f, 0x00, 0x0c, 0x7c, 0x00, 0x02,
  0x06, 0x00, 0x00, 0x00, 0x70, 0x62, 0xf2, 0x0b, 0x00, 0xe2, 0x0f, 0x00,
  0x47, 0x09, 0x00, 0x00, 0xf0, 0x00, 0x00, 0x00, 0x00, 0x00, 0x80, 0x03,
  0x00, 0xee, 0x0f, 0x00, 0x02, 0x7a, 0x5d, 0x00, 0x00, 0x84, 0x00, 0x00,
  0x00, 0x0f, 0x00, 0x00, 0x00, 0xe2, 0x2f, 0x00, 0x24, 0x72, 0x4e, 0xff,
  0xff, 0x00, 0x00, 0x00, 0x4c, 0x00, 0x8e, 0x07, 0x00, 0xe2, 0x0f, 0x00,
  0x02, 0x72, 0x4f, 0x00, 0x4d, 0x00, 0x00, 0x00, 0x00, 0x0f, 0x00, 0x00,
  0x00, 0xe2, 0x0f, 0x00, 0x20, 0x7c, 0x5a, 0x5a, 0x22, 0x00, 0x00, 0x00,
  0x00, 0x00, 0x41, 0x08, 0x00, 0xe2, 0x0f, 0x00, 0x24, 0x76, 0x02, 0xff,
  0x00, 0x85, 0x00, 0x00, 0xff, 0x00, 0x8e, 0x07, 0x00, 0xe2, 0x0f, 0x00,
  0x20, 0x7c, 0x5b, 0x5b, 0x22, 0x00, 0x00, 0x00, 0x00, 0x00, 0x41, 0x08,
  0x00, 0xe2, 0x0f, 0x00, 0x20, 0x7c, 0x58, 0x58, 0x22, 0x00, 0x00, 0x00,
  0x00, 0x00, 0x41, 0x08, 0x00, 0xe2, 0x0f, 0x00, 0x25, 0x78, 0x4e, 0x5d,
  0x16, 0x00, 0x00, 0x00, 0x4e, 0x00, 0x8e, 0x07, 0x00, 0xe2, 0x0f, 0x00,
  0x20, 0x7c, 0x59, 0x59, 0x22, 0x00, 0x00, 0x00, 0x00, 0x00, 0x41, 0x08,
  0x00, 0xc4, 0x0f, 0x00, 0x3e, 0x72, 0x5a, 0x5b, 0x5a, 0x00, 0x00, 0x00,
  0xff, 0x70, 0x80, 0x04, 0x00, 0xe2, 0x0f, 0x00, 0x24, 0x78, 0x5d, 0x02,
  0x16, 0x00, 0x00, 0x00, 0xff, 0x02, 0x8e, 0x07, 0x00, 0xe2, 0x0f, 0x00,
  0x10, 0x7a, 0x4e, 0x4e, 0x00, 0x78, 0x00, 0x00, 0xff, 0xe0, 0xf5, 0x07,
  0x00, 0xe4, 0x0f, 0x00, 0x3e, 0x72, 0x59, 0x59, 0x58, 0x00, 0x00, 0x00,
  0x5a, 0x70, 0x80, 0x04, 0x00, 0xe4, 0x0f, 0x00, 0x10, 0x7a, 0x4f, 0x4f,
  0x00, 0x79, 0x00, 0x00, 0x5d, 0xe4, 0x7f, 0x01, 0x00, 0xca, 0x0f, 0x00,
  0x86, 0x79, 0x00, 0x4e, 0x59, 0x00, 0x00, 0x00, 0x10, 0x19, 0x10, 0x0c,
  0x00, 0xe8, 0x03, 0x00, 0x41, 0x79, 0x01, 0x00, 0x00, 0x00, 0x00, 0x00,
  0x00, 0x00, 0x80, 0x03, 0x00, 0xea, 0x0f, 0x00, 0x47, 0x19, 0x00, 0x00,
  0xa0, 0x19, 0x00, 0x00, 0x00, 0x00, 0x80, 0x03, 0x00, 0xea, 0x0f, 0x00,
  0x10, 0x78, 0x02, 0x03, 0x1a, 0x00, 0x00, 0x00, 0xff, 0xe0, 0xff, 0x07,
  0x00, 0xe2, 0x0f, 0x00, 0x45, 0x79, 0x01, 0x00, 0x20, 0x01, 0x00, 0x00,
  0x00, 0x00, 0x80, 0x03, 0x00, 0xe6, 0x0f, 0x00, 0x0c, 0x7c, 0x00, 0x02,
  0x06, 0x00, 0x00, 0x00, 0x70, 0x62, 0xf2, 0x0b, 0x00, 0xe2, 0x0f, 0x00,
  0x47, 0x09, 0x00, 0x00, 0xf0, 0x00, 0x00, 0x00, 0x00, 0x00, 0x80, 0x03,
  0x00, 0xee, 0x0f, 0x00, 0x02, 0x72, 0x4e, 0x00, 0x4c, 0x00, 0x00, 0x00,
  0x00, 0x0f, 0x00, 0x00, 0x00, 0xe2, 0x2f, 0x00, 0x24, 0x76, 0x59, 0xff,
  0x00, 0x84, 0x00, 0x00, 0xff, 0x00, 0x8e, 0x07, 0x00, 0xe2, 0x0f, 0x00,
  0x20, 0x7c, 0x56, 0x56, 0x22, 0x00, 0x00, 0x00, 0x00, 0x00, 0x41, 0x08,
  0x00, 0xe2, 0x0f, 0x00, 0x24, 0x72, 0x4f, 0xff, 0xff, 0x00, 0x00, 0x00,
  0x4d, 0x00, 0x8e, 0x07, 0x00, 0xe2, 0x0f, 0x00, 0x20, 0x7c, 0x57, 0x57,
  0x22, 0x00, 0x00, 0x00, 0x00, 0x00, 0x41, 0x08, 0x00, 0xe2, 0x0f, 0x00,
  0x24, 0x76, 0x02, 0xff, 0x00, 0x85, 0x00, 0x00, 0xff, 0x00, 0x8e, 0x07,
  0x00, 0xe2, 0x0f, 0x00, 0x20, 0x7c, 0x54, 0x54, 0x22, 0x00, 0x00, 0x00,
  0x00, 0x00, 0x41, 0x08, 0x00, 0xe2, 0x0f, 0x00, 0x25, 0x78, 0x4e, 0x59,
  0x18, 0x00, 0x00, 0x00, 0x4e, 0x00, 0x8e, 0x07, 0x00, 0xe2, 0x0f, 0x00,
  0x20, 0x7c, 0x55, 0x55, 0x22, 0x00, 0x00, 0x00, 0x00, 0x00, 0x41, 0x08,
  0x00, 0xe2, 0x0f, 0x00, 0x3e, 0x72, 0x56, 0x57, 0x56, 0x00, 0x00, 0x00,
  0xff, 0x70, 0x80, 0x04, 0x00, 0xc4, 0x0f, 0x00, 0x24, 0x78, 0x59, 0x02,
  0x18, 0x00, 0x00, 0x00, 0xff, 0x02, 0x8e, 0x07, 0x00, 0xe2, 0x0f, 0x00,
  0x10, 0x7a, 0x4e, 0x4e, 0x00, 0x78, 0x00, 0x00, 0xff, 0xe0, 0xf5, 0x07,
  0x00, 0xe4, 0x0f, 0x00, 0x3e, 0x72, 0x55, 0x55, 0x54, 0x00, 0x00, 0x00,
  0x56, 0x70, 0x80, 0x04, 0x00, 0xe4, 0x0f, 0x00, 0x10, 0x7a, 0x4f, 0x4f,
  0x00, 0x79, 0x00, 0x00, 0x59, 0xe4, 0x7f, 0x01, 0x00, 0xca, 0x0f, 0x00,
  0x86, 0x79, 0x00, 0x4e, 0x55, 0x00, 0x00, 0x00, 0x10, 0x19, 0x10, 0x0c,
  0x00, 0xe8, 0x03, 0x00, 0x41, 0x79, 0x01, 0x00, 0x00, 0x00, 0x00, 0x00,
  0x00, 0x00, 0x80, 0x03, 0x00, 0xea, 0x0f, 0x00, 0x47, 0x19, 0x00, 0x00,
  0x50, 0x18, 0x00, 0x00, 0x00, 0x00, 0x80, 0x03, 0x00, 0xea, 0x0f, 0x00,
  0x10, 0x78, 0x02, 0x03, 0x1c, 0x00, 0x00, 0x00, 0xff, 0xe0, 0xff, 0x07,
  0x00, 0xe2, 0x0f, 0x00, 0x45, 0x79, 0x01, 0x00, 0x20, 0x01, 0x00, 0x00,
  0x00, 0x00, 0x80, 0x03, 0x00, 0xe6, 0x0f, 0x00, 0x0c, 0x7c, 0x00, 0x02,
  0x06, 0x00, 0x00, 0x00, 0x70, 0x62, 0xf2, 0x0b, 0x00, 0xe2, 0x0f, 0x00,
  0x47, 0x09, 0x00, 0x00, 0xf0, 0x00, 0x00, 0x00, 0x00, 0x00, 0x80, 0x03,
  0x00, 0xee, 0x0f, 0x00, 0x24, 0x76, 0x55, 0xff, 0x00, 0x84, 0x00, 0x00,
  0xff, 0x00, 0x8e, 0x07, 0x00, 0xe2, 0x2f, 0x00, 0x02, 0x7a, 0x02, 0x00,
  0x00, 0x85, 0x00, 0x00, 0x00, 0x0f, 0x00, 0x00, 0x00, 0xe2, 0x0f, 0x00,
  0x24, 0x72, 0x4e, 0xff, 0xff, 0x00, 0x00, 0x00, 0x4c, 0x00, 0x8e, 0x07,
  0x00, 0xe2, 0x0f, 0x00, 0x20, 0x7c, 0x52, 0x52, 0x22, 0x00, 0x00, 0x00,
  0x00, 0x00, 0x41, 0x08, 0x00, 0xe2, 0x0f, 0x00, 0x24, 0x72, 0x4f, 0xff,
  0xff, 0x00, 0x00, 0x00, 0x4d, 0x00, 0x8e, 0x07, 0x00, 0xe2, 0x0f, 0x00,
  0x20, 0x7c, 0x53, 0x53, 0x22, 0x00, 0x00, 0x00, 0x00, 0x00, 0x41, 0x08,
  0x00, 0xe2, 0x0f, 0x00, 0x20, 0x7c, 0x50, 0x50, 0x22, 0x00, 0x00, 0x00,
  0x00, 0x00, 0x41, 0x08, 0x00, 0xe2, 0x0f, 0x00, 0x20, 0x7c, 0x51, 0x51,
  0x22, 0x00, 0x00, 0x00, 0x00, 0x00, 0x41, 0x08, 0x00, 0xe2, 0x0f, 0x00,
  0x25, 0x78, 0x4e, 0x55, 0x1a, 0x00, 0x00, 0x00, 0x4e, 0x00, 0x8e, 0x07,
  0x00, 0xc4, 0x0f, 0x00, 0x3e, 0x72, 0x52, 0x53, 0x52, 0x00, 0x00, 0x00,
  0xff, 0x70, 0x80, 0x04, 0x00, 0xe4, 0x0f, 0x00, 0x24, 0x78, 0x55, 0x02,
  0x1a, 0x00, 0x00, 0x00, 0xff, 0x02, 0x8e, 0x07, 0x00, 0xe2, 0x0f, 0x00,
  0x10, 0x7a, 0x4e, 0x4e, 0x00, 0x78, 0x00, 0x00, 0xff, 0xe0, 0xf5, 0x07,
  0x00, 0xe4, 0x0f, 0x00, 0x3e, 0x72, 0x51, 0x51, 0x50, 0x00, 0x00, 0x00,
  0x52, 0x70, 0x80, 0x04, 0x00, 0xe4, 0x0f, 0x00, 0x10, 0x7a, 0x4f, 0x4f,
  0x00, 0x79, 0x00, 0x00, 0x55, 0xe4, 0x7f, 0x01, 0x00, 0xca, 0x0f, 0x00,
  0x86, 0x79, 0x00, 0x4e, 0x51, 0x00, 0x00, 0x00, 0x10, 0x19, 0x10, 0x0c,
  0x00, 0xe8, 0x03, 0x00, 0x41, 0x79, 0x01, 0x00, 0x00, 0x00, 0x00, 0x00,
  0x00, 0x00, 0x80, 0x03, 0x00, 0xea, 0x0f, 0x00, 0x47, 0x19, 0x00, 0x00,
  0x00, 0x17, 0x00, 0x00, 0x00, 0x00, 0x80, 0x03, 0x00, 0xea, 0x0f, 0x00,
  0x10, 0x78, 0x02, 0x03, 0x1e, 0x00, 0x00, 0x00, 0xff, 0xe0, 0xff, 0x07,
  0x00, 0xe2, 0x0f, 0x00, 0x45, 0x79, 0x01, 0x00, 0x20, 0x01, 0x00, 0x00,
  0x00, 0x00, 0x80, 0x03, 0x00, 0xe6, 0x0f, 0x00, 0x0c, 0x7c, 0x00, 0x02,
  0x06, 0x00, 0x00, 0x00, 0x70, 0x62, 0xf2, 0x0b, 0x00, 0xe2, 0x0f, 0x00,
  0x47, 0x09, 0x00, 0x00, 0xf0, 0x00, 0x00, 0x00, 0x00, 0x00, 0x80, 0x03,
  0x00, 0xee, 0x0f, 0x00, 0x02, 0x7a, 0x51, 0x00, 0x00, 0x84, 0x00, 0x00,
  0x00, 0x0f, 0x00, 0x00, 0x00, 0xe2, 0x2f, 0x00, 0x24, 0x72, 0x4e, 0xff,
  0xff, 0x00, 0x00, 0x00, 0x4c, 0x00, 0x8e, 0x07, 0x00, 0xe2, 0x0f, 0x00,
  0x02, 0x72, 0x4f, 0x00, 0x4d, 0x00, 0x00, 0x00, 0x00, 0x0f, 0x00, 0x00,
  0x00, 0xe2, 0x0f, 0x00, 0x20, 0x7c, 0x4a, 0x4a, 0x22, 0x00, 0x00, 0x00,
  0x00, 0x00, 0x41, 0x08, 0x00, 0xe2, 0x0f, 0x00, 0x24, 0x76, 0x50, 0xff,
  0x00, 0x85, 0x00, 0x00, 0xff, 0x00, 0x8e, 0x07, 0x00, 0xe2, 0x0f, 0x00,
  0x20, 0x7c, 0x02, 0x48, 0x22, 0x00, 0x00, 0x00, 0x00, 0x00, 0x41, 0x08,
  0x00, 0xc4, 0x0f, 0x00, 0x25, 0x78, 0x4e, 0x51, 0x1c, 0x00, 0x00, 0x00,
  0x4e, 0x00, 0x8e, 0x07, 0x00, 0xe2, 0x0f, 0x00, 0x20, 0x7c, 0x51, 0x4b,
  0x22, 0x00, 0x00, 0x00, 0x00, 0x00, 0x41, 0x08, 0x00, 0xe2, 0x0f, 0x00,
  0x20, 0x7c, 0x4b, 0x49, 0x22, 0x00, 0x00, 0x00, 0x00, 0x00, 0x41, 0x08,
  0x00, 0xe4, 0x0f, 0x00, 0x24, 0x78, 0x49, 0x50, 0x1c, 0x00, 0x00, 0x00,
  0xff, 0x02, 0x8e, 0x07, 0x00, 0xe2, 0x0f, 0x00, 0x10, 0x7a, 0x48, 0x4e,
  0x00, 0x78, 0x00, 0x00, 0xff, 0xe0, 0xf5, 0x07, 0x00, 0xe4, 0x0f, 0x00,
  0x3e, 0x72, 0x4a, 0x51, 0x4a, 0x00, 0x00, 0x00, 0xff, 0x70, 0x80, 0x04,
  0x00, 0xe4, 0x0f, 0x00, 0x10, 0x7a, 0x49, 0x4f, 0x00, 0x79, 0x00, 0x00,
  0x49, 0xe4, 0x7f, 0x01, 0x00, 0xe4, 0x0f, 0x00, 0x3e, 0x72, 0x4b, 0x4b,
  0x02, 0x00, 0x00, 0x00, 0x4a, 0x70, 0x80, 0x04, 0x00, 0xca, 0x0f, 0x00,
  0x86, 0x79, 0x00, 0x48, 0x4b, 0x00, 0x00, 0x00, 0x10, 0x19, 0x10, 0x0c,
  0x00, 0xe4, 0x03, 0x00, 0x41, 0x79, 0x01, 0x00, 0x00, 0x00, 0x00, 0x00,
  0x00, 0x00, 0x80, 0x03, 0x00, 0xea, 0x0f, 0x00, 0x47, 0x19, 0x00, 0x00,
  0xb0, 0x15, 0x00, 0x00, 0x00, 0x00, 0x80, 0x03, 0x00, 0xea, 0x0f, 0x00,
  0x10, 0x78, 0x02, 0x03, 0x20, 0x00, 0x00, 0x00, 0xff, 0xe0, 0xff, 0x07,
  0x00, 0xe2, 0x0f, 0x00, 0x45, 0x79, 0x01, 0x00, 0x20, 0x01, 0x00, 0x00,
  0x00, 0x00, 0x80, 0x03, 0x00, 0xe6, 0x0f, 0x00, 0x0c, 0x7c, 0x00, 0x02,
  0x06, 0x00, 0x00, 0x00, 0x70, 0x62, 0xf2, 0x0b, 0x00, 0xe2, 0x0f, 0x00,
  0x47, 0x09, 0x00, 0x00, 0xf0, 0x00, 0x00, 0x00, 0x00, 0x00, 0x80, 0x03,
  0x00, 0xee, 0x0f, 0x00, 0x02, 0x72, 0x48, 0x00, 0x4c, 0x00, 0x00, 0x00,
  0x00, 0x0f, 0x00, 0x00, 0x00, 0xe2, 0x2f, 0x00, 0x24, 0x76, 0x4b, 0xff,
  0x00, 0x84, 0x00, 0x00, 0xff, 0x00, 0x8e, 0x07, 0x00, 0xe2, 0x0f, 0x00,
  0x20, 0x7c, 0x46, 0x46, 0x22, 0x00, 0x00, 0x00, 0x00, 0x00, 0x41, 0x08,
  0x00, 0xe2, 0x0f, 0x00, 0x24, 0x72, 0x49, 0xff, 0xff, 0x00, 0x00, 0x00,
  0x4d, 0x00, 0x8e, 0x07, 0x00, 0xe2, 0x0f, 0x00, 0x20, 0x7c, 0x02, 0x44,
  0x22, 0x00, 0x00, 0x00, 0x00, 0x00, 0x41, 0x08, 0x00, 0xe2, 0x0f, 0x00,
  0x24, 0x76, 0x4a, 0xff, 0x00, 0x85, 0x00, 0x00, 0xff, 0x00, 0x8e, 0x07,
  0x00, 0xc4, 0x0f, 0x00, 0x25, 0x78, 0x48, 0x4b, 0x1e, 0x00, 0x00, 0x00,
  0x48, 0x00, 0x8e, 0x07, 0x00, 0xe2, 0x0f, 0x00, 0x20, 0x7c, 0x4b, 0x47,
  0x22, 0x00, 0x00, 0x00, 0x00, 0x00, 0x41, 0x08, 0x00, 0xe2, 0x0f, 0x00,
  0x20, 0x7c, 0x47, 0x45, 0x22, 0x00, 0x00, 0x00, 0x00, 0x00, 0x41, 0x08,
  0x00, 0xe4, 0x0f, 0x00, 0x24, 0x78, 0x45, 0x4a, 0x1e, 0x00, 0x00, 0x00,
  0xff, 0x02, 0x8e, 0x07, 0x00, 0xe2, 0x0f, 0x00, 0x10, 0x7a, 0x44, 0x48,
  0x00, 0x78, 0x00, 0x00, 0xff, 0xe0, 0xf5, 0x07, 0x00, 0xe4, 0x0f, 0x00,
  0x3e, 0x72, 0x46, 0x4b, 0x46, 0x00, 0x00, 0x00, 0xff, 0x70, 0x80, 0x04,
  0x00, 0xe4, 0x0f, 0x00, 0x10, 0x7a, 0x45, 0x49, 0x00, 0x79, 0x00, 0x00,
  0x45, 0xe4, 0x7f, 0x01, 0x00, 0xe4, 0x0f, 0x00, 0x3e, 0x72, 0x47, 0x47,
  0x02, 0x00, 0x00, 0x00, 0x46, 0x70, 0x80, 0x04, 0x00, 0xca, 0x0f, 0x00,
  0x86, 0x79, 0x00, 0x44, 0x47, 0x00, 0x00, 0x00, 0x10, 0x19, 0x10, 0x0c,
  0x00, 0xe4, 0x03, 0x00, 0x41, 0x79, 0x01, 0x00, 0x00, 0x00, 0x00, 0x00,
  0x00, 0x00, 0x80, 0x03, 0x00, 0xea, 0x0f, 0x00, 0x47, 0x19, 0x00, 0x00,
  0x60, 0x14, 0x00, 0x00, 0x00, 0x00, 0x80, 0x03, 0x00, 0xea, 0x0f, 0x00,
  0x24, 0x86, 0x47, 0xff, 0x00, 0x84, 0x00, 0x00, 0xff, 0x00, 0x8e, 0x07,
  0x00, 0xe2, 0x2f, 0x00, 0x20, 0x7c, 0x42, 0x42, 0x22, 0x00, 0x00, 0x00,
  0x00, 0x00, 0x41, 0x08, 0x00, 0xe2, 0x0f, 0x00, 0x02, 0x8a, 0x46, 0x00,
  0x00, 0x85, 0x00, 0x00, 0x00, 0x0f, 0x00, 0x00, 0x00, 0xe2, 0x0f, 0x00,
  0x20, 0x7c, 0x45, 0x43, 0x22, 0x00, 0x00, 0x00, 0x00, 0x00, 0x41, 0x08,
  0x00, 0xe2, 0x0f, 0x00, 0x20, 0x7c, 0x43, 0x41, 0x22, 0x00, 0x00, 0x00,
  0x00, 0x00, 0x41, 0x08, 0x00, 0xe2, 0x0f, 0x00, 0x11, 0x82, 0x44, 0x47,
  0x4c, 0x00, 0x00, 0x00, 0xff, 0x28, 0x82, 0x07, 0x00, 0xe2, 0x0f, 0x00,
  0x20, 0x7c, 0x02, 0x40, 0x22, 0x00, 0x00, 0x00, 0x00, 0x00, 0x41, 0x08,
  0x00, 0xe4, 0x0f, 0x00, 0x3e, 0x72, 0x42, 0x45, 0x42, 0x00, 0x00, 0x00,
  0xff, 0x70, 0x80, 0x04, 0x00, 0xe4, 0x0f, 0x00, 0x11, 0x82, 0x41, 0x47,
  0x4d, 0x00, 0x00, 0x00, 0x46, 0x2c, 0x8f, 0x00, 0x00, 0xc4, 0x0f, 0x00,
  0x10, 0x8a, 0x40, 0x44, 0x00, 0x78, 0x00, 0x00, 0xff, 0xe0, 0xf3, 0x07,
  0x00, 0xe4, 0x0f, 0x00, 0x3e, 0x72, 0x43, 0x43, 0x02, 0x00, 0x00, 0x00,
  0x42, 0x70, 0x80, 0x04, 0x00, 0xe4, 0x0f, 0x00, 0x10, 0x8a, 0x41, 0x41,
  0x00, 0x79, 0x00, 0x00, 0xff, 0xe4, 0xff, 0x00, 0x00, 0xe4, 0x0f, 0x00,
  0x10, 0x78, 0x02, 0x03, 0x22, 0x00, 0x00, 0x00, 0xff, 0xe0, 0xff, 0x07,
  0x00, 0xc6, 0x0f, 0x00, 0x86, 0x89, 0x00, 0x40, 0x43, 0x00, 0x00, 0x00,
  0x10, 0x19, 0x10, 0x0c, 0x00, 0xe2, 0x03, 0x00, 0x0c, 0x7c, 0x00, 0x02,
  0x06, 0x00, 0x00, 0x00, 0x70, 0x62, 0xf2, 0x0b, 0x00, 0xda, 0x0f, 0x00,
  0x47, 0x19, 0x00, 0x00, 0x60, 0x13, 0x00, 0x00, 0x00, 0x00, 0x80, 0x03,
  0x00, 0xea, 0x0f, 0x00, 0x10, 0x78, 0x02, 0x03, 0x24, 0x00, 0x00, 0x00,
  0xff, 0xe0, 0xff, 0x07, 0x00, 0xe2, 0x2f, 0x00, 0x45, 0x79, 0x01, 0x00,
  0x20, 0x01, 0x00, 0x00, 0x00, 0x00, 0x80, 0x03, 0x00, 0xe6, 0x0f, 0x00,
  0x0c, 0x7c, 0x00, 0x02, 0x06, 0x00, 0x00, 0x00, 0x70, 0x62, 0xf2, 0x0b,
  0x00, 0xe2, 0x0f, 0x00, 0x47, 0x09, 0x00, 0x00, 0xf0, 0x00, 0x00, 0x00,
  0x00, 0x00, 0x80, 0x03, 0x00, 0xee, 0x0f, 0x00, 0x02, 0x72, 0x40, 0x00,
  0x4c, 0x00, 0x00, 0x00, 0x00, 0x0f, 0x00, 0x00, 0x00, 0xe2, 0x0f, 0x00,
  0x24, 0x76, 0x43, 0xff, 0x00, 0x84, 0x00, 0x00, 0xff, 0x00, 0x8e, 0x07,
  0x00, 0xe2, 0x0f, 0x00, 0x20, 0x7c, 0x3e, 0x3e, 0x22, 0x00, 0x00, 0x00,
  0x00, 0x00, 0x41, 0x08, 0x00, 0xe2, 0x0f, 0x00, 0x24, 0x72, 0x41, 0xff,
  0xff, 0x00, 0x00, 0x00, 0x4d, 0x00, 0x8e, 0x07, 0x00, 0xe2, 0x0f, 0x00,
  0x20, 0x7c, 0x02, 0x3c, 0x22, 0x00, 0x00, 0x00, 0x00, 0x00, 0x41, 0x08,
  0x00, 0xe2, 0x0f, 0x00, 0x24, 0x76, 0x42, 0xff, 0x00, 0x85, 0x00, 0x00,
  0xff, 0x00, 0x8e, 0x07, 0x00, 0xc4, 0x0f, 0x00, 0x25, 0x78, 0x40, 0x43,
  0x22, 0x00, 0x00, 0x00, 0x40, 0x00, 0x8e, 0x07, 0x00, 0xe2, 0x0f, 0x00,
  0x20, 0x7c, 0x43, 0x3f, 0x22, 0x00, 0x00, 0x00, 0x00, 0x00, 0x41, 0x08,
  0x00, 0xe2, 0x0f, 0x00, 0x20, 0x7c, 0x3f, 0x3d, 0x22, 0x00, 0x00, 0x00,
  0x00, 0x00, 0x41, 0x08, 0x00, 0xe4, 0x0f, 0x00, 0x24, 0x78, 0x3d, 0x42,
  0x22, 0x00, 0x00, 0x00, 0xff, 0x02, 0x8e, 0x07, 0x00, 0xe2, 0x0f, 0x00,
  0x10, 0x7a, 0x3c, 0x40, 0x00, 0x78, 0x00, 0x00, 0xff, 0xe0, 0xf5, 0x07,
  0x00, 0xe4, 0x0f, 0x00, 0x3e, 0x72, 0x3e, 0x43, 0x3e, 0x00, 0x00, 0x00,
  0xff, 0x70, 0x80, 0x04, 0x00, 0xe4, 0x0f, 0x00, 0x10, 0x7a, 0x3d, 0x41,
  0x00, 0x79, 0x00, 0x00, 0x3d, 0xe4, 0x7f, 0x01, 0x00, 0xe4, 0x0f, 0x00,
  0x3e, 0x72, 0x3f, 0x3f, 0x02, 0x00, 0x00, 0x00, 0x3e, 0x70, 0x80, 0x04,
  0x00, 0xca, 0x0f, 0x00, 0x86, 0x79, 0x00, 0x3c, 0x3f, 0x00, 0x00, 0x00,
  0x10, 0x19, 0x10, 0x0c, 0x00, 0xe4, 0x03, 0x00, 0x41, 0x79, 0x01, 0x00,
  0x00, 0x00, 0x00, 0x00, 0x00, 0x00, 0x80, 0x03, 0x00, 0xea, 0x0f, 0x00,
  0x47, 0x19, 0x00, 0x00, 0x10, 0x12, 0x00, 0x00, 0x00, 0x00, 0x80, 0x03,
  0x00, 0xea, 0x0f, 0x00, 0x10, 0x78, 0x02, 0x03, 0x26, 0x00, 0x00, 0x00,
  0xff, 0xe0, 0xff, 0x07, 0x00, 0xe2, 0x0f, 0x00, 0x45, 0x79, 0x01, 0x00,
  0x20, 0x01, 0x00, 0x00, 0x00, 0x00, 0x80, 0x03, 0x00, 0xe6, 0x0f, 0x00,
  0x0c, 0x7c, 0x00, 0x02, 0x06, 0x00, 0x00, 0x00, 0x70, 0x62, 0xf2, 0x0b,
  0x00, 0xe2, 0x0f, 0x00, 0x47, 0x09, 0x00, 0x00, 0xf0, 0x00, 0x00, 0x00,
  0x00, 0x00, 0x80, 0x03, 0x00, 0xee, 0x0f, 0x00, 0x24, 0x76, 0x3f, 0xff,
  0x00, 0x84, 0x00, 0x00, 0xff, 0x00, 0x8e, 0x07, 0x00, 0xe2, 0x2f, 0x00,
  0x02, 0x7a, 0x3e, 0x00, 0x00, 0x85, 0x00, 0x00, 0x00, 0x0f, 0x00, 0x00,
  0x00, 0xe2, 0x0f, 0x00, 0x24, 0x72, 0x3c, 0xff, 0xff, 0x00, 0x00, 0x00,
  0x4c, 0x00, 0x8e, 0x07, 0x00, 0xe2, 0x0f, 0x00, 0x20, 0x7c, 0x3a, 0x3a,
  0x22, 0x00, 0x00, 0x00, 0x00, 0x00, 0x41, 0x08, 0x00, 0xe2, 0x0f, 0x00,
  0x24, 0x72, 0x3d, 0xff, 0xff, 0x00, 0x00, 0x00, 0x4d, 0x00, 0x8e, 0x07,
  0x00, 0xe2, 0x0f, 0x00, 0x20, 0x7c, 0x02, 0x38, 0x22, 0x00, 0x00, 0x00,
  0x00, 0x00, 0x41, 0x08, 0x00, 0xc6, 0x0f, 0x00, 0x25, 0x78, 0x3c, 0x3f,
  0x24, 0x00, 0x00, 0x00, 0x3c, 0x00, 0x8e, 0x07, 0x00, 0xe2, 0x0f, 0x00,
  0x20, 0x7c, 0x3f, 0x3b, 0x22, 0x00, 0x00, 0x00, 0x00, 0x00, 0x41, 0x08,
  0x00, 0xe2, 0x0f, 0x00, 0x20, 0x7c, 0x3b, 0x39, 0x22, 0x00, 0x00, 0x00,
  0x00, 0x00, 0x41, 0x08, 0x00, 0xe4, 0x0f, 0x00, 0x24, 0x78, 0x39, 0x3e,
  0x24, 0x00, 0x00, 0x00, 0xff, 0x02, 0x8e, 0x07, 0x00, 0xe2, 0x0f, 0x00,
  0x10, 0x7a, 0x38, 0x3c, 0x00, 0x78, 0x00, 0x00, 0xff, 0xe0, 0xf5, 0x07,
  0x00, 0xe4, 0x0f, 0x00, 0x3e, 0x72, 0x3a, 0x3f, 0x3a, 0x00, 0x00, 0x00,
  0xff, 0x70, 0x80, 0x04, 0x00, 0xe4, 0x0f, 0x00, 0x10, 0x7a, 0x39, 0x3d,
  0x00, 0x79, 0x00, 0x00, 0x39, 0xe4, 0x7f, 0x01, 0x00, 0xe4, 0x0f, 0x00,
  0x3e, 0x72, 0x3b, 0x3b, 0x02, 0x00, 0x00, 0x00, 0x3a, 0x70, 0x80, 0x04,
  0x00, 0xca, 0x0f, 0x00, 0x86, 0x79, 0x00, 0x38, 0x3b, 0x00, 0x00, 0x00,
  0x10, 0x19, 0x10, 0x0c, 0x00, 0xe4, 0x03, 0x00, 0x41, 0x79, 0x01, 0x00,
  0x00, 0x00, 0x00, 0x00, 0x00, 0x00, 0x80, 0x03, 0x00, 0xea, 0x0f, 0x00,
  0x47, 0x19, 0x00, 0x00, 0xc0, 0x10, 0x00, 0x00, 0x00, 0x00, 0x80, 0x03,
  0x00, 0xea, 0x0f, 0x00, 0x10, 0x78, 0x02, 0x03, 0x28, 0x00, 0x00, 0x00,
  0xff, 0xe0, 0xff, 0x07, 0x00, 0xe2, 0x0f, 0x00, 0x45, 0x79, 0x01, 0x00,
  0x20, 0x01, 0x00, 0x00, 0x00, 0x00, 0x80, 0x03, 0x00, 0xe6, 0x0f, 0x00,
  0x0c, 0x7c, 0x00, 0x02, 0x06, 0x00, 0x00, 0x00, 0x70, 0x62, 0xf2, 0x0b,
  0x00, 0xe2, 0x0f, 0x00, 0x47, 0x09, 0x00, 0x00, 0xf0, 0x00, 0x00, 0x00,
  0x00, 0x00, 0x80, 0x03, 0x00, 0xee, 0x0f, 0x00, 0x02, 0x7a, 0x3b, 0x00,
  0x00, 0x84, 0x00, 0x00, 0x00, 0x0f, 0x00, 0x00, 0x00, 0xe2, 0x2f, 0x00,
  0x24, 0x72, 0x38, 0xff, 0xff, 0x00, 0x00, 0x00, 0x4c, 0x00, 0x8e, 0x07,
  0x00, 0xe2, 0x0f, 0x00, 0x02, 0x72, 0x39, 0x00, 0x4d, 0x00, 0x00, 0x00,
  0x00, 0x0f, 0x00, 0x00, 0x00, 0xe2, 0x0f, 0x00, 0x20, 0x7c, 0x06, 0x06,
  0x22, 0x00, 0x00, 0x00, 0x00, 0x00, 0x41, 0x08, 0x00, 0xe2, 0x0f, 0x00,
  0x24, 0x76, 0x3a, 0xff, 0x00, 0x85, 0x00, 0x00, 0xff, 0x00, 0x8e, 0x07,
  0x00, 0xe2, 0x0f, 0x00, 0x20, 0x7c, 0x02, 0x04, 0x22, 0x00, 0x00, 0x00,
  0x00, 0x00, 0x41, 0x08, 0x00, 0xc4, 0x0f, 0x00, 0x25, 0x78, 0x38, 0x3b,
  0x26, 0x00, 0x00, 0x00, 0x38, 0x00, 0x8e, 0x07, 0x00, 0xe2, 0x0f, 0x00,
  0x20, 0x7c, 0x3b, 0x07, 0x22, 0x00, 0x00, 0x00, 0x00, 0x00, 0x41, 0x08,
  0x00, 0xe2, 0x0f, 0x00, 0x20, 0x7c, 0x07, 0x05, 0x22, 0x00, 0x00, 0x00,
  0x00, 0x00, 0x41, 0x08, 0x00, 0xe4, 0x0f, 0x00, 0x24, 0x78, 0x05, 0x3a,
  0x26, 0x00, 0x00, 0x00, 0xff, 0x02, 0x8e, 0x07, 0x00, 0xe2, 0x0f, 0x00,
  0x10, 0x7a, 0x04, 0x38, 0x00, 0x78, 0x00, 0x00, 0xff, 0xe0, 0xf5, 0x07,
  0x00, 0xe4, 0x0f, 0x00, 0x3e, 0x72, 0x06, 0x3b, 0x06, 0x00, 0x00, 0x00,
  0xff, 0x70, 0x80, 0x04, 0x00, 0xe4, 0x0f, 0x00, 0x10, 0x7a, 0x05, 0x39,
  0x00, 0x79, 0x00, 0x00, 0x05, 0xe4, 0x7f, 0x01, 0x00, 0xe4, 0x0f, 0x00,
  0x3e, 0x72, 0x07, 0x07, 0x02, 0x00, 0x00, 0x00, 0x06, 0x70, 0x80, 0x04,
  0x00, 0xca, 0x0f, 0x00, 0x86, 0x79, 0x00, 0x04, 0x07, 0x00, 0x00, 0x00,
  0x10, 0x19, 0x10, 0x0c, 0x00, 0xe4, 0x03, 0x00, 0x41, 0x79, 0x01, 0x00,
  0x00, 0x00, 0x00, 0x00, 0x00, 0x00, 0x80, 0x03, 0x00, 0xea, 0x0f, 0x00,
  0x47, 0x19, 0x00, 0x00, 0x70, 0x0f, 0x00, 0x00, 0x00, 0x00, 0x80, 0x03,
  0x00, 0xea, 0x0f, 0x00, 0x10, 0x78, 0x02, 0x03, 0x2a, 0x00, 0x00, 0x00,
  0xff, 0xe0, 0xff, 0x07, 0x00, 0xe2, 0x0f, 0x00, 0x45, 0x79, 0x01, 0x00,
  0x20, 0x01, 0x00, 0x00, 0x00, 0x00, 0x80, 0x03, 0x00, 0xe6, 0x0f, 0x00,
  0x0c, 0x7c, 0x00, 0x02, 0x06, 0x00, 0x00, 0x00, 0x70, 0x62, 0xf2, 0x0b,
  0x00, 0xe2, 0x0f, 0x00, 0x47, 0x09, 0x00, 0x00, 0xf0, 0x00, 0x00, 0x00,
  0x00, 0x00, 0x80, 0x03, 0x00, 0xee, 0x0f, 0x00, 0x02, 0x72, 0x04, 0x00,
  0x4c, 0x00, 0x00, 0x00, 0x00, 0x0f, 0x00, 0x00, 0x00, 0xe2, 0x2f, 0x00,
  0x24, 0x76, 0x07, 0xff, 0x00, 0x84, 0x00, 0x00, 0xff, 0x00, 0x8e, 0x07,
  0x00, 0xe2, 0x0f, 0x00, 0x20, 0x7c, 0x0a, 0x0a, 0x22, 0x00, 0x00, 0x00,
  0x00, 0x00, 0x41, 0x08, 0x00, 0xe2, 0x0f, 0x00, 0x24, 0x72, 0x05, 0xff,
  0xff, 0x00, 0x00, 0x00, 0x4d, 0x00, 0x8e, 0x07, 0x00, 0xe2, 0x0f, 0x00,
  0x20, 0x7c, 0x0b, 0x0b, 0x22, 0x00, 0x00, 0x00, 0x00, 0x00, 0x41, 0x08,
  0x00, 0xe2, 0x0f, 0x00, 0x24, 0x76, 0x02, 0xff, 0x00, 0x85, 0x00, 0x00,
  0xff, 0x00, 0x8e, 0x07, 0x00, 0xe2, 0x0f, 0x00, 0x20, 0x7c, 0x08, 0x08,
  0x22, 0x00, 0x00, 0x00, 0x00, 0x00, 0x41, 0x08, 0x00, 0xe2, 0x0f, 0x00,
  0x25, 0x78, 0x04, 0x07, 0x28, 0x00, 0x00, 0x00, 0x04, 0x00, 0x8e, 0x07,
  0x00, 0xe2, 0x0f, 0x00, 0x20, 0x7c, 0x09, 0x09, 0x22, 0x00, 0x00, 0x00,
  0x00, 0x00, 0x41, 0x08, 0x00, 0xe2, 0x0f, 0x00, 0x3e, 0x72, 0x0a, 0x0b,
  0x0a, 0x00, 0x00, 0x00, 0xff, 0x70, 0x80, 0x04, 0x00, 0xc4, 0x0f, 0x00,
  0x24, 0x78, 0x07, 0x02, 0x28, 0x00, 0x00, 0x00, 0xff, 0x02, 0x8e, 0x07,
  0x00, 0xe2, 0x0f, 0x00, 0x10, 0x7a, 0x04, 0x04, 0x00, 0x78, 0x00, 0x00,
  0xff, 0xe0, 0xf5, 0x07, 0x00, 0xe4, 0x0f, 0x00, 0x3e, 0x72, 0x09, 0x09,
  0x08, 0x00, 0x00, 0x00, 0x0a, 0x70, 0x80, 0x04, 0x00, 0xe4, 0x0f, 0x00,
  0x10, 0x7a, 0x05, 0x05, 0x00, 0x79, 0x00, 0x00, 0x07, 0xe4, 0x7f, 0x01,
  0x00, 0xca, 0x0f, 0x00, 0x86, 0x79, 0x00, 0x04, 0x09, 0x00, 0x00, 0x00,
  0x10, 0x19, 0x10, 0x0c, 0x00, 0xe8, 0x03, 0x00, 0x41, 0x79, 0x01, 0x00,
  0x00, 0x00, 0x00, 0x00, 0x00, 0x00, 0x80, 0x03, 0x00, 0xea, 0x0f, 0x00,
  0x47, 0x19, 0x00, 0x00, 0x20, 0x0e, 0x00, 0x00, 0x00, 0x00, 0x80, 0x03,
  0x00, 0xea, 0x0f, 0x00, 0x10, 0x78, 0x02, 0x03, 0x2c, 0x00, 0x00, 0x00,
  0xff, 0xe0, 0xff, 0x07, 0x00, 0xe2, 0x0f, 0x00, 0x45, 0x79, 0x01, 0x00,
  0x20, 0x01, 0x00, 0x00, 0x00, 0x00, 0x80, 0x03, 0x00, 0xe6, 0x0f, 0x00,
  0x0c, 0x7c, 0x00, 0x02, 0x06, 0x00, 0x00, 0x00, 0x70, 0x62, 0xf2, 0x0b,
  0x00, 0xe2, 0x0f, 0x00, 0x47, 0x09, 0x00, 0x00, 0xf0, 0x00, 0x00, 0x00,
  0x00, 0x00, 0x80, 0x03, 0x00, 0xee, 0x0f, 0x00, 0x24, 0x76, 0x07, 0xff,
  0x00, 0x84, 0x00, 0x00, 0xff, 0x00, 0x8e, 0x07, 0x00, 0xe2, 0x2f, 0x00,
  0x02, 0x7a, 0x02, 0x00, 0x00, 0x85, 0x00, 0x00, 0x00, 0x0f, 0x00, 0x00,
  0x00, 0xe2, 0x0f, 0x00, 0x24, 0x72, 0x04, 0xff, 0xff, 0x00, 0x00, 0x00,
  0x4c, 0x00, 0x8e, 0x07, 0x00, 0xe2, 0x0f, 0x00, 0x20, 0x7c, 0x0e, 0x0e,
  0x22, 0x00, 0x00, 0x00, 0x00, 0x00, 0x41, 0x08, 0x00, 0xe2, 0x0f, 0x00,
  0x24, 0x72, 0x05, 0xff, 0xff, 0x00, 0x00, 0x00, 0x4d, 0x00, 0x8e, 0x07,
  0x00, 0xe2, 0x0f, 0x00, 0x20, 0x7c, 0x0f, 0x0f, 0x22, 0x00, 0x00, 0x00,
  0x00, 0x00, 0x41, 0x08, 0x00, 0xe2, 0x0f, 0x00, 0x20, 0x7c, 0x0c, 0x0c,
  0x22, 0x00, 0x00, 0x00, 0x00, 0x00, 0x41, 0x08, 0x00, 0xe2, 0x0f, 0x00,
  0x20, 0x7c, 0x0d, 0x0d, 0x22, 0x00, 0x00, 0x00, 0x00, 0x00, 0x41, 0x08,
  0x00, 0xe2, 0x0f, 0x00, 0x25, 0x78, 0x04, 0x07, 0x2a, 0x00, 0x00, 0x00,
  0x04, 0x00, 0x8e, 0x07, 0x00, 0xc4, 0x0f, 0x00, 0x3e, 0x72, 0x0e, 0x0f,
  0x0e, 0x00, 0x00, 0x00, 0xff, 0x70, 0x80, 0x04, 0x00, 0xe4, 0x0f, 0x00,
  0x24, 0x78, 0x07, 0x02, 0x2a, 0x00, 0x00, 0x00, 0xff, 0x02, 0x8e, 0x07,
  0x00, 0xe2, 0x0f, 0x00, 0x10, 0x7a, 0x04, 0x04, 0x00, 0x78, 0x00, 0x00,
  0xff, 0xe0, 0xf5, 0x07, 0x00, 0xe4, 0x0f, 0x00, 0x3e, 0x72, 0x0d, 0x0d,
  0x0c, 0x00, 0x00, 0x00, 0x0e, 0x70, 0x80, 0x04, 0x00, 0xe4, 0x0f, 0x00,
  0x10, 0x7a, 0x05, 0x05, 0x00, 0x79, 0x00, 0x00, 0x07, 0xe4, 0x7f, 0x01,
  0x00, 0xca, 0x0f, 0x00, 0x86, 0x79, 0x00, 0x04, 0x0d, 0x00, 0x00, 0x00,
  0x10, 0x19, 0x10, 0x0c, 0x00, 0xe8, 0x03, 0x00, 0x41, 0x79, 0x01, 0x00,
  0x00, 0x00, 0x00, 0x00, 0x00, 0x00, 0x80, 0x03, 0x00, 0xea, 0x0f, 0x00,
  0x47, 0x19, 0x00, 0x00, 0xd0, 0x0c, 0x00, 0x00, 0x00, 0x00, 0x80, 0x03,
  0x00, 0xea, 0x0f, 0x00, 0x10, 0x78, 0x02, 0x03, 0x2e, 0x00, 0x00, 0x00,
  0xff, 0xe0, 0xff, 0x07, 0x00, 0xe2, 0x0f, 0x00, 0x45, 0x79, 0x01, 0x00,
  0x20, 0x01, 0x00, 0x00, 0x00, 0x00, 0x80, 0x03, 0x00, 0xe6, 0x0f, 0x00,
  0x0c, 0x7c, 0x00, 0x02, 0x06, 0x00, 0x00, 0x00, 0x70, 0x62, 0xf2, 0x0b,
  0x00, 0xe2, 0x0f, 0x00, 0x47, 0x09, 0x00, 0x00, 0xf0, 0x00, 0x00, 0x00,
  0x00, 0x00, 0x80, 0x03, 0x00, 0xee, 0x0f, 0x00, 0x02, 0x7a, 0x07, 0x00,
  0x00, 0x84, 0x00, 0x00, 0x00, 0x0f, 0x00, 0x00, 0x00, 0xe2, 0x2f, 0x00,
  0x24, 0x72, 0x04, 0xff, 0xff, 0x00, 0x00, 0x00, 0x4c, 0x00, 0x8e, 0x07,
  0x00, 0xe2, 0x0f, 0x00, 0x02, 0x72, 0x05, 0x00, 0x4d, 0x00, 0x00, 0x00,
  0x00, 0x0f, 0x00, 0x00, 0x00, 0xe2, 0x0f, 0x00, 0x20, 0x7c, 0x12, 0x12,
  0x22, 0x00, 0x00, 0x00, 0x00, 0x00, 0x41, 0x08, 0x00, 0xe2, 0x0f, 0x00,
  0x24, 0x76, 0x02, 0xff, 0x00, 0x85, 0x00, 0x00, 0xff, 0x00, 0x8e, 0x07,
  0x00, 0xe2, 0x0f, 0x00, 0x20, 0x7c, 0x13, 0x13, 0x22, 0x00, 0x00, 0x00,
  0x00, 0x00, 0x41, 0x08, 0x00, 0xe2, 0x0f, 0x00, 0x20, 0x7c, 0x10, 0x10,
  0x22, 0x00, 0x00, 0x00, 0x00, 0x00, 0x41, 0x08, 0x00, 0xe2, 0x0f, 0x00,
  0x25, 0x78, 0x04, 0x07, 0x2c, 0x00, 0x00, 0x00, 0x04, 0x00, 0x8e, 0x07,
  0x00, 0xe2, 0x0f, 0x00, 0x20, 0x7c, 0x11, 0x11, 0x22, 0x00, 0x00, 0x00,
  0x00, 0x00, 0x41, 0x08, 0x00, 0xc4, 0x0f, 0x00, 0x3e, 0x72, 0x12, 0x13,
  0x12, 0x00, 0x00, 0x00, 0xff, 0x70, 0x80, 0x04, 0x00, 0xe2, 0x0f, 0x00,
  0x24, 0x78, 0x07, 0x02, 0x2c, 0x00, 0x00, 0x00, 0xff, 0x02, 0x8e, 0x07,
  0x00, 0xe2, 0x0f, 0x00, 0x10, 0x7a, 0x04, 0x04, 0x00, 0x78, 0x00, 0x00,
  0xff, 0xe0, 0xf5, 0x07, 0x00, 0xe4, 0x0f, 0x00, 0x3e, 0x72, 0x11, 0x11,
  0x10, 0x00, 0x00, 0x00, 0x12, 0x70, 0x80, 0x04, 0x00, 0xe4, 0x0f, 0x00,
  0x10, 0x7a, 0x05, 0x05, 0x00, 0x79, 0x00, 0x00, 0x07, 0xe4, 0x7f, 0x01,
  0x00, 0xca, 0x0f, 0x00, 0x86, 0x79, 0x00, 0x04, 0x11, 0x00, 0x00, 0x00,
  0x10, 0x19, 0x10, 0x0c, 0x00, 0xe8, 0x03, 0x00, 0x41, 0x79, 0x01, 0x00,
  0x00, 0x00, 0x00, 0x00, 0x00, 0x00, 0x80, 0x03, 0x00, 0xea, 0x0f, 0x00,
  0x47, 0x19, 0x00, 0x00, 0x80, 0x0b, 0x00, 0x00, 0x00, 0x00, 0x80, 0x03,
  0x00, 0xea, 0x0f, 0x00, 0x10, 0x78, 0x02, 0x03, 0x30, 0x00, 0x00, 0x00,
  0xff, 0xe0, 0xff, 0x07, 0x00, 0xe2, 0x0f, 0x00, 0x45, 0x79, 0x01, 0x00,
  0x20, 0x01, 0x00, 0x00, 0x00, 0x00, 0x80, 0x03, 0x00, 0xe6, 0x0f, 0x00,
  0x0c, 0x7c, 0x00, 0x02, 0x06, 0x00, 0x00, 0x00, 0x70, 0x62, 0xf2, 0x0b,
  0x00, 0xe2, 0x0f, 0x00, 0x47, 0x09, 0x00, 0x00, 0xf0, 0x00, 0x00, 0x00,
  0x00, 0x00, 0x80, 0x03, 0x00, 0xee, 0x0f, 0x00, 0x02, 0x72, 0x04, 0x00,
  0x4c, 0x00, 0x00, 0x00, 0x00, 0x0f, 0x00, 0x00, 0x00, 0xe2, 0x2f, 0x00,
  0x24, 0x76, 0x07, 0xff, 0x00, 0x84, 0x00, 0x00, 0xff, 0x00, 0x8e, 0x07,
  0x00, 0xe2, 0x0f, 0x00, 0x20, 0x7c, 0x16, 0x16, 0x22, 0x00, 0x00, 0x00,
  0x00, 0x00, 0x41, 0x08, 0x00, 0xe2, 0x0f, 0x00, 0x24, 0x72, 0x05, 0xff,
  0xff, 0x00, 0x00, 0x00, 0x4d, 0x00, 0x8e, 0x07, 0x00, 0xe2, 0x0f, 0x00,
  0x20, 0x7c, 0x17, 0x17, 0x22, 0x00, 0x00, 0x00, 0x00, 0x00, 0x41, 0x08,
  0x00, 0xe2, 0x0f, 0x00, 0x24, 0x76, 0x02, 0xff, 0x00, 0x85, 0x00, 0x00,
  0xff, 0x00, 0x8e, 0x07, 0x00, 0xe2, 0x0f, 0x00, 0x20, 0x7c, 0x14, 0x14,
  0x22, 0x00, 0x00, 0x00, 0x00, 0x00, 0x41, 0x08, 0x00, 0xe2, 0x0f, 0x00,
  0x25, 0x78, 0x04, 0x07, 0x2e, 0x00, 0x00, 0x00, 0x04, 0x00, 0x8e, 0x07,
  0x00, 0xe2, 0x0f, 0x00, 0x20, 0x7c, 0x15, 0x15, 0x22, 0x00, 0x00, 0x00,
  0x00, 0x00, 0x41, 0x08, 0x00, 0xe2, 0x0f, 0x00, 0x3e, 0x72, 0x16, 0x17,
  0x16, 0x00, 0x00, 0x00, 0xff, 0x70, 0x80, 0x04, 0x00, 0xc4, 0x0f, 0x00,
  0x24, 0x78, 0x07, 0x02, 0x2e, 0x00, 0x00, 0x00, 0xff, 0x02, 0x8e, 0x07,
  0x00, 0xe2, 0x0f, 0x00, 0x10, 0x7a, 0x04, 0x04, 0x00, 0x78, 0x00, 0x00,
  0xff, 0xe0, 0xf5, 0x07, 0x00, 0xe4, 0x0f, 0x00, 0x3e, 0x72, 0x15, 0x15,
  0x14, 0x00, 0x00, 0x00, 0x16, 0x70, 0x80, 0x04, 0x00, 0xe4, 0x0f, 0x00,
  0x10, 0x7a, 0x05, 0x05, 0x00, 0x79, 0x00, 0x00, 0x07, 0xe4, 0x7f, 0x01,
  0x00, 0xca, 0x0f, 0x00, 0x86, 0x79, 0x00, 0x04, 0x15, 0x00, 0x00, 0x00,
  0x10, 0x19, 0x10, 0x0c, 0x00, 0xe8, 0x03, 0x00, 0x41, 0x79, 0x01, 0x00,
  0x00, 0x00, 0x00, 0x00, 0x00, 0x00, 0x80, 0x03, 0x00, 0xea, 0x0f, 0x00,
  0x47, 0x19, 0x00, 0x00, 0x30, 0x0a, 0x00, 0x00, 0x00, 0x00, 0x80, 0x03,
  0x00, 0xea, 0x0f, 0x00, 0x10, 0x78, 0x02, 0x03, 0x32, 0x00, 0x00, 0x00,
  0xff, 0xe0, 0xff, 0x07, 0x00, 0xe2, 0x0f, 0x00, 0x45, 0x79, 0x01, 0x00,
  0x20, 0x01, 0x00, 0x00, 0x00, 0x00, 0x80, 0x03, 0x00, 0xe6, 0x0f, 0x00,
  0x0c, 0x7c, 0x00, 0x02, 0x06, 0x00, 0x00, 0x00, 0x70, 0x62, 0xf2, 0x0b,
  0x00, 0xe2, 0x0f, 0x00, 0x47, 0x09, 0x00, 0x00, 0xf0, 0x00, 0x00, 0x00,
  0x00, 0x00, 0x80, 0x03, 0x00, 0xee, 0x0f, 0x00, 0x24, 0x76, 0x07, 0xff,
  0x00, 0x84, 0x00, 0x00, 0xff, 0x00, 0x8e, 0x07, 0x00, 0xe2, 0x2f, 0x00,
  0x02, 0x7a, 0x02, 0x00, 0x00, 0x85, 0x00, 0x00, 0x00, 0x0f, 0x00, 0x00,
  0x00, 0xe2, 0x0f, 0x00, 0x24, 0x72, 0x04, 0xff, 0xff, 0x00, 0x00, 0x00,
  0x4c, 0x00, 0x8e, 0x07, 0x00, 0xe2, 0x0f, 0x00, 0x20, 0x7c, 0x1a, 0x1a,
  0x22, 0x00, 0x00, 0x00, 0x00, 0x00, 0x41, 0x08, 0x00, 0xe2, 0x0f, 0x00,
  0x24, 0x72, 0x05, 0xff, 0xff, 0x00, 0x00, 0x00, 0x4d, 0x00, 0x8e, 0x07,
  0x00, 0xe2, 0x0f, 0x00, 0x20, 0x7c, 0x1b, 0x1b, 0x22, 0x00, 0x00, 0x00,
  0x00, 0x00, 0x41, 0x08, 0x00, 0xe2, 0x0f, 0x00, 0x20, 0x7c, 0x18, 0x18,
  0x22, 0x00, 0x00, 0x00, 0x00, 0x00, 0x41, 0x08, 0x00, 0xe2, 0x0f, 0x00,
  0x20, 0x7c, 0x19, 0x19, 0x22, 0x00, 0x00, 0x00, 0x00, 0x00, 0x41, 0x08,
  0x00, 0xe2, 0x0f, 0x00, 0x25, 0x78, 0x04, 0x07, 0x30, 0x00, 0x00, 0x00,
  0x04, 0x00, 0x8e, 0x07, 0x00, 0xc4, 0x0f, 0x00, 0x3e, 0x72, 0x1a, 0x1b,
  0x1a, 0x00, 0x00, 0x00, 0xff, 0x70, 0x80, 0x04, 0x00, 0xe4, 0x0f, 0x00,
  0x24, 0x78, 0x07, 0x02, 0x30, 0x00, 0x00, 0x00, 0xff, 0x02, 0x8e, 0x07,
  0x00, 0xe2, 0x0f, 0x00, 0x10, 0x7a, 0x04, 0x04, 0x00, 0x78, 0x00, 0x00,
  0xff, 0xe0, 0xf5, 0x07, 0x00, 0xe4, 0x0f, 0x00, 0x3e, 0x72, 0x19, 0x19,
  0x18, 0x00, 0x00, 0x00, 0x1a, 0x70, 0x80, 0x04, 0x00, 0xe4, 0x0f, 0x00,
  0x10, 0x7a, 0x05, 0x05, 0x00, 0x79, 0x00, 0x00, 0x07, 0xe4, 0x7f, 0x01,
  0x00, 0xca, 0x0f, 0x00, 0x86, 0x79, 0x00, 0x04, 0x19, 0x00, 0x00, 0x00,
  0x10, 0x19, 0x10, 0x0c, 0x00, 0xe8, 0x03, 0x00, 0x41, 0x79, 0x01, 0x00,
  0x00, 0x00, 0x00, 0x00, 0x00, 0x00, 0x80, 0x03, 0x00, 0xea, 0x0f, 0x00,
  0x47, 0x19, 0x00, 0x00, 0xe0, 0x08, 0x00, 0x00, 0x00, 0x00, 0x80, 0x03,
  0x00, 0xea, 0x0f, 0x00, 0x10, 0x78, 0x02, 0x03, 0x34, 0x00, 0x00, 0x00,
  0xff, 0xe0, 0xff, 0x07, 0x00, 0xe2, 0x0f, 0x00, 0x45, 0x79, 0x01, 0x00,
  0x20, 0x01, 0x00, 0x00, 0x00, 0x00, 0x80, 0x03, 0x00, 0xe6, 0x0f, 0x00,
  0x0c, 0x7c, 0x00, 0x02, 0x06, 0x00, 0x00, 0x00, 0x70, 0x62, 0xf2, 0x0b,
  0x00, 0xe2, 0x0f, 0x00, 0x47, 0x09, 0x00, 0x00, 0xf0, 0x00, 0x00, 0x00,
  0x00, 0x00, 0x80, 0x03, 0x00, 0xee, 0x0f, 0x00, 0x02, 0x7a, 0x07, 0x00,
  0x00, 0x84, 0x00, 0x00, 0x00, 0x0f, 0x00, 0x00, 0x00, 0xe2, 0x2f, 0x00,
  0x24, 0x72, 0x04, 0xff, 0xff, 0x00, 0x00, 0x00, 0x4c, 0x00, 0x8e, 0x07,
  0x00, 0xe2, 0x0f, 0x00, 0x02, 0x72, 0x05, 0x00, 0x4d, 0x00, 0x00, 0x00,
  0x00, 0x0f, 0x00, 0x00, 0x00, 0xe2, 0x0f, 0x00, 0x20, 0x7c, 0x1e, 0x1e,
  0x22, 0x00, 0x00, 0x00, 0x00, 0x00, 0x41, 0x08, 0x00, 0xe2, 0x0f, 0x00,
  0x24, 0x76, 0x02, 0xff, 0x00, 0x85, 0x00, 0x00, 0xff, 0x00, 0x8e, 0x07,
  0x00, 0xe2, 0x0f, 0x00, 0x20, 0x7c, 0x1f, 0x1f, 0x22, 0x00, 0x00, 0x00,
  0x00, 0x00, 0x41, 0x08, 0x00, 0xe2, 0x0f, 0x00, 0x20, 0x7c, 0x1c, 0x1c,
  0x22, 0x00, 0x00, 0x00, 0x00, 0x00, 0x41, 0x08, 0x00, 0xe2, 0x0f, 0x00,
  0x25, 0x78, 0x04, 0x07, 0x32, 0x00, 0x00, 0x00, 0x04, 0x00, 0x8e, 0x07,
  0x00, 0xe2, 0x0f, 0x00, 0x20, 0x7c, 0x1d, 0x1d, 0x22, 0x00, 0x00, 0x00,
  0x00, 0x00, 0x41, 0x08, 0x00, 0xc4, 0x0f, 0x00, 0x3e, 0x72, 0x1e, 0x1f,
  0x1e, 0x00, 0x00, 0x00, 0xff, 0x70, 0x80, 0x04, 0x00, 0xe2, 0x0f, 0x00,
  0x24, 0x78, 0x07, 0x02, 0x32, 0x00, 0x00, 0x00, 0xff, 0x02, 0x8e, 0x07,
  0x00, 0xe2, 0x0f, 0x00, 0x10, 0x7a, 0x04, 0x04, 0x00, 0x78, 0x00, 0x00,
  0xff, 0xe0, 0xf5, 0x07, 0x00, 0xe4, 0x0f, 0x00, 0x3e, 0x72, 0x1d, 0x1d,
  0x1c, 0x00, 0x00, 0x00, 0x1e, 0x70, 0x80, 0x04, 0x00, 0xe4, 0x0f, 0x00,
  0x10, 0x7a, 0x05, 0x05, 0x00, 0x79, 0x00, 0x00, 0x07, 0xe4, 0x7f, 0x01,
  0x00, 0xca, 0x0f, 0x00, 0x86, 0x79, 0x00, 0x04, 0x1d, 0x00, 0x00, 0x00,
  0x10, 0x19, 0x10, 0x0c, 0x00, 0xe8, 0x03, 0x00, 0x41, 0x79, 0x01, 0x00,
  0x00, 0x00, 0x00, 0x00, 0x00, 0x00, 0x80, 0x03, 0x00, 0xea, 0x0f, 0x00,
  0x47, 0x19, 0x00, 0x00, 0x90, 0x07, 0x00, 0x00, 0x00, 0x00, 0x80, 0x03,
  0x00, 0xea, 0x0f, 0x00, 0x10, 0x78, 0x02, 0x03, 0x36, 0x00, 0x00, 0x00,
  0xff, 0xe0, 0xff, 0x07, 0x00, 0xe2, 0x0f, 0x00, 0x45, 0x79, 0x01, 0x00,
  0x20, 0x01, 0x00, 0x00, 0x00, 0x00, 0x80, 0x03, 0x00, 0xe6, 0x0f, 0x00,
  0x0c, 0x7c, 0x00, 0x02, 0x06, 0x00, 0x00, 0x00, 0x70, 0x62, 0xf2, 0x0b,
  0x00, 0xe2, 0x0f, 0x00, 0x47, 0x09, 0x00, 0x00, 0xf0, 0x00, 0x00, 0x00,
  0x00, 0x00, 0x80, 0x03, 0x00, 0xee, 0x0f, 0x00, 0x02, 0x72, 0x04, 0x00,
  0x4c, 0x00, 0x00, 0x00, 0x00, 0x0f, 0x00, 0x00, 0x00, 0xe2, 0x2f, 0x00,
  0x24, 0x76, 0x07, 0xff, 0x00, 0x84, 0x00, 0x00, 0xff, 0x00, 0x8e, 0x07,
  0x00, 0xe2, 0x0f, 0x00, 0x20, 0x7c, 0x22, 0x22, 0x22, 0x00, 0x00, 0x00,
  0x00, 0x00, 0x41, 0x08, 0x00, 0xe2, 0x0f, 0x00, 0x24, 0x72, 0x05, 0xff,
  0xff, 0x00, 0x00, 0x00, 0x4d, 0x00, 0x8e, 0x07, 0x00, 0xe2, 0x0f, 0x00,
  0x20, 0x7c, 0x23, 0x23, 0x22, 0x00, 0x00, 0x00, 0x00, 0x00, 0x41, 0x08,
  0x00, 0xe2, 0x0f, 0x00, 0x24, 0x76, 0x02, 0xff, 0x00, 0x85, 0x00, 0x00,
  0xff, 0x00, 0x8e, 0x07, 0x00, 0xe2, 0x0f, 0x00, 0x20, 0x7c, 0x20, 0x20,
  0x22, 0x00, 0x00, 0x00, 0x00, 0x00, 0x41, 0x08, 0x00, 0xe2, 0x0f, 0x00,
  0x25, 0x78, 0x04, 0x07, 0x34, 0x00, 0x00, 0x00, 0x04, 0x00, 0x8e, 0x07,
  0x00, 0xe2, 0x0f, 0x00, 0x20, 0x7c, 0x21, 0x21, 0x22, 0x00, 0x00, 0x00,
  0x00, 0x00, 0x41, 0x08, 0x00, 0xe2, 0x0f, 0x00, 0x3e, 0x72, 0x22, 0x23,
  0x22, 0x00, 0x00, 0x00, 0xff, 0x70, 0x80, 0x04, 0x00, 0xc4, 0x0f, 0x00,
  0x24, 0x78, 0x07, 0x02, 0x34, 0x00, 0x00, 0x00, 0xff, 0x02, 0x8e, 0x07,
  0x00, 0xe2, 0x0f, 0x00, 0x10, 0x7a, 0x04, 0x04, 0x00, 0x78, 0x00, 0x00,
  0xff, 0xe0, 0xf5, 0x07, 0x00, 0xe4, 0x0f, 0x00, 0x3e, 0x72, 0x21, 0x21,
  0x20, 0x00, 0x00, 0x00, 0x22, 0x70, 0x80, 0x04, 0x00, 0xe4, 0x0f, 0x00,
  0x10, 0x7a, 0x05, 0x05, 0x00, 0x79, 0x00, 0x00, 0x07, 0xe4, 0x7f, 0x01,
  0x00, 0xca, 0x0f, 0x00, 0x86, 0x79, 0x00, 0x04, 0x21, 0x00, 0x00, 0x00,
  0x10, 0x19, 0x10, 0x0c, 0x00, 0xe8, 0x03, 0x00, 0x41, 0x79, 0x01, 0x00,
  0x00, 0x00, 0x00, 0x00, 0x00, 0x00, 0x80, 0x03, 0x00, 0xea, 0x0f, 0x00,
  0x47, 0x19, 0x00, 0x00, 0x40, 0x06, 0x00, 0x00, 0x00, 0x00, 0x80, 0x03,
  0x00, 0xea, 0x0f, 0x00, 0x10, 0x78, 0x02, 0x03, 0x38, 0x00, 0x00, 0x00,
  0xff, 0xe0, 0xff, 0x07, 0x00, 0xe2, 0x0f, 0x00, 0x45, 0x79, 0x01, 0x00,
  0x20, 0x01, 0x00, 0x00, 0x00, 0x00, 0x80, 0x03, 0x00, 0xe6, 0x0f, 0x00,
  0x0c, 0x7c, 0x00, 0x02, 0x06, 0x00, 0x00, 0x00, 0x70, 0x62, 0xf2, 0x0b,
  0x00, 0xe2, 0x0f, 0x00, 0x47, 0x09, 0x00, 0x00, 0xf0, 0x00, 0x00, 0x00,
  0x00, 0x00, 0x80, 0x03, 0x00, 0xee, 0x0f, 0x00, 0x24, 0x76, 0x07, 0xff,
  0x00, 0x84, 0x00, 0x00, 0xff, 0x00, 0x8e, 0x07, 0x00, 0xe2, 0x2f, 0x00,
  0x02, 0x7a, 0x02, 0x00, 0x00, 0x85, 0x00, 0x00, 0x00, 0x0f, 0x00, 0x00,
  0x00, 0xe2, 0x0f, 0x00, 0x24, 0x72, 0x04, 0xff, 0xff, 0x00, 0x00, 0x00,
  0x4c, 0x00, 0x8e, 0x07, 0x00, 0xe2, 0x0f, 0x00, 0x20, 0x7c, 0x26, 0x26,
  0x22, 0x00, 0x00, 0x00, 0x00, 0x00, 0x41, 0x08, 0x00, 0xe2, 0x0f, 0x00,
  0x24, 0x72, 0x05, 0xff, 0xff, 0x00, 0x00, 0x00, 0x4d, 0x00, 0x8e, 0x07,
  0x00, 0xe2, 0x0f, 0x00, 0x20, 0x7c, 0x27, 0x27, 0x22, 0x00, 0x00, 0x00,
  0x00, 0x00, 0x41, 0x08, 0x00, 0xe2, 0x0f, 0x00, 0x20, 0x7c, 0x24, 0x24,
  0x22, 0x00, 0x00, 0x00, 0x00, 0x00, 0x41, 0x08, 0x00, 0xe2, 0x0f, 0x00,
  0x20, 0x7c, 0x25, 0x25, 0x22, 0x00, 0x00, 0x00, 0x00, 0x00, 0x41, 0x08,
  0x00, 0xe2, 0x0f, 0x00, 0x25, 0x78, 0x04, 0x07, 0x36, 0x00, 0x00, 0x00,
  0x04, 0x00, 0x8e, 0x07, 0x00, 0xc4, 0x0f, 0x00, 0x3e, 0x72, 0x26, 0x27,
  0x26, 0x00, 0x00, 0x00, 0xff, 0x70, 0x80, 0x04, 0x00, 0xe4, 0x0f, 0x00,
  0x24, 0x78, 0x07, 0x02, 0x36, 0x00, 0x00, 0x00, 0xff, 0x02, 0x8e, 0x07,
  0x00, 0xe2, 0x0f, 0x00, 0x10, 0x7a, 0x04, 0x04, 0x00, 0x78, 0x00, 0x00,
  0xff, 0xe0, 0xf5, 0x07, 0x00, 0xe4, 0x0f, 0x00, 0x3e, 0x72, 0x25, 0x25,
  0x24, 0x00, 0x00, 0x00, 0x26, 0x70, 0x80, 0x04, 0x00, 0xe4, 0x0f, 0x00,
  0x10, 0x7a, 0x05, 0x05, 0x00, 0x79, 0x00, 0x00, 0x07, 0xe4, 0x7f, 0x01,
  0x00, 0xca, 0x0f, 0x00, 0x86, 0x79, 0x00, 0x04, 0x25, 0x00, 0x00, 0x00,
  0x10, 0x19, 0x10, 0x0c, 0x00, 0xe8, 0x03, 0x00, 0x41, 0x79, 0x01, 0x00,
  0x00, 0x00, 0x00, 0x00, 0x00, 0x00, 0x80, 0x03, 0x00, 0xea, 0x0f, 0x00,
  0x47, 0x19, 0x00, 0x00, 0xf0, 0x04, 0x00, 0x00, 0x00, 0x00, 0x80, 0x03,
  0x00, 0xea, 0x0f, 0x00, 0x10, 0x78, 0x02, 0x03, 0x3a, 0x00, 0x00, 0x00,
  0xff, 0xe0, 0xff, 0x07, 0x00, 0xe2, 0x0f, 0x00, 0x45, 0x79, 0x01, 0x00,
  0x20, 0x01, 0x00, 0x00, 0x00, 0x00, 0x80, 0x03, 0x00, 0xe6, 0x0f, 0x00,
  0x0c, 0x7c, 0x00, 0x02, 0x06, 0x00, 0x00, 0x00, 0x70, 0x62, 0xf2, 0x0b,
  0x00, 0xe2, 0x0f, 0x00, 0x47, 0x09, 0x00, 0x00, 0xf0, 0x00, 0x00, 0x00,
  0x00, 0x00, 0x80, 0x03, 0x00, 0xee, 0x0f, 0x00, 0x02, 0x7a, 0x07, 0x00,
  0x00, 0x84, 0x00, 0x00, 0x00, 0x0f, 0x00, 0x00, 0x00, 0xe2, 0x2f, 0x00,
  0x24, 0x72, 0x04, 0xff, 0xff, 0x00, 0x00, 0x00, 0x4c, 0x00, 0x8e, 0x07,
  0x00, 0xe2, 0x0f, 0x00, 0x02, 0x72, 0x05, 0x00, 0x4d, 0x00, 0x00, 0x00,
  0x00, 0x0f, 0x00, 0x00, 0x00, 0xe2, 0x0f, 0x00, 0x20, 0x7c, 0x2a, 0x2a,
  0x22, 0x00, 0x00, 0x00, 0x00, 0x00, 0x41, 0x08, 0x00, 0xe2, 0x0f, 0x00,
  0x24, 0x76, 0x02, 0xff, 0x00, 0x85, 0x00, 0x00, 0xff, 0x00, 0x8e, 0x07,
  0x00, 0xe2, 0x0f, 0x00, 0x20, 0x7c, 0x2b, 0x2b, 0x22, 0x00, 0x00, 0x00,
  0x00, 0x00, 0x41, 0x08, 0x00, 0xe2, 0x0f, 0x00, 0x20, 0x7c, 0x28, 0x28,
  0x22, 0x00, 0x00, 0x00, 0x00, 0x00, 0x41, 0x08, 0x00, 0xe2, 0x0f, 0x00,
  0x25, 0x78, 0x04, 0x07, 0x38, 0x00, 0x00, 0x00, 0x04, 0x00, 0x8e, 0x07,
  0x00, 0xe2, 0x0f, 0x00, 0x20, 0x7c, 0x29, 0x29, 0x22, 0x00, 0x00, 0x00,
  0x00, 0x00, 0x41, 0x08, 0x00, 0xc4, 0x0f, 0x00, 0x3e, 0x72, 0x2a, 0x2b,
  0x2a, 0x00, 0x00, 0x00, 0xff, 0x70, 0x80, 0x04, 0x00, 0xe2, 0x0f, 0x00,
  0x24, 0x78, 0x07, 0x02, 0x38, 0x00, 0x00, 0x00, 0xff, 0x02, 0x8e, 0x07,
  0x00, 0xe2, 0x0f, 0x00, 0x10, 0x7a, 0x04, 0x04, 0x00, 0x78, 0x00, 0x00,
  0xff, 0xe0, 0xf5, 0x07, 0x00, 0xe4, 0x0f, 0x00, 0x3e, 0x72, 0x29, 0x29,
  0x28, 0x00, 0x00, 0x00, 0x2a, 0x70, 0x80, 0x04, 0x00, 0xe4, 0x0f, 0x00,
  0x10, 0x7a, 0x05, 0x05, 0x00, 0x79, 0x00, 0x00, 0x07, 0xe4, 0x7f, 0x01,
  0x00, 0xca, 0x0f, 0x00, 0x86, 0x79, 0x00, 0x04, 0x29, 0x00, 0x00, 0x00,
  0x10, 0x19, 0x10, 0x0c, 0x00, 0xe8, 0x03, 0x00, 0x41, 0x79, 0x01, 0x00,
  0x00, 0x00, 0x00, 0x00, 0x00, 0x00, 0x80, 0x03, 0x00, 0xea, 0x0f, 0x00,
  0x47, 0x19, 0x00, 0x00, 0xa0, 0x03, 0x00, 0x00, 0x00, 0x00, 0x80, 0x03,
  0x00, 0xea, 0x0f, 0x00, 0x10, 0x78, 0x02, 0x03, 0x3c, 0x00, 0x00, 0x00,
  0xff, 0xe0, 0xff, 0x07, 0x00, 0xe2, 0x0f, 0x00, 0x45, 0x79, 0x01, 0x00,
  0x20, 0x01, 0x00, 0x00, 0x00, 0x00, 0x80, 0x03, 0x00, 0xe6, 0x0f, 0x00,
  0x0c, 0x7c, 0x00, 0x02, 0x06, 0x00, 0x00, 0x00, 0x70, 0x62, 0xf2, 0x0b,
  0x00, 0xe2, 0x0f, 0x00, 0x47, 0x09, 0x00, 0x00, 0xf0, 0x00, 0x00, 0x00,
  0x00, 0x00, 0x80, 0x03, 0x00, 0xee, 0x0f, 0x00, 0x02, 0x72, 0x04, 0x00,
  0x4c, 0x00, 0x00, 0x00, 0x00, 0x0f, 0x00, 0x00, 0x00, 0xe2, 0x2f, 0x00,
  0x24, 0x76, 0x07, 0xff, 0x00, 0x84, 0x00, 0x00, 0xff, 0x00, 0x8e, 0x07,
  0x00, 0xe2, 0x0f, 0x00, 0x20, 0x7c, 0x2e, 0x2e, 0x22, 0x00, 0x00, 0x00,
  0x00, 0x00, 0x41, 0x08, 0x00, 0xe2, 0x0f, 0x00, 0x24, 0x72, 0x05, 0xff,
  0xff, 0x00, 0x00, 0x00, 0x4d, 0x00, 0x8e, 0x07, 0x00, 0xe2, 0x0f, 0x00,
  0x20, 0x7c, 0x2f, 0x2f, 0x22, 0x00, 0x00, 0x00, 0x00, 0x00, 0x41, 0x08,
  0x00, 0xe2, 0x0f, 0x00, 0x24, 0x76, 0x02, 0xff, 0x00, 0x85, 0x00, 0x00,
  0xff, 0x00, 0x8e, 0x07, 0x00, 0xe2, 0x0f, 0x00, 0x20, 0x7c, 0x2c, 0x2c,
  0x22, 0x00, 0x00, 0x00, 0x00, 0x00, 0x41, 0x08, 0x00, 0xe2, 0x0f, 0x00,
  0x25, 0x78, 0x04, 0x07, 0x3a, 0x00, 0x00, 0x00, 0x04, 0x00, 0x8e, 0x07,
  0x00, 0xe2, 0x0f, 0x00, 0x20, 0x7c, 0x2d, 0x2d, 0x22, 0x00, 0x00, 0x00,
  0x00, 0x00, 0x41, 0x08, 0x00, 0xe2, 0x0f, 0x00, 0x3e, 0x72, 0x2e, 0x2f,
  0x2e, 0x00, 0x00, 0x00, 0xff, 0x70, 0x80, 0x04, 0x00, 0xc4, 0x0f, 0x00,
  0x24, 0x78, 0x07, 0x02, 0x3a, 0x00, 0x00, 0x00, 0xff, 0x02, 0x8e, 0x07,
  0x00, 0xe2, 0x0f, 0x00, 0x10, 0x7a, 0x04, 0x04, 0x00, 0x78, 0x00, 0x00,
  0xff, 0xe0, 0xf5, 0x07, 0x00, 0xe4, 0x0f, 0x00, 0x3e, 0x72, 0x2d, 0x2d,
  0x2c, 0x00, 0x00, 0x00, 0x2e, 0x70, 0x80, 0x04, 0x00, 0xe4, 0x0f, 0x00,
  0x10, 0x7a, 0x05, 0x05, 0x00, 0x79, 0x00, 0x00, 0x07, 0xe4, 0x7f, 0x01,
  0x00, 0xca, 0x0f, 0x00, 0x86, 0x79, 0x00, 0x04, 0x2d, 0x00, 0x00, 0x00,
  0x10, 0x19, 0x10, 0x0c, 0x00, 0xe8, 0x03, 0x00, 0x41, 0x79, 0x01, 0x00,
  0x00, 0x00, 0x00, 0x00, 0x00, 0x00, 0x80, 0x03, 0x00, 0xea, 0x0f, 0x00,
  0x47, 0x19, 0x00, 0x00, 0x50, 0x02, 0x00, 0x00, 0x00, 0x00, 0x80, 0x03,
  0x00, 0xea, 0x0f, 0x00, 0x10, 0x78, 0x03, 0x03, 0x3e, 0x00, 0x00, 0x00,
  0xff, 0xe0, 0xff, 0x07, 0x00, 0xe2, 0x0f, 0x00, 0x45, 0x79, 0x01, 0x00,
  0x20, 0x01, 0x00, 0x00, 0x00, 0x00, 0x80, 0x03, 0x00, 0xe6, 0x0f, 0x00,
  0x0c, 0x7c, 0x00, 0x03, 0x06, 0x00, 0x00, 0x00, 0x70, 0x62, 0xf2, 0x0b,
  0x00, 0xe2, 0x0f, 0x00, 0x47, 0x09, 0x00, 0x00, 0xf0, 0x00, 0x00, 0x00,
  0x00, 0x00, 0x80, 0x03, 0x00, 0xee, 0x0f, 0x00, 0x24, 0x76, 0x05, 0xff,
  0x00, 0x84, 0x00, 0x00, 0xff, 0x00, 0x8e, 0x07, 0x00, 0xe2, 0x2f, 0x00,
  0x02, 0x7a, 0x04, 0x00, 0x00, 0x85, 0x00, 0x00, 0x00, 0x0f, 0x00, 0x00,
  0x00, 0xe2, 0x0f, 0x00, 0x24, 0x72, 0x02, 0xff, 0xff, 0x00, 0x00, 0x00,
  0x4c, 0x00, 0x8e, 0x07, 0x00, 0xe2, 0x0f, 0x00, 0x20, 0x7c, 0x32, 0x32,
  0x22, 0x00, 0x00, 0x00, 0x00, 0x00, 0x41, 0x08, 0x00, 0xe2, 0x0f, 0x00,
  0x24, 0x72, 0x03, 0xff, 0xff, 0x00, 0x00, 0x00, 0x4d, 0x00, 0x8e, 0x07,
  0x00, 0xe2, 0x0f, 0x00, 0x20, 0x7c, 0x33, 0x33, 0x22, 0x00, 0x00, 0x00,
  0x00, 0x00, 0x41, 0x08, 0x00, 0xe2, 0x0f, 0x00, 0x20, 0x7c, 0x30, 0x30,
  0x22, 0x00, 0x00, 0x00, 0x00, 0x00, 0x41, 0x08, 0x00, 0xe2, 0x0f, 0x00,
  0x20, 0x7c, 0x31, 0x31, 0x22, 0x00, 0x00, 0x00, 0x00, 0x00, 0x41, 0x08,
  0x00, 0xe2, 0x0f, 0x00, 0x25, 0x78, 0x02, 0x05, 0x3c, 0x00, 0x00, 0x00,
  0x02, 0x00, 0x8e, 0x07, 0x00, 0xc4, 0x0f, 0x00, 0x3e, 0x72, 0x32, 0x33,
  0x32, 0x00, 0x00, 0x00, 0xff, 0x70, 0x80, 0x04, 0x00, 0xe4, 0x0f, 0x00,
  0x24, 0x78, 0x05, 0x04, 0x3c, 0x00, 0x00, 0x00, 0xff, 0x02, 0x8e, 0x07,
  0x00, 0xe2, 0x0f, 0x00, 0x10, 0x7a, 0x02, 0x02, 0x00, 0x78, 0x00, 0x00,
  0xff, 0xe0, 0xf5, 0x07, 0x00, 0xe4, 0x0f, 0x00, 0x3e, 0x72, 0x31, 0x31,
  0x30, 0x00, 0x00, 0x00, 0x32, 0x70, 0x80, 0x04, 0x00, 0xe4, 0x0f, 0x00,
  0x10, 0x7a, 0x03, 0x03, 0x00, 0x79, 0x00, 0x00, 0x05, 0xe4, 0x7f, 0x01,
  0x00, 0xca, 0x0f, 0x00, 0x86, 0x79, 0x00, 0x02, 0x31, 0x00, 0x00, 0x00,
  0x10, 0x19, 0x10, 0x0c, 0x00, 0xe8, 0x03, 0x00, 0x41, 0x79, 0x01, 0x00,
  0x00, 0x00, 0x00, 0x00, 0x00, 0x00, 0x80, 0x03, 0x00, 0xea, 0x0f, 0x00,
  0x47, 0x19, 0x00, 0x00, 0x00, 0x01, 0x00, 0x00, 0x00, 0x00, 0x80, 0x03,
  0x00, 0xea, 0x0f, 0x00, 0x47, 0x09, 0x00, 0x00, 0xf0, 0x00, 0x00, 0x00,
  0x00, 0x00, 0x80, 0x03, 0x00, 0xea, 0x0f, 0x00, 0x02, 0x7a, 0x05, 0x00,
  0x00, 0x84, 0x00, 0x00, 0x00, 0x0f, 0x00, 0x00, 0x00, 0xe2, 0x2f, 0x00,
  0x24, 0x72, 0x02, 0xff, 0xff, 0x00, 0x00, 0x00, 0x4c, 0x00, 0x8e, 0x07,
  0x00, 0xe2, 0x0f, 0x00, 0x02, 0x7a, 0x04, 0x00, 0x00, 0x85, 0x00, 0x00,
  0x00, 0x0f, 0x00, 0x00, 0x00, 0xe2, 0x0f, 0x00, 0x24, 0x72, 0x03, 0xff,
  0xff, 0x00, 0x00, 0x00, 0x4d, 0x00, 0x8e, 0x07, 0x00, 0xe2, 0x0f, 0x00,
  0x20, 0x7c, 0x36, 0x36, 0x22, 0x00, 0x00, 0x00, 0x00, 0x00, 0x41, 0x08,
  0x00, 0xe2, 0x0f, 0x00, 0x20, 0x7c, 0x37, 0x37, 0x22, 0x00, 0x00, 0x00,
  0x00, 0x00, 0x41, 0x08, 0x00, 0xe2, 0x0f, 0x00, 0x20, 0x7c, 0x34, 0x34,
  0x22, 0x00, 0x00, 0x00, 0x00, 0x00, 0x41, 0x08, 0x00, 0xe2, 0x0f, 0x00,
  0x25, 0x78, 0x02, 0x05, 0x3e, 0x00, 0x00, 0x00, 0x02, 0x00, 0x8e, 0x07,
  0x00, 0xe2, 0x0f, 0x00, 0x20, 0x7c, 0x35, 0x35, 0x22, 0x00, 0x00, 0x00,
  0x00, 0x00, 0x41, 0x08, 0x00, 0xe4, 0x0f, 0x00, 0x3e, 0x72, 0x36, 0x37,
  0x36, 0x00, 0x00, 0x00, 0xff, 0x70, 0x80, 0x04, 0x00, 0xe2, 0x0f, 0x00,
  0x24, 0x78, 0x05, 0x04, 0x3e, 0x00, 0x00, 0x00, 0xff, 0x02, 0x8e, 0x07,
  0x00, 0xe2, 0x0f, 0x00, 0x10, 0x7a, 0x02, 0x02, 0x00, 0x78, 0x00, 0x00,
  0xff, 0xe0, 0xf1, 0x07, 0x00, 0xc4, 0x0f, 0x00, 0x3e, 0x72, 0x35, 0x35,
  0x34, 0x00, 0x00, 0x00, 0x36, 0x70, 0x80, 0x04, 0x00, 0xe4, 0x0f, 0x00,
  0x10, 0x7a, 0x03, 0x03, 0x00, 0x79, 0x00, 0x00, 0x05, 0xe4, 0x7f, 0x00,
  0x00, 0xca, 0x0f, 0x00, 0x86, 0x79, 0x00, 0x02, 0x35, 0x00, 0x00, 0x00,
  0x10, 0x19, 0x10, 0x0c, 0x00, 0xe8, 0x03, 0x00, 0x41, 0x79, 0x00, 0x00,
  0x00, 0x00, 0x00, 0x00, 0x00, 0x00, 0x80, 0x03, 0x00, 0xea, 0x2f, 0x00,
  0x0c, 0x7a, 0x00, 0xff, 0x00, 0x7a, 0x00, 0x00, 0x70, 0x50, 0xf0, 0x03,
  0x00, 0xc8, 0x0f, 0x00, 0x0c, 0x7a, 0x00, 0xff, 0x00, 0x7b, 0x00, 0x00,
  0x00, 0x53, 0xf0, 0x03, 0x00, 0xda, 0x0f, 0x00, 0x4d, 0x89, 0x00, 0x00,
  0x00, 0x00, 0x00, 0x00, 0x00, 0x00, 0x80, 0x03, 0x00, 0xea, 0x0f, 0x00,
  0x12, 0x78, 0xff, 0x00, 0x83, 0xff, 0xff, 0xff, 0xff, 0xc0, 0x80, 0x07,
  0x00, 0xe2, 0x0f, 0x04, 0x24, 0x7e, 0x07, 0xff, 0x08, 0x00, 0x00, 0x00,
  0xff, 0x00, 0x8e, 0x0f, 0x00, 0xe2, 0x0f, 0x00, 0x19, 0x78, 0x03, 0xff,
  0x01, 0x00, 0x00, 0x00, 0x00, 0x16, 0x01, 0x00, 0x00, 0xe4, 0x0f, 0x00,
  0x12, 0x78, 0x02, 0x00, 0x1f, 0x00, 0x00, 0x00, 0xff, 0xc0, 0x8e, 0x07,
  0x00, 0xe4, 0x4f, 0x00, 0x12, 0x78, 0x03, 0x03, 0x30, 0x00, 0x00, 0x00,
  0xff, 0xc0, 0x8e, 0x07, 0x00, 0xc8, 0x0f, 0x00, 0x11, 0x72, 0x05, 0x02,
  0x03, 0x00, 0x00, 0x00, 0xff, 0xf0, 0x8f, 0x07, 0x00, 0xc6, 0x0f, 0x00,
  0x4d, 0x09, 0x00, 0x00, 0x00, 0x00, 0x00, 0x00, 0x00, 0x00, 0x80, 0x03,
  0x00, 0xea, 0x0f, 0x00, 0x10, 0x7c, 0x00, 0x05, 0x05, 0x00, 0x00, 0x00,
  0xff, 0xe0, 0xff, 0x0f, 0x00, 0xe2, 0x0f, 0x04, 0x25, 0x7a, 0x02, 0x05,
  0x00, 0x86, 0x00, 0x00, 0xff, 0x00, 0x8e, 0x07, 0x00, 0xe2, 0x0f, 0x04,
  0x45, 0x79, 0x00, 0x00, 0xf0, 0x00, 0x00, 0x00, 0x00, 0x00, 0x80, 0x03,
  0x00, 0xe4, 0x0f, 0x00, 0x0c, 0x7c, 0x00, 0x00, 0x06, 0x00, 0x00, 0x00,
  0x70, 0x62, 0xf0, 0x0b, 0x00, 0xe2, 0x0f, 0x04, 0x24, 0x7a, 0x03, 0x05,
  0x00, 0x87, 0x00, 0x00, 0x03, 0x02, 0x8e, 0x07, 0x00, 0xe2, 0x0f, 0x00,
  0x10, 0x78, 0x04, 0x00, 0x08, 0x00, 0x00, 0x00, 0xff, 0xe0, 0xff, 0x07,
  0x00, 0xc8, 0x0f, 0x00, 0x0c, 0x7c, 0x00, 0x04, 0x06, 0x00, 0x00, 0x00,
  0x70, 0x62, 0xf2, 0x0b, 0x00, 0xe2, 0x0f, 0x00, 0x25, 0x78, 0x04, 0x07,
  0x08, 0x00, 0x00, 0x00, 0x02, 0x02, 0x8e, 0x07, 0x00, 0xcc, 0x0f, 0x00,
  0x47, 0x09, 0x00, 0x00, 0x80, 0x00, 0x00, 0x00, 0x00, 0x00, 0x80, 0x03,
  0x00, 0xea, 0x0f, 0x00, 0x19, 0x79, 0x00, 0x00, 0x00, 0x00, 0x00, 0x00,
  0x00, 0x25, 0x00, 0x00, 0x00, 0x64, 0x0e, 0x00, 0x24, 0x7a, 0x00, 0x00,
  0x00, 0x86, 0x00, 0x00, 0xff, 0x02, 0x8e, 0x07, 0x00, 0xc8, 0x2f, 0x00,
  0x24, 0x78, 0x03, 0x00, 0x40, 0x00, 0x00, 0x00, 0xff, 0x00, 0x8e, 0x07,
  0x00, 0xca, 0x0f, 0x00, 0x19, 0x78, 0x07, 0xff, 0x1f, 0x00, 0x00, 0x00,
  0x03, 0x14, 0x01, 0x00, 0x00, 0xe4, 0x0f, 0x10, 0x10, 0x7a, 0x02, 0x04,
  0x00, 0x7a, 0x00, 0x00, 0x03, 0xe0, 0xa1, 0x07, 0x00, 0xc8, 0x0f, 0x00,
  0x10, 0x7a, 0x03, 0x05, 0x00, 0x7b, 0x00, 0x00, 0x07, 0x44, 0x7e, 0x00,
  0x00, 0xca, 0x0f, 0x00, 0x86, 0x79, 0x00, 0x02, 0xc8, 0x00, 0x00, 0x00,
  0x10, 0x19, 0x10, 0x0c, 0x00, 0xe8, 0x03, 0x00, 0x86, 0x79, 0x00, 0x02,
  0xca, 0x04, 0x00, 0x00, 0x10, 0x19, 0x10, 0x0c, 0x00, 0xe4, 0x03, 0x00,
  0x41, 0x79, 0x00, 0x00, 0x00, 0x00, 0x00, 0x00, 0x00, 0x00, 0x80, 0x03,
  0x00, 0xea, 0x0f, 0x00, 0x4d, 0x19, 0x00, 0x00, 0x00, 0x00, 0x00, 0x00,
  0x00, 0x00, 0x80, 0x03, 0x00, 0xea, 0x0f, 0x00, 0x90, 0x78, 0x04, 0x05,
  0x08, 0x00, 0x00, 0x00, 0x3f, 0xe0, 0xff, 0x0f, 0x00, 0xe4, 0x0f, 0x00,
  0xb9, 0x7a, 0x06, 0x00, 0x00, 0x86, 0x00, 0x00, 0x00, 0x08, 0x00, 0x00,
  0x00, 0xe4, 0x0f, 0x00, 0xa4, 0x72, 0x04, 0x04, 0x06, 0x00, 0x00, 0x00,
  0x3f, 0x02, 0x8e, 0x0f, 0x00, 0xc8, 0x0f, 0x00, 0x99, 0x78, 0x06, 0x3f,
  0x1f, 0x00, 0x00, 0x00, 0x04, 0x14, 0x01, 0x08, 0x00, 0xe4, 0x0f, 0x00,
  0x02, 0x7c, 0x03, 0x00, 0x04, 0x00, 0x00, 0x00, 0x00, 0x0f, 0x00, 0x08,
  0x00, 0xc8, 0x2f, 0x00, 0x10, 0x7a, 0x02, 0x04, 0x00, 0x7a, 0x00, 0x00,
  0x03, 0xe0, 0x91, 0x07, 0x00, 0xe2, 0x0f, 0x00, 0x24, 0x7e, 0x03, 0xff,
  0x06, 0x00, 0x00, 0x00, 0xff, 0x00, 0x8e, 0x0f, 0x00, 0xca, 0x0f, 0x00,
  0x10, 0x7a, 0x03, 0x05, 0x00, 0x7b, 0x00, 0x00, 0x03, 0x24, 0x7e, 0x00,
  0x00, 0xca, 0x0f, 0x00, 0x86, 0x79, 0x00, 0x02, 0xc9, 0x00, 0x00, 0x00,
  0x10, 0x19, 0x10, 0x0c, 0x00, 0xe8, 0x0f, 0x00, 0x86, 0x79, 0x00, 0x02,
  0xcb, 0x04, 0x00, 0x00, 0x10, 0x19, 0x10, 0x0c, 0x00, 0xe2, 0x0f, 0x00,
  0x4d, 0x79, 0x00, 0x00, 0x00, 0x00, 0x00, 0x00, 0x00, 0x00, 0x80, 0x03,
  0x00, 0xea, 0x0f, 0x00, 0x47, 0x79, 0x00, 0x00, 0xf0, 0xff, 0xff, 0xff,
  0xff, 0xff, 0x83, 0x03, 0x00, 0xc0, 0x0f, 0x00, 0x18, 0x79, 0x00, 0x00,
  0x00, 0x00, 0x00, 0x00, 0x00, 0x00, 0x00, 0x00, 0x00, 0xc0, 0x0f, 0x00,
  0x18, 0x79, 0x00, 0x00, 0x00, 0x00, 0x00, 0x00, 0x00, 0x00, 0x00, 0x00,
  0x00, 0xc0, 0x0f, 0x00, 0x18, 0x79, 0x00, 0x00, 0x00, 0x00, 0x00, 0x00,
  0x00, 0x00, 0x00, 0x00, 0x00, 0xc0, 0x0f, 0x00, 0x18, 0x79, 0x00, 0x00,
  0x00, 0x00, 0x00, 0x00, 0x00, 0x00, 0x00, 0x00, 0x00, 0xc0, 0x0f, 0x00,
  0x18, 0x79, 0x00, 0x00, 0x00, 0x00, 0x00, 0x00, 0x00, 0x00, 0x00, 0x00,
  0x00, 0xc0, 0x0f, 0x00, 0x18, 0x79, 0x00, 0x00, 0x00, 0x00, 0x00, 0x00,
  0x00, 0x00, 0x00, 0x00, 0x00, 0xc0, 0x0f, 0x00, 0x18, 0x79, 0x00, 0x00,
  0x00, 0x00, 0x00, 0x00, 0x00, 0x00, 0x00, 0x00, 0x00, 0xc0, 0x0f, 0x00,
  0x18, 0x79, 0x00, 0x00, 0x00, 0x00, 0x00, 0x00, 0x00, 0x00, 0x00, 0x00,
  0x00, 0xc0, 0x0f, 0x00, 0x18, 0x79, 0x00, 0x00, 0x00, 0x00, 0x00, 0x00,
  0x00, 0x00, 0x00, 0x00, 0x00, 0xc0, 0x0f, 0x00, 0x24, 0x76, 0x01, 0xff,
  0x00, 0x0a, 0x00, 0x00, 0xff, 0x00, 0x8e, 0x07, 0x00, 0xe4, 0x0f, 0x00,
  0xc3, 0x79, 0x0b, 0x00, 0x00, 0x00, 0x00, 0x00, 0x00, 0x27, 0x00, 0x00,
  0x00, 0x62, 0x0e, 0x00, 0x82, 0x78, 0x07, 0x00, 0x04, 0x00, 0x00, 0x00,
  0x00, 0x00, 0x00, 0x00, 0x00, 0xe4, 0x0f, 0x00, 0xb9, 0x7a, 0x04, 0x00,
  0x00, 0xe4, 0x00, 0x00, 0x00, 0x0a, 0x00, 0x00, 0x00, 0xe4, 0x0f, 0x00,
  0xb9, 0x7a, 0x14, 0x00, 0x00, 0x46, 0x00, 0x00, 0x00, 0x0a, 0x00, 0x00,
  0x00, 0xe4, 0x0f, 0x00, 0xa5, 0x72, 0x04, 0x0b, 0x07, 0x00, 0x00, 0x00,
  0x04, 0x02, 0x8e, 0x0f, 0x00, 0xcc, 0x2f, 0x00, 0x24, 0x7e, 0x02, 0xff,
  0x04, 0x00, 0x00, 0x00, 0xff, 0x00, 0x8e, 0x0f, 0x00, 0xe4, 0x0f, 0x00,
  0x24, 0x7e, 0x03, 0xff, 0x05, 0x00, 0x00, 0x00, 0xff, 0x00, 0x8e, 0x0f,
  0x00, 0xe2, 0x0f, 0x00, 0xb9, 0x7a, 0x04, 0x00, 0x00, 0xe6, 0x00, 0x00,
  0x00, 0x0a, 0x00, 0x00, 0x00, 0xc8, 0x0f, 0x00, 0x81, 0x79, 0x08, 0x02,
  0x14, 0x00, 0x00, 0x00, 0x00, 0x19, 0x1e, 0x0c, 0x00, 0xa8, 0x0e, 0x00,
  0x81, 0x79, 0x00, 0x02, 0x14, 0x04, 0x00, 0x00, 0x00, 0x19, 0x1e, 0x0c,
  0x00, 0xe2, 0x0e, 0x00, 0x8c, 0x72, 0x00, 0x3f, 0x04, 0x00, 0x00, 0x00,
  0x70, 0x50, 0xf0, 0x0b, 0x00, 0xc8, 0x0f, 0x00, 0x8c, 0x72, 0x00, 0x3f,
  0x05, 0x00, 0x00, 0x00, 0x00, 0x53, 0xf0, 0x0b, 0x00, 0xc6, 0x0f, 0x00,
  0xb9, 0x7a, 0x04, 0x00, 0x00, 0xe6, 0x00, 0x00, 0x00, 0x0a, 0x00, 0x00,
  0x00, 0xc6, 0x0f, 0x00, 0x1c, 0x78, 0x00, 0x00, 0x00, 0x00, 0x00, 0x00,
  0x08, 0xf0, 0xf0, 0x03, 0x00, 0xca, 0x0f, 0x00, 0x90, 0x08, 0x06, 0x0b,
  0x01, 0x00, 0x00, 0x00, 0x3f, 0xe0, 0xff, 0x0f, 0x00, 0xc8, 0x0f, 0x00,
  0xa5, 0x02, 0x04, 0x06, 0x07, 0x00, 0x00, 0x00, 0x04, 0x02, 0x8e, 0x0f,
  0x00, 0xcc, 0x0f, 0x00, 0x24, 0x7e, 0x04, 0xff, 0x04, 0x00, 0x00, 0x00,
  0xff, 0x00, 0x8e, 0x0f, 0x00, 0xe4, 0x0f, 0x00, 0x24, 0x7e, 0x05, 0xff,
  0x05, 0x00, 0x00, 0x00, 0xff, 0x00, 0x8e, 0x0f, 0x00, 0xca, 0x0f, 0x00,
  0x81, 0x09, 0x06, 0x04, 0x14, 0xfc, 0xff, 0xff, 0x00, 0x19, 0x1e, 0x0c,
  0x00, 0x28, 0x0f, 0x00, 0x81, 0x09, 0x07, 0x04, 0x14, 0x00, 0x00, 0x00,
  0x00, 0x19, 0x1e, 0x0c, 0x00, 0x62, 0x0f, 0x00, 0xc3, 0x79, 0x06, 0x00,
  0x00, 0x00, 0x00, 0x00, 0x00, 0x25, 0x00, 0x00, 0x00, 0x64, 0x0e, 0x00,
  0x99, 0x78, 0x06, 0x06, 0x06, 0x00, 0x00, 0x00, 0x3f, 0x06, 0x00, 0x08,
  0x00, 0xcc, 0x2f, 0x00, 0xc2, 0x73, 0x10, 0x08, 0x00, 0x00, 0x00, 0x00,
  0x00, 0x00, 0x0e, 0x00, 0x00, 0x70, 0x4e, 0x00, 0xc2, 0x73, 0x07, 0x00,
  0x00, 0x00, 0x00, 0x00, 0x00, 0x00, 0x0e, 0x00, 0x00, 0x64, 0x8e, 0x00,
  0x90, 0x72, 0x07, 0x10, 0x07, 0x00, 0x00, 0x00, 0x3f, 0xe1, 0xff, 0x0f,
  0x00, 0xc8, 0x2f, 0x00, 0x8c, 0x72, 0x00, 0x06, 0x07, 0x00, 0x00, 0x00,
  0x70, 0x62, 0xf2, 0x0b, 0x00, 0xe4, 0x0f, 0x00, 0xc2, 0x03, 0x04, 0x06,
  0x00, 0x00, 0x00, 0x00, 0x00, 0x00, 0x0e, 0x00, 0x00, 0xa8, 0x02, 0x01,
  0x1c, 0x78, 0x00, 0x00, 0x00, 0x00, 0x00, 0x00, 0x18, 0xf0, 0xf2, 0x03,
  0x00, 0xc8, 0x0f, 0x00, 0xc2, 0x03, 0x05, 0x07, 0x00, 0x00, 0x00, 0x00,
  0x00, 0x00, 0x0e, 0x00, 0x00, 0xf2, 0x02, 0x02, 0x4d, 0x19, 0x00, 0x00,
  0x00, 0x00, 0x00, 0x00, 0x00, 0x00, 0x80, 0x03, 0x00, 0xea, 0xef, 0x00,
  0x19, 0x79, 0x29, 0x00, 0x00, 0x00, 0x00, 0x00, 0x00, 0x21, 0x00, 0x00,
  0x00, 0x62, 0x0e, 0x00, 0x82, 0x7c, 0x08, 0x00, 0x07, 0x00, 0x00, 0x00,
  0x00, 0x00, 0x00, 0x08, 0x00, 0xc4, 0x0f, 0x00, 0x90, 0x02, 0x08, 0x04,
  0x05, 0x00, 0x00, 0x00, 0x3f, 0xe1, 0xff, 0x0f, 0x00, 0xe4, 0x0f, 0x00,
  0x99, 0x78, 0x0a, 0x0b, 0x01, 0x00, 0x00, 0x00, 0x3f, 0x06, 0x00, 0x08,
  0x00, 0xe4, 0x0f, 0x00, 0xb9, 0x7a, 0x04, 0x00, 0x00, 0xda, 0x00, 0x00,
  0x00, 0x08, 0x00, 0x00, 0x00, 0xe4, 0x0f, 0x00, 0x8c, 0x72, 0x00, 0x08,
  0x04, 0x00, 0x00, 0x00, 0x70, 0x42, 0xf0, 0x0b, 0x00, 0xe4, 0x0f, 0x00,
  0x90, 0x72, 0x09, 0x08, 0x06, 0x00, 0x00, 0x00, 0x07, 0xe8, 0xff, 0x0f,
  0x00, 0xe4, 0x0f, 0x00, 0x82, 0x7c, 0x04, 0x00, 0x3f, 0x00, 0x00, 0x00,
  0x00, 0x00, 0x00, 0x08, 0x00, 0xc4, 0x0f, 0x00, 0x1c, 0x78, 0x00, 0x00,
  0x00, 0x00, 0x00, 0x00, 0x08, 0xf0, 0xf0, 0x03, 0x00, 0xe2, 0x0f, 0x00,
  0x82, 0x7c, 0x05, 0x00, 0x3f, 0x00, 0x00, 0x00, 0x00, 0x00, 0x00, 0x08,
  0x00, 0xe4, 0x0f, 0x00, 0x90, 0x78, 0x0c, 0x0a, 0x01, 0x00, 0x00, 0x00,
  0x3f, 0xe0, 0xff, 0x0f, 0x00, 0xe4, 0x0f, 0x00, 0xb9, 0x7a, 0x0e, 0x00,
  0x00, 0x6b, 0x00, 0x00, 0x00, 0x08, 0x00, 0x00, 0x00, 0xe4, 0x0f, 0x00,
  0x90, 0x78, 0x0d, 0x09, 0x40, 0x00, 0x00, 0x00, 0x3f, 0xe0, 0xff, 0x0f,
  0x00, 0xe2, 0x0f, 0x00, 0x19, 0x78, 0x00, 0xff, 0x1f, 0x00, 0x00, 0x00,
  0x29, 0x14, 0x01, 0x00, 0x00, 0xc8, 0x2f, 0x00, 0x11, 0x72, 0x0e, 0x00,
  0x29, 0x00, 0x00, 0x00, 0xff, 0x20, 0x8f, 0x07, 0x00, 0xc8, 0x0f, 0x00,
  0x19, 0x78, 0x0f, 0xff, 0x04, 0x00, 0x00, 0x00, 0x0e, 0x14, 0x01, 0x00,
  0x00, 0xe2, 0x0f, 0x00, 0x47, 0x89, 0x00, 0x00, 0xa0, 0x00, 0x00, 0x00,
  0x00, 0x00, 0x80, 0x03, 0x00, 0xea, 0x0f, 0x00, 0x82, 0x78, 0x04, 0x00,
  0x01, 0x00, 0x00, 0x00, 0x00, 0x00, 0x00, 0x00, 0x00, 0xe4, 0x0f, 0x00,
  0xb9, 0x7a, 0x05, 0x00, 0x00, 0xda, 0x00, 0x00, 0x00, 0x08, 0x00, 0x00,
  0x00, 0xe4, 0x0f, 0x00, 0x90, 0x72, 0x04, 0x09, 0x05, 0x00, 0x00, 0x80,
  0x04, 0xe0, 0xff, 0x0f, 0x00, 0xe4, 0x0f, 0x00, 0x90, 0x72, 0x05, 0x0d,
  0x05, 0x00, 0x00, 0x80, 0x3f, 0xe0, 0xff, 0x0f, 0x00, 0xe4, 0x0f, 0x00,
  0x8c, 0x72, 0x00, 0x3f, 0x04, 0x00, 0x00, 0x00, 0x70, 0x12, 0xf0, 0x0b,
  0x00, 0xe4, 0x0f, 0x00, 0x8c, 0x72, 0x00, 0x3f, 0x05, 0x00, 0x00, 0x00,
  0x70, 0x12, 0xf2, 0x0b, 0x00, 0xc4, 0x0f, 0x00, 0x87, 0x72, 0x04, 0x3f,
  0x04, 0x00, 0x00, 0x00, 0x00, 0x00, 0x00, 0x0c, 0x00, 0xe4, 0x0f, 0x00,
  0x87, 0x72, 0x05, 0x3f, 0x05, 0x00, 0x00, 0x00, 0x00, 0x00, 0x80, 0x0c,
  0x00, 0xe4, 0x0f, 0x00, 0x92, 0x78, 0x04, 0x04, 0xe0, 0xff, 0xff, 0x7f,
  0x3f, 0xc0, 0x8e, 0x0f, 0x00, 0xe4, 0x0f, 0x00, 0x92, 0x78, 0x05, 0x05,
  0xe0, 0xff, 0xff, 0x7f, 0x3f, 0xc0, 0x8e, 0x0f, 0x00, 0xc8, 0x0f, 0x00,
  0x10, 0x7c, 0xdb, 0x0f, 0x04, 0x00, 0x00, 0x00, 0xff, 0xe0, 0xff, 0x0f,
  0x00, 0xe2, 0x0f, 0x00, 0xa4, 0x72, 0x0a, 0x0a, 0x0e, 0x00, 0x00, 0x00,
  0x3f, 0x02, 0x8e, 0x0f, 0x00, 0xe4, 0x0f, 0x00, 0xa4, 0x72, 0x0c, 0x0c,
  0x0e, 0x00, 0x00, 0x00, 0x3f, 0x02, 0x8e, 0x0f, 0x00, 0xe2, 0x0f, 0x00,
  0x19, 0x7a, 0x02, 0xff, 0x00, 0x6d, 0x00, 0x00, 0xdb, 0x14, 0x01, 0x00,
  0x00, 0xe2, 0x0f, 0x00, 0x99, 0x78, 0x0e, 0x3f, 0x1f, 0x00, 0x00, 0x00,
  0x0a, 0x14, 0x01, 0x08, 0x00, 0xe2, 0x0f, 0x00, 0x10, 0x78, 0x10, 0xdb,
  0x08, 0x00, 0x00, 0x00, 0xff, 0xe0, 0xff, 0x07, 0x00, 0xe2, 0x0f, 0x00,
  0x99, 0x78, 0x0f, 0x3f, 0x1f, 0x00, 0x00, 0x00, 0x0c, 0x14, 0x01, 0x08,
  0x00, 0xe2, 0x0f, 0x00, 0x19, 0x78, 0x03, 0xff, 0x1f, 0x00, 0x00, 0x00,
  0x02, 0x14, 0x01, 0x00, 0x00, 0xe2, 0x0f, 0x00, 0xb9, 0x7a, 0x16, 0x00,
  0x00, 0x7e, 0x00, 0x00, 0x00, 0x0a, 0x00, 0x00, 0x00, 0xe2, 0x0f, 0x00,
  0x10, 0x7c, 0x06, 0x02, 0x0a, 0x00, 0x00, 0x00, 0xff, 0xe0, 0xf1, 0x0f,
  0x00, 0xc4, 0x0f, 0x00, 0x10, 0x7c, 0x04, 0x02, 0x0c, 0x00, 0x00, 0x00,
  0xff, 0xe0, 0xf3, 0x0f, 0x00, 0xe4, 0x0f, 0x00, 0x10, 0x7c, 0x07, 0x03,
  0x0e, 0x00, 0x00, 0x00, 0xff, 0xe4, 0x7f, 0x08, 0x00, 0xe4, 0x0f, 0x04,
  0x10, 0x7c, 0x05, 0x03, 0x0f, 0x00, 0x00, 0x00, 0xff, 0xe4, 0xff, 0x08,
  0x00, 0xe4, 0x0f, 0x00, 0x11, 0x7a, 0x02, 0x06, 0x00, 0x72, 0x00, 0x00,
  0xff, 0x10, 0x80, 0x07, 0x00, 0xe4, 0x0f, 0x00, 0x11, 0x7a, 0x0a, 0x04,
  0x00, 0x72, 0x00, 0x00, 0xff, 0x10, 0x82, 0x07, 0x00, 0xe4, 0x0f, 0x00,
  0x19, 0x7a, 0x09, 0xff, 0x00, 0x6d, 0x00, 0x00, 0x10, 0x14, 0x01, 0x00,
  0x00, 0xc4, 0x0f, 0x00, 0x10, 0x78, 0x12, 0xdb, 0x10, 0x00, 0x00, 0x00,
  0xff, 0xe0, 0xff, 0x07, 0x00, 0xe4, 0x0f, 0x00, 0x11, 0x7a, 0x03, 0x06,
  0x00, 0x73, 0x00, 0x00, 0x07, 0x14, 0x0f, 0x00, 0x00, 0xe4, 0x0f, 0x00,
  0x11, 0x7a, 0x0b, 0x04, 0x00, 0x73, 0x00, 0x00, 0x05, 0x14, 0x8f, 0x00,
  0x00, 0xe4, 0x0f, 0x00, 0x19, 0x78, 0x0c, 0xff, 0x1f, 0x00, 0x00, 0x00,
  0x09, 0x14, 0x01, 0x00, 0x00, 0xe2, 0x0f, 0x00, 0x81, 0x79, 0x19, 0x02,
  0x14, 0x00, 0x00, 0x00, 0x00, 0x19, 0x1e, 0x0c, 0x00, 0xa2, 0x02, 0x00,
  0x10, 0x7c, 0x05, 0x09, 0x0a, 0x00, 0x00, 0x00, 0xff, 0xe0, 0xf1, 0x0f,
  0x00, 0xe4, 0x0f, 0x00, 0x19, 0x7a, 0x11, 0xff, 0x00, 0x6d, 0x00, 0x00,
  0x12, 0x14, 0x01, 0x00, 0x00, 0xe2, 0x0f, 0x00, 0x81, 0x79, 0x21, 0x0a,
  0x14, 0x00, 0x00, 0x00, 0x00, 0x19, 0x1e, 0x0c, 0x00, 0x22, 0x07, 0x00,
  0x10, 0x78, 0x13, 0xdb, 0x18, 0x00, 0x00, 0x00, 0xff, 0xe0, 0xff, 0x07,
  0x00, 0xc4, 0x0f, 0x00, 0x10, 0x7c, 0x16, 0x0c, 0x0e, 0x00, 0x00, 0x00,
  0xff, 0xe4, 0x7f, 0x08, 0x00, 0xe4, 0x0f, 0x00, 0x19, 0x78, 0x15, 0xff,
  0x1f, 0x00, 0x00, 0x00, 0x11, 0x14, 0x01, 0x00, 0x00, 0xe4, 0x0f, 0x00,
  0x10, 0x7c, 0x07, 0x11, 0x0a, 0x00, 0x00, 0x00, 0xff, 0xe0, 0xf3, 0x0f,
  0x00, 0xe4, 0x0f, 0x00, 0x11, 0x7a, 0x04, 0x05, 0x00, 0x72, 0x00, 0x00,
  0xff, 0x10, 0x80, 0x07, 0x00, 0xe4, 0x0f, 0x00, 0x19, 0x7a, 0x14, 0xff,
  0x00, 0x6d, 0x00, 0x00, 0x13, 0x14, 0x01, 0x00, 0x00, 0xe4, 0x0f, 0x00,
  0x10, 0x7c, 0x08, 0x15, 0x0e, 0x00, 0x00, 0x00, 0xff, 0xe4, 0xff, 0x08,
  0x00, 0xc4, 0x0f, 0x00, 0x11, 0x7a, 0x05, 0x05, 0x00, 0x73, 0x00, 0x00,
  0x16, 0x14, 0x0f, 0x00, 0x00, 0xe4, 0x0f, 0x00, 0x11, 0x7a, 0x06, 0x07,
  0x00, 0x72, 0x00, 0x00, 0xff, 0x10, 0x82, 0x07, 0x00, 0xe4, 0x0f, 0x04,
  0x19, 0x78, 0x16, 0xff, 0x1f, 0x00, 0x00, 0x00, 0x14, 0x14, 0x01, 0x00,
  0x00, 0xe2, 0x0f, 0x00, 0x81, 0x79, 0x1b, 0x04, 0x14, 0x00, 0x00, 0x00,
  0x00, 0x19, 0x1e, 0x0c, 0x00, 0x22, 0x03, 0x00, 0x10, 0x7c, 0x17, 0x14,
  0x0a, 0x00, 0x00, 0x00, 0xff, 0xe0, 0xf1, 0x0f, 0x00, 0xe4, 0x0f, 0x00,
  0x11, 0x7a, 0x07, 0x07, 0x00, 0x73, 0x00, 0x00, 0x08, 0x14, 0x8f, 0x00,
  0x00, 0xe4, 0x0f, 0x00, 0x10, 0x7c, 0x18, 0x16, 0x0e, 0x00, 0x00, 0x00,
  0xff, 0xe4, 0x7f, 0x08, 0x00, 0xc4, 0x0f, 0x00, 0x11, 0x7a, 0x08, 0x17,
  0x00, 0x72, 0x00, 0x00, 0xff, 0x10, 0x80, 0x07, 0x00, 0xe2, 0x0f, 0x00,
  0xc3, 0x79, 0x0e, 0x00, 0x00, 0x00, 0x00, 0x00, 0x00, 0x26, 0x00, 0x00,
  0x00, 0xe2, 0x0e, 0x00, 0x10, 0x7c, 0x0d, 0x09, 0x0c, 0x00, 0x00, 0x00,
  0xff, 0xe0, 0xf3, 0x0f, 0x00, 0xe2, 0x0f, 0x00, 0x81, 0x79, 0x1d, 0x06,
  0x14, 0x00, 0x00, 0x00, 0x00, 0x19, 0x1e, 0x0c, 0x00, 0x22, 0x03, 0x00,
  0x11, 0x7a, 0x09, 0x17, 0x00, 0x73, 0x00, 0x00, 0x18, 0x14, 0x0f, 0x00,
  0x00, 0xe4, 0x0f, 0x00, 0x10, 0x7c, 0x18, 0x0c, 0x0f, 0x00, 0x00, 0x00,
  0xff, 0xe4, 0xff, 0x08, 0x00, 0xe4, 0x0f, 0x00, 0x11, 0x7a, 0x0c, 0x0d,
  0x00, 0x72, 0x00, 0x00, 0xff, 0x10, 0x80, 0x07, 0x00, 0xe2, 0x0f, 0x00,
  0x81, 0x79, 0x1f, 0x08, 0x14, 0x00, 0x00, 0x00, 0x00, 0x19, 0x1e, 0x0c,
  0x00, 0x22, 0x07, 0x00, 0x10, 0x7c, 0x14, 0x14, 0x0c, 0x00, 0x00, 0x00,
  0xff, 0xe0, 0xf3, 0x0f, 0x00, 0xc4, 0x0f, 0x00, 0x11, 0x7a, 0x0d, 0x0d,
  0x00, 0x73, 0x00, 0x00, 0x18, 0x14, 0x0f, 0x00, 0x00, 0xe4, 0x0f, 0x00,
  0x10, 0x7c, 0x11, 0x11, 0x0c, 0x00, 0x00, 0x00, 0xff, 0xe0, 0xf1, 0x0f,
  0x00, 0xe4, 0x0f, 0x00, 0x10, 0x7c, 0x05, 0x16, 0x0f, 0x00, 0x00, 0x00,
  0xff, 0xe4, 0xff, 0x08, 0x00, 0xe2, 0x2f, 0x00, 0x81, 0x79, 0x23, 0x0c,
  0x14, 0x00, 0x00, 0x00, 0x00, 0x19, 0x1e, 0x0c, 0x00, 0x22, 0x03, 0x00,
  0x10, 0x7c, 0x18, 0x15, 0x0f, 0x00, 0x00, 0x00, 0xff, 0xe4, 0x7f, 0x08,
  0x00, 0xe4, 0x0f, 0x00, 0x11, 0x7a, 0x02, 0x11, 0x00, 0x72, 0x00, 0x00,
  0xff, 0x10, 0x80, 0x07, 0x00, 0xe4, 0x0f, 0x00, 0x11, 0x7a, 0x04, 0x14,
  0x00, 0x72, 0x00, 0x00, 0xff, 0x10, 0x82, 0x07, 0x00, 0xc4, 0x0f, 0x00,
  0x11, 0x7a, 0x03, 0x11, 0x00, 0x73, 0x00, 0x00, 0x18, 0x14, 0x0f, 0x00,
  0x00, 0xe4, 0x0f, 0x00, 0x11, 0x7a, 0x05, 0x14, 0x00, 0x73, 0x00, 0x00,
  0x05, 0x14, 0x8f, 0x00, 0x00, 0xc6, 0x0f, 0x00, 0x81, 0x79, 0x25, 0x02,
  0x14, 0x00, 0x00, 0x00, 0x00, 0x19, 0x1e, 0x0c, 0x00, 0x28, 0x03, 0x00,
  0x81, 0x79, 0x27, 0x04, 0x14, 0x00, 0x00, 0x00, 0x00, 0x19, 0x1e, 0x0c,
  0x00, 0x22, 0x03, 0x00, 0x13, 0x7a, 0x0b, 0x00, 0x00, 0xd5, 0x00, 0x00,
  0x00, 0x00, 0x00, 0x00, 0x00, 0xc8, 0x8f, 0x00, 0x06, 0x73, 0x08, 0x00,
  0x0b, 0x00, 0x00, 0x00, 0x00, 0x94, 0x20, 0x00, 0x00, 0xf0, 0x0e, 0x00,
  0x08, 0x73, 0x08, 0x00, 0x08, 0x00, 0x00, 0x00, 0x00, 0x10, 0x00, 0x00,
  0x00, 0xe2, 0x8e, 0x00, 0xb9, 0x7a, 0x0f, 0x00, 0x40, 0xf4, 0x00, 0x00,
  0x00, 0x00, 0x00, 0x00, 0x00, 0xe4, 0x0f, 0x00, 0x8c, 0x72, 0x00, 0x0f,
  0x3f, 0x00, 0x00, 0x00, 0x70, 0x52, 0xf0, 0x0b, 0x00, 0xe2, 0x0f, 0x00,
  0x10, 0x78, 0x06, 0x08, 0xfe, 0xff, 0xff, 0x0f, 0xff, 0xe0, 0xff, 0x07,
  0x00, 0xc8, 0x8f, 0x00, 0x05, 0x73, 0x07, 0x00, 0x06, 0x00, 0x00, 0x00,
  0x00, 0xf0, 0x21, 0x00, 0x00, 0x62, 0x06, 0x00, 0xb9, 0x7a, 0x0f, 0x00,
  0x00, 0xd6, 0x00, 0x00, 0x00, 0x08, 0x00, 0x00, 0x00, 0xca, 0x0f, 0x00,
  0xa4, 0x02, 0x0b, 0x0b, 0x0f, 0x00, 0x00, 0x00, 0x3f, 0x02, 0x8e, 0x0f,
  0x00, 0xe2, 0x0f, 0x00, 0x13, 0x7c, 0x08, 0x00, 0x0e, 0x00, 0x00, 0x00,
  0x00, 0x00, 0x00, 0x08, 0x00, 0xe2, 0x0f, 0x00, 0x24, 0x72, 0x06, 0xff,
  0xff, 0x00, 0x00, 0x00, 0xff, 0x00, 0x8e, 0x07, 0x00, 0xe4, 0x8f, 0x00,
  0x24, 0x72, 0x02, 0xff, 0xff, 0x00, 0x00, 0x00, 0x07, 0x0a, 0x8e, 0x07,
  0x00, 0xc6, 0x2f, 0x00, 0x82, 0x8c, 0x0b, 0x00, 0x10, 0x00, 0x00, 0x00,
  0x00, 0x00, 0x00, 0x08, 0x00, 0xe2, 0x0f, 0x00, 0x24, 0x72, 0x03, 0x02,
  0x0b, 0x00, 0x00, 0x00, 0xff, 0x02, 0x8e, 0x07, 0x00, 0xe4, 0x0f, 0x00,
  0x24, 0x7e, 0x04, 0xff, 0x0b, 0x00, 0x00, 0x00, 0xff, 0x00, 0x8e, 0x0f,
  0x00, 0xe4, 0x0f, 0x00, 0x27, 0x72, 0x06, 0x07, 0x03, 0x00, 0x00, 0x00,
  0x06, 0x00, 0x8e, 0x07, 0x00, 0xe2, 0x0f, 0x00, 0x99, 0x78, 0x18, 0x3f,
  0x1f, 0x00, 0x00, 0x00, 0x0e, 0x14, 0x01, 0x08, 0x00, 0xe4, 0x0f, 0x00,
  0x10, 0x7c, 0x05, 0x04, 0x06, 0x00, 0x00, 0x00, 0x0f, 0xe0, 0xff, 0x0f,
  0x00, 0xe4, 0x0f, 0x10, 0x19, 0x78, 0x04, 0xff, 0x1f, 0x00, 0x00, 0x00,
  0x0f, 0x14, 0x01, 0x00, 0x00, 0xe2, 0x0f, 0x00, 0x27, 0x72, 0x06, 0x06,
  0x08, 0x00, 0x00, 0x00, 0xff, 0x00, 0x8e, 0x07, 0x00, 0xe2, 0x0f, 0x00,
  0xa5, 0x78, 0x12, 0x0e, 0xa0, 0x00, 0x00, 0x00, 0x3f, 0x00, 0x8e, 0x0f,
  0x00, 0xc4, 0x0f, 0x00, 0xa4, 0x78, 0x10, 0x18, 0xa0, 0x00, 0x00, 0x00,
  0x3f, 0x02, 0x8e, 0x0f, 0x00, 0xe2, 0x0f, 0x00, 0x24, 0x72, 0x0a, 0xff,
  0xff, 0x00, 0x00, 0x00, 0x06, 0x0a, 0x8e, 0x07, 0x00, 0xe2, 0x0f, 0x00,
  0x11, 0x72, 0x07, 0x04, 0x0f, 0x00, 0x00, 0x00, 0xff, 0x18, 0x8f, 0x07,
  0x00, 0xe2, 0x0f, 0x00, 0x90, 0x72, 0x0f, 0x07, 0x06, 0x00, 0x00, 0x80,
  0x3f, 0xe0, 0xff, 0x0f, 0x00, 0xe2, 0x0f, 0x00, 0x12, 0x78, 0x0e, 0x0e,
  0xf0, 0xff, 0xff, 0xff, 0xff, 0xc0, 0x8e, 0x07, 0x00, 0xe2, 0x0f, 0x00,
  0x24, 0x72, 0x04, 0x0b, 0x0a, 0x00, 0x00, 0x00, 0x08, 0x02, 0x8e, 0x07,
  0x00, 0xe2, 0x0f, 0x00, 0x90, 0x72, 0x10, 0x13, 0x10, 0x00, 0x00, 0x00,
  0x3f, 0xe0, 0xff, 0x0f, 0x00, 0xe2, 0x0f, 0x00, 0x12, 0x78, 0x08, 0x07,
  0xf8, 0xff, 0xff, 0x0f, 0xff, 0xc0, 0x8e, 0x07, 0x00, 0xe2, 0x0f, 0x00,
  0x8c, 0x78, 0x00, 0x0f, 0x40, 0x00, 0x00, 0x00, 0x70, 0x12, 0xf0, 0x0b,
  0x00, 0xe2, 0x0f, 0x00, 0x19, 0x78, 0x09, 0xff, 0x1f, 0x00, 0x00, 0x00,
  0x05, 0x14, 0x01, 0x00, 0x00, 0xe2, 0x0f, 0x00, 0x24, 0x78, 0x0e, 0x29,
  0x01, 0x00, 0x00, 0x00, 0x0e, 0x0a, 0x8e, 0x07, 0x00, 0xe2, 0x0f, 0x00,
  0x0c, 0x72, 0x00, 0x0b, 0x04, 0x00, 0x00, 0x00, 0x70, 0x40, 0xf0, 0x03,
  0x00, 0xe2, 0x0f, 0x00, 0x24, 0x78, 0x07, 0x0f, 0x01, 0x00, 0x00, 0x00,
  0x08, 0x0a, 0x8e, 0x07, 0x00, 0xe2, 0x0f, 0x04, 0x02, 0x7c, 0x03, 0x00,
  0x13, 0x00, 0x00, 0x00, 0x00, 0x0f, 0x00, 0x08, 0x00, 0xe2, 0x0f, 0x00,
  0x87, 0x78, 0x11, 0x0f, 0x40, 0x00, 0x00, 0x00, 0x00, 0x00, 0x00, 0x08,
  0x00, 0xe2, 0x0f, 0x00, 0x24, 0x7e, 0x02, 0xff, 0x12, 0x00, 0x00, 0x00,
  0xff, 0x00, 0x8e, 0x0f, 0x00, 0xe2, 0x0f, 0x00, 0x0c, 0x78, 0x00, 0x0e,
  0x0a, 0x00, 0x00, 0x00, 0x70, 0x62, 0xfa, 0x03, 0x00, 0xe2, 0x0f, 0x04,
  0x24, 0x7e, 0x03, 0xff, 0x10, 0x00, 0x00, 0x00, 0xff, 0x00, 0x8e, 0x0f,
  0x00, 0xe2, 0x0f, 0x00, 0x10, 0x78, 0x0c, 0x0f, 0x08, 0x00, 0x00, 0x00,
  0xff, 0xe0, 0xff, 0x07, 0x00, 0xe2, 0x0f, 0x00, 0x24, 0x7a, 0x0a, 0x09,
  0x00, 0x7c, 0x00, 0x00, 0xff, 0x02, 0x8e, 0x07, 0x00, 0xe2, 0x0f, 0x00,
  0xb9, 0x7a, 0x12, 0x00, 0x00, 0x7c, 0x00, 0x00, 0x00, 0x0a, 0x00, 0x00,
  0x00, 0xe2, 0x0f, 0x00, 0x24, 0x78, 0xe0, 0x0e, 0x10, 0x00, 0x00, 0x00,
  0xff, 0x00, 0x8e, 0x07, 0x00, 0xe2, 0x0f, 0x00, 0x12, 0x72, 0x0e, 0x07,
  0x0e, 0x00, 0x00, 0x00, 0xff, 0x3c, 0x8e, 0x07, 0x00, 0xe2, 0x0f, 0x00,
  0x25, 0x7a, 0x02, 0x05, 0x00, 0x7c, 0x00, 0x00, 0x02, 0x00, 0x8e, 0x07,
  0x00, 0xe2, 0x0f, 0x00, 0x0c, 0x7c, 0x00, 0x0f, 0x11, 0x00, 0x00, 0x00,
  0x70, 0x12, 0xf4, 0x0e, 0x00, 0xc6, 0x0f, 0x00, 0x24, 0x7a, 0x05, 0x05,
  0x00, 0x7d, 0x00, 0x00, 0x0a, 0x02, 0x8e, 0x07, 0x00, 0xe2, 0x0f, 0x00,
  0x10, 0x7a, 0x02, 0x02, 0x00, 0x62, 0x00, 0x00, 0xe0, 0xe0, 0xe9, 0x07,
  0x00, 0xe2, 0x0f, 0x00, 0x24, 0x78, 0x0e, 0x0f, 0x10, 0x00, 0x00, 0x00,
  0x0e, 0x02, 0x8e, 0x07, 0x00, 0xe2, 0x0f, 0x00, 0x19, 0x78, 0xe1, 0xff,
  0x1f, 0x00, 0x00, 0x00, 0xe0, 0x14, 0x01, 0x00, 0x00, 0xe2, 0x0f, 0x00,
  0x24, 0x78, 0x03, 0x03, 0x01, 0x00, 0x00, 0x00, 0x05, 0x02, 0x8e, 0x07,
  0x00, 0xe2, 0x0f, 0x00, 0x99, 0x78, 0x19, 0x12, 0x03, 0x00, 0x00, 0x00,
  0x3f, 0x06, 0x00, 0x08, 0x00, 0xe2, 0x0f, 0x00, 0x24, 0x88, 0x04, 0x04,
  0x01, 0x00, 0x00, 0x00, 0x0b, 0x0a, 0x8e, 0x07, 0x00, 0xe2, 0x0f, 0x00,
  0x0c, 0x7c, 0x00, 0x0c, 0x11, 0x00, 0x00, 0x00, 0x70, 0x12, 0xf6, 0x0e,
  0x00, 0xe2, 0x0f, 0x00, 0x82, 0x78, 0x0f, 0x00, 0x03, 0x00, 0x00, 0x00,
  0x00, 0x00, 0x00, 0x00, 0x00, 0xe2, 0x0f, 0x00, 0x10, 0x7a, 0x03, 0x03,
  0x00, 0x63, 0x00, 0x00, 0xe1, 0xc4, 0x7e, 0x02, 0x00, 0xe2, 0x0f, 0x00,
  0x99, 0x72, 0x12, 0x12, 0x0f, 0x00, 0x00, 0x00, 0x13, 0x02, 0x01, 0x08,
  0x00, 0xe2, 0x0f, 0x00, 0x19, 0x78, 0xde, 0x0e, 0x04, 0x00, 0x00, 0x00,
  0xff, 0x06, 0x00, 0x00, 0x00, 0xc4, 0x0f, 0x00, 0x0c, 0x72, 0x00, 0x04,
  0x0b, 0x00, 0x00, 0x00, 0x70, 0x60, 0xfc, 0x03, 0x00, 0xe4, 0x0f, 0x00,
  0x10, 0x78, 0x05, 0x0f, 0x18, 0x00, 0x00, 0x00, 0xff, 0xe0, 0xff, 0x07,
  0x00, 0xe2, 0x0f, 0x00, 0xb9, 0x7a, 0x0f, 0x00, 0x00, 0xd5, 0x00, 0x00,
  0x00, 0x08, 0x00, 0x00, 0x00, 0xe2, 0x0f, 0x00, 0x10, 0x7c, 0x04, 0x02,
  0x19, 0x00, 0x00, 0x00, 0xff, 0xe0, 0xf9, 0x0f, 0x00, 0xe2, 0x0f, 0x00,
  0x84, 0xf9, 0xff, 0xff, 0x00, 0x00, 0x00, 0x00, 0x00, 0x08, 0x00, 0x00,
  0x00, 0xe2, 0x0f, 0x00, 0x84, 0xf9, 0xff, 0xff, 0x00, 0x00, 0x00, 0x00,
  0x00, 0x08, 0x00, 0x00, 0x00, 0xe2, 0x0f, 0x00, 0x84, 0xf9, 0xff, 0xff,
  0x00, 0x00, 0x00, 0x00, 0x00, 0x08, 0x00, 0x00, 0x00, 0xe2, 0x0f, 0x00,
  0xae, 0x7f, 0xde, 0x02, 0x00, 0x00, 0x00, 0x00, 0x54, 0x1c, 0x10, 0x09,
  0x00, 0xe2, 0x03, 0x00, 0x92, 0x72, 0x0f, 0x0e, 0x0f, 0x00, 0x00, 0x00,
  0x3f, 0x3c, 0x8e, 0x0f, 0x00, 0xe2, 0x0f, 0x00, 0x0c, 0x7c, 0x00, 0x05,
  0x11, 0x00, 0x00, 0x00, 0x70, 0x12, 0xf4, 0x0e, 0x00, 0xe4, 0x0f, 0x00,
  0x10, 0x7c, 0x05, 0x03, 0x12, 0x00, 0x00, 0x00, 0xff, 0xe4, 0x7f, 0x0a,
  0x00, 0xe4, 0x0f, 0x00, 0x10, 0x78, 0x0c, 0x0f, 0x10, 0x00, 0x00, 0x00,
  0xff, 0xe0, 0xff, 0x07, 0x00, 0xc4, 0x0f, 0x00, 0x10, 0x88, 0x06, 0x06,
  0x01, 0x00, 0x00, 0x00, 0xff, 0xe0, 0xff, 0x07, 0x00, 0xe2, 0x0f, 0x00,
  0xae, 0x7f, 0xde, 0x04, 0x00, 0x00, 0x80, 0x00, 0x54, 0x1c, 0x90, 0x09,
  0x00, 0xe2, 0x07, 0x00, 0x0c, 0x7c, 0x00, 0xff, 0x0f, 0x00, 0x00, 0x00,
  0x70, 0x32, 0xf8, 0x0b, 0x00, 0xe4, 0x0f, 0x00, 0x0c, 0x7a, 0x00, 0xff,
  0x00, 0xd5, 0x00, 0x00, 0x70, 0x52, 0xf6, 0x03, 0x00, 0xe4, 0x0f, 0x00,
  0x0c, 0x7c, 0x00, 0x0c, 0x11, 0x00, 0x00, 0x00, 0x70, 0x12, 0xf2, 0x0e,
  0x00, 0xe4, 0x0f, 0x00, 0x10, 0x68, 0x06, 0x06, 0x01, 0x00, 0x00, 0x00,
  0xff, 0xe0, 0xff, 0x07, 0x00, 0xe4, 0x0f, 0x00, 0x10, 0x78, 0x07, 0x0f,
  0x20, 0x00, 0x00, 0x00, 0xff, 0xe0, 0xff, 0x07, 0x00, 0xc4, 0x0f, 0x00,
  0x10, 0x7c, 0x02, 0x04, 0x19, 0x00, 0x00, 0x00, 0xff, 0xe0, 0xfd, 0x0f,
  0x00, 0xe2, 0x2f, 0x00, 0x24, 0x72, 0xe5, 0xff, 0xff, 0x00, 0x00, 0x00,
  0x06, 0x00, 0x8e, 0x07, 0x00, 0xe2, 0x0f, 0x00, 0xb9, 0x7a, 0x10, 0x00,
  0x00, 0x6d, 0x00, 0x00, 0x00, 0x08, 0x00, 0x00, 0x00, 0xe2, 0x0f, 0x00,
  0x0c, 0x7c, 0x00, 0x07, 0x11, 0x00, 0x00, 0x00, 0x70, 0x12, 0xf0, 0x0e,
  0x00, 0xe2, 0x0f, 0x00, 0x99, 0x72, 0x0f, 0x16, 0x10, 0x00, 0x00, 0x00,
  0x17, 0x10, 0x00, 0x08, 0x00, 0xe2, 0x0f, 0x00, 0x10, 0x7c, 0x03, 0x05,
  0x12, 0x00, 0x00, 0x00, 0xff, 0xe4, 0x7f, 0x0b, 0x00, 0xe2, 0x0f, 0x00,
  0x24, 0xc2, 0xe5, 0xff, 0xff, 0x00, 0x00, 0x00, 0xe5, 0x0a, 0x8e, 0x07,
  0x00, 0xe2, 0x0f, 0x00, 0x10, 0x78, 0x06, 0x0f, 0x28, 0x00, 0x00, 0x00,
  0xff, 0xe0, 0xff, 0x07, 0x00, 0xe2, 0x0f, 0x04, 0xb9, 0x7a, 0x16, 0x00,
  0x00, 0x80, 0x00, 0x00, 0x00, 0x0a, 0x00, 0x00, 0x00, 0xe2, 0x0f, 0x00,
  0x10, 0x78, 0x07, 0x0f, 0x30, 0x00, 0x00, 0x00, 0xff, 0xe0, 0xff, 0x07,
  0x00, 0xe2, 0x0f, 0x04, 0xae, 0x7f, 0xde, 0x02, 0x00, 0x00, 0x00, 0x01,
  0x54, 0x1c, 0x90, 0x08, 0x00, 0xe2, 0x03, 0x00, 0x10, 0x78, 0x0f, 0x0f,
  0x38, 0x00, 0x00, 0x00, 0xff, 0xe0, 0xff, 0x07, 0x00, 0xe2, 0x0f, 0x00,
  0x99, 0x72, 0x10, 0x16, 0x10, 0x00, 0x00, 0x00, 0x17, 0x10, 0x00, 0x08,
  0x00, 0xe2, 0x0f, 0x00, 0x12, 0xba, 0xe5, 0xff, 0x00, 0xd5, 0x00, 0x00,
  0xff, 0x33, 0x8e, 0x07, 0x00, 0xe2, 0x0f, 0x00, 0x82, 0x78, 0x13, 0x00,
  0xff, 0xff, 0xff, 0xff, 0x00, 0x00, 0x00, 0x00, 0x00, 0xe2, 0x0f, 0x00,
  0x0c, 0x7c, 0x00, 0x06, 0x11, 0x00, 0x00, 0x00, 0x70, 0x12, 0xfc, 0x0e,
  0x00, 0xe2, 0x0f, 0x00, 0xb9, 0x7a, 0x16, 0x00, 0x00, 0x6d, 0x00, 0x00,
  0x00, 0x08, 0x00, 0x00, 0x00, 0xe2, 0x0f, 0x00, 0x0c, 0x7c, 0x00, 0x07,
  0x11, 0x00, 0x00, 0x00, 0x70, 0x12, 0xf8, 0x0e, 0x00, 0xc4, 0x0f, 0x00,
  0x0c, 0x7c, 0x00, 0x0f, 0x11, 0x00, 0x00, 0x00, 0x70, 0x12, 0xf2, 0x0e,
  0x00, 0xe2, 0x0f, 0x00, 0x99, 0x72, 0x11, 0x13, 0x16, 0x00, 0x00, 0x00,
  0x3f, 0x06, 0x00, 0x08, 0x00, 0xe2, 0x0f, 0x00, 0x19, 0x78, 0x07, 0xff,
  0x1f, 0x00, 0x00, 0x00, 0xe5, 0x14, 0x01, 0x00, 0x00, 0xe2, 0x0f, 0x00,
  0x99, 0x78, 0x13, 0x3f, 0x1f, 0x00, 0x00, 0x00, 0x0f, 0x14, 0x01, 0x08,
  0x00, 0xe2, 0x0f, 0x00, 0x10, 0x7c, 0x04, 0x02, 0x19, 0x00, 0x00, 0x00,
  0xff, 0xe0, 0xf7, 0x0f, 0x00, 0xc6, 0x8f, 0x00, 0x24, 0x7a, 0x06, 0x07,
  0x00, 0x7e, 0x00, 0x00, 0xff, 0x02, 0x8e, 0x07, 0x00, 0xe2, 0x0f, 0x00,
  0x12, 0x7c, 0x0f, 0xdb, 0x11, 0x00, 0x00, 0x00, 0xff, 0x30, 0x8e, 0x0f,
  0x00, 0xe2, 0x0f, 0x00, 0x24, 0x7a, 0x02, 0x07, 0x00, 0x80, 0x00, 0x00,
  0xff, 0x02, 0x8e, 0x07, 0x00, 0xe2, 0x2f, 0x00, 0x10, 0x7c, 0x05, 0x03,
  0x12, 0x00, 0x00, 0x00, 0xff, 0xe4, 0xff, 0x09, 0x00, 0xe2, 0x0f, 0x00,
  0x25, 0x7a, 0xe2, 0xe5, 0x00, 0x7e, 0x00, 0x00, 0xe0, 0x00, 0x8e, 0x07,
  0x00, 0xc8, 0x0f, 0x00, 0x24, 0x7a, 0xe7, 0xe5, 0x00, 0x7f, 0x00, 0x00,
  0x06, 0x02, 0x8e, 0x07, 0x00, 0xe2, 0x0f, 0x04, 0x19, 0x78, 0x06, 0xff,
  0x1f, 0x00, 0x00, 0x00, 0x0f, 0x14, 0x01, 0x00, 0x00, 0xe2, 0x0f, 0x00,
  0x25, 0x7a, 0xe0, 0xe5, 0x00, 0x80, 0x00, 0x00, 0xe0, 0x00, 0x8e, 0x07,
  0x00, 0xe2, 0x0f, 0x04, 0x99, 0x78, 0x16, 0x3f, 0x1f, 0x00, 0x00, 0x00,
  0x10, 0x14, 0x01, 0x08, 0x00, 0xe2, 0x0f, 0x00, 0x12, 0x7c, 0x11, 0x10,
  0x11, 0x00, 0x00, 0x00, 0xff, 0x30, 0x8e, 0x0f, 0x00, 0xe2, 0x0f, 0x00,
  0xae, 0x7f, 0xde, 0x04, 0x00, 0x00, 0x80, 0x01, 0x54, 0x1c, 0x10, 0x09,
  0x00, 0xe2, 0x03, 0x00, 0x24, 0x7a, 0xe5, 0xe5, 0x00, 0x81, 0x00, 0x00,
  0x02, 0x02, 0x8e, 0x07, 0x00, 0xe2, 0x0f, 0x00, 0x10, 0x7c, 0x02, 0x04,
  0x19, 0x00, 0x00, 0x00, 0xff, 0xe0, 0xf7, 0x0f, 0x00, 0xe2, 0x0f, 0x00,
  0x24, 0x7c, 0x03, 0x0f, 0x13, 0x00, 0x00, 0x00, 0xff, 0x02, 0x8e, 0x0f,
  0x00, 0xc8, 0x0f, 0x00, 0x24, 0x7c, 0x17, 0x06, 0x0f, 0x00, 0x00, 0x00,
  0x03, 0x02, 0x8e, 0x0f, 0x00, 0xe2, 0x0f, 0x00, 0x10, 0x7c, 0x03, 0x05,
  0x12, 0x00, 0x00, 0x00, 0xff, 0xe4, 0xff, 0x09, 0x00, 0xe2, 0x0f, 0x00,
  0x24, 0x7c, 0x08, 0x11, 0x13, 0x00, 0x00, 0x00, 0xff, 0x02, 0x8e, 0x0f,
  0x00, 0xe2, 0x0f, 0x04, 0x19, 0x78, 0x07, 0xff, 0x1f, 0x00, 0x00, 0x00,
  0x11, 0x14, 0x01, 0x00, 0x00, 0xe4, 0x0f, 0x00, 0x10, 0x7c, 0x04, 0x02,
  0x19, 0x00, 0x00, 0x00, 0xff, 0xe0, 0xf7, 0x0f, 0x00, 0xe2, 0x2f, 0x00,
  0x24, 0x7c, 0x0a, 0x11, 0x16, 0x00, 0x00, 0x00, 0xff, 0x02, 0x8e, 0x0f,
  0x00, 0xe2, 0x0f, 0x00, 0x12, 0x7c, 0x15, 0x12, 0x11, 0x00, 0x00, 0x00,
  0xff, 0x30, 0x8e, 0x0f, 0x00, 0xe2, 0x0f, 0x00, 0x24, 0x7c, 0x09, 0x0f,
  0x16, 0x00, 0x00, 0x00, 0xff, 0x02, 0x8e, 0x0f, 0x00, 0xe2, 0x0f, 0x00,
  0x10, 0x7c, 0x05, 0x03, 0x12, 0x00, 0x00, 0x00, 0xff, 0xe4, 0xff, 0x09,
  0x00, 0xe2, 0x0f, 0x00, 0x24, 0x7c, 0x2b, 0x07, 0x0f, 0x00, 0x00, 0x00,
  0x08, 0x02, 0x8e, 0x0f, 0x00, 0xe2, 0x0f, 0x00, 0x0c, 0x7c, 0x00, 0x13,
  0x08, 0x00, 0x00, 0x00, 0x70, 0x12, 0xf6, 0x0e, 0x00, 0xe2, 0x0f, 0x00,
  0x24, 0x7c, 0x33, 0x07, 0x10, 0x00, 0x00, 0x00, 0x0a, 0x02, 0x8e, 0x0f,
  0x00, 0xe2, 0x0f, 0x00, 0xae, 0x7f, 0xde, 0x02, 0x00, 0x00, 0x00, 0x02,
  0x54, 0x1c, 0x10, 0x08, 0x00, 0xe2, 0x03, 0x00, 0x12, 0x7c, 0x13, 0x13,
  0x11, 0x00, 0x00, 0x00, 0xff, 0x30, 0x8e, 0x0f, 0x00, 0xe2, 0x0f, 0x00,
  0x24, 0x7c, 0x31, 0x06, 0x10, 0x00, 0x00, 0x00, 0x09, 0x02, 0x8e, 0x0f,
  0x00, 0xe2, 0x0f, 0x00, 0x19, 0x78, 0x08, 0xff, 0x1f, 0x00, 0x00, 0x00,
  0x15, 0x14, 0x01, 0x00, 0x00, 0xe2, 0x0f, 0x00, 0xae, 0x7f, 0xde, 0x04,
  0x00, 0x00, 0x80, 0x02, 0x54, 0x1c, 0x10, 0x0b, 0x00, 0xe2, 0x07, 0x00,
  0x24, 0x7c, 0x07, 0x15, 0x13, 0x00, 0x00, 0x00, 0xff, 0x02, 0x8e, 0x0f,
  0x00, 0xe2, 0x0f, 0x04, 0x10, 0x7c, 0x06, 0x04, 0x19, 0x00, 0x00, 0x00,
  0xff, 0xe0, 0xfd, 0x0f, 0x00, 0xe2, 0x0f, 0x00, 0x24, 0x7c, 0x0b, 0x15,
  0x16, 0x00, 0x00, 0x00, 0xff, 0x02, 0x8e, 0x0f, 0x00, 0xe2, 0x0f, 0x00,
  0x19, 0x78, 0x09, 0xff, 0x1f, 0x00, 0x00, 0x00, 0x13, 0x14, 0x01, 0x00,
  0x00, 0xe2, 0x0f, 0x00, 0x24, 0x7c, 0x0a, 0x13, 0x13, 0x00, 0x00, 0x00,
  0xff, 0x02, 0x8e, 0x0f, 0x00, 0xc4, 0x0f, 0x00, 0x24, 0x7c, 0x0c, 0x13,
  0x16, 0x00, 0x00, 0x00, 0xff, 0x02, 0x8e, 0x0f, 0x00, 0xe4, 0x0f, 0x00,
  0x24, 0x7c, 0x2d, 0x08, 0x0f, 0x00, 0x00, 0x00, 0x07, 0x02, 0x8e, 0x0f,
  0x00, 0xe2, 0x0f, 0x00, 0x10, 0x7c, 0x07, 0x05, 0x12, 0x00, 0x00, 0x00,
  0xff, 0xe4, 0x7f, 0x0b, 0x00, 0xe2, 0x0f, 0x00, 0x24, 0x78, 0xe7, 0xe3,
  0x01, 0x00, 0x00, 0x00, 0xe7, 0x02, 0x8e, 0x07, 0x00, 0xe4, 0x0f, 0x00,
  0x24, 0x72, 0xe6, 0xff, 0xff, 0x00, 0x00, 0x00, 0xe2, 0x00, 0x8e, 0x07,
  0x00, 0xe2, 0x0f, 0x00, 0x10, 0x7c, 0x02, 0x06, 0x19, 0x00, 0x00, 0x00,
  0xff, 0xe0, 0xfd, 0x0f, 0x00, 0xe2, 0x2f, 0x00, 0x24, 0x78, 0xe5, 0xe1,
  0x01, 0x00, 0x00, 0x00, 0xe5, 0x02, 0x8e, 0x07, 0x00, 0xe2, 0x0f, 0x00,
  0xae, 0x7f, 0xde, 0x06, 0x00, 0x00, 0x00, 0x03, 0x54, 0x1c, 0x10, 0x0a,
  0x00, 0xe2, 0x03, 0x00, 0x24, 0x72, 0xe4, 0xff, 0xff, 0x00, 0x00, 0x00,
  0xe0, 0x00, 0x8e, 0x07, 0x00, 0xc4, 0x0f, 0x00, 0x24, 0x7c, 0x35, 0x08,
  0x10, 0x00, 0x00, 0x00, 0x0b, 0x02, 0x8e, 0x0f, 0x00, 0xe4, 0x0f, 0x00,
  0x24, 0x7c, 0x2f, 0x09, 0x0f, 0x00, 0x00, 0x00, 0x0a, 0x02, 0x8e, 0x0f,
  0x00, 0xe4, 0x0f, 0x04, 0x24, 0x7c, 0x37, 0x09, 0x10, 0x00, 0x00, 0x00,
  0x0c, 0x02, 0x8e, 0x0f, 0x00, 0xe4, 0x0f, 0x00, 0x25, 0x7c, 0x04, 0x0f,
  0x0f, 0x00, 0x00, 0x00, 0xe6, 0x00, 0x8e, 0x0f, 0x00, 0xe2, 0x8f, 0x10,
  0x10, 0x7c, 0x03, 0x07, 0x12, 0x00, 0x00, 0x00, 0xff, 0xe4, 0x7f, 0x0b,
  0x00, 0xe2, 0x0f, 0x00, 0xb9, 0x7a, 0x12, 0x00, 0x00, 0xe2, 0x00, 0x00,
  0x00, 0x0a, 0x00, 0x00, 0x00, 0xe4, 0x0f, 0x00, 0x25, 0x7c, 0x08, 0x11,
  0x0f, 0x00, 0x00, 0x00, 0xe6, 0x00, 0x8e, 0x0f, 0x00, 0xe2, 0x0f, 0x00,
  0x0c, 0x7c, 0x00, 0x10, 0x08, 0x00, 0x00, 0x00, 0x70, 0x12, 0xf4, 0x0e,
  0x00, 0xe2, 0x0f, 0x00, 0xae, 0x7f, 0xde, 0x02, 0x00, 0x00, 0x80, 0x03,
  0x54, 0x1c, 0x90, 0x08, 0x00, 0xe4, 0x05, 0x00, 0x25, 0x7c, 0x0e, 0x0f,
  0x10, 0x00, 0x00, 0x00, 0xe4, 0x00, 0x8e, 0x0f, 0x00, 0xc8, 0x0f, 0x00,
  0x24, 0x78, 0x05, 0x05, 0x01, 0x00, 0x00, 0x00, 0x17, 0x02, 0x8e, 0x07,
  0x00, 0xe4, 0x0f, 0x00, 0x25, 0x7c, 0x0a, 0x15, 0x0f, 0x00, 0x00, 0x00,
  0xe6, 0x00, 0x8e, 0x0f, 0x00, 0xe2, 0x0f, 0x00, 0x10, 0x72, 0x07, 0x0f,
  0x31, 0x00, 0x00, 0x00, 0xff, 0xe0, 0xff, 0x07, 0x00, 0xc6, 0x2f, 0x00,
  0x24, 0x78, 0x09, 0x09, 0x01, 0x00, 0x00, 0x00, 0x2b, 0x02, 0x8e, 0x07,
  0x00, 0xe4, 0x0f, 0x00, 0x24, 0x72, 0x06, 0xff, 0xff, 0x00, 0x00, 0x00,
  0x0e, 0x00, 0x8e, 0x07, 0x00, 0xe4, 0x0f, 0x00, 0x25, 0x7a, 0x02, 0x19,
  0x00, 0x6e, 0x00, 0x00, 0x04, 0x02, 0x8e, 0x07, 0x00, 0xe2, 0x4f, 0x00,
  0x0c, 0x7c, 0x00, 0x12, 0x08, 0x00, 0x00, 0x00, 0x70, 0x12, 0xf0, 0x0e,
  0x00, 0xc6, 0x0f, 0x00, 0x25, 0x7c, 0x10, 0x11, 0x10, 0x00, 0x00, 0x00,
  0xe4, 0x00, 0x8e, 0x0f, 0x00, 0xc8, 0x0f, 0x00, 0x24, 0x78, 0x0b, 0x0b,
  0x01, 0x00, 0x00, 0x00, 0x2d, 0x02, 0x8e, 0x07, 0x00, 0xe4, 0x0f, 0x00,
  0x25, 0x7c, 0x0c, 0x13, 0x0f, 0x00, 0x00, 0x00, 0xe6, 0x00, 0x8e, 0x0f,
  0x00, 0xc8, 0x0f, 0x00, 0x25, 0x7a, 0x04, 0x1b, 0x00, 0x6e, 0x00, 0x00,
  0x08, 0x02, 0x8e, 0x07, 0x00, 0xe2, 0x0f, 0x01, 0x10, 0x7a, 0x0e, 0x02,
  0x00, 0x70, 0x00, 0x00, 0xff, 0xe0, 0xf9, 0x07, 0x00, 0xc6, 0x0f, 0x00,
  0x25, 0x7a, 0x08, 0x21, 0x00, 0x6e, 0x00, 0x00, 0x06, 0x02, 0x8e, 0x07,
  0x00, 0xc8, 0x0f, 0x00, 0x24, 0x72, 0x12, 0xff, 0xff, 0x00, 0x00, 0x00,
  0x10, 0x00, 0x8e, 0x07, 0x00, 0xe2, 0x0f, 0x00, 0x10, 0x7a, 0x10, 0x04,
  0x00, 0x70, 0x00, 0x00, 0xff, 0xe0, 0xfd, 0x07, 0x00, 0xe2, 0x0f, 0x00,
  0x25, 0x7a, 0x06, 0x1d, 0x00, 0x6e, 0x00, 0x00, 0x0a, 0x02, 0x8e, 0x07,
  0x00, 0xe2, 0x0f, 0x00, 0x10, 0x7a, 0x0f, 0x03, 0x00, 0x71, 0x00, 0x00,
  0xff, 0xe4, 0x7f, 0x02, 0x00, 0xc6, 0x0f, 0x00, 0x25, 0x7c, 0x16, 0x13,
  0x10, 0x00, 0x00, 0x00, 0xe4, 0x00, 0x8e, 0x0f, 0x00, 0xc8, 0x0f, 0x00,
  0x24, 0x78, 0x0d, 0x0d, 0x01, 0x00, 0x00, 0x00, 0x2f, 0x02, 0x8e, 0x07,
  0x00, 0xe4, 0x0f, 0x00, 0x24, 0x78, 0x13, 0x11, 0x01, 0x00, 0x00, 0x00,
  0x33, 0x02, 0x8e, 0x07, 0x00, 0xe2, 0x0f, 0x00, 0x10, 0x7a, 0x11, 0x05,
  0x00, 0x71, 0x00, 0x00, 0xff, 0xe4, 0x7f, 0x03, 0x00, 0xe2, 0x0f, 0x00,
  0x25, 0x7a, 0x02, 0x1f, 0x00, 0x6e, 0x00, 0x00, 0x0c, 0x02, 0x8e, 0x07,
  0x00, 0xe2, 0x0f, 0x00, 0x10, 0x7a, 0x06, 0x06, 0x00, 0x70, 0x00, 0x00,
  0xff, 0xe0, 0xf9, 0x07, 0x00, 0xe4, 0x0f, 0x00, 0x10, 0x7a, 0x0a, 0x08,
  0x00, 0x70, 0x00, 0x00, 0xff, 0xe0, 0xfd, 0x07, 0x00, 0xe2, 0x0f, 0x00,
  0x25, 0x7a, 0x04, 0x23, 0x00, 0x6e, 0x00, 0x00, 0x12, 0x02, 0x8e, 0x07,
  0x00, 0xe2, 0x0f, 0x00, 0x10, 0x7a, 0x07, 0x07, 0x00, 0x71, 0x00, 0x00,
  0xff, 0xe4, 0x7f, 0x02, 0x00, 0xc6, 0x0f, 0x00, 0x25, 0x7c, 0x14, 0x15,
  0x10, 0x00, 0x00, 0x00, 0xe4, 0x00, 0x8e, 0x0f, 0x00, 0xe2, 0x0f, 0x00,
  0x0c, 0x7c, 0x00, 0xdb, 0x08, 0x00, 0x00, 0x00, 0x70, 0x12, 0xf2, 0x0e,
  0x00, 0xe4, 0x0f, 0x00, 0x10, 0x7a, 0x0b, 0x09, 0x00, 0x71, 0x00, 0x00,
  0xff, 0xe4, 0x7f, 0x03, 0x00, 0xe2, 0x0f, 0x00, 0x24, 0x78, 0x15, 0x15,
  0x01, 0x00, 0x00, 0x00, 0x35, 0x02, 0x8e, 0x07, 0x00, 0xe2, 0x0f, 0x00,
  0x10, 0x7a, 0x08, 0x02, 0x00, 0x70, 0x00, 0x00, 0xff, 0xe0, 0xf9, 0x07,
  0x00, 0xe2, 0x0f, 0x00, 0x24, 0x78, 0x17, 0x17, 0x01, 0x00, 0x00, 0x00,
  0x37, 0x02, 0x8e, 0x07, 0x00, 0xe2, 0x0f, 0x00, 0x10, 0x7a, 0x0c, 0x04,
  0x00, 0x70, 0x00, 0x00, 0xff, 0xe0, 0xfd, 0x07, 0x00, 0xe4, 0x0f, 0x00,
  0x10, 0x7a, 0x09, 0x03, 0x00, 0x71, 0x00, 0x00, 0xff, 0xe4, 0x7f, 0x02,
  0x00, 0xe2, 0x0f, 0x00, 0x25, 0x7a, 0x02, 0x25, 0x00, 0x6e, 0x00, 0x00,
  0x14, 0x02, 0x8e, 0x07, 0x00, 0xe2, 0x0f, 0x00, 0x10, 0x7a, 0x0d, 0x05,
  0x00, 0x71, 0x00, 0x00, 0xff, 0xe4, 0x7f, 0x03, 0x00, 0xc6, 0x0f, 0x00,
  0x25, 0x7a, 0x04, 0x27, 0x00, 0x6e, 0x00, 0x00, 0x16, 0x02, 0x8e, 0x07,
  0x00, 0xe2, 0x0f, 0x00, 0x10, 0x7a, 0x02, 0x02, 0x00, 0x70, 0x00, 0x00,
  0xff, 0xe0, 0xf9, 0x07, 0x00, 0xe2, 0x0f, 0x00, 0xae, 0x7f, 0xde, 0x0e,
  0x00, 0x00, 0x00, 0x04, 0x54, 0x1c, 0x90, 0x08, 0x00, 0xe6, 0x03, 0x00,
  0x10, 0x7a, 0x04, 0x04, 0x00, 0x70, 0x00, 0x00, 0xff, 0xe0, 0xfd, 0x07,
  0x00, 0xe2, 0x0f, 0x00, 0xae, 0x7f, 0xde, 0x10, 0x00, 0x00, 0x80, 0x04,
  0x54, 0x1c, 0x10, 0x09, 0x00, 0xe2, 0x05, 0x00, 0x10, 0x7a, 0x03, 0x03,
  0x00, 0x71, 0x00, 0x00, 0xff, 0xe4, 0x7f, 0x02, 0x00, 0xe4, 0x0f, 0x00,
  0x10, 0x7a, 0x05, 0x05, 0x00, 0x71, 0x00, 0x00, 0xff, 0xe4, 0x7f, 0x03,
  0x00, 0xe2, 0x0f, 0x00, 0xae, 0x7f, 0xde, 0x06, 0x00, 0x00, 0x00, 0x05,
  0x54, 0x1c, 0x10, 0x08, 0x00, 0xe8, 0x07, 0x00, 0xae, 0x7f, 0xde, 0x08,
  0x00, 0x00, 0x80, 0x05, 0x54, 0x1c, 0x90, 0x09, 0x00, 0xe8, 0x09, 0x00,
  0xae, 0x7f, 0xde, 0x0a, 0x00, 0x00, 0x00, 0x06, 0x54, 0x1c, 0x90, 0x08,
  0x00, 0xe8, 0x03, 0x00, 0xae, 0x7f, 0xde, 0x0c, 0x00, 0x00, 0x80, 0x06,
  0x54, 0x1c, 0x10, 0x09, 0x00, 0xe2, 0x03, 0x00, 0x8c, 0x72, 0x00, 0x3f,
  0x12, 0x00, 0x00, 0x00, 0x70, 0x50, 0xf0, 0x0b, 0x00, 0xc6, 0x0f, 0x00,
  0xae, 0x7f, 0xde, 0x02, 0x00, 0x00, 0x00, 0x07, 0x54, 0x1c, 0x10, 0x08,
  0x00, 0xe8, 0x03, 0x00, 0xae, 0x7f, 0xde, 0x04, 0x00, 0x00, 0x80, 0x07,
  0x54, 0x1c, 0x90, 0x09, 0x00, 0xe8, 0x03, 0x00, 0xaf, 0x79, 0x00, 0x00,
  0x00, 0x00, 0x00, 0x00, 0x00, 0x00, 0x00, 0x00, 0x00, 0x22, 0x0e, 0x00,
  0x8c, 0x72, 0x00, 0x3f, 0x13, 0x00, 0x00, 0x00, 0x00, 0x53, 0xf0, 0x0b,
  0x00, 0xe2, 0x0f, 0x00, 0x24, 0x76, 0x06, 0xff, 0x00, 0xe2, 0x00, 0x00,
  0xff, 0x00, 0x8e, 0x07, 0x00, 0xe2, 0x8f, 0x00, 0x02, 0x7a, 0x07, 0x00,
  0x00, 0xe3, 0x00, 0x00, 0x00, 0x0f, 0x00, 0x00, 0x00, 0xe2, 0x0f, 0x00,
  0xb9, 0x7a, 0x12, 0x00, 0x00, 0xe0, 0x00, 0x00, 0x00, 0x0a, 0x00, 0x00,
  0x00, 0xc6, 0x0f, 0x00, 0x1c, 0x78, 0x00, 0x00, 0x00, 0x00, 0x00, 0x00,
  0x08, 0xf0, 0xf2, 0x03, 0x00, 0xe2, 0x0f, 0x00, 0x8c, 0x72, 0x00, 0x3f,
  0x12, 0x00, 0x00, 0x00, 0x70, 0x50, 0xf2, 0x0b, 0x00, 0xc8, 0x0f, 0x00,
  0x8c, 0x72, 0x00, 0x3f, 0x13, 0x00, 0x00, 0x00, 0x10, 0x53, 0xf2, 0x0b,
  0x00, 0xe2, 0x0f, 0x00, 0x24, 0x76, 0x08, 0xff, 0x00, 0xe0, 0x00, 0x00,
  0xff, 0x00, 0x8e, 0x07, 0x00, 0xe4, 0x0f, 0x01, 0x24, 0x76, 0x09, 0xff,
  0x00, 0xe1, 0x00, 0x00, 0xff, 0x00, 0x8e, 0x07, 0x00, 0xe2, 0x0f, 0x00,
  0xb9, 0x7a, 0x12, 0x00, 0x00, 0x76, 0x00, 0x00, 0x00, 0x0a, 0x00, 0x00,
  0x00, 0xc8, 0x0f, 0x00, 0x81, 0x19, 0x0f, 0x06, 0x14, 0x00, 0x00, 0x00,
  0x00, 0x19, 0x1e, 0x0c, 0x00, 0xe2, 0x22, 0x00, 0x1a, 0x79, 0x00, 0x00,
  0x00, 0x80, 0x00, 0x00, 0x00, 0x00, 0x00, 0x00, 0x00, 0xc8, 0x0f, 0x00,
  0x1c, 0x78, 0x00, 0x00, 0x00, 0x00, 0x00, 0x00, 0x18, 0xf0, 0xf0, 0x03,
  0x00, 0xe2, 0x0f, 0x00, 0x1d, 0x7b, 0x00, 0x00, 0x00, 0x00, 0x00, 0x00,
  0x00, 0x00, 0x01, 0x00, 0x00, 0xd8, 0x0f, 0x00, 0x81, 0x09, 0x36, 0x08,
  0x14, 0x00, 0x00, 0x00, 0x00, 0x19, 0x1e, 0x0c, 0x00, 0xe2, 0x08, 0x00,
  0x8c, 0x72, 0x00, 0x3f, 0x12, 0x00, 0x00, 0x00, 0x70, 0x50, 0xf4, 0x0b,
  0x00, 0xc8, 0x0f, 0x00, 0x8c, 0x72, 0x00, 0x3f, 0x13, 0x00, 0x00, 0x00,
  0x20, 0x53, 0xf4, 0x0b, 0x00, 0xe2, 0x0f, 0x00, 0x12, 0x78, 0x04, 0x29,
  0x60, 0x00, 0x00, 0x00, 0xff, 0xc0, 0x8e, 0x07, 0x00, 0xca, 0x0f, 0x00,
  0x1c, 0x78, 0x00, 0x00, 0x00, 0x00, 0x00, 0x00, 0x28, 0xf0, 0xf4, 0x03,
  0x00, 0xca, 0x0f, 0x00, 0x91, 0x22, 0x12, 0x0e, 0x12, 0x00, 0x00, 0x00,
  0x3f, 0x10, 0x86, 0x0f, 0x00, 0xe2, 0x0f, 0x00, 0x12, 0x78, 0x05, 0x29,
  0x0f, 0x00, 0x00, 0x00, 0xff, 0xc0, 0x8e, 0x07, 0x00, 0xc6, 0x0f, 0x00,
  0x91, 0x22, 0x13, 0x0e, 0x13, 0x00, 0x00, 0x00, 0x18, 0x14, 0x8f, 0x09,
  0x00, 0xe2, 0x0f, 0x00, 0x24, 0x74, 0xce, 0xff, 0xff, 0xff, 0x7f, 0xff,
  0xff, 0x00, 0x8e, 0x07, 0x00, 0xe2, 0x0f, 0x00, 0x11, 0x72, 0x08, 0x04,
  0x05, 0x00, 0x00, 0x00, 0xff, 0xf8, 0x8f, 0x07, 0x00, 0xe2, 0x0f, 0x01,
  0x24, 0x7e, 0x02, 0xff, 0x12, 0x00, 0x00, 0x00, 0xff, 0x00, 0x8e, 0x0f,
  0x00, 0xe2, 0x0f, 0x00, 0x12, 0x78, 0x04, 0x29, 0x07, 0x00, 0x00, 0x00,
  0xff, 0xc0, 0x8e, 0x07, 0x00, 0xe4, 0x0f, 0x00, 0x24, 0x7e, 0x03, 0xff,
  0x13, 0x00, 0x00, 0x00, 0xff, 0x00, 0x8e, 0x0f, 0x00, 0xe2, 0x0f, 0x00,
  0x11, 0x72, 0x06, 0x00, 0x29, 0x00, 0x00, 0x00, 0xff, 0x18, 0x8f, 0x07,
  0x00, 0xe4, 0x2f, 0x0c, 0x11, 0x72, 0x05, 0x00, 0x29, 0x00, 0x00, 0x00,
  0xff, 0x28, 0x8f, 0x07, 0x00, 0xe4, 0x0f, 0x00, 0x81, 0x29, 0xce, 0x02,
  0x14, 0x00, 0x00, 0x00, 0x00, 0x19, 0x1e, 0x0c, 0x00, 0x62, 0x03, 0x00,
  0x12, 0x78, 0x0a, 0x06, 0xf8, 0xff, 0xff, 0x0f, 0xff, 0xc0, 0x8e, 0x07,
  0x00, 0xc4, 0x0f, 0x00, 0x12, 0x78, 0x06, 0x05, 0xe0, 0xff, 0xff, 0xff,
  0xff, 0xc0, 0x8e, 0x07, 0x00, 0xe2, 0x0f, 0x00, 0x24, 0x78, 0x02, 0x04,
  0x10, 0x00, 0x00, 0x00, 0xff, 0x00, 0x8e, 0x07, 0x00, 0xe2, 0x2f, 0x00,
  0x12, 0x78, 0x09, 0x29, 0x08, 0x00, 0x00, 0x00, 0xff, 0xc0, 0x8e, 0x07,
  0x00, 0xc8, 0x0f, 0x00, 0x12, 0x78, 0x03, 0x02, 0x10, 0x00, 0x00, 0x00,
  0x29, 0x78, 0x8e, 0x07, 0x00, 0xe4, 0x0f, 0x00, 0x19, 0x78, 0x02, 0xff,
  0x05, 0x00, 0x00, 0x00, 0x05, 0x14, 0x01, 0x00, 0x00, 0xe4, 0x0f, 0x10,
  0x19, 0x78, 0x05, 0xff, 0x1f, 0x00, 0x00, 0x00, 0x05, 0x14, 0x01, 0x00,
  0x00, 0xe2, 0x0f, 0x00, 0x24, 0x78, 0x0b, 0x29, 0x01, 0x00, 0x00, 0x00,
  0x0a, 0x0a, 0x8e, 0x07, 0x00, 0xe2, 0x0f, 0x04, 0x12, 0x78, 0x07, 0x29,
  0x10, 0x00, 0x00, 0x00, 0xff, 0xc0, 0x8e, 0x07, 0x00, 0xe2, 0x0f, 0x04,
  0x24, 0x78, 0x06, 0x29, 0x01, 0x00, 0x00, 0x00, 0x06, 0x0a, 0x8e, 0x07,
  0x00, 0xe2, 0x0f, 0x00, 0x19, 0x78, 0x09, 0xff, 0x03, 0x00, 0x00, 0x00,
  0x09, 0x16, 0x01, 0x00, 0x00, 0xe4, 0x0f, 0x00, 0x11, 0x72, 0x05, 0x05,
  0x02, 0x00, 0x00, 0x00, 0xff, 0x10, 0x8f, 0x07, 0x00, 0xc4, 0x0f, 0x00,
  0x11, 0x72, 0x07, 0x07, 0x04, 0x00, 0x00, 0x00, 0xff, 0xf8, 0x8f, 0x07,
  0x00, 0xe4, 0x0f, 0x00, 0x11, 0x72, 0x04, 0x00, 0x29, 0x00, 0x00, 0x00,
  0xff, 0x38, 0x8f, 0x07, 0x00, 0xe4, 0x0f, 0x00, 0x11, 0x72, 0x0b, 0x06,
  0x0b, 0x00, 0x00, 0x00, 0xff, 0x20, 0x8e, 0x07, 0x00, 0xe4, 0x0f, 0x00,
  0x12, 0x78, 0x00, 0x09, 0x07, 0x00, 0x00, 0x00, 0x29, 0x78, 0x8e, 0x07,
  0x00, 0xe4, 0x0f, 0x00, 0x12, 0x78, 0x05, 0x05, 0xfc, 0xff, 0xff, 0x0f,
  0xff, 0xc0, 0x8e, 0x07, 0x00, 0xe2, 0x0f, 0x00, 0x24, 0x78, 0xdc, 0x0b,
  0x10, 0x00, 0x00, 0x00, 0xff, 0x00, 0x8e, 0x07, 0x00, 0xe4, 0x0f, 0x00,
  0x24, 0x78, 0xdd, 0x07, 0x10, 0x00, 0x00, 0x00, 0x00, 0x02, 0x8e, 0x07,
  0x00, 0xc4, 0x0f, 0x00, 0x24, 0x78, 0x07, 0x02, 0x01, 0x00, 0x00, 0x00,
  0x05, 0x0a, 0x8e, 0x07, 0x00, 0xe2, 0x0f, 0x00, 0x19, 0x78, 0x05, 0xff,
  0x1f, 0x00, 0x00, 0x00, 0x06, 0x14, 0x01, 0x00, 0x00, 0xe2, 0x0f, 0x00,
  0x24, 0x78, 0x03, 0x08, 0x00, 0x01, 0x00, 0x00, 0x03, 0x02, 0x8e, 0x07,
  0x00, 0xe2, 0x0f, 0x00, 0x12, 0x78, 0xd7, 0xdc, 0x10, 0x00, 0x00, 0x00,
  0xff, 0x3c, 0x8e, 0x07, 0x00, 0xe2, 0x0f, 0x04, 0x3b, 0x78, 0x08, 0xdc,
  0x00, 0x00, 0x60, 0x00, 0x00, 0x41, 0x00, 0x00, 0x00, 0x62, 0x0e, 0x00,
  0x12, 0x78, 0xd6, 0xdc, 0x20, 0x00, 0x00, 0x00, 0xff, 0x3c, 0x8e, 0x07,
  0x00, 0xe4, 0x0f, 0x04, 0x11, 0x72, 0x05, 0x05, 0x06, 0x00, 0x00, 0x00,
  0xff, 0x10, 0x8f, 0x07, 0x00, 0xe2, 0x0f, 0x00, 0x3b, 0x78, 0x0a, 0xdc,
  0x00, 0x00, 0x70, 0x00, 0x00, 0x41, 0x00, 0x00, 0x00, 0x22, 0x0f, 0x00,
  0x12, 0x78, 0xd5, 0xdc, 0x30, 0x00, 0x00, 0x00, 0xff, 0x3c, 0x8e, 0x07,
  0x00, 0xe4, 0x0f, 0x04, 0x12, 0x78, 0xd4, 0xdc, 0x40, 0x00, 0x00, 0x00,
  0xff, 0x3c, 0x8e, 0x07, 0x00, 0xe2, 0x0f, 0x04, 0x3b, 0x78, 0x0c, 0xd7,
  0x00, 0x00, 0x60, 0x00, 0x00, 0x41, 0x00, 0x00, 0x00, 0x62, 0x0e, 0x00,
  0x12, 0x78, 0xd3, 0xdc, 0x50, 0x00, 0x00, 0x00, 0xff, 0x3c, 0x8e, 0x07,
  0x00, 0xc4, 0x0f, 0x00, 0x12, 0x78, 0xd2, 0xdc, 0x60, 0x00, 0x00, 0x00,
  0xff, 0x3c, 0x8e, 0x07, 0x00, 0xe2, 0x0f, 0x04, 0x3b, 0x78, 0x10, 0xd7,
  0x00, 0x00, 0x70, 0x00, 0x00, 0x41, 0x00, 0x00, 0x00, 0xa2, 0x4e, 0x00,
  0x12, 0x78, 0x25, 0x05, 0xfc, 0xff, 0xff, 0x7f, 0xff, 0xc0, 0x8e, 0x07,
  0x00, 0xe4, 0x0f, 0x00, 0x12, 0x78, 0xd1, 0xdc, 0x70, 0x00, 0x00, 0x00,
  0xff, 0x3c, 0x8e, 0x07, 0x00, 0xe2, 0x0f, 0x04, 0x3b, 0x78, 0x12, 0xd6,
  0x00, 0x00, 0x60, 0x00, 0x00, 0x41, 0x00, 0x00, 0x00, 0x62, 0x0e, 0x00,
  0x12, 0x78, 0xd0, 0xdc, 0x80, 0x00, 0x00, 0x00, 0xff, 0x3c, 0x8e, 0x07,
  0x00, 0xe2, 0x0f, 0x04, 0x8c, 0x72, 0x00, 0x0d, 0x08, 0x00, 0x00, 0x00,
  0x70, 0x12, 0xf4, 0x0b, 0x00, 0xe2, 0x0f, 0x00, 0x12, 0x78, 0xcf, 0xdc,
  0x90, 0x00, 0x00, 0x00, 0xff, 0x3c, 0x8e, 0x07, 0x00, 0xe2, 0x0f, 0x00,
  0x3b, 0x78, 0x14, 0xd6, 0x00, 0x00, 0x70, 0x00, 0x00, 0x41, 0x00, 0x00,
  0x00, 0x62, 0x0e, 0x00, 0x24, 0x78, 0xc8, 0x06, 0x01, 0x00, 0x00, 0x00,
  0x25, 0x0a, 0x8e, 0x07, 0x00, 0xc6, 0x0f, 0x00, 0x3b, 0x78, 0x16, 0xd5,
  0x00, 0x00, 0x60, 0x00, 0x00, 0x41, 0x00, 0x00, 0x00, 0x68, 0x0e, 0x00,
  0x3b, 0x78, 0x18, 0xd5, 0x00, 0x00, 0x70, 0x00, 0x00, 0x41, 0x00, 0x00,
  0x00, 0x68, 0x0e, 0x00, 0x3b, 0x78, 0x1a, 0xd4, 0x00, 0x00, 0x60, 0x00,
  0x00, 0x41, 0x00, 0x00, 0x00, 0x68, 0x0e, 0x00, 0x3b, 0x78, 0x1c, 0xd4,
  0x00, 0x00, 0x70, 0x00, 0x00, 0x41, 0x00, 0x00, 0x00, 0x68, 0x0e, 0x00,
  0x3b, 0x78, 0x1e, 0xd3, 0x00, 0x00, 0x60, 0x00, 0x00, 0x41, 0x00, 0x00,
  0x00, 0x62, 0x0e, 0x00, 0x87, 0x72, 0x0d, 0x0d, 0x08, 0x00, 0x00, 0x00,
  0x00, 0x00, 0x00, 0x09, 0x00, 0xc6, 0x0f, 0x00, 0x3b, 0x78, 0x20, 0xd3,
  0x00, 0x00, 0x70, 0x00, 0x00, 0x41, 0x00, 0x00, 0x00, 0x68, 0x0e, 0x00,
  0x3b, 0x78, 0x22, 0xd2, 0x00, 0x00, 0x60, 0x00, 0x00, 0x41, 0x00, 0x00,
  0x00, 0xa8, 0x0e, 0x00, 0x3b, 0x78, 0x24, 0xd2, 0x00, 0x00, 0x70, 0x00,
  0x00, 0x41, 0x00, 0x00, 0x00, 0xa8, 0x0e, 0x00, 0x3b, 0x78, 0x26, 0xd1,
  0x00, 0x00, 0x60, 0x00, 0x00, 0x41, 0x00, 0x00, 0x00, 0xa8, 0x0e, 0x00,
  0x3b, 0x78, 0x28, 0xd1, 0x00, 0x00, 0x70, 0x00, 0x00, 0x41, 0x00, 0x00,
  0x00, 0xa8, 0x0e, 0x00, 0x3b, 0x78, 0x2a, 0xd0, 0x00, 0x00, 0x60, 0x00,
  0x00, 0x41, 0x00, 0x00, 0x00, 0xa8, 0x0e, 0x00, 0x3b, 0x78, 0x2c, 0xd0,
  0x00, 0x00, 0x70, 0x00, 0x00, 0x41, 0x00, 0x00, 0x00, 0xe8, 0x0e, 0x00,
  0x3b, 0x78, 0x2e, 0xcf, 0x00, 0x00, 0x60, 0x00, 0x00, 0x41, 0x00, 0x00,
  0x00, 0xe8, 0x0e, 0x00, 0x3b, 0x78, 0x30, 0xcf, 0x00, 0x00, 0x70, 0x00,
  0x00, 0x41, 0x00, 0x00, 0x00, 0xe2, 0x0e, 0x00, 0x90, 0x78, 0x0d, 0x0d,
  0x1f, 0x00, 0x00, 0x00, 0x3f, 0xe0, 0xff, 0x0f, 0x00, 0xe2, 0x0f, 0x00,
  0x24, 0x78, 0xdd, 0xdd, 0x10, 0x00, 0x00, 0x00, 0xff, 0x00, 0x8e, 0x07,
  0x00, 0xc4, 0x0f, 0x00, 0x3b, 0x78, 0x70, 0x03, 0x00, 0x00, 0x00, 0x00,
  0x00, 0x02, 0x00, 0x00, 0x00, 0xe2, 0x04, 0x00, 0x99, 0x78, 0x11, 0x3f,
  0x1f, 0x00, 0x00, 0x00, 0x0d, 0x14, 0x01, 0x08, 0x00, 0xe2, 0x0f, 0x00,
  0x19, 0x78, 0x00, 0xff, 0x02, 0x00, 0x00, 0x00, 0x05, 0x14, 0x01, 0x00,
  0x00, 0xe4, 0x0f, 0x00, 0x16, 0x78, 0x06, 0x08, 0x31, 0x75, 0x00, 0x00,
  0x09, 0x00, 0x00, 0x00, 0x00, 0xe2, 0x2f, 0x14, 0x91, 0x72, 0x11, 0x11,
  0x0d, 0x00, 0x00, 0x00, 0x3f, 0x28, 0x8f, 0x0f, 0x00, 0xe2, 0x0f, 0x00,
  0x12, 0x78, 0x64, 0x03, 0x20, 0x00, 0x00, 0x00, 0xff, 0x3c, 0x8e, 0x07,
  0x00, 0xe2, 0x0f, 0x00, 0x3b, 0x78, 0x74, 0x03, 0x00, 0x80, 0x00, 0x00,
  0x00, 0x02, 0x00, 0x00, 0x00, 0x64, 0x02, 0x00, 0x92, 0x78, 0x12, 0x11,
  0xe0, 0xff, 0xff, 0xff, 0x3f, 0xc0, 0x8e, 0x0f, 0x00, 0xe2, 0x0f, 0x00,
  0x19, 0x78, 0x05, 0xff, 0x07, 0x00, 0x00, 0x00, 0x04, 0x14, 0x01, 0x00,
  0x00, 0xe2, 0x0f, 0x00, 0x24, 0x78, 0x00, 0x07, 0x10, 0x00, 0x00, 0x00,
  0x00, 0x02, 0x8e, 0x07, 0x00, 0xe2, 0x0f, 0x00, 0x12, 0x78, 0x68, 0x03,
  0x40, 0x00, 0x00, 0x00, 0xff, 0x3c, 0x8e, 0x07, 0x00, 0xe2, 0x0f, 0x00,
  0x8c, 0x72, 0x00, 0x04, 0x12, 0x00, 0x00, 0x00, 0x70, 0x62, 0xf4, 0x0b,
  0x00, 0xe2, 0x0f, 0x00, 0x16, 0x78, 0x04, 0x08, 0x20, 0x64, 0x00, 0x00,
  0x09, 0x00, 0x00, 0x00, 0x00, 0xe2, 0x0f, 0x00, 0x24, 0x78, 0xc8, 0x05,
  0x08, 0x00, 0x00, 0x00, 0xc8, 0x02, 0x8e, 0x07, 0x00, 0xe2, 0x0f, 0x00,
  0x16, 0x78, 0x05, 0x0a, 0x20, 0x64, 0x00, 0x00, 0x0b, 0x00, 0x00, 0x00,
  0x00, 0xe2, 0x0f, 0x15, 0x3b, 0x78, 0x64, 0x64, 0x00, 0x00, 0x00, 0x00,
  0x00, 0x02, 0x00, 0x00, 0x00, 0x22, 0x0f, 0x00, 0x16, 0x78, 0x07, 0x0a,
  0x31, 0x75, 0x00, 0x00, 0x0b, 0x00, 0x00, 0x00, 0x00, 0xc4, 0x0f, 0x00,
  0x16, 0x78, 0x08, 0x0c, 0x20, 0x64, 0x00, 0x00, 0x0d, 0x00, 0x00, 0x00,
  0x00, 0xe2, 0x0f, 0x14, 0x3b, 0x78, 0x68, 0x68, 0x00, 0x00, 0x00, 0x00,
  0x00, 0x02, 0x00, 0x00, 0x00, 0x62, 0x0e, 0x00, 0x16, 0x78, 0x0a, 0x0c,
  0x31, 0x75, 0x00, 0x00, 0x0d, 0x00, 0x00, 0x00, 0x00, 0xe4, 0x0f, 0x00,
  0x12, 0x78, 0x6c, 0x03, 0x60, 0x00, 0x00, 0x00, 0xff, 0x3c, 0x8e, 0x07,
  0x00, 0xe2, 0x0f, 0x00, 0x3b, 0x78, 0x78, 0xdd, 0x00, 0x00, 0x40, 0x00,
  0x00, 0x02, 0x00, 0x00, 0x00, 0x62, 0x02, 0x00, 0x16, 0x78, 0x09, 0x10,
  0x20, 0x64, 0x00, 0x00, 0x11, 0x00, 0x00, 0x00, 0x00, 0xe4, 0x4f, 0x14,
  0x16, 0x78, 0x0b, 0x10, 0x31, 0x75, 0x00, 0x00, 0x11, 0x00, 0x00, 0x00,
  0x00, 0xe2, 0x0f, 0x00, 0x3b, 0x78, 0x7c, 0xdd, 0x00, 0x00, 0x50, 0x00,
  0x00, 0x02, 0x00, 0x00, 0x00, 0x62, 0x04, 0x00, 0x16, 0x78, 0x0c, 0x12,
  0x20, 0x64, 0x00, 0x00, 0x13, 0x00, 0x00, 0x00, 0x00, 0xc4, 0x0f, 0x00,
  0x16, 0x78, 0x0e, 0x12, 0x31, 0x75, 0x00, 0x00, 0x13, 0x00, 0x00, 0x00,
  0x00, 0xe2, 0x0f, 0x00, 0x3b, 0x78, 0x6c, 0x6c, 0x00, 0x00, 0x00, 0x00,
  0x00, 0x02, 0x00, 0x00, 0x00, 0x62, 0x0e, 0x00, 0x12, 0x78, 0xda, 0xdd,
  0x20, 0x00, 0x00, 0x00, 0xff, 0x3c, 0x8e, 0x07, 0x00, 0xe4, 0x0f, 0x04,
  0x12, 0x78, 0xd9, 0xdd, 0x40, 0x00, 0x00, 0x00, 0xff, 0x3c, 0x8e, 0x07,
  0x00, 0xe2, 0x0f, 0x04, 0x3b, 0x78, 0x98, 0xdd, 0x00, 0x80, 0x40, 0x00,
  0x00, 0x02, 0x00, 0x00, 0x00, 0x62, 0x04, 0x00, 0x12, 0x78, 0xd8, 0xdd,
  0x60, 0x00, 0x00, 0x00, 0xff, 0x3c, 0x8e, 0x07, 0x00, 0xe4, 0x0f, 0x00,
  0x16, 0x78, 0x0d, 0x14, 0x20, 0x64, 0x00, 0x00, 0x15, 0x00, 0x00, 0x00,
  0x00, 0xe2, 0x0f, 0x00, 0x3b, 0x78, 0x80, 0xda, 0x00, 0x00, 0x40, 0x00,
  0x00, 0x02, 0x00, 0x00, 0x00, 0x62, 0x04, 0x00, 0x16, 0x78, 0x10, 0x16,
  0x20, 0x64, 0x00, 0x00, 0x17, 0x00, 0x00, 0x00, 0x00, 0xc4, 0x0f, 0x00,
  0x16, 0x78, 0x12, 0x16, 0x31, 0x75, 0x00, 0x00, 0x17, 0x00, 0x00, 0x00,
  0x00, 0xe2, 0x0f, 0x00, 0x3b, 0x78, 0x84, 0xda, 0x00, 0x00, 0x50, 0x00,
  0x00, 0x02, 0x00, 0x00, 0x00, 0x62, 0x04, 0x00, 0x16, 0x78, 0x11, 0x18,
  0x20, 0x64, 0x00, 0x00, 0x19, 0x00, 0x00, 0x00, 0x00, 0xe4, 0x0f, 0x14,
  0x16, 0x78, 0x13, 0x18, 0x31, 0x75, 0x00, 0x00, 0x19, 0x00, 0x00, 0x00,
  0x00, 0xe2, 0x0f, 0x00, 0x3b, 0x78, 0x88, 0xd9, 0x00, 0x00, 0x40, 0x00,
  0x00, 0x02, 0x00, 0x00, 0x00, 0x62, 0x04, 0x00, 0x16, 0x78, 0x16, 0x1a,
  0x31, 0x75, 0x00, 0x00, 0x1b, 0x00, 0x00, 0x00, 0x00, 0xe4, 0x0f, 0x00,
  0x16, 0x78, 0x17, 0x1c, 0x31, 0x75, 0x00, 0x00, 0x1d, 0x00, 0x00, 0x00,
  0x00, 0xe2, 0x0f, 0x00, 0x3b, 0x78, 0x8c, 0xd9, 0x00, 0x00, 0x50, 0x00,
  0x00, 0x02, 0x00, 0x00, 0x00, 0x62, 0x04, 0x00, 0x16, 0x78, 0x18, 0x1e,
  0x20, 0x64, 0x00, 0x00, 0x1f, 0x00, 0x00, 0x00, 0x00, 0xc4, 0x0f, 0x00,
  0x16, 0x78, 0x19, 0x20, 0x20, 0x64, 0x00, 0x00, 0x21, 0x00, 0x00, 0x00,
  0x00, 0xe2, 0x0f, 0x00, 0x3b, 0x78, 0x90, 0xd8, 0x00, 0x00, 0x40, 0x00,
  0x00, 0x02, 0x00, 0x00, 0x00, 0x62, 0x04, 0x00, 0x05, 0x78, 0x32, 0x00,
  0x00, 0x00, 0x00, 0x00, 0x00, 0xff, 0x01, 0x00, 0x00, 0xc6, 0x0f, 0x00,
  0x3b, 0x78, 0x94, 0xd8, 0x00, 0x00, 0x50, 0x00, 0x00, 0x02, 0x00, 0x00,
  0x00, 0x62, 0x04, 0x00, 0x05, 0x78, 0x34, 0x00, 0x00, 0x00, 0x00, 0x00,
  0x00, 0xff, 0x01, 0x00, 0x00, 0xc6, 0x0f, 0x00, 0x3b, 0x78, 0x9c, 0xdd,
  0x00, 0x80, 0x50, 0x00, 0x00, 0x02, 0x00, 0x00, 0x00, 0x62, 0x04, 0x00,
  0x05, 0x78, 0x38, 0x00, 0x00, 0x00, 0x00, 0x00, 0x00, 0xff, 0x01, 0x00,
  0x00, 0xe2, 0x0f, 0x00, 0x05, 0x78, 0x3a, 0x00, 0x00, 0x00, 0x00, 0x00,
  0x00, 0xff, 0x01, 0x00, 0x00, 0xe2, 0x0f, 0x00, 0x05, 0x78, 0x3c, 0x00,
  0x00, 0x00, 0x00, 0x00, 0x00, 0xff, 0x01, 0x00, 0x00, 0xe2, 0x0f, 0x00,
  0x05, 0x78, 0x3e, 0x00, 0x00, 0x00, 0x00, 0x00, 0x00, 0xff, 0x01, 0x00,
  0x00, 0xe2, 0x0f, 0x00, 0x05, 0x78, 0x40, 0x00, 0x00, 0x00, 0x00, 0x00,
  0x00, 0xff, 0x01, 0x00, 0x00, 0xe2, 0x0f, 0x00, 0x05, 0x78, 0x42, 0x00,
  0x00, 0x00, 0x00, 0x00, 0x00, 0xff, 0x01, 0x00, 0x00, 0xe2, 0x0f, 0x00,
  0x05, 0x78, 0x44, 0x00, 0x00, 0x00, 0x00, 0x00, 0x00, 0xff, 0x01, 0x00,
  0x00, 0xe2, 0x0f, 0x00, 0x05, 0x78, 0x46, 0x00, 0x00, 0x00, 0x00, 0x00,
  0x00, 0xff, 0x01, 0x00, 0x00, 0xe2, 0x0f, 0x00, 0x05, 0x78, 0x48, 0x00,
  0x00, 0x00, 0x00, 0x00, 0x00, 0xff, 0x01, 0x00, 0x00, 0xe2, 0x0f, 0x00,
  0x05, 0x78, 0x4a, 0x00, 0x00, 0x00, 0x00, 0x00, 0x00, 0xff, 0x01, 0x00,
  0x00, 0xe2, 0x0f, 0x00, 0x05, 0x78, 0x4c, 0x00, 0x00, 0x00, 0x00, 0x00,
  0x00, 0xff, 0x01, 0x00, 0x00, 0xe2, 0x0f, 0x00, 0x05, 0x78, 0x4e, 0x00,
  0x00, 0x00, 0x00, 0x00, 0x00, 0xff, 0x01, 0x00, 0x00, 0xe2, 0x0f, 0x00,
  0x05, 0x78, 0x50, 0x00, 0x00, 0x00, 0x00, 0x00, 0x00, 0xff, 0x01, 0x00,
  0x00, 0xe2, 0x0f, 0x00, 0x05, 0x78, 0x52, 0x00, 0x00, 0x00, 0x00, 0x00,
  0x00, 0xff, 0x01, 0x00, 0x00, 0xe2, 0x0f, 0x00, 0x05, 0x78, 0x54, 0x00,
  0x00, 0x00, 0x00, 0x00, 0x00, 0xff, 0x01, 0x00, 0x00, 0xe2, 0x0f, 0x00,
  0x05, 0x78, 0x56, 0x00, 0x00, 0x00, 0x00, 0x00, 0x00, 0xff, 0x01, 0x00,
  0x00, 0xe2, 0x0f, 0x00, 0x05, 0x78, 0x58, 0x00, 0x00, 0x00, 0x00, 0x00,
  0x00, 0xff, 0x01, 0x00, 0x00, 0xe2, 0x0f, 0x00, 0x05, 0x78, 0x5a, 0x00,
  0x00, 0x00, 0x00, 0x00, 0x00, 0xff, 0x01, 0x00, 0x00, 0xe2, 0x0f, 0x00,
  0x05, 0x78, 0x5c, 0x00, 0x00, 0x00, 0x00, 0x00, 0x00, 0xff, 0x01, 0x00,
  0x00, 0xe2, 0x0f, 0x00, 0x05, 0x78, 0x5e, 0x00, 0x00, 0x00, 0x00, 0x00,
  0x00, 0xff, 0x01, 0x00, 0x00, 0xe2, 0x0f, 0x00, 0x05, 0x78, 0x60, 0x00,
  0x00, 0x00, 0x00, 0x00, 0x00, 0xff, 0x01, 0x00, 0x00, 0xe2, 0x0f, 0x00,
  0x05, 0x78, 0x62, 0x00, 0x00, 0x00, 0x00, 0x00, 0x00, 0xff, 0x01, 0x00,
  0x00, 0xe2, 0x0f, 0x00, 0x05, 0x78, 0xa0, 0x00, 0x00, 0x00, 0x00, 0x00,
  0x00, 0xff, 0x01, 0x00, 0x00, 0xe2, 0x0f, 0x00, 0x05, 0x78, 0xa2, 0x00,
  0x00, 0x00, 0x00, 0x00, 0x00, 0xff, 0x01, 0x00, 0x00, 0xe2, 0x0f, 0x00,
  0x05, 0x78, 0xa4, 0x00, 0x00, 0x00, 0x00, 0x00, 0x00, 0xff, 0x01, 0x00,
  0x00, 0xe2, 0x0f, 0x00, 0x05, 0x78, 0xa6, 0x00, 0x00, 0x00, 0x00, 0x00,
  0x00, 0xff, 0x01, 0x00, 0x00, 0xe2, 0x0f, 0x00, 0x05, 0x78, 0xa8, 0x00,
  0x00, 0x00, 0x00, 0x00, 0x00, 0xff, 0x01, 0x00, 0x00, 0xe2, 0x0f, 0x00,
  0x05, 0x78, 0xaa, 0x00, 0x00, 0x00, 0x00, 0x00, 0x00, 0xff, 0x01, 0x00,
  0x00, 0xe2, 0x0f, 0x00, 0x05, 0x78, 0xac, 0x00, 0x00, 0x00, 0x00, 0x00,
  0x00, 0xff, 0x01, 0x00, 0x00, 0xe2, 0x0f, 0x00, 0x05, 0x78, 0xae, 0x00,
  0x00, 0x00, 0x00, 0x00, 0x00, 0xff, 0x01, 0x00, 0x00, 0xe2, 0x0f, 0x00,
  0x05, 0x78, 0xb0, 0x00, 0x00, 0x00, 0x00, 0x00, 0x00, 0xff, 0x01, 0x00,
  0x00, 0xe2, 0x0f, 0x00, 0x05, 0x78, 0xb2, 0x00, 0x00, 0x00, 0x00, 0x00,
  0x00, 0xff, 0x01, 0x00, 0x00, 0xe2, 0x0f, 0x00, 0x05, 0x78, 0xb4, 0x00,
  0x00, 0x00, 0x00, 0x00, 0x00, 0xff, 0x01, 0x00, 0x00, 0xe2, 0x0f, 0x00,
  0x05, 0x78, 0xb6, 0x00, 0x00, 0x00, 0x00, 0x00, 0x00, 0xff, 0x01, 0x00,
  0x00, 0xe2, 0x0f, 0x00, 0xc2, 0x13, 0x16, 0x0f, 0x00, 0x00, 0x00, 0x00,
  0x00, 0x00, 0x0e, 0x00, 0x00, 0xe4, 0x86, 0x00, 0xb9, 0x8a, 0x16, 0x00,
  0x00, 0xdf, 0x00, 0x00, 0x00, 0x08, 0x00, 0x00, 0x00, 0xe2, 0x8f, 0x00,
  0x16, 0x78, 0x0f, 0x14, 0x31, 0x75, 0x00, 0x00, 0x15, 0x00, 0x00, 0x00,
  0x00, 0xc4, 0x0f, 0x00, 0x16, 0x78, 0x14, 0x1a, 0x20, 0x64, 0x00, 0x00,
  0x1b, 0x00, 0x00, 0x00, 0x00, 0xe4, 0x0f, 0x00, 0x16, 0x78, 0x15, 0x1c,
  0x20, 0x64, 0x00, 0x00, 0x1d, 0x00, 0x00, 0x00, 0x00, 0xe4, 0x0f, 0x00,
  0x16, 0x78, 0x1a, 0x1e, 0x31, 0x75, 0x00, 0x00, 0x1f, 0x00, 0x00, 0x00,
  0x00, 0xe4, 0x0f, 0x00, 0x16, 0x78, 0x1b, 0x20, 0x31, 0x75, 0x00, 0x00,
  0x21, 0x00, 0x00, 0x00, 0x00, 0xe4, 0x0f, 0x00, 0x16, 0x78, 0x1c, 0x22,
  0x20, 0x64, 0x00, 0x00, 0x23, 0x00, 0x00, 0x00, 0x00, 0xe4, 0x0f, 0x14,
  0x16, 0x78, 0x1e, 0x22, 0x31, 0x75, 0x00, 0x00, 0x23, 0x00, 0x00, 0x00,
  0x00, 0xe2, 0x0f, 0x00, 0xc2, 0x03, 0x17, 0x36, 0x00, 0x00, 0x00, 0x00,
  0x00, 0x00, 0x0e, 0x00, 0x00, 0x62, 0x06, 0x00, 0x1c, 0x78, 0x00, 0x00,
  0x00, 0x00, 0x00, 0x00, 0x28, 0xf0, 0xf0, 0x03, 0x00, 0xe2, 0x0f, 0x00,
  0xb9, 0x9a, 0x17, 0x00, 0x00, 0xdc, 0x00, 0x00, 0x00, 0x08, 0x00, 0x00,
  0x00, 0xe2, 0x2f, 0x00, 0x16, 0x78, 0x1d, 0x24, 0x20, 0x64, 0x00, 0x00,
  0x25, 0x00, 0x00, 0x00, 0x00, 0xc4, 0x0f, 0x00, 0x16, 0x78, 0x1f, 0x24,
  0x31, 0x75, 0x00, 0x00, 0x25, 0x00, 0x00, 0x00, 0x00, 0xe4, 0x0f, 0x00,
  0x16, 0x78, 0x20, 0x26, 0x20, 0x64, 0x00, 0x00, 0x27, 0x00, 0x00, 0x00,
  0x00, 0xe4, 0x0f, 0x14, 0x16, 0x78, 0x22, 0x26, 0x31, 0x75, 0x00, 0x00,
  0x27, 0x00, 0x00, 0x00, 0x00, 0xe4, 0x0f, 0x00, 0x16, 0x78, 0x21, 0x28,
  0x20, 0x64, 0x00, 0x00, 0x29, 0x00, 0x00, 0x00, 0x00, 0xe4, 0x0f, 0x14,
  0x16, 0x78, 0x23, 0x28, 0x31, 0x75, 0x00, 0x00, 0x29, 0x00, 0x00, 0x00,
  0x00, 0xe4, 0x0f, 0x00, 0x16, 0x78, 0x24, 0x2a, 0x20, 0x64, 0x00, 0x00,
  0x2b, 0x00, 0x00, 0x00, 0x00, 0xc4, 0x0f, 0x00, 0x16, 0x78, 0x26, 0x2a,
  0x31, 0x75, 0x00, 0x00, 0x2b, 0x00, 0x00, 0x00, 0x00, 0xe2, 0x0f, 0x00,
  0x05, 0x78, 0x36, 0x00, 0x00, 0x00, 0x00, 0x00, 0x00, 0xff, 0x01, 0x00,
  0x00, 0xe2, 0x8f, 0x00, 0x16, 0x78, 0x25, 0x2c, 0x20, 0x64, 0x00, 0x00,
  0x2d, 0x00, 0x00, 0x00, 0x00, 0xe4, 0x0f, 0x14, 0x16, 0x78, 0x27, 0x2c,
  0x31, 0x75, 0x00, 0x00, 0x2d, 0x00, 0x00, 0x00, 0x00, 0xe4, 0x0f, 0x00,
  0x16, 0x78, 0x28, 0x2e, 0x20, 0x64, 0x00, 0x00, 0x2f, 0x00, 0x00, 0x00,
  0x00, 0xe2, 0x0f, 0x14, 0x05, 0x78, 0x2c, 0x00, 0x00, 0x00, 0x00, 0x00,
  0x00, 0xff, 0x01, 0x00, 0x00, 0xe2, 0x0f, 0x00, 0x16, 0x78, 0x2a, 0x2e,
  0x31, 0x75, 0x00, 0x00, 0x2f, 0x00, 0x00, 0x00, 0x00, 0xe4, 0x0f, 0x00,
  0x16, 0x78, 0x29, 0x30, 0x20, 0x64, 0x00, 0x00, 0x31, 0x00, 0x00, 0x00,
  0x00, 0xe2, 0x0f, 0x14, 0x05, 0x78, 0x2e, 0x00, 0x00, 0x00, 0x00, 0x00,
  0x00, 0xff, 0x01, 0x00, 0x00, 0xe2, 0x0f, 0x00, 0x16, 0x78, 0x2b, 0x30,
  0x31, 0x75, 0x00, 0x00, 0x31, 0x00, 0x00, 0x00, 0x00, 0xc4, 0x0f, 0x00,
  0x05, 0x78, 0x30, 0x00, 0x00, 0x00, 0x00, 0x00, 0x00, 0xff, 0x01, 0x00,
  0x00, 0xe2, 0x0f, 0x00, 0x47, 0x09, 0x00, 0x00, 0xb0, 0x34, 0x00, 0x00,
  0x00, 0x00, 0x80, 0x03, 0x00, 0xea, 0x0f, 0x00, 0xb9, 0x7a, 0x0d, 0x00,
  0x00, 0xee, 0x00, 0x00, 0x00, 0x08, 0x00, 0x00, 0x00, 0xe2, 0x4f, 0x01,
  0x10, 0x7c, 0x00, 0x00, 0x09, 0x00, 0x00, 0x00, 0xff, 0xe0, 0xff, 0x0f,
  0x00, 0xe2, 0x0f, 0x00, 0x90, 0x72, 0x0e, 0x0e, 0x0d, 0x00, 0x00, 0x00,
  0x3f, 0xe0, 0xff, 0x0f, 0x00, 0xe2, 0x0f, 0x00, 0x02, 0x78, 0x03, 0x00,
  0x01, 0x00, 0x00, 0x00, 0x00, 0x0f, 0x00, 0x00, 0x00, 0xe2, 0x0f, 0x00,
  0xb9, 0x7a, 0x13, 0x00, 0x00, 0xeb, 0x00, 0x00, 0x00, 0x08, 0x00, 0x00,
  0x00, 0xe2, 0x0f, 0x00, 0x24, 0x72, 0xcd, 0xff, 0xff, 0x00, 0x00, 0x00,
  0xdb, 0x00, 0x8e, 0x07, 0x00, 0xe2, 0x0f, 0x00, 0x8c, 0x72, 0x00, 0x0e,
  0x13, 0x00, 0x00, 0x00, 0x70, 0x62, 0xf0, 0x0b, 0x00, 0xe2, 0x0f, 0x00,
  0x10, 0x7a, 0x03, 0x00, 0x00, 0xda, 0x00, 0x80, 0x03, 0xe0, 0xff, 0x07,
  0x00, 0xe2, 0x0f, 0x00, 0x99, 0x78, 0x11, 0x3f, 0x1f, 0x00, 0x00, 0x00,
  0x09, 0x14, 0x01, 0x08, 0x00, 0xe4, 0x0f, 0x00, 0x87, 0x72, 0x0d, 0x3f,
  0x13, 0x00, 0x00, 0x00, 0x00, 0x00, 0x00, 0x0c, 0x00, 0xe2, 0x0f, 0x00,
  0x17, 0x72, 0x03, 0xff, 0x03, 0x00, 0x00, 0x00, 0x00, 0x02, 0x80, 0x07,
  0x00, 0xe2, 0x0f, 0x00, 0x91, 0x72, 0x11, 0x11, 0x09, 0x00, 0x00, 0x00,
  0x3f, 0x28, 0x8f, 0x0f, 0x00, 0xc4, 0x0f, 0x00, 0x90, 0x72, 0x0d, 0x0e,
  0x0d, 0x00, 0x00, 0x80, 0x3f, 0xe0, 0xff, 0x0f, 0x00, 0xe4, 0x0f, 0x00,
  0xb9, 0x7a, 0x18, 0x00, 0x00, 0xea, 0x00, 0x00, 0x00, 0x00, 0x00, 0x00,
  0x00, 0xe4, 0x0f, 0x00, 0x99, 0x78, 0x0e, 0x0d, 0x01, 0x00, 0x00, 0x00,
  0x3f, 0x06, 0x00, 0x08, 0x00, 0xe4, 0x0f, 0x00, 0x91, 0x78, 0x0d, 0x0d,
  0x02, 0x00, 0x00, 0x00, 0x3f, 0x08, 0x8e, 0x0f, 0x00, 0xe4, 0x0f, 0x00,
  0x90, 0x08, 0x0d, 0x0e, 0x01, 0x00, 0x00, 0x00, 0x3f, 0xe0, 0xff, 0x0f,
  0x00, 0xe4, 0x0f, 0x00, 0x92, 0x78, 0x11, 0x11, 0xe0, 0xff, 0xff, 0xff,
  0x3f, 0xc0, 0x8e, 0x0f, 0x00, 0xc4, 0x0f, 0x00, 0x82, 0x7c, 0x09, 0x00,
  0x04, 0x00, 0x00, 0x00, 0x00, 0x00, 0x00, 0x08, 0x00, 0xe4, 0x0f, 0x00,
  0x45, 0x7c, 0x02, 0x00, 0x0d, 0x00, 0x00, 0x00, 0x00, 0x14, 0x20, 0x08,
  0x00, 0xca, 0x0f, 0x00, 0x20, 0x7a, 0x02, 0x02, 0x00, 0xec, 0x00, 0x00,
  0x00, 0x00, 0x41, 0x00, 0x00, 0xcc, 0x0f, 0x00, 0x08, 0x73, 0x02, 0x00,
  0x02, 0x00, 0x00, 0x00, 0x00, 0x08, 0x00, 0x00, 0x00, 0x64, 0x0e, 0x00,
  0x90, 0x78, 0x0d, 0x09, 0x20, 0x00, 0x00, 0x00, 0x3f, 0xe0, 0xff, 0x0f,
  0x00, 0xc8, 0x0f, 0x00, 0x8c, 0x72, 0x00, 0x0d, 0x12, 0x00, 0x00, 0x00,
  0x70, 0x62, 0xf4, 0x0b, 0x00, 0xcc, 0x0f, 0x00, 0x1c, 0x78, 0x00, 0x00,
  0x00, 0x00, 0x00, 0x00, 0x28, 0xf0, 0xf0, 0x03, 0x00, 0xda, 0x0f, 0x00,
  0x47, 0x09, 0x00, 0x00, 0x20, 0x0a, 0x00, 0x00, 0x00, 0x00, 0x80, 0x03,
  0x00, 0xea, 0xef, 0x01, 0x10, 0x78, 0xc4, 0xdb, 0x20, 0x00, 0x00, 0x00,
  0xff, 0xe0, 0xff, 0x07, 0x00, 0xe2, 0x0f, 0x04, 0x1d, 0x7b, 0x00, 0x00,
  0x00, 0x00, 0x00, 0x00, 0x00, 0x00, 0x01, 0x00, 0x00, 0xe2, 0x0f, 0x00,
  0x99, 0x78, 0x0e, 0x3f, 0x1f, 0x00, 0x00, 0x00, 0x0a, 0x14, 0x01, 0x08,
  0x00, 0xe2, 0x0f, 0x00, 0x10, 0x78, 0xea, 0xdb, 0x28, 0x00, 0x00, 0x00,
  0xff, 0xe0, 0xff, 0x07, 0x00, 0xe4, 0x0f, 0x00, 0x19, 0x7a, 0xb8, 0xff,
  0x00, 0x6d, 0x00, 0x00, 0xc4, 0x14, 0x01, 0x00, 0x00, 0xc8, 0x0f, 0x00,
  0x10, 0x7c, 0xb9, 0xb8, 0x0a, 0x00, 0x00, 0x00, 0xff, 0xe0, 0xf1, 0x0f,
  0x00, 0xc8, 0x0f, 0x00, 0x11, 0x7c, 0xba, 0xb8, 0x0e, 0x00, 0x00, 0x00,
  0xff, 0x0e, 0x0f, 0x08, 0x00, 0xe4, 0x0f, 0x00, 0x11, 0x7a, 0xb8, 0xb9,
  0x00, 0x72, 0x00, 0x00, 0xff, 0x10, 0x80, 0x07, 0x00, 0xc8, 0x0f, 0x00,
  0x11, 0x7a, 0xb9, 0xb9, 0x00, 0x73, 0x00, 0x00, 0xba, 0x14, 0x0f, 0x00,
  0x00, 0xe4, 0x0f, 0x00, 0x19, 0x7a, 0xba, 0xff, 0x00, 0x6d, 0x00, 0x00,
  0xea, 0x14, 0x01, 0x00, 0x00, 0xc8, 0x0f, 0x00, 0x10, 0x7c, 0xbb, 0xba,
  0x0a, 0x00, 0x00, 0x00, 0xff, 0xe0, 0xf1, 0x0f, 0x00, 0xe2, 0x0f, 0x04,
  0x81, 0x79, 0xed, 0xb8, 0x14, 0x00, 0x00, 0x00, 0x00, 0x19, 0x1e, 0x0c,
  0x00, 0xe2, 0x04, 0x00, 0x10, 0x78, 0xe8, 0xdb, 0x30, 0x00, 0x00, 0x00,
  0xff, 0xe0, 0xff, 0x07, 0x00, 0xe4, 0x0f, 0x00, 0x11, 0x7c, 0xba, 0xba,
  0x0e, 0x00, 0x00, 0x00, 0xff, 0x0e, 0x0f, 0x08, 0x00, 0xe4, 0x0f, 0x00,
  0x11, 0x7a, 0xbc, 0xbb, 0x00, 0x72, 0x00, 0x00, 0xff, 0x10, 0x80, 0x07,
  0x00, 0xe4, 0x0f, 0x00, 0x10, 0x78, 0xc1, 0xdb, 0x38, 0x00, 0x00, 0x00,
  0xff, 0xe0, 0xff, 0x07, 0x00, 0xe4, 0x0f, 0x00, 0x11, 0x7a, 0xbd, 0xbb,
  0x00, 0x73, 0x00, 0x00, 0xba, 0x14, 0x0f, 0x00, 0x00, 0xc4, 0x0f, 0x00,
  0x19, 0x7a, 0xba, 0xff, 0x00, 0x6d, 0x00, 0x00, 0xe8, 0x14, 0x01, 0x00,
  0x00, 0xe4, 0x0f, 0x00, 0x19, 0x7a, 0xbb, 0xff, 0x00, 0x6d, 0x00, 0x00,
  0xc1, 0x14, 0x01, 0x00, 0x00, 0xe2, 0x0f, 0x00, 0x81, 0x79, 0xe9, 0xbc,
  0x14, 0x00, 0x00, 0x00, 0x00, 0x19, 0x1e, 0x0c, 0x00, 0xe2, 0x08, 0x00,
  0x10, 0x7c, 0xbf, 0xba, 0x0a, 0x00, 0x00, 0x00, 0xff, 0xe0, 0xf1, 0x0f,
  0x00, 0xe4, 0x0f, 0x04, 0x10, 0x7c, 0xb9, 0xbb, 0x0a, 0x00, 0x00, 0x00,
  0xff, 0xe0, 0xf3, 0x0f, 0x00, 0xe4, 0x4f, 0x00, 0x11, 0x7c, 0xc0, 0xba,
  0x0e, 0x00, 0x00, 0x00, 0xff, 0x0e, 0x0f, 0x08, 0x00, 0xe4, 0x0f, 0x00,
  0x11, 0x7a, 0xba, 0xbf, 0x00, 0x72, 0x00, 0x00, 0xff, 0x10, 0x80, 0x07,
  0x00, 0xc4, 0x0f, 0x00, 0x11, 0x7c, 0xbe, 0xbb, 0x0e, 0x00, 0x00, 0x00,
  0xff, 0x0e, 0x8f, 0x08, 0x00, 0xe4, 0x0f, 0x00, 0x11, 0x7a, 0xb8, 0xb9,
  0x00, 0x72, 0x00, 0x00, 0xff, 0x10, 0x82, 0x07, 0x00, 0xe4, 0x0f, 0x00,
  0x11, 0x7a, 0xbb, 0xbf, 0x00, 0x73, 0x00, 0x00, 0xc0, 0x14, 0x0f, 0x00,
  0x00, 0xe4, 0x0f, 0x00, 0x11, 0x7a, 0xb9, 0xb9, 0x00, 0x73, 0x00, 0x00,
  0xbe, 0x14, 0x8f, 0x00, 0x00, 0xe4, 0x0f, 0x00, 0x10, 0x78, 0xc5, 0xcd,
  0x20, 0x00, 0x00, 0x00, 0xff, 0xe0, 0xff, 0x07, 0x00, 0xe2, 0x0f, 0x04,
  0x99, 0x78, 0x0e, 0x3f, 0x1f, 0x00, 0x00, 0x00, 0x0c, 0x14, 0x01, 0x08,
  0x00, 0xe2, 0x0f, 0x00, 0x10, 0x78, 0xc0, 0xcd, 0x30, 0x00, 0x00, 0x00,
  0xff, 0xe0, 0xff, 0x07, 0x00, 0xe2, 0x0f, 0x00, 0x81, 0x79, 0xbf, 0xba,
  0x14, 0x00, 0x00, 0x00, 0x00, 0x19, 0x1e, 0x0c, 0x00, 0xe2, 0x04, 0x00,
  0x19, 0x7a, 0xbc, 0xff, 0x00, 0x6d, 0x00, 0x00, 0xc5, 0x14, 0x01, 0x00,
  0x00, 0xc4, 0x0f, 0x01, 0x19, 0x7a, 0xc2, 0xff, 0x00, 0x6d, 0x00, 0x00,
  0xc0, 0x14, 0x01, 0x00, 0x00, 0xe2, 0x0f, 0x00, 0x81, 0x79, 0xeb, 0xb8,
  0x14, 0x00, 0x00, 0x00, 0x00, 0x19, 0x1e, 0x0c, 0x00, 0xe2, 0x08, 0x00,
  0x10, 0x78, 0xbe, 0xcd, 0x28, 0x00, 0x00, 0x00, 0xff, 0xe0, 0xff, 0x07,
  0x00, 0xe4, 0x0f, 0x04, 0x10, 0x78, 0xc6, 0xcd, 0x38, 0x00, 0x00, 0x00,
  0xff, 0xe0, 0xff, 0x07, 0x00, 0xe4, 0x0f, 0x00, 0x19, 0x7a, 0xbd, 0xff,
  0x00, 0x6d, 0x00, 0x00, 0xbe, 0x14, 0x01, 0x00, 0x00, 0xe4, 0x0f, 0x00,
  0x10, 0x7c, 0xc3, 0xbc, 0x0c, 0x00, 0x00, 0x00, 0xff, 0xe0, 0xf1, 0x0f,
  0x00, 0xe4, 0x0f, 0x00, 0x10, 0x7c, 0xc7, 0xbd, 0x0c, 0x00, 0x00, 0x00,
  0xff, 0xe0, 0xf3, 0x0f, 0x00, 0xc4, 0x0f, 0x00, 0x10, 0x7c, 0xb9, 0xc2,
  0x0c, 0x00, 0x00, 0x00, 0xff, 0xe0, 0xf5, 0x0f, 0x00, 0xe4, 0x0f, 0x01,
  0x19, 0x7a, 0xba, 0xff, 0x00, 0x6d, 0x00, 0x00, 0xc6, 0x14, 0x01, 0x00,
  0x00, 0xe4, 0x4f, 0x00, 0x11, 0x7c, 0xf0, 0xbc, 0x0e, 0x00, 0x00, 0x00,
  0xff, 0x0e, 0x0f, 0x08, 0x00, 0xe4, 0x0f, 0x00, 0x11, 0x7c, 0xec, 0xc2,
  0x0e, 0x00, 0x00, 0x00, 0xff, 0x0e, 0x0f, 0x09, 0x00, 0xe4, 0x0f, 0x00,
  0x11, 0x7c, 0xee, 0xbd, 0x0e, 0x00, 0x00, 0x00, 0xff, 0x0e, 0x8f, 0x08,
  0x00, 0xe4, 0x0f, 0x00, 0x11, 0x7a, 0xc2, 0xc3, 0x00, 0x72, 0x00, 0x00,
  0xff, 0x10, 0x80, 0x07, 0x00, 0xc4, 0x0f, 0x00, 0x11, 0x7a, 0xb8, 0xb9,
  0x00, 0x72, 0x00, 0x00, 0xff, 0x10, 0x84, 0x07, 0x00, 0xe4, 0x0f, 0x00,
  0x11, 0x7a, 0xbc, 0xc7, 0x00, 0x72, 0x00, 0x00, 0xff, 0x10, 0x82, 0x07,
  0x00, 0xe4, 0x0f, 0x00, 0x10, 0x7c, 0xbb, 0xba, 0x0c, 0x00, 0x00, 0x00,
  0xff, 0xe0, 0xf7, 0x0f, 0x00, 0xe4, 0x0f, 0x04, 0x11, 0x7a, 0xc3, 0xc3,
  0x00, 0x73, 0x00, 0x00, 0xf0, 0x14, 0x0f, 0x00, 0x00, 0xe4, 0x0f, 0x00,
  0x11, 0x7a, 0xb9, 0xb9, 0x00, 0x73, 0x00, 0x00, 0xec, 0x14, 0x0f, 0x01,
  0x00, 0xe4, 0x0f, 0x00, 0x11, 0x7a, 0xbd, 0xc7, 0x00, 0x73, 0x00, 0x00,
  0xee, 0x14, 0x8f, 0x00, 0x00, 0xe2, 0x0f, 0x00, 0x81, 0x79, 0xdf, 0xc2,
  0x14, 0x00, 0x00, 0x00, 0x00, 0x19, 0x1e, 0x0c, 0x00, 0x22, 0x05, 0x00,
  0x11, 0x7c, 0xec, 0xba, 0x0e, 0x00, 0x00, 0x00, 0xff, 0x0e, 0x8f, 0x09,
  0x00, 0xc4, 0x0f, 0x00, 0x11, 0x7a, 0xba, 0xbb, 0x00, 0x72, 0x00, 0x00,
  0xff, 0x10, 0x80, 0x07, 0x00, 0xe2, 0x0f, 0x04, 0x81, 0x79, 0xdb, 0xbc,
  0x14, 0x00, 0x00, 0x00, 0x00, 0x19, 0x1e, 0x0c, 0x00, 0x26, 0x03, 0x00,
  0x11, 0x7a, 0xbb, 0xbb, 0x00, 0x73, 0x00, 0x00, 0xec, 0x14, 0x0f, 0x00,
  0x00, 0xe2, 0x0f, 0x00, 0x81, 0x79, 0xcd, 0xb8, 0x14, 0x00, 0x00, 0x00,
  0x00, 0x19, 0x1e, 0x0c, 0x00, 0x28, 0x03, 0x00, 0x81, 0x79, 0xc7, 0xba,
  0x14, 0x00, 0x00, 0x00, 0x00, 0x19, 0x1e, 0x0c, 0x00, 0x22, 0x03, 0x00,
  0x82, 0x78, 0x0e, 0x00, 0xff, 0xff, 0xff, 0xff, 0x00, 0x00, 0x00, 0x00,
  0x00, 0xc4, 0x0f, 0x00, 0xb9, 0x7a, 0x13, 0x00, 0x00, 0x6d, 0x00, 0x00,
  0x00, 0x08, 0x00, 0x00, 0x00, 0xe4, 0x0f, 0x00, 0x99, 0x72, 0x0e, 0x0e,
  0x13, 0x00, 0x00, 0x00, 0x3f, 0x06, 0x00, 0x08, 0x00, 0xe4, 0x0f, 0x00,
  0x99, 0x78, 0x13, 0x3f, 0x1f, 0x00, 0x00, 0x00, 0x0f, 0x14, 0x01, 0x08,
  0x00, 0xc8, 0x0f, 0x00, 0x12, 0x7c, 0xef, 0xc4, 0x0e, 0x00, 0x00, 0x00,
  0xff, 0x30, 0x8e, 0x0f, 0x00, 0xc8, 0x0f, 0x00, 0x19, 0x78, 0xec, 0xff,
  0x1f, 0x00, 0x00, 0x00, 0xef, 0x14, 0x01, 0x00, 0x00, 0xe2, 0x0f, 0x00,
  0x24, 0x7c, 0xc3, 0xef, 0x13, 0x00, 0x00, 0x00, 0xff, 0x02, 0x8e, 0x0f,
  0x00, 0xe4, 0x4f, 0x00, 0x24, 0x72, 0xc2, 0xff, 0xff, 0x00, 0x00, 0x00,
  0xe2, 0x00, 0x8e, 0x07, 0x00, 0xe4, 0x0f, 0x00, 0x24, 0x7c, 0xbd, 0xec,
  0x0f, 0x00, 0x00, 0x00, 0xc3, 0x02, 0x8e, 0x0f, 0x00, 0xe4, 0x2f, 0x00,
  0x24, 0x72, 0xc3, 0xff, 0xff, 0x00, 0x00, 0x00, 0xe7, 0x00, 0x8e, 0x07,
  0x00, 0xe2, 0x0f, 0x00, 0x12, 0x7c, 0xbb, 0xea, 0x0e, 0x00, 0x00, 0x00,
  0xff, 0x30, 0x8e, 0x0f, 0x00, 0xc6, 0x0f, 0x00, 0x25, 0x7c, 0xb8, 0xef,
  0x0f, 0x00, 0x00, 0x00, 0xc2, 0x00, 0x8e, 0x0f, 0x00, 0xe2, 0x0f, 0x00,
  0x19, 0x78, 0xba, 0xff, 0x1f, 0x00, 0x00, 0x00, 0xbb, 0x14, 0x01, 0x00,
  0x00, 0xc6, 0x0f, 0x00, 0x24, 0x78, 0xb9, 0xb9, 0x01, 0x00, 0x00, 0x00,
  0xbd, 0x02, 0x8e, 0x07, 0x00, 0xe4, 0x0f, 0x00, 0x24, 0x7c, 0xbd, 0xbb,
  0x13, 0x00, 0x00, 0x00, 0xff, 0x02, 0x8e, 0x0f, 0x00, 0xe2, 0x0f, 0x04,
  0x0c, 0x7c, 0x00, 0xc4, 0x08, 0x00, 0x00, 0x00, 0x70, 0x12, 0xf0, 0x0e,
  0x00, 0xe4, 0x0f, 0x00, 0x12, 0x7c, 0xef, 0xe8, 0x0e, 0x00, 0x00, 0x00,
  0xff, 0x30, 0x8e, 0x0f, 0x00, 0xe2, 0x0f, 0x00, 0x24, 0x7c, 0xf1, 0xba,
  0x0f, 0x00, 0x00, 0x00, 0xbd, 0x02, 0x8e, 0x0f, 0x00, 0xe4, 0x0f, 0x00,
  0x25, 0x7c, 0xba, 0xbb, 0x0f, 0x00, 0x00, 0x00, 0xc2, 0x00, 0x8e, 0x0f,
  0x00, 0xe2, 0x0f, 0x00, 0x0c, 0x7c, 0x00, 0xc1, 0x08, 0x00, 0x00, 0x00,
  0x70, 0x12, 0xf8, 0x0e, 0x00, 0xe2, 0x0f, 0x00, 0x99, 0x78, 0x19, 0x3f,
  0x1f, 0x00, 0x00, 0x00, 0x10, 0x14, 0x01, 0x08, 0x00, 0xc4, 0x0f, 0x00,
  0x24, 0x78, 0xbb, 0xbb, 0x01, 0x00, 0x00, 0x00, 0xf1, 0x02, 0x8e, 0x07,
  0x00, 0xe2, 0x0f, 0x00, 0x12, 0x7c, 0xf1, 0xc1, 0x0e, 0x00, 0x00, 0x00,
  0xff, 0x30, 0x8e, 0x0f, 0x00, 0xe4, 0x0f, 0x00, 0x12, 0x7c, 0xc1, 0xc5,
  0x0e, 0x00, 0x00, 0x00, 0xff, 0x30, 0x8e, 0x0f, 0x00, 0xe4, 0x0f, 0x00,
  0x0c, 0x7c, 0x00, 0xe8, 0x08, 0x00, 0x00, 0x00, 0x70, 0x12, 0xf6, 0x0e,
  0x00, 0xe2, 0x0f, 0x00, 0x24, 0x7c, 0xe8, 0xf1, 0x13, 0x00, 0x00, 0x00,
  0xff, 0x02, 0x8e, 0x0f, 0x00, 0xe2, 0x0f, 0x00, 0x19, 0x78, 0xf3, 0xff,
  0x1f, 0x00, 0x00, 0x00, 0xf1, 0x14, 0x01, 0x00, 0x00, 0xe4, 0x0f, 0x00,
  0x12, 0x7c, 0xf7, 0xc0, 0x0e, 0x00, 0x00, 0x00, 0xff, 0x30, 0x8e, 0x0f,
  0x00, 0xe4, 0x0f, 0x00, 0x0c, 0x7c, 0x00, 0xea, 0x08, 0x00, 0x00, 0x00,
  0x70, 0x12, 0xf4, 0x0e, 0x00, 0xe2, 0x0f, 0x00, 0x24, 0x7c, 0xf3, 0xf3,
  0x0f, 0x00, 0x00, 0x00, 0xe8, 0x02, 0x8e, 0x0f, 0x00, 0xe2, 0x0f, 0x00,
  0x12, 0x7c, 0xf5, 0xbe, 0x0e, 0x00, 0x00, 0x00, 0xff, 0x30, 0x8e, 0x0f,
  0x00, 0xc4, 0x0f, 0x00, 0x12, 0x7c, 0xf9, 0xc6, 0x0e, 0x00, 0x00, 0x00,
  0xff, 0x30, 0x8e, 0x0f, 0x00, 0xc8, 0x0f, 0x00, 0x19, 0x78, 0xea, 0xff,
  0x1f, 0x00, 0x00, 0x00, 0xf9, 0x14, 0x01, 0x00, 0x00, 0xe2, 0x0f, 0x00,
  0x25, 0x7a, 0xb8, 0xed, 0x00, 0x6e, 0x00, 0x00, 0xb8, 0x02, 0x8e, 0x07,
  0x00, 0xe2, 0x8f, 0x00, 0x19, 0x78, 0xed, 0xff, 0x1f, 0x00, 0x00, 0x00,
  0xef, 0x14, 0x01, 0x00, 0x00, 0xc8, 0x0f, 0x00, 0x10, 0x7a, 0xbc, 0xb8,
  0x00, 0x70, 0x00, 0x00, 0xff, 0xe0, 0xf3, 0x07, 0x00, 0xe2, 0x0f, 0x00,
  0x24, 0x7c, 0xb8, 0xef, 0x13, 0x00, 0x00, 0x00, 0xff, 0x02, 0x8e, 0x0f,
  0x00, 0xc6, 0x0f, 0x00, 0x10, 0x7a, 0xbd, 0xb9, 0x00, 0x71, 0x00, 0x00,
  0xff, 0xe4, 0xff, 0x00, 0x00, 0xe2, 0x0f, 0x00, 0x24, 0x7c, 0xed, 0xed,
  0x0f, 0x00, 0x00, 0x00, 0xb8, 0x02, 0x8e, 0x0f, 0x00, 0xe4, 0x0f, 0x00,
  0x25, 0x7c, 0xb8, 0xef, 0x0f, 0x00, 0x00, 0x00, 0xc2, 0x00, 0x8e, 0x0f,
  0x00, 0xe4, 0x0f, 0x10, 0x84, 0xf9, 0xff, 0xff, 0x00, 0x00, 0x00, 0x00,
  0x00, 0x08, 0x00, 0x00, 0x00, 0xe2, 0x0f, 0x00, 0x84, 0xf9, 0xff, 0xff,
  0x00, 0x00, 0x00, 0x00, 0x00, 0x08, 0x00, 0x00, 0x00, 0xe2, 0x0f, 0x00,
  0x84, 0xf9, 0xff, 0xff, 0x00, 0x00, 0x00, 0x00, 0x00, 0x08, 0x00, 0x00,
  0x00, 0xe2, 0x0f, 0x00, 0xae, 0x7f, 0xde, 0xbc, 0x00, 0x00, 0x00, 0x04,
  0x54, 0x1c, 0x10, 0x08, 0x00, 0xe4, 0x03, 0x00, 0x25, 0x7c, 0xc2, 0xf1,
  0x0f, 0x00, 0x00, 0x00, 0xc2, 0x00, 0x8e, 0x0f, 0x00, 0xe2, 0x0f, 0x00,
  0x19, 0x78, 0xf1, 0xff, 0x1f, 0x00, 0x00, 0x00, 0xc1, 0x14, 0x01, 0x00,
  0x00, 0xc6, 0x0f, 0x00, 0x25, 0x7a, 0xba, 0xe9, 0x00, 0x6e, 0x00, 0x00,
  0xba, 0x02, 0x8e, 0x07, 0x00, 0xc8, 0x0f, 0x00, 0x24, 0x7c, 0xbc, 0xc1,
  0x19, 0x00, 0x00, 0x00, 0xff, 0x02, 0x8e, 0x0f, 0x00, 0xe4, 0x2f, 0x00,
  0x24, 0x78, 0xb9, 0xb9, 0x01, 0x00, 0x00, 0x00, 0xed, 0x02, 0x8e, 0x07,
  0x00, 0xe2, 0x0f, 0x00, 0x19, 0x78, 0xed, 0xff, 0x1f, 0x00, 0x00, 0x00,
  0xf7, 0x14, 0x01, 0x00, 0x00, 0xe2, 0x0f, 0x00, 0x24, 0x7c, 0xf1, 0xf1,
  0x10, 0x00, 0x00, 0x00, 0xbc, 0x02, 0x8e, 0x0f, 0x00, 0xe2, 0x0f, 0x00,
  0x10, 0x7a, 0xe8, 0xba, 0x00, 0x70, 0x00, 0x00, 0xff, 0xe0, 0xf1, 0x07,
  0x00, 0xe2, 0x0f, 0x00, 0x24, 0x7c, 0xbc, 0xf7, 0x19, 0x00, 0x00, 0x00,
  0xff, 0x02, 0x8e, 0x0f, 0x00, 0xe2, 0x0f, 0x00, 0x19, 0x78, 0xef, 0xff,
  0x1f, 0x00, 0x00, 0x00, 0xf5, 0x14, 0x01, 0x00, 0x00, 0xe4, 0x0f, 0x00,
  0x10, 0x7a, 0xe9, 0xbb, 0x00, 0x71, 0x00, 0x00, 0xff, 0xe4, 0x7f, 0x00,
  0x00, 0xe2, 0x0f, 0x00, 0x24, 0x7c, 0xed, 0xed, 0x10, 0x00, 0x00, 0x00,
  0xbc, 0x02, 0x8e, 0x0f, 0x00, 0xe2, 0x0f, 0x00, 0x10, 0x72, 0xc3, 0xc3,
  0xf3, 0x00, 0x00, 0x00, 0xff, 0xe0, 0xff, 0x07, 0x00, 0xe2, 0x0f, 0x00,
  0x25, 0x7a, 0xbc, 0xbf, 0x00, 0x6e, 0x00, 0x00, 0xb8, 0x02, 0x8e, 0x07,
  0x00, 0xc4, 0x0f, 0x00, 0xae, 0x7f, 0xde, 0xe8, 0x00, 0x00, 0x80, 0x04,
  0x54, 0x1c, 0x10, 0x09, 0x00, 0xe4, 0x03, 0x00, 0x24, 0x7c, 0xba, 0xf5,
  0x19, 0x00, 0x00, 0x00, 0xff, 0x02, 0x8e, 0x0f, 0x00, 0xe4, 0x0f, 0x00,
  0x24, 0x72, 0xb8, 0xff, 0xff, 0x00, 0x00, 0x00, 0xe0, 0x00, 0x8e, 0x07,
  0x00, 0xe4, 0x0f, 0x00, 0x24, 0x72, 0xb9, 0xff, 0xff, 0x00, 0x00, 0x00,
  0xe5, 0x00, 0x8e, 0x07, 0x00, 0xe2, 0x0f, 0x00, 0x10, 0x7a, 0xbc, 0xbc,
  0x00, 0x70, 0x00, 0x00, 0xff, 0xe0, 0xf5, 0x07, 0x00, 0xe2, 0x0f, 0x00,
  0x24, 0x7c, 0xef, 0xef, 0x10, 0x00, 0x00, 0x00, 0xba, 0x02, 0x8e, 0x0f,
  0x00, 0xe2, 0x0f, 0x00, 0x0c, 0x7c, 0x00, 0xbe, 0x08, 0x00, 0x00, 0x00,
  0x70, 0x12, 0xf2, 0x0e, 0x00, 0xe2, 0x0f, 0x00, 0x25, 0x7a, 0xc2, 0xeb,
  0x00, 0x6e, 0x00, 0x00, 0xc2, 0x02, 0x8e, 0x07, 0x00, 0xe2, 0x0f, 0x00,
  0x0c, 0x7c, 0x00, 0xc0, 0x08, 0x00, 0x00, 0x00, 0x70, 0x12, 0xf0, 0x0e,
  0x00, 0xc6, 0x0f, 0x00, 0x25, 0x7c, 0xba, 0xc1, 0x10, 0x00, 0x00, 0x00,
  0xb8, 0x00, 0x8e, 0x0f, 0x00, 0xe2, 0x0f, 0x00, 0x10, 0x7a, 0xbd, 0xbd,
  0x00, 0x71, 0x00, 0x00, 0xff, 0xe4, 0x7f, 0x01, 0x00, 0xc6, 0x0f, 0x00,
  0x25, 0x7c, 0xbe, 0xf5, 0x10, 0x00, 0x00, 0x00, 0xb8, 0x00, 0x8e, 0x0f,
  0x00, 0xe2, 0x0f, 0x10, 0x10, 0x7a, 0xc2, 0xc2, 0x00, 0x70, 0x00, 0x00,
  0xff, 0xe0, 0xf5, 0x07, 0x00, 0xe2, 0x0f, 0x00, 0xae, 0x7f, 0xde, 0xbc,
  0x00, 0x00, 0x00, 0x05, 0x54, 0x1c, 0x90, 0x09, 0x00, 0xe4, 0x05, 0x00,
  0x25, 0x7c, 0xc0, 0xf7, 0x10, 0x00, 0x00, 0x00, 0xb8, 0x00, 0x8e, 0x0f,
  0x00, 0xc8, 0x0f, 0x00, 0x25, 0x7c, 0xb8, 0xf9, 0x10, 0x00, 0x00, 0x00,
  0xb8, 0x00, 0x8e, 0x0f, 0x00, 0xc8, 0x0f, 0x00, 0x24, 0x7c, 0xf9, 0xf9,
  0x19, 0x00, 0x00, 0x00, 0xff, 0x02, 0x8e, 0x0f, 0x00, 0xe4, 0x0f, 0x00,
  0x24, 0x78, 0xbb, 0xbb, 0x01, 0x00, 0x00, 0x00, 0xf1, 0x02, 0x8e, 0x07,
  0x00, 0xe4, 0x0f, 0x00, 0x24, 0x78, 0xbf, 0xbf, 0x01, 0x00, 0x00, 0x00,
  0xef, 0x02, 0x8e, 0x07, 0x00, 0xe2, 0x0f, 0x00, 0x10, 0x7a, 0xc3, 0xc3,
  0x00, 0x71, 0x00, 0x00, 0xff, 0xe4, 0x7f, 0x01, 0x00, 0xe2, 0x0f, 0x00,
  0x24, 0x7c, 0xf9, 0xea, 0x10, 0x00, 0x00, 0x00, 0xf9, 0x02, 0x8e, 0x0f,
  0x00, 0xe4, 0x0f, 0x00, 0x25, 0x7a, 0xba, 0xdf, 0x00, 0x6e, 0x00, 0x00,
  0xba, 0x02, 0x8e, 0x07, 0x00, 0xe2, 0x0f, 0x01, 0x0c, 0x7c, 0x00, 0xc5,
  0x08, 0x00, 0x00, 0x00, 0x70, 0x12, 0xf6, 0x0e, 0x00, 0xe2, 0x0f, 0x00,
  0xae, 0x7f, 0xde, 0xc2, 0x00, 0x00, 0x80, 0x05, 0x54, 0x1c, 0x10, 0x0a,
  0x00, 0xe4, 0x03, 0x00, 0x24, 0x78, 0xc1, 0xc1, 0x01, 0x00, 0x00, 0x00,
  0xed, 0x02, 0x8e, 0x07, 0x00, 0xc4, 0x0f, 0x00, 0x25, 0x7a, 0xbe, 0xdb,
  0x00, 0x6e, 0x00, 0x00, 0xbe, 0x02, 0x8e, 0x07, 0x00, 0xe2, 0x0f, 0x00,
  0x10, 0x7a, 0xba, 0xba, 0x00, 0x70, 0x00, 0x00, 0xff, 0xe0, 0xf9, 0x07,
  0x00, 0xc6, 0x0f, 0x00, 0x24, 0x78, 0xb9, 0xb9, 0x01, 0x00, 0x00, 0x00,
  0xf9, 0x02, 0x8e, 0x07, 0x00, 0xe2, 0x0f, 0x00, 0x10, 0x7a, 0xbe, 0xbe,
  0x00, 0x70, 0x00, 0x00, 0xff, 0xe0, 0xfd, 0x07, 0x00, 0xe2, 0x0f, 0x00,
  0x25, 0x7a, 0xc0, 0xcd, 0x00, 0x6e, 0x00, 0x00, 0xc0, 0x02, 0x8e, 0x07,
  0x00, 0xe2, 0x0f, 0x00, 0x0c, 0x7c, 0x00, 0xc6, 0x08, 0x00, 0x00, 0x00,
  0x70, 0x12, 0xf4, 0x0e, 0x00, 0xc6, 0x0f, 0x00, 0x25, 0x7a, 0xb8, 0xc7,
  0x00, 0x6e, 0x00, 0x00, 0xb8, 0x02, 0x8e, 0x07, 0x00, 0xe2, 0x0f, 0x00,
  0x10, 0x7a, 0xbb, 0xbb, 0x00, 0x71, 0x00, 0x00, 0xff, 0xe4, 0x7f, 0x02,
  0x00, 0xe4, 0x0f, 0x00, 0x10, 0x7a, 0xbf, 0xbf, 0x00, 0x71, 0x00, 0x00,
  0xff, 0xe4, 0x7f, 0x03, 0x00, 0xe4, 0x0f, 0x00, 0x10, 0x7a, 0xbc, 0xc0,
  0x00, 0x70, 0x00, 0x00, 0xff, 0xe0, 0xf9, 0x07, 0x00, 0xe2, 0x4f, 0x00,
  0xae, 0x7f, 0xde, 0xba, 0x00, 0x00, 0x00, 0x06, 0x54, 0x1c, 0x90, 0x09,
  0x00, 0xe2, 0x03, 0x00, 0x10, 0x7a, 0xb8, 0xb8, 0x00, 0x70, 0x00, 0x00,
  0xff, 0xe0, 0xfd, 0x07, 0x00, 0xe4, 0x0f, 0x00, 0x10, 0x7a, 0xbd, 0xc1,
  0x00, 0x71, 0x00, 0x00, 0xff, 0xe4, 0x7f, 0x02, 0x00, 0xe2, 0x0f, 0x00,
  0xae, 0x7f, 0xde, 0xbe, 0x00, 0x00, 0x80, 0x06, 0x54, 0x1c, 0x90, 0x08,
  0x00, 0xe2, 0x03, 0x00, 0x10, 0x7a, 0xb9, 0xb9, 0x00, 0x71, 0x00, 0x00,
  0xff, 0xe4, 0x7f, 0x03, 0x00, 0xc6, 0x0f, 0x00, 0xae, 0x7f, 0xde, 0xbc,
  0x00, 0x00, 0x00, 0x07, 0x54, 0x1c, 0x10, 0x08, 0x00, 0xe8, 0x03, 0x00,
  0xae, 0x7f, 0xde, 0xb8, 0x00, 0x00, 0x80, 0x07, 0x54, 0x1c, 0x10, 0x09,
  0x00, 0xe8, 0x03, 0x00, 0xaf, 0x79, 0x00, 0x00, 0x00, 0x00, 0x00, 0x00,
  0x00, 0x00, 0x00, 0x00, 0x00, 0x22, 0x0e, 0x00, 0x24, 0x72, 0xcd, 0xff,
  0xff, 0x00, 0x00, 0x00, 0xc5, 0x00, 0x8e, 0x07, 0x00, 0xe4, 0x0f, 0x00,
  0x24, 0x72, 0xdb, 0xff, 0xff, 0x00, 0x00, 0x00, 0xc4, 0x00, 0x8e, 0x07,
  0x00, 0xc4, 0x0f, 0x00, 0x7a, 0x72, 0xb8, 0x70, 0x78, 0x00, 0x00, 0x00,
  0xff, 0x2c, 0x00, 0x00, 0x00, 0xe2, 0x2f, 0x00, 0x8c, 0x72, 0x00, 0x09,
  0x05, 0x00, 0x00, 0x00, 0x70, 0x40, 0xf0, 0x0b, 0x00, 0xe2, 0x0f, 0x00,
  0x24, 0x72, 0xe8, 0xff, 0xff, 0x00, 0x00, 0x00, 0xc9, 0x00, 0x8e, 0x07,
  0x00, 0xe2, 0x0f, 0x00, 0x8c, 0x72, 0x00, 0x18, 0x3f, 0x00, 0x00, 0x00,
  0x70, 0x52, 0xf2, 0x0b, 0x00, 0xc4, 0x0f, 0x00, 0xb9, 0x7a, 0x0e, 0x00,
  0x00, 0xda, 0x00, 0x00, 0x00, 0x08, 0x00, 0x00, 0x00, 0xe4, 0x0f, 0x00,
  0x8c, 0x72, 0x00, 0x08, 0x0e, 0x00, 0x00, 0x00, 0x70, 0x42, 0x70, 0x0c,
  0x00, 0xe4, 0x0f, 0x00, 0x8c, 0x72, 0x00, 0x09, 0x11, 0x00, 0x00, 0x00,
  0x70, 0x66, 0xf2, 0x08, 0x00, 0xc8, 0x0f, 0x00, 0x9c, 0x78, 0x00, 0x00,
  0x00, 0x00, 0x00, 0x00, 0x12, 0xfd, 0x70, 0x00, 0x00, 0xc6, 0x0f, 0x00,
  0x7a, 0x72, 0xbc, 0x70, 0x7a, 0x00, 0x00, 0x00, 0xff, 0x2c, 0x00, 0x00,
  0x00, 0xe6, 0x0f, 0x04, 0x1c, 0x78, 0x00, 0x00, 0x00, 0x00, 0x00, 0x00,
  0x08, 0xe8, 0xf0, 0x03, 0x00, 0xf6, 0x0f, 0x00, 0x90, 0xf2, 0x3f, 0x3f,
  0x3f, 0x00, 0x00, 0x00, 0x3f, 0xe0, 0xff, 0x0f, 0x00, 0xe4, 0x0f, 0x00,
  0x7a, 0x72, 0xc0, 0x70, 0x7c, 0x00, 0x00, 0x00, 0xff, 0x2c, 0x00, 0x00,
  0x00, 0xf6, 0x0f, 0x04, 0x90, 0xf2, 0x3f, 0x3f, 0x3f, 0x00, 0x00, 0x00,
  0x3f, 0xe0, 0xff, 0x0f, 0x00, 0xea, 0x0f, 0x00, 0x7a, 0x72, 0xc4, 0x70,
  0x7e, 0x00, 0x00, 0x00, 0xff, 0x2c, 0x00, 0x00, 0x00, 0xf6, 0x0f, 0x00,
  0x90, 0xf2, 0x3f, 0x3f, 0x3f, 0x00, 0x00, 0x00, 0x3f, 0xe0, 0xff, 0x0f,
  0x00, 0xea, 0x0f, 0x00, 0x7a, 0x72, 0xb8, 0x64, 0x80, 0x00, 0x00, 0x00,
  0xb8, 0x2c, 0x00, 0x00, 0x00, 0xf6, 0x0f, 0x04, 0x90, 0xf2, 0x3f, 0x3f,
  0x3f, 0x00, 0x00, 0x00, 0x3f, 0xe0, 0xff, 0x0f, 0x00, 0xea, 0x0f, 0x00,
  0x7a, 0x72, 0xbc, 0x64, 0x82, 0x00, 0x00, 0x00, 0xbc, 0x2c, 0x00, 0x00,
  0x00, 0xf6, 0x0f, 0x04, 0x90, 0xf2, 0x3f, 0x3f, 0x3f, 0x00, 0x00, 0x00,
  0x3f, 0xe0, 0xff, 0x0f, 0x00, 0xea, 0x0f, 0x00, 0x7a, 0x72, 0xc0, 0x64,
  0x84, 0x00, 0x00, 0x00, 0xc0, 0x2c, 0x00, 0x00, 0x00, 0xf6, 0x0f, 0x04,
  0x90, 0xf2, 0x3f, 0x3f, 0x3f, 0x00, 0x00, 0x00, 0x3f, 0xe0, 0xff, 0x0f,
  0x00, 0xea, 0x0f, 0x00, 0x7a, 0x72, 0xc4, 0x64, 0x86, 0x00, 0x00, 0x00,
  0xc4, 0x2c, 0x00, 0x00, 0x00, 0xf6, 0x0f, 0x00, 0x90, 0xf2, 0x3f, 0x3f,
  0x3f, 0x00, 0x00, 0x00, 0x3f, 0xe0, 0xff, 0x0f, 0x00, 0xea, 0x0f, 0x00,
  0x7a, 0x72, 0xb8, 0x68, 0x88, 0x00, 0x00, 0x00, 0xb8, 0x2c, 0x00, 0x00,
  0x00, 0xf6, 0x0f, 0x04, 0x90, 0xf2, 0x3f, 0x3f, 0x3f, 0x00, 0x00, 0x00,
  0x3f, 0xe0, 0xff, 0x0f, 0x00, 0xea, 0x0f, 0x00, 0x7a, 0x72, 0xbc, 0x68,
  0x8a, 0x00, 0x00, 0x00, 0xbc, 0x2c, 0x00, 0x00, 0x00, 0xf6, 0x0f, 0x04,
  0x90, 0xf2, 0x3f, 0x3f, 0x3f, 0x00, 0x00, 0x00, 0x3f, 0xe0, 0xff, 0x0f,
  0x00, 0xea, 0x0f, 0x00, 0x7a, 0x72, 0xc0, 0x68, 0x8c, 0x00, 0x00, 0x00,
  0xc0, 0x2c, 0x00, 0x00, 0x00, 0xf6, 0x0f, 0x04, 0x90, 0xf2, 0x3f, 0x3f,
  0x3f, 0x00, 0x00, 0x00, 0x3f, 0xe0, 0xff, 0x0f, 0x00, 0xea, 0x0f, 0x00,
  0x7a, 0x72, 0xc4, 0x68, 0x8e, 0x00, 0x00, 0x00, 0xc4, 0x2c, 0x00, 0x00,
  0x00, 0xf6, 0x0f, 0x00, 0x90, 0xf2, 0x3f, 0x3f, 0x3f, 0x00, 0x00, 0x00,
  0x3f, 0xe0, 0xff, 0x0f, 0x00, 0xea, 0x0f, 0x00, 0x7a, 0x72, 0xb8, 0x6c,
  0x90, 0x00, 0x00, 0x00, 0xb8, 0x2c, 0x00, 0x00, 0x00, 0xf6, 0x0f, 0x04,
  0x90, 0xf2, 0x3f, 0x3f, 0x3f, 0x00, 0x00, 0x00, 0x3f, 0xe0, 0xff, 0x0f,
  0x00, 0xea, 0x0f, 0x00, 0x7a, 0x72, 0xbc, 0x6c, 0x92, 0x00, 0x00, 0x00,
  0xbc, 0x2c, 0x00, 0x00, 0x00, 0xf6, 0x0f, 0x04, 0x90, 0xf2, 0x3f, 0x3f,
  0x3f, 0x00, 0x00, 0x00, 0x3f, 0xe0, 0xff, 0x0f, 0x00, 0xea, 0x0f, 0x00,
  0x7a, 0x72, 0xc0, 0x6c, 0x94, 0x00, 0x00, 0x00, 0xc0, 0x2c, 0x00, 0x00,
  0x00, 0xf6, 0x0f, 0x04, 0x90, 0xf2, 0x3f, 0x3f, 0x3f, 0x00, 0x00, 0x00,
  0x3f, 0xe0, 0xff, 0x0f, 0x00, 0xea, 0x0f, 0x00, 0x7a, 0x72, 0xc4, 0x6c,
  0x96, 0x00, 0x00, 0x00, 0xc4, 0x2c, 0x00, 0x00, 0x00, 0xf6, 0x0f, 0x00,
  0x90, 0xf2, 0x3f, 0x3f, 0x3f, 0x00, 0x00, 0x00, 0x3f, 0xe0, 0xff, 0x0f,
  0x00, 0xea, 0x0f, 0x00, 0x7a, 0x72, 0xb8, 0x74, 0x98, 0x00, 0x00, 0x00,
  0xb8, 0x2c, 0x00, 0x00, 0x00, 0xf6, 0x0f, 0x04, 0x90, 0xf2, 0x3f, 0x3f,
  0x3f, 0x00, 0x00, 0x00, 0x3f, 0xe0, 0xff, 0x0f, 0x00, 0xea, 0x0f, 0x00,
  0x7a, 0x72, 0xbc, 0x74, 0x9a, 0x00, 0x00, 0x00, 0xbc, 0x2c, 0x00, 0x00,
  0x00, 0xf0, 0x0f, 0x00, 0x20, 0x7c, 0xb8, 0xb8, 0x17, 0x00, 0x00, 0x00,
  0x00, 0x00, 0x41, 0x08, 0x00, 0xe2, 0x0f, 0x00, 0x20, 0x7c, 0xb9, 0xb9,
  0x17, 0x00, 0x00, 0x00, 0x00, 0x00, 0x41, 0x08, 0x00, 0xe2, 0x0f, 0x00,
  0x20, 0x7c, 0xba, 0xba, 0x17, 0x00, 0x00, 0x00, 0x00, 0x00, 0x41, 0x08,
  0x00, 0xe2, 0x0f, 0x00, 0x20, 0x7c, 0xbb, 0xbb, 0x17, 0x00, 0x00, 0x00,
  0x00, 0x00, 0x41, 0x08, 0x00, 0xca, 0x0f, 0x00, 0x7a, 0x72, 0xc0, 0x74,
  0x9c, 0x00, 0x00, 0x00, 0xc0, 0x2c, 0x00, 0x00, 0x00, 0xf0, 0x0f, 0x00,
  0x20, 0x7c, 0xbc, 0xbc, 0x17, 0x00, 0x00, 0x00, 0x00, 0x00, 0x41, 0x08,
  0x00, 0xe2, 0x0f, 0x00, 0x20, 0x7c, 0xbd, 0xbd, 0x17, 0x00, 0x00, 0x00,
  0x00, 0x00, 0x41, 0x08, 0x00, 0xe2, 0x0f, 0x00, 0x20, 0x7c, 0xbe, 0xbe,
  0x17, 0x00, 0x00, 0x00, 0x00, 0x00, 0x41, 0x08, 0x00, 0xe2, 0x0f, 0x00,
  0x20, 0x7c, 0xbf, 0xbf, 0x17, 0x00, 0x00, 0x00, 0x00, 0x00, 0x41, 0x08,
  0x00, 0xca, 0x0f, 0x00, 0x7a, 0x72, 0xc4, 0x74, 0x9e, 0x00, 0x00, 0x00,
  0xc4, 0x2c, 0x00, 0x00, 0x00, 0xf0, 0x0f, 0x00, 0x20, 0x7c, 0xc0, 0xc0,
  0x17, 0x00, 0x00, 0x00, 0x00, 0x00, 0x41, 0x08, 0x00, 0xe2, 0x0f, 0x00,
  0x20, 0x7c, 0xc1, 0xc1, 0x17, 0x00, 0x00, 0x00, 0x00, 0x00, 0x41, 0x08,
  0x00, 0xe2, 0x0f, 0x00, 0x20, 0x7c, 0xc2, 0xc2, 0x17, 0x00, 0x00, 0x00,
  0x00, 0x00, 0x41, 0x08, 0x00, 0xe2, 0x0f, 0x00, 0x20, 0x7c, 0xc3, 0xc3,
  0x17, 0x00, 0x00, 0x00, 0x00, 0x00, 0x41, 0x08, 0x00, 0xf6, 0x0f, 0x00,
  0x90, 0xf2, 0x3f, 0x3f, 0x3f, 0x00, 0x00, 0x00, 0x3f, 0xe0, 0xff, 0x0f,
  0x00, 0xe4, 0x0f, 0x00, 0x20, 0x7c, 0xc4, 0xc4, 0x17, 0x00, 0x00, 0x00,
  0x00, 0x00, 0x41, 0x08, 0x00, 0xe2, 0x0f, 0x00, 0x20, 0x7c, 0xc5, 0xc5,
  0x17, 0x00, 0x00, 0x00, 0x00, 0x00, 0x41, 0x08, 0x00, 0xe2, 0x0f, 0x00,
  0x20, 0x7c, 0xc6, 0xc6, 0x17, 0x00, 0x00, 0x00, 0x00, 0x00, 0x41, 0x08,
  0x00, 0xe2, 0x0f, 0x00, 0x20, 0x7c, 0xdf, 0xc7, 0x17, 0x00, 0x00, 0x00,
  0x00, 0x00, 0x41, 0x08, 0x00, 0xe2, 0x0f, 0x00, 0x24, 0x72, 0xc7, 0xff,
  0xff, 0x00, 0x00, 0x00, 0xca, 0x00, 0x8e, 0x07, 0x00, 0xe2, 0x0f, 0x00,
  0x47, 0x09, 0x00, 0x00, 0x30, 0x0a, 0x00, 0x00, 0x00, 0x00, 0x80, 0x03,
  0x00, 0xea, 0x0f, 0x00, 0x0c, 0x7c, 0x00, 0xff, 0x18, 0x00, 0x00, 0x00,
  0x70, 0x52, 0xf0, 0x0b, 0x00, 0xe4, 0x0f, 0x00, 0x11, 0x7c, 0xc9, 0xc8,
  0x09, 0x00, 0x00, 0x00, 0xff, 0x08, 0x8e, 0x0f, 0x00, 0xd6, 0x0f, 0x00,
  0x47, 0x89, 0x00, 0x00, 0x50, 0x06, 0x00, 0x00, 0x00, 0x00, 0x80, 0x03,
  0x00, 0xea, 0x0f, 0x00, 0x10, 0x7a, 0xca, 0xc9, 0x00, 0xef, 0x00, 0x00,
  0xff, 0xe0, 0xff, 0x07, 0x00, 0xe2, 0x0f, 0x04, 0x20, 0x7a, 0xec, 0x02,
  0x00, 0xed, 0x00, 0x00, 0x00, 0x00, 0x41, 0x00, 0x00, 0xe2, 0x0f, 0x00,
  0x10, 0x78, 0xf3, 0xc9, 0x08, 0x00, 0x00, 0x00, 0xff, 0xe0, 0xff, 0x07,
  0x00, 0xe4, 0x0f, 0x00, 0x45, 0x72, 0xe9, 0x00, 0xca, 0x00, 0x00, 0x00,
  0x00, 0x14, 0x20, 0x00, 0x00, 0xe4, 0x0f, 0x00, 0x10, 0x78, 0xea, 0x00,
  0x08, 0x00, 0x00, 0x00, 0xff, 0xe0, 0xff, 0x07, 0x00, 0xe4, 0x0f, 0x00,
  0x02, 0x78, 0xeb, 0x00, 0x01, 0x00, 0x00, 0x00, 0x00, 0x0f, 0x00, 0x00,
  0x00, 0xe2, 0x0f, 0x00, 0x20, 0x72, 0xe9, 0xec, 0xe9, 0x00, 0x00, 0x00,
  0x00, 0x00, 0x41, 0x00, 0x00, 0xe2, 0x0f, 0x00, 0x10, 0x7a, 0xf7, 0xf3,
  0x00, 0xef, 0x00, 0x00, 0xff, 0xe0, 0xff, 0x07, 0x00, 0xc4, 0x0f, 0x00,
  0x10, 0x7a, 0xca, 0xea, 0x00, 0xda, 0x00, 0x80, 0xeb, 0xe0, 0xff, 0x07,
  0x00, 0xe2, 0x0f, 0x00, 0x23, 0x7a, 0xb8, 0xb8, 0x00, 0xed, 0x00, 0x00,
  0xe9, 0x00, 0x01, 0x00, 0x00, 0xe2, 0x0f, 0x10, 0x23, 0x7a, 0xba, 0xba,
  0x00, 0xed, 0x00, 0x00, 0xe9, 0x00, 0x01, 0x00, 0x00, 0xe2, 0x0f, 0x00,
  0x45, 0x72, 0xf7, 0x00, 0xf7, 0x00, 0x00, 0x00, 0x00, 0x14, 0x20, 0x00,
  0x00, 0xe4, 0x0f, 0x00, 0x10, 0x78, 0xe9, 0xc9, 0x09, 0x00, 0x00, 0x00,
  0xff, 0xe0, 0xff, 0x07, 0x00, 0xe4, 0x0f, 0x04, 0x17, 0x72, 0xca, 0xff,
  0xca, 0x00, 0x00, 0x00, 0x00, 0x02, 0x80, 0x07, 0x00, 0xe2, 0x0f, 0x00,
  0x20, 0x72, 0xf7, 0xec, 0xf7, 0x00, 0x00, 0x00, 0x00, 0x00, 0x41, 0x00,
  0x00, 0xe2, 0x0f, 0x00, 0x10, 0x78, 0xeb, 0xc9, 0x01, 0x00, 0x00, 0x00,
  0xff, 0xe0, 0xff, 0x07, 0x00, 0xe4, 0x0f, 0x00, 0x10, 0x7a, 0xf9, 0xe9,
  0x00, 0xef, 0x00, 0x00, 0xff, 0xe0, 0xff, 0x07, 0x00, 0xe2, 0x0f, 0x00,
  0x23, 0x7a, 0xbe, 0xbe, 0x00, 0xed, 0x00, 0x00, 0xf7, 0x00, 0x01, 0x00,
  0x00, 0xe2, 0x0f, 0x10, 0x0c, 0x72, 0x00, 0xca, 0xf3, 0x00, 0x00, 0x00,
  0x70, 0x42, 0xf8, 0x03, 0x00, 0xe2, 0x0f, 0x00, 0x23, 0x7a, 0xbc, 0xbc,
  0x00, 0xed, 0x00, 0x00, 0xf7, 0x00, 0x01, 0x00, 0x00, 0xe2, 0x0f, 0x00,
  0x10, 0x7a, 0xee, 0xeb, 0x00, 0xef, 0x00, 0x00, 0xff, 0xe0, 0xff, 0x07,
  0x00, 0xc4, 0x0f, 0x00, 0x0c, 0x72, 0x00, 0x03, 0xeb, 0x00, 0x00, 0x00,
  0x70, 0x42, 0xf0, 0x03, 0x00, 0xe4, 0x0f, 0x08, 0x0c, 0x72, 0x00, 0xca,
  0xeb, 0x00, 0x00, 0x00, 0x70, 0x42, 0xf4, 0x03, 0x00, 0xe4, 0x0f, 0x00,
  0x45, 0x72, 0xf9, 0x00, 0xf9, 0x00, 0x00, 0x00, 0x00, 0x14, 0x20, 0x00,
  0x00, 0xe4, 0x0f, 0x00, 0x10, 0x78, 0xeb, 0xc9, 0x10, 0x00, 0x00, 0x00,
  0xff, 0xe0, 0xff, 0x07, 0x00, 0xe4, 0x0f, 0x00, 0x0c, 0x72, 0x00, 0xea,
  0xf3, 0x00, 0x00, 0x00, 0x70, 0x16, 0x78, 0x02, 0x00, 0xe2, 0x0f, 0x00,
  0x20, 0x72, 0xf0, 0xec, 0xf9, 0x00, 0x00, 0x00, 0x00, 0x00, 0x41, 0x00,
  0x00, 0xe2, 0x0f, 0x00, 0x10, 0x7a, 0xfb, 0xeb, 0x00, 0xef, 0x00, 0x00,
  0xff, 0xe0, 0xff, 0x07, 0x00, 0xc4, 0x0f, 0x00, 0x08, 0x78, 0xbe, 0xbe,
  0xff, 0xff, 0x7f, 0xff, 0x00, 0x00, 0x00, 0x06, 0x00, 0xe2, 0x0f, 0x00,
  0x23, 0x7a, 0xbd, 0xbd, 0x00, 0xed, 0x00, 0x00, 0xf0, 0x00, 0x01, 0x00,
  0x00, 0xe2, 0x0f, 0x10, 0x0c, 0x72, 0x00, 0x03, 0xc9, 0x00, 0x00, 0x00,
  0x70, 0x42, 0xfc, 0x03, 0x00, 0xe2, 0x0f, 0x08, 0x23, 0x7a, 0xbf, 0xbf,
  0x00, 0xed, 0x00, 0x00, 0xf0, 0x00, 0x01, 0x00, 0x00, 0xe2, 0x0f, 0x00,
  0x0c, 0x72, 0x00, 0xca, 0xc9, 0x00, 0x00, 0x00, 0x70, 0x42, 0xf6, 0x03,
  0x00, 0xe4, 0x0f, 0x00, 0x0c, 0x72, 0x00, 0x03, 0xe9, 0x00, 0x00, 0x00,
  0x70, 0x42, 0xf8, 0x03, 0x00, 0xe4, 0x0f, 0x00, 0x45, 0x72, 0xee, 0x00,
  0xee, 0x00, 0x00, 0x00, 0x00, 0x14, 0x20, 0x00, 0x00, 0xe4, 0x0f, 0x00,
  0x45, 0x72, 0xfb, 0x00, 0xfb, 0x00, 0x00, 0x00, 0x00, 0x14, 0x20, 0x00,
  0x00, 0xc4, 0x0f, 0x00, 0x10, 0x78, 0xed, 0xc9, 0x11, 0x00, 0x00, 0x00,
  0xff, 0xe0, 0xff, 0x07, 0x00, 0xe2, 0x0f, 0x04, 0x20, 0x72, 0xee, 0xec,
  0xee, 0x00, 0x00, 0x00, 0x00, 0x00, 0x41, 0x00, 0x00, 0xe2, 0x0f, 0x04,
  0x10, 0x78, 0xef, 0xc9, 0x18, 0x00, 0x00, 0x00, 0xff, 0xe0, 0xff, 0x07,
  0x00, 0xe2, 0x0f, 0x04, 0x20, 0x72, 0xf9, 0xec, 0xfb, 0x00, 0x00, 0x00,
  0x00, 0x00, 0x41, 0x00, 0x00, 0xe2, 0x0f, 0x00, 0x10, 0x78, 0xf1, 0xc9,
  0x19, 0x00, 0x00, 0x00, 0xff, 0xe0, 0xff, 0x07, 0x00, 0xe2, 0x0f, 0x00,
  0x23, 0x7a, 0xb9, 0xb9, 0x00, 0xed, 0x00, 0x00, 0xee, 0x00, 0x01, 0x00,
  0x00, 0xe2, 0x0f, 0x10, 0x0c, 0x72, 0x00, 0x00, 0xc9, 0x00, 0x00, 0x00,
  0x70, 0x16, 0x7c, 0x03, 0x00, 0xe2, 0x0f, 0x08, 0x23, 0x7a, 0xbb, 0xbb,
  0x00, 0xed, 0x00, 0x00, 0xee, 0x00, 0x01, 0x00, 0x00, 0xe2, 0x0f, 0x00,
  0x0c, 0x72, 0x00, 0xea, 0xc9, 0x00, 0x00, 0x00, 0x70, 0x16, 0xf6, 0x01,
  0x00, 0xe2, 0x0f, 0x00, 0x23, 0x7a, 0xc0, 0xc0, 0x00, 0xed, 0x00, 0x00,
  0xf9, 0x00, 0x01, 0x00, 0x00, 0xe2, 0x0f, 0x10, 0x0c, 0x72, 0x00, 0x00,
  0xe9, 0x00, 0x00, 0x00, 0x70, 0x16, 0x78, 0x02, 0x00, 0xe2, 0x0f, 0x00,
  0x23, 0x7a, 0xc2, 0xc2, 0x00, 0xed, 0x00, 0x00, 0xf9, 0x00, 0x01, 0x00,
  0x00, 0xe2, 0x0f, 0x00, 0x10, 0x7a, 0xf2, 0xed, 0x00, 0xef, 0x00, 0x00,
  0xff, 0xe0, 0xff, 0x07, 0x00, 0xc4, 0x0f, 0x00, 0x10, 0x7a, 0xf4, 0xef,
  0x00, 0xef, 0x00, 0x00, 0xff, 0xe0, 0xff, 0x07, 0x00, 0xe4, 0x0f, 0x00,
  0x10, 0x7a, 0xf5, 0xf1, 0x00, 0xef, 0x00, 0x00, 0xff, 0xe0, 0xff, 0x07,
  0x00, 0xe4, 0x0f, 0x00, 0x08, 0x78, 0xb8, 0xb8, 0xff, 0xff, 0x7f, 0xff,
  0x00, 0x00, 0x00, 0x07, 0x00, 0xe4, 0x0f, 0x00, 0x08, 0x78, 0xba, 0xba,
  0xff, 0xff, 0x7f, 0xff, 0x00, 0x00, 0x80, 0x05, 0x00, 0xe4, 0x0f, 0x00,
  0x08, 0x78, 0xbd, 0xbd, 0xff, 0xff, 0x7f, 0xff, 0x00, 0x00, 0x00, 0x06,
  0x00, 0xe4, 0x0f, 0x00, 0x0c, 0x72, 0x00, 0x03, 0xf3, 0x00, 0x00, 0x00,
  0x70, 0x42, 0xf2, 0x03, 0x00, 0xc4, 0x0f, 0x00, 0x0c, 0x72, 0x00, 0xca,
  0xe9, 0x00, 0x00, 0x00, 0x70, 0x42, 0xfc, 0x03, 0x00, 0xe4, 0x0f, 0x04,
  0x0c, 0x72, 0x00, 0xca, 0xeb, 0x00, 0x00, 0x00, 0x70, 0x42, 0xf6, 0x03,
  0x00, 0xe4, 0x0f, 0x08, 0x0c, 0x72, 0x00, 0x03, 0xeb, 0x00, 0x00, 0x00,
  0x70, 0x42, 0xf8, 0x03, 0x00, 0xe4, 0x0f, 0x00, 0x45, 0x72, 0xf2, 0x00,
  0xf2, 0x00, 0x00, 0x00, 0x00, 0x14, 0x20, 0x00, 0x00, 0xe4, 0x0f, 0x00,
  0x45, 0x72, 0xf4, 0x00, 0xf4, 0x00, 0x00, 0x00, 0x00, 0x14, 0x20, 0x00,
  0x00, 0xe4, 0x0f, 0x00, 0x45, 0x72, 0xf5, 0x00, 0xf5, 0x00, 0x00, 0x00,
  0x00, 0x14, 0x20, 0x00, 0x00, 0xe2, 0x0f, 0x00, 0x20, 0x72, 0xf2, 0xec,
  0xf2, 0x00, 0x00, 0x00, 0x00, 0x00, 0x41, 0x00, 0x00, 0xe2, 0x0f, 0x00,
  0x0c, 0x72, 0x00, 0x00, 0xc9, 0x00, 0x00, 0x00, 0x70, 0x36, 0x70, 0x00,
  0x00, 0xe2, 0x0f, 0x08, 0x20, 0x72, 0xfb, 0xec, 0xf4, 0x00, 0x00, 0x00,
  0x00, 0x00, 0x41, 0x00, 0x00, 0xe2, 0x0f, 0x00, 0x0c, 0x72, 0x00, 0xea,
  0xc9, 0x00, 0x00, 0x00, 0x70, 0x36, 0x74, 0x01, 0x00, 0xe2, 0x0f, 0x00,
  0x20, 0x72, 0xec, 0xec, 0xf5, 0x00, 0x00, 0x00, 0x00, 0x00, 0x41, 0x00,
  0x00, 0xe2, 0x0f, 0x00, 0x0c, 0x72, 0x00, 0x00, 0xf3, 0x00, 0x00, 0x00,
  0x70, 0x16, 0xf2, 0x00, 0x00, 0xe2, 0x0f, 0x00, 0x23, 0x7a, 0xc1, 0xc1,
  0x00, 0xed, 0x00, 0x00, 0xf2, 0x00, 0x01, 0x00, 0x00, 0xe2, 0x0f, 0x10,
  0x0c, 0x72, 0x00, 0xea, 0xe9, 0x00, 0x00, 0x00, 0x70, 0x16, 0x7c, 0x03,
  0x00, 0xe2, 0x0f, 0x00, 0x23, 0x7a, 0xc3, 0xc3, 0x00, 0xed, 0x00, 0x00,
  0xf2, 0x00, 0x01, 0x00, 0x00, 0xe2, 0x0f, 0x00, 0x0c, 0x72, 0x00, 0x00,
  0xeb, 0x00, 0x00, 0x00, 0x70, 0x16, 0x78, 0x02, 0x00, 0xe2, 0x0f, 0x08,
  0x23, 0x7a, 0xc4, 0xc4, 0x00, 0xed, 0x00, 0x00, 0xfb, 0x00, 0x01, 0x00,
  0x00, 0xe2, 0x0f, 0x10, 0x0c, 0x72, 0x00, 0xea, 0xeb, 0x00, 0x00, 0x00,
  0x70, 0x16, 0xf6, 0x01, 0x00, 0xe2, 0x0f, 0x00, 0x23, 0x7a, 0xc6, 0xc6,
  0x00, 0xed, 0x00, 0x00, 0xfb, 0x00, 0x01, 0x00, 0x00, 0xe2, 0x0f, 0x00,
  0x08, 0x78, 0xb9, 0xb9, 0xff, 0xff, 0x7f, 0xff, 0x00, 0x00, 0x00, 0x04,
  0x00, 0xe2, 0x0f, 0x00, 0x23, 0x7a, 0xc5, 0xc5, 0x00, 0xed, 0x00, 0x00,
  0xec, 0x00, 0x01, 0x00, 0x00, 0xe2, 0x0f, 0x10, 0x08, 0x78, 0xbb, 0xbb,
  0xff, 0xff, 0x7f, 0xff, 0x00, 0x00, 0x00, 0x05, 0x00, 0xe2, 0x0f, 0x00,
  0x23, 0x7a, 0xdf, 0xdf, 0x00, 0xed, 0x00, 0x00, 0xec, 0x00, 0x01, 0x00,
  0x00, 0xe2, 0x0f, 0x00, 0x08, 0x78, 0xbc, 0xbc, 0xff, 0xff, 0x7f, 0xff,
  0x00, 0x00, 0x80, 0x04, 0x00, 0xc4, 0x0f, 0x00, 0x08, 0x78, 0xbf, 0xbf,
  0xff, 0xff, 0x7f, 0xff, 0x00, 0x00, 0x00, 0x07, 0x00, 0xe4, 0x0f, 0x00,
  0x08, 0x78, 0xc0, 0xc0, 0xff, 0xff, 0x7f, 0xff, 0x00, 0x00, 0x00, 0x06,
  0x00, 0xe4, 0x0f, 0x00, 0x08, 0x78, 0xc2, 0xc2, 0xff, 0xff, 0x7f, 0xff,
  0x00, 0x00, 0x80, 0x05, 0x00, 0xe4, 0x0f, 0x00, 0x0c, 0x72, 0x00, 0xca,
  0xed, 0x00, 0x00, 0x00, 0x70, 0x42, 0xf0, 0x03, 0x00, 0xe4, 0x0f, 0x04,
  0x0c, 0x72, 0x00, 0xca, 0xef, 0x00, 0x00, 0x00, 0x70, 0x42, 0xf4, 0x03,
  0x00, 0xe4, 0x0f, 0x04, 0x0c, 0x72, 0x00, 0xca, 0xf1, 0x00, 0x00, 0x00,
  0x70, 0x42, 0xf2, 0x03, 0x00, 0xc4, 0x0f, 0x00, 0x0c, 0x72, 0x00, 0x03,
  0xed, 0x00, 0x00, 0x00, 0x70, 0x42, 0xfc, 0x03, 0x00, 0xe4, 0x0f, 0x04,
  0x0c, 0x72, 0x00, 0x03, 0xef, 0x00, 0x00, 0x00, 0x70, 0x42, 0xf8, 0x03,
  0x00, 0xe4, 0x0f, 0x04, 0x0c, 0x72, 0x00, 0x03, 0xf1, 0x00, 0x00, 0x00,
  0x70, 0x42, 0xf6, 0x03, 0x00, 0xe4, 0x0f, 0x00, 0x0c, 0x72, 0x00, 0x00,
  0xed, 0x00, 0x00, 0x00, 0x70, 0x16, 0x7c, 0x03, 0x00, 0xe4, 0x0f, 0x08,
  0x0c, 0x72, 0x00, 0xea, 0xed, 0x00, 0x00, 0x00, 0x70, 0x16, 0x70, 0x00,
  0x00, 0xe4, 0x0f, 0x00, 0x0c, 0x72, 0x00, 0x00, 0xef, 0x00, 0x00, 0x00,
  0x70, 0x16, 0x78, 0x02, 0x00, 0xc4, 0x0f, 0x00, 0x0c, 0x72, 0x00, 0xea,
  0xef, 0x00, 0x00, 0x00, 0x70, 0x16, 0x74, 0x01, 0x00, 0xe4, 0x0f, 0x00,
  0x0c, 0x72, 0x00, 0x00, 0xf1, 0x00, 0x00, 0x00, 0x70, 0x16, 0xf6, 0x01,
  0x00, 0xe4, 0x0f, 0x08, 0x0c, 0x72, 0x00, 0xea, 0xf1, 0x00, 0x00, 0x00,
  0x70, 0x16, 0xf2, 0x00, 0x00, 0xe4, 0x0f, 0x00, 0x08, 0x78, 0xc1, 0xc1,
  0xff, 0xff, 0x7f, 0xff, 0x00, 0x00, 0x00, 0x07, 0x00, 0xe4, 0x0f, 0x00,
  0x08, 0x78, 0xc3, 0xc3, 0xff, 0xff, 0x7f, 0xff, 0x00, 0x00, 0x00, 0x04,
  0x00, 0xe4, 0x0f, 0x00, 0x08, 0x78, 0xc4, 0xc4, 0xff, 0xff, 0x7f, 0xff,
  0x00, 0x00, 0x00, 0x06, 0x00, 0xc4, 0x0f, 0x00, 0x08, 0x78, 0xc5, 0xc5,
  0xff, 0xff, 0x7f, 0xff, 0x00, 0x00, 0x80, 0x05, 0x00, 0xe4, 0x0f, 0x00,
  0x08, 0x78, 0xc6, 0xc6, 0xff, 0xff, 0x7f, 0xff, 0x00, 0x00, 0x00, 0x05,
  0x00, 0xe4, 0x0f, 0x00, 0x08, 0x78, 0xdf, 0xdf, 0xff, 0xff, 0x7f, 0xff,
  0x00, 0x00, 0x80, 0x04, 0x00, 0xe2, 0x0f, 0x00, 0x47, 0x79, 0x00, 0x00,
  0xb0, 0x03, 0x00, 0x00, 0x00, 0x00, 0x80, 0x03, 0x00, 0xea, 0x0f, 0x00,
  0x24, 0x74, 0xe9, 0xff, 0x01, 0x00, 0x00, 0x00, 0xff, 0x00, 0x8e, 0x07,
  0x00, 0xe2, 0x0f, 0x00, 0x10, 0x78, 0xec, 0x00, 0x08, 0x00, 0x00, 0x00,
  0xff, 0xe0, 0xff, 0x07, 0x00, 0xe4, 0x0f, 0x00, 0x0c, 0x72, 0x00, 0x03,
  0xc9, 0x00, 0x00, 0x00, 0x70, 0x42, 0xf8, 0x03, 0x00, 0xe4, 0x0f, 0x00,
  0x10, 0x7a, 0xca, 0xec, 0x00, 0xda, 0x00, 0x80, 0xe9, 0xe0, 0xff, 0x07,
  0x00, 0xc4, 0x0f, 0x00, 0x10, 0x78, 0xe9, 0xc9, 0x08, 0x00, 0x00, 0x00,
  0xff, 0xe0, 0xff, 0x07, 0x00, 0xe4, 0x0f, 0x04, 0x17, 0x72, 0xee, 0xff,
  0xca, 0x00, 0x00, 0x00, 0x00, 0x02, 0x80, 0x07, 0x00, 0xe4, 0x0f, 0x00,
  0x10, 0x78, 0xca, 0xc9, 0x01, 0x00, 0x00, 0x00, 0xff, 0xe0, 0xff, 0x07,
  0x00, 0xe4, 0x0f, 0x00, 0x0c, 0x72, 0x00, 0x03, 0xe9, 0x00, 0x00, 0x00,
  0x70, 0x42, 0xfc, 0x03, 0x00, 0xe4, 0x0f, 0x0c, 0x0c, 0x72, 0x00, 0xee,
  0xe9, 0x00, 0x00, 0x00, 0x70, 0x42, 0xf0, 0x03, 0x00, 0xe4, 0x0f, 0x00,
  0x0c, 0x72, 0x00, 0x03, 0xca, 0x00, 0x00, 0x00, 0x70, 0x42, 0xf4, 0x03,
  0x00, 0xc4, 0x0f, 0x00, 0x0c, 0x72, 0x00, 0xee, 0xc9, 0x00, 0x00, 0x00,
  0x70, 0x42, 0xf2, 0x03, 0x00, 0xe4, 0x0f, 0x04, 0x0c, 0x72, 0x00, 0xee,
  0xca, 0x00, 0x00, 0x00, 0x70, 0x42, 0xf6, 0x03, 0x00, 0xe4, 0x0f, 0x00,
  0x0c, 0x72, 0x00, 0x00, 0xe9, 0x00, 0x00, 0x00, 0x70, 0x16, 0x7c, 0x03,
  0x00, 0xe4, 0x0f, 0x08, 0x0c, 0x72, 0x00, 0xec, 0xe9, 0x00, 0x00, 0x00,
  0x70, 0x16, 0x70, 0x00, 0x00, 0xe4, 0x0f, 0x00, 0x0c, 0x72, 0x00, 0x00,
  0xc9, 0x00, 0x00, 0x00, 0x70, 0x16, 0x78, 0x02, 0x00, 0xe4, 0x0f, 0x0c,
  0x0c, 0x72, 0x00, 0x00, 0xc9, 0x00, 0x00, 0x00, 0x70, 0x36, 0x74, 0x01,
  0x00, 0xc4, 0x0f, 0x00, 0x0c, 0x72, 0x00, 0xec, 0xc9, 0x00, 0x00, 0x00,
  0x70, 0x16, 0xf2, 0x00, 0x00, 0xe4, 0x0f, 0x00, 0x10, 0x78, 0xca, 0xc9,
  0x09, 0x00, 0x00, 0x00, 0xff, 0xe0, 0xff, 0x07, 0x00, 0xe4, 0x0f, 0x04,
  0x10, 0x78, 0xe9, 0xc9, 0x10, 0x00, 0x00, 0x00, 0xff, 0xe0, 0xff, 0x07,
  0x00, 0xe4, 0x0f, 0x04, 0x10, 0x78, 0xea, 0xc9, 0x11, 0x00, 0x00, 0x00,
  0xff, 0xe0, 0xff, 0x07, 0x00, 0xe4, 0x0f, 0x04, 0x10, 0x78, 0xeb, 0xc9,
  0x18, 0x00, 0x00, 0x00, 0xff, 0xe0, 0xff, 0x07, 0x00, 0xe4, 0x0f, 0x00,
  0x08, 0x78, 0xb8, 0xb8, 0xff, 0xff, 0x7f, 0xff, 0x00, 0x00, 0x00, 0x06,
  0x00, 0xc4, 0x0f, 0x00, 0x08, 0x78, 0xb9, 0xb9, 0xff, 0xff, 0x7f, 0xff,
  0x00, 0x00, 0x00, 0x05, 0x00, 0xe4, 0x0f, 0x00, 0x08, 0x78, 0xba, 0xba,
  0xff, 0xff, 0x7f, 0xff, 0x00, 0x00, 0x80, 0x04, 0x00, 0xe4, 0x0f, 0x00,
  0x08, 0x78, 0xbc, 0xbc, 0xff, 0xff, 0x7f, 0xff, 0x00, 0x00, 0x00, 0x07,
  0x00, 0xe4, 0x0f, 0x00, 0x0c, 0x72, 0x00, 0x03, 0xca, 0x00, 0x00, 0x00,
  0x70, 0x42, 0xf8, 0x03, 0x00, 0xe4, 0x0f, 0x04, 0x0c, 0x72, 0x00, 0x03,
  0xe9, 0x00, 0x00, 0x00, 0x70, 0x42, 0xf4, 0x03, 0x00, 0xe4, 0x0f, 0x04,
  0x0c, 0x72, 0x00, 0x03, 0xea, 0x00, 0x00, 0x00, 0x70, 0x42, 0xf2, 0x03,
  0x00, 0xc4, 0x0f, 0x00, 0x0c, 0x72, 0x00, 0x03, 0xeb, 0x00, 0x00, 0x00,
  0x70, 0x42, 0xfc, 0x03, 0x00, 0xe4, 0x0f, 0x00, 0x0c, 0x72, 0x00, 0xec,
  0xc9, 0x00, 0x00, 0x00, 0x70, 0x36, 0xf6, 0x01, 0x00, 0xe4, 0x0f, 0x00,
  0x0c, 0x72, 0x00, 0x00, 0xca, 0x00, 0x00, 0x00, 0x70, 0x16, 0x78, 0x02,
  0x00, 0xe4, 0x0f, 0x04, 0x0c, 0x72, 0x00, 0x00, 0xe9, 0x00, 0x00, 0x00,
  0x70, 0x16, 0x74, 0x01, 0x00, 0xe4, 0x0f, 0x04, 0x0c, 0x72, 0x00, 0x00,
  0xea, 0x00, 0x00, 0x00, 0x70, 0x16, 0xf2, 0x00, 0x00, 0xe4, 0x0f, 0x04,
  0x0c, 0x72, 0x00, 0x00, 0xeb, 0x00, 0x00, 0x00, 0x70, 0x16, 0x7c, 0x03,
  0x00, 0xc4, 0x0f, 0x00, 0x10, 0x78, 0xc9, 0xc9, 0x19, 0x00, 0x00, 0x00,
  0xff, 0xe0, 0xff, 0x07, 0x00, 0xe4, 0x0f, 0x00, 0x08, 0x78, 0xbd, 0xbd,
  0xff, 0xff, 0x7f, 0xff, 0x00, 0x00, 0x00, 0x06, 0x00, 0xe4, 0x0f, 0x00,
  0x08, 0x78, 0xc0, 0xc0, 0xff, 0xff, 0x7f, 0xff, 0x00, 0x00, 0x00, 0x05,
  0x00, 0xe4, 0x0f, 0x00, 0x08, 0x78, 0xc1, 0xc1, 0xff, 0xff, 0x7f, 0xff,
  0x00, 0x00, 0x80, 0x04, 0x00, 0xe4, 0x0f, 0x00, 0x08, 0x78, 0xbb, 0xbb,
  0xff, 0xff, 0x7f, 0xff, 0x00, 0x00, 0x80, 0x05, 0x00, 0xe4, 0x0f, 0x00,
  0x08, 0x78, 0xbe, 0xbe, 0xff, 0xff, 0x7f, 0xff, 0x00, 0x00, 0x00, 0x04,
  0x00, 0xc4, 0x0f, 0x00, 0x08, 0x78, 0xc4, 0xc4, 0xff, 0xff, 0x7f, 0xff,
  0x00, 0x00, 0x00, 0x07, 0x00, 0xe4, 0x0f, 0x00, 0x0c, 0x72, 0x00, 0xee,
  0xca, 0x00, 0x00, 0x00, 0x70, 0x42, 0xf8, 0x03, 0x00, 0xe4, 0x0f, 0x04,
  0x0c, 0x72, 0x00, 0xee, 0xe9, 0x00, 0x00, 0x00, 0x70, 0x42, 0xf4, 0x03,
  0x00, 0xe4, 0x0f, 0x04, 0x0c, 0x72, 0x00, 0xee, 0xea, 0x00, 0x00, 0x00,
  0x70, 0x42, 0xf2, 0x03, 0x00, 0xe4, 0x0f, 0x04, 0x0c, 0x72, 0x00, 0xee,
  0xeb, 0x00, 0x00, 0x00, 0x70, 0x42, 0xf6, 0x03, 0x00, 0xe4, 0x0f, 0x04,
  0x0c, 0x72, 0x00, 0xee, 0xc9, 0x00, 0x00, 0x00, 0x70, 0x42, 0xf0, 0x03,
  0x00, 0xc4, 0x0f, 0x00, 0x0c, 0x72, 0x00, 0x03, 0xc9, 0x00, 0x00, 0x00,
  0x70, 0x42, 0xfc, 0x03, 0x00, 0xe4, 0x0f, 0x00, 0x0c, 0x72, 0x00, 0xec,
  0xca, 0x00, 0x00, 0x00, 0x70, 0x16, 0x78, 0x02, 0x00, 0xe4, 0x0f, 0x04,
  0x0c, 0x72, 0x00, 0xec, 0xe9, 0x00, 0x00, 0x00, 0x70, 0x16, 0x74, 0x01,
  0x00, 0xe4, 0x0f, 0x00, 0x0c, 0x72, 0x00, 0x00, 0xc9, 0x00, 0x00, 0x00,
  0x70, 0x16, 0x7c, 0x03, 0x00, 0xe4, 0x0f, 0x00, 0x0c, 0x72, 0x00, 0xec,
  0xea, 0x00, 0x00, 0x00, 0x70, 0x16, 0xf2, 0x00, 0x00, 0xe4, 0x0f, 0x04,
  0x0c, 0x72, 0x00, 0xec, 0xeb, 0x00, 0x00, 0x00, 0x70, 0x16, 0xf6, 0x01,
  0x00, 0xc4, 0x0f, 0x00, 0x0c, 0x72, 0x00, 0xec, 0xc9, 0x00, 0x00, 0x00,
  0x70, 0x16, 0x70, 0x00, 0x00, 0xe4, 0x0f, 0x00, 0x08, 0x78, 0xc5, 0xc5,
  0xff, 0xff, 0x7f, 0xff, 0x00, 0x00, 0x00, 0x07, 0x00, 0xe4, 0x0f, 0x00,
  0x08, 0x78, 0xbf, 0xbf, 0xff, 0xff, 0x7f, 0xff, 0x00, 0x00, 0x00, 0x06,
  0x00, 0xe4, 0x0f, 0x00, 0x08, 0x78, 0xc2, 0xc2, 0xff, 0xff, 0x7f, 0xff,
  0x00, 0x00, 0x00, 0x05, 0x00, 0xe4, 0x0f, 0x00, 0x08, 0x78, 0xc3, 0xc3,
  0xff, 0xff, 0x7f, 0xff, 0x00, 0x00, 0x80, 0x04, 0x00, 0xe4, 0x0f, 0x00,
  0x08, 0x78, 0xc6, 0xc6, 0xff, 0xff, 0x7f, 0xff, 0x00, 0x00, 0x80, 0x05,
  0x00, 0xc4, 0x0f, 0x00, 0x08, 0x78, 0xdf, 0xdf, 0xff, 0xff, 0x7f, 0xff,
  0x00, 0x00, 0x00, 0x04, 0x00, 0xe4, 0x0f, 0x00, 0x09, 0x72, 0xc9, 0xb9,
  0xb8, 0x00, 0x00, 0x00, 0x00, 0x00, 0x81, 0x07, 0x00, 0xe2, 0x0f, 0x00,
  0x8c, 0x72, 0x00, 0x09, 0x04, 0x00, 0x00, 0x00, 0x70, 0x52, 0xf0, 0x0b,
  0x00, 0xe2, 0x0f, 0x00, 0x09, 0x72, 0xe9, 0xbb, 0xba, 0x00, 0x00, 0x00,
  0x00, 0x00, 0x81, 0x07, 0x00, 0xe4, 0x0f, 0x00, 0x09, 0x72, 0xca, 0xc9,
  0xbc, 0x00, 0x00, 0x00, 0x00, 0x00, 0x81, 0x07, 0x00, 0xe4, 0x0f, 0x00,
  0x09, 0x72, 0xea, 0xe9, 0xbe, 0x00, 0x00, 0x00, 0x00, 0x00, 0x81, 0x07,
  0x00, 0xe4, 0x0f, 0x00, 0x09, 0x72, 0xc9, 0xca, 0xbd, 0x00, 0x00, 0x00,
  0x00, 0x00, 0x81, 0x07, 0x00, 0xe4, 0x0f, 0x00, 0x09, 0x72, 0xe9, 0xea,
  0xbf, 0x00, 0x00, 0x00, 0x00, 0x00, 0x81, 0x07, 0x00, 0xc4, 0x0f, 0x00,
  0x1c, 0x78, 0x00, 0x00, 0x00, 0x00, 0x00, 0x00, 0x08, 0xf0, 0xf0, 0x03,
  0x00, 0xe4, 0x0f, 0x00, 0x09, 0x72, 0xca, 0xc9, 0xc0, 0x00, 0x00, 0x00,
  0x00, 0x00, 0x81, 0x07, 0x00, 0xe4, 0x0f, 0x00, 0x09, 0x72, 0xea, 0xe9,
  0xc2, 0x00, 0x00, 0x00, 0x00, 0x00, 0x81, 0x07, 0x00, 0xe4, 0x0f, 0x00,
  0x09, 0x72, 0xc9, 0xca, 0xc1, 0x00, 0x00, 0x00, 0x00, 0x00, 0x81, 0x07,
  0x00, 0xe4, 0x0f, 0x00, 0x09, 0x72, 0xe9, 0xea, 0xc3, 0x00, 0x00, 0x00,
  0x00, 0x00, 0x81, 0x07, 0x00, 0xe4, 0x0f, 0x00, 0x09, 0x72, 0xca, 0xc9,
  0xc4, 0x00, 0x00, 0x00, 0x00, 0x00, 0x81, 0x07, 0x00, 0xc4, 0x0f, 0x00,
  0x09, 0x72, 0xea, 0xe9, 0xc6, 0x00, 0x00, 0x00, 0x00, 0x00, 0x81, 0x07,
  0x00, 0xe4, 0x0f, 0x00, 0x09, 0x72, 0xec, 0xca, 0xc5, 0x00, 0x00, 0x00,
  0x00, 0x00, 0x81, 0x07, 0x00, 0xe4, 0x0f, 0x00, 0x09, 0x72, 0xed, 0xea,
  0xdf, 0x00, 0x00, 0x00, 0x00, 0x00, 0x81, 0x07, 0x00, 0xe2, 0x0f, 0x00,
  0x47, 0x89, 0x00, 0x00, 0x30, 0x0b, 0x00, 0x00, 0x00, 0x00, 0x80, 0x03,
  0x00, 0xea, 0x0f, 0x00, 0x89, 0x7f, 0xc9, 0xec, 0x00, 0x1f, 0x20, 0x0c,
  0x00, 0x00, 0x0e, 0x00, 0x00, 0x68, 0x0e, 0x00, 0x89, 0x7f, 0xea, 0xed,
  0x00, 0x1f, 0x20, 0x0c, 0x00, 0x00, 0x0e, 0x00, 0x00, 0xa2, 0x0e, 0x00,
  0x09, 0x72, 0xca, 0xec, 0xc9, 0x00, 0x00, 0x00, 0x00, 0x00, 0x81, 0x07,
  0x00, 0xc4, 0x2f, 0x00, 0x09, 0x72, 0xea, 0xed, 0xea, 0x00, 0x00, 0x00,
  0x00, 0x00, 0x81, 0x07, 0x00, 0xc6, 0x4f, 0x00, 0x89, 0x7f, 0xc9, 0xca,
  0x00, 0x1f, 0x40, 0x0c, 0x00, 0x00, 0x0e, 0x00, 0x00, 0x68, 0x0e, 0x00,
  0x89, 0x7f, 0xeb, 0xea, 0x00, 0x1f, 0x40, 0x0c, 0x00, 0x00, 0x0e, 0x00,
  0x00, 0xa2, 0x0e, 0x00, 0x09, 0x72, 0xc9, 0xca, 0xc9, 0x00, 0x00, 0x00,
  0x00, 0x00, 0x81, 0x07, 0x00, 0xc8, 0x2f, 0x00, 0x09, 0x72, 0xc9, 0xc9,
  0xe8, 0x00, 0x00, 0x00, 0x00, 0x00, 0x81, 0x07, 0x00, 0xe4, 0x0f, 0x00,
  0x09, 0x72, 0xca, 0xea, 0xeb, 0x00, 0x00, 0x00, 0x00, 0x00, 0x81, 0x07,
  0x00, 0xe4, 0x4f, 0x00, 0x0b, 0x78, 0x00, 0xc9, 0xff, 0xff, 0x7f, 0xff,
  0x00, 0xd0, 0xf1, 0x03, 0x00, 0xe2, 0x0f, 0x04, 0x21, 0x74, 0xe9, 0xc9,
  0x18, 0x72, 0xb1, 0xc0, 0x00, 0x00, 0x01, 0x00, 0x00, 0xe2, 0x0f, 0x04,
  0x09, 0x72, 0xca, 0xca, 0xc7, 0x00, 0x00, 0x00, 0x00, 0x00, 0x81, 0x07,
  0x00, 0xe2, 0x0f, 0x00, 0x21, 0x72, 0xe8, 0xc9, 0xe8, 0x00, 0x00, 0x00,
  0x00, 0x01, 0x01, 0x00, 0x00, 0xc6, 0x0f, 0x00, 0x08, 0x72, 0xe9, 0xe9,
  0xff, 0x00, 0x00, 0x00, 0x00, 0x00, 0x00, 0x00, 0x00, 0xe2, 0x0f, 0x00,
  0x21, 0x74, 0xea, 0xca, 0x18, 0x72, 0xb1, 0xc0, 0x00, 0x00, 0x01, 0x00,
  0x00, 0xe2, 0x0f, 0x04, 0x0b, 0x78, 0x00, 0xca, 0xff, 0xff, 0x7f, 0xff,
  0x00, 0xd0, 0xf1, 0x03, 0x00, 0xe2, 0x0f, 0x04, 0x21, 0x72, 0xc7, 0xca,
  0xc7, 0x00, 0x00, 0x00, 0x00, 0x01, 0x01, 0x00, 0x00, 0xe2, 0x0f, 0x00,
  0x20, 0x78, 0xe8, 0xe8, 0x3b, 0xaa, 0xb8, 0x3f, 0x00, 0x00, 0x41, 0x00,
  0x00, 0xe2, 0x0f, 0x00, 0x21, 0x72, 0xb8, 0xe9, 0xb8, 0x00, 0x00, 0x00,
  0x00, 0x01, 0x01, 0x00, 0x00, 0xe2, 0x0f, 0x04, 0x21, 0x72, 0xb9, 0xe9,
  0xb9, 0x00, 0x00, 0x00, 0x00, 0x01, 0x01, 0x00, 0x00, 0xe2, 0x0f, 0x04,
  0x21, 0x72, 0xbc, 0xe9, 0xbc, 0x00, 0x00, 0x00, 0x00, 0x01, 0x01, 0x00,
  0x00, 0xe2, 0x0f, 0x04, 0x21, 0x72, 0xbd, 0xe9, 0xbd, 0x00, 0x00, 0x00,
  0x00, 0x01, 0x01, 0x00, 0x00, 0xe2, 0x0f, 0x04, 0x21, 0x72, 0xc0, 0xe9,
  0xc0, 0x00, 0x00, 0x00, 0x00, 0x01, 0x01, 0x00, 0x00, 0xe2, 0x0f, 0x04,
  0x21, 0x72, 0xc1, 0xe9, 0xc1, 0x00, 0x00, 0x00, 0x00, 0x01, 0x01, 0x00,
  0x00, 0xe2, 0x0f, 0x04, 0x21, 0x72, 0xc4, 0xe9, 0xc4, 0x00, 0x00, 0x00,
  0x00, 0x01, 0x01, 0x00, 0x00, 0xe2, 0x0f, 0x04, 0x21, 0x72, 0xc5, 0xe9,
  0xc5, 0x00, 0x00, 0x00, 0x00, 0x01, 0x01, 0x00, 0x00, 0xe2, 0x0f, 0x00,
  0x20, 0x78, 0xb8, 0xb8, 0x3b, 0xaa, 0xb8, 0x3f, 0x00, 0x00, 0x41, 0x00,
  0x00, 0xe2, 0x0f, 0x00, 0x20, 0x78, 0xb9, 0xb9, 0x3b, 0xaa, 0xb8, 0x3f,
  0x00, 0x00, 0x41, 0x00, 0x00, 0xe2, 0x0f, 0x00, 0x20, 0x78, 0xbc, 0xbc,
  0x3b, 0xaa, 0xb8, 0x3f, 0x00, 0x00, 0x41, 0x00, 0x00, 0xe2, 0x0f, 0x00,
  0x20, 0x78, 0xbd, 0xbd, 0x3b, 0xaa, 0xb8, 0x3f, 0x00, 0x00, 0x41, 0x00,
  0x00, 0xe2, 0x0f, 0x00, 0x08, 0x72, 0xe9, 0xea, 0xff, 0x00, 0x00, 0x00,
  0x00, 0x00, 0x00, 0x00, 0x00, 0xe2, 0x0f, 0x00, 0x20, 0x78, 0xc0, 0xc0,
  0x3b, 0xaa, 0xb8, 0x3f, 0x00, 0x00, 0x41, 0x00, 0x00, 0xe2, 0x0f, 0x00,
  0x20, 0x78, 0xc1, 0xc1, 0x3b, 0xaa, 0xb8, 0x3f, 0x00, 0x00, 0x41, 0x00,
  0x00, 0xe2, 0x0f, 0x00, 0x20, 0x78, 0xc4, 0xc4, 0x3b, 0xaa, 0xb8, 0x3f,
  0x00, 0x00, 0x41, 0x00, 0x00, 0xe2, 0x0f, 0x00, 0x20, 0x78, 0xc5, 0xc5,
  0x3b, 0xaa, 0xb8, 0x3f, 0x00, 0x00, 0x41, 0x00, 0x00, 0xe2, 0x0f, 0x00,
  0x21, 0x72, 0xba, 0xe9, 0xba, 0x00, 0x00, 0x00, 0x00, 0x01, 0x01, 0x00,
  0x00, 0xe2, 0x0f, 0x04, 0x21, 0x72, 0xbb, 0xe9, 0xbb, 0x00, 0x00, 0x00,
  0x00, 0x01, 0x01, 0x00, 0x00, 0xe2, 0x0f, 0x04, 0x21, 0x72, 0xbe, 0xe9,
  0xbe, 0x00, 0x00, 0x00, 0x00, 0x01, 0x01, 0x00, 0x00, 0xe2, 0x0f, 0x04,
  0x21, 0x72, 0xbf, 0xe9, 0xbf, 0x00, 0x00, 0x00, 0x00, 0x01, 0x01, 0x00,
  0x00, 0xe2, 0x0f, 0x00, 0x08, 0x73, 0xb8, 0x00, 0xb8, 0x00, 0x00, 0x00,
  0x00, 0x08, 0x00, 0x00, 0x00, 0xe2, 0x0f, 0x00, 0x20, 0x78, 0xba, 0xba,
  0x3b, 0xaa, 0xb8, 0x3f, 0x00, 0x00, 0x41, 0x00, 0x00, 0xe2, 0x0f, 0x00,
  0x20, 0x78, 0xbb, 0xbb, 0x3b, 0xaa, 0xb8, 0x3f, 0x00, 0x00, 0x41, 0x00,
  0x00, 0xe2, 0x0f, 0x00, 0x20, 0x78, 0xbe, 0xbe, 0x3b, 0xaa, 0xb8, 0x3f,
  0x00, 0x00, 0x41, 0x00, 0x00, 0xe2, 0x0f, 0x00, 0x20, 0x78, 0xbf, 0xbf,
  0x3b, 0xaa, 0xb8, 0x3f, 0x00, 0x00, 0x41, 0x00, 0x00, 0xe2, 0x0f, 0x00,
  0x21, 0x72, 0xc2, 0xe9, 0xc2, 0x00, 0x00, 0x00, 0x00, 0x01, 0x01, 0x00,
  0x00, 0xe2, 0x0f, 0x04, 0x21, 0x72, 0xc3, 0xe9, 0xc3, 0x00, 0x00, 0x00,
  0x00, 0x01, 0x01, 0x00, 0x00, 0xe2, 0x0f, 0x04, 0x21, 0x72, 0xc6, 0xe9,
  0xc6, 0x00, 0x00, 0x00, 0x00, 0x01, 0x01, 0x00, 0x00, 0xe2, 0x0f, 0x04,
  0x08, 0x73, 0xb9, 0x00, 0xb9, 0x00, 0x00, 0x00, 0x00, 0x08, 0x00, 0x00,
  0x00, 0x62, 0x0e, 0x00, 0x21, 0x72, 0xdf, 0xe9, 0xdf, 0x00, 0x00, 0x00,
  0x00, 0x01, 0x01, 0x00, 0x00, 0xe2, 0x0f, 0x00, 0x20, 0x78, 0xc2, 0xc2,
  0x3b, 0xaa, 0xb8, 0x3f, 0x00, 0x00, 0x41, 0x00, 0x00, 0xe2, 0x0f, 0x00,
  0x20, 0x78, 0xc3, 0xc3, 0x3b, 0xaa, 0xb8, 0x3f, 0x00, 0x00, 0x41, 0x00,
  0x00, 0xe2, 0x0f, 0x00, 0x20, 0x78, 0xc6, 0xc6, 0x3b, 0xaa, 0xb8, 0x3f,
  0x00, 0x00, 0x41, 0x00, 0x00, 0xe2, 0x0f, 0x00, 0x20, 0x78, 0xdf, 0xdf,
  0x3b, 0xaa, 0xb8, 0x3f, 0x00, 0x00, 0x41, 0x00, 0x00, 0xe2, 0x0f, 0x00,
  0x20, 0x78, 0xc7, 0xc7, 0x3b, 0xaa, 0xb8, 0x3f, 0x00, 0x00, 0x41, 0x00,
  0x00, 0xc4, 0x0f, 0x00, 0x08, 0x73, 0xbc, 0x00, 0xbc, 0x00, 0x00, 0x00,
  0x00, 0x08, 0x00, 0x00, 0x00, 0xf0, 0x0f, 0x00, 0x08, 0x73, 0xbd, 0x00,
  0xbd, 0x00, 0x00, 0x00, 0x00, 0x08, 0x00, 0x00, 0x00, 0xa2, 0x0e, 0x00,
  0x21, 0x72, 0xe9, 0xb8, 0xb9, 0x00, 0x00, 0x00, 0x00, 0x00, 0x01, 0x00,
  0x00, 0xc8, 0x2f, 0x00, 0x21, 0x72, 0xe9, 0xff, 0xe9, 0x00, 0x00, 0x00,
  0x00, 0x00, 0x01, 0x00, 0x00, 0xc6, 0x0f, 0x00, 0x08, 0x73, 0xc0, 0x00,
  0xc0, 0x00, 0x00, 0x00, 0x00, 0x08, 0x00, 0x00, 0x00, 0xf0, 0x0f, 0x00,
  0x08, 0x73, 0xc1, 0x00, 0xc1, 0x00, 0x00, 0x00, 0x00, 0x08, 0x00, 0x00,
  0x00, 0x62, 0x0e, 0x00, 0x21, 0x72, 0xea, 0xbc, 0xbd, 0x00, 0x00, 0x00,
  0x00, 0x00, 0x01, 0x00, 0x00, 0xc8, 0x4f, 0x00, 0x21, 0x72, 0xea, 0xff,
  0xea, 0x00, 0x00, 0x00, 0x00, 0x00, 0x01, 0x00, 0x00, 0xc6, 0x0f, 0x00,
  0x08, 0x73, 0xc4, 0x00, 0xc4, 0x00, 0x00, 0x00, 0x00, 0x08, 0x00, 0x00,
  0x00, 0xf0, 0x0f, 0x00, 0x08, 0x73, 0xc5, 0x00, 0xc5, 0x00, 0x00, 0x00,
  0x00, 0x08, 0x00, 0x00, 0x00, 0xa2, 0x0e, 0x00, 0x21, 0x72, 0xec, 0xc0,
  0xc1, 0x00, 0x00, 0x00, 0x00, 0x00, 0x01, 0x00, 0x00, 0xc8, 0x2f, 0x00,
  0x21, 0x72, 0xe9, 0xe9, 0xec, 0x00, 0x00, 0x00, 0x00, 0x00, 0x01, 0x00,
  0x00, 0xc6, 0x0f, 0x00, 0x08, 0x73, 0xba, 0x00, 0xba, 0x00, 0x00, 0x00,
  0x00, 0x08, 0x00, 0x00, 0x00, 0xf0, 0x0f, 0x00, 0x08, 0x73, 0xbb, 0x00,
  0xbb, 0x00, 0x00, 0x00, 0x00, 0x08, 0x00, 0x00, 0x00, 0x62, 0x0e, 0x00,
  0x21, 0x72, 0xeb, 0xc4, 0xc5, 0x00, 0x00, 0x00, 0x00, 0x00, 0x01, 0x00,
  0x00, 0xc8, 0x4f, 0x00, 0x21, 0x72, 0xea, 0xea, 0xeb, 0x00, 0x00, 0x00,
  0x00, 0x00, 0x01, 0x00, 0x00, 0xc6, 0x0f, 0x00, 0x08, 0x73, 0xbe, 0x00,
  0xbe, 0x00, 0x00, 0x00, 0x00, 0x08, 0x00, 0x00, 0x00, 0xe2, 0x0f, 0x00,
  0x21, 0x72, 0xe9, 0xe9, 0xea, 0x00, 0x00, 0x00, 0x00, 0x00, 0x01, 0x00,
  0x00, 0xca, 0x0f, 0x00, 0x89, 0x7f, 0xea, 0xe9, 0x00, 0x1f, 0x20, 0x0c,
  0x00, 0x00, 0x0e, 0x00, 0x00, 0xa4, 0x0e, 0x00, 0x08, 0x73, 0xbf, 0x00,
  0xbf, 0x00, 0x00, 0x00, 0x00, 0x08, 0x00, 0x00, 0x00, 0xe2, 0x0e, 0x00,
  0x21, 0x72, 0xec, 0xba, 0xbb, 0x00, 0x00, 0x00, 0x00, 0x00, 0x01, 0x00,
  0x00, 0xc8, 0x2f, 0x00, 0x21, 0x72, 0xec, 0xff, 0xec, 0x00, 0x00, 0x00,
  0x00, 0x00, 0x01, 0x00, 0x00, 0xc6, 0x0f, 0x00, 0x08, 0x73, 0xc2, 0x00,
  0xc2, 0x00, 0x00, 0x00, 0x00, 0x08, 0x00, 0x00, 0x00, 0xf0, 0x0f, 0x00,
  0x08, 0x73, 0xc3, 0x00, 0xc3, 0x00, 0x00, 0x00, 0x00, 0x08, 0x00, 0x00,
  0x00, 0x62, 0x0e, 0x00, 0x21, 0x72, 0xeb, 0xbe, 0xbf, 0x00, 0x00, 0x00,
  0x00, 0x00, 0x01, 0x00, 0x00, 0xc8, 0x8f, 0x00, 0x21, 0x72, 0xeb, 0xff,
  0xeb, 0x00, 0x00, 0x00, 0x00, 0x00, 0x01, 0x00, 0x00, 0xe2, 0x0f, 0x00,
  0x21, 0x72, 0xea, 0xe9, 0xea, 0x00, 0x00, 0x00, 0x00, 0x00, 0x01, 0x00,
  0x00, 0xe4, 0x4f, 0x00, 0x08, 0x73, 0xc6, 0x00, 0xc6, 0x00, 0x00, 0x00,
  0x00, 0x08, 0x00, 0x00, 0x00, 0xf0, 0x0f, 0x00, 0x08, 0x73, 0xdf, 0x00,
  0xdf, 0x00, 0x00, 0x00, 0x00, 0x08, 0x00, 0x00, 0x00, 0xa2, 0x0e, 0x00,
  0x21, 0x72, 0xed, 0xc2, 0xc3, 0x00, 0x00, 0x00, 0x00, 0x00, 0x01, 0x00,
  0x00, 0xc8, 0x2f, 0x00, 0x21, 0x72, 0xec, 0xec, 0xed, 0x00, 0x00, 0x00,
  0x00, 0x00, 0x01, 0x00, 0x00, 0xe4, 0x0f, 0x00, 0x89, 0x7f, 0xed, 0xea,
  0x00, 0x1f, 0x40, 0x0c, 0x00, 0x00, 0x0e, 0x00, 0x00, 0x62, 0x0e, 0x00,
  0x08, 0x73, 0xe8, 0x00, 0xe8, 0x00, 0x00, 0x00, 0x00, 0x08, 0x00, 0x00,
  0x00, 0xe2, 0x0e, 0x00, 0x21, 0x72, 0xee, 0xc6, 0xdf, 0x00, 0x00, 0x00,
  0x00, 0x00, 0x01, 0x00, 0x00, 0xce, 0x4f, 0x00, 0x08, 0x73, 0xc7, 0x00,
  0xc7, 0x00, 0x00, 0x00, 0x00, 0x08, 0x00, 0x00, 0x00, 0xa2, 0x0e, 0x00,
  0x21, 0x72, 0xeb, 0xeb, 0xee, 0x00, 0x00, 0x00, 0x00, 0x00, 0x01, 0x00,
  0x00, 0xc8, 0x0f, 0x00, 0x21, 0x72, 0xeb, 0xec, 0xeb, 0x00, 0x00, 0x00,
  0x00, 0x00, 0x01, 0x00, 0x00, 0xe2, 0x0f, 0x00, 0x20, 0x72, 0x2c, 0x2c,
  0xe8, 0x00, 0x00, 0x00, 0x00, 0x00, 0x41, 0x00, 0x00, 0xe2, 0x8f, 0x08,
  0x20, 0x72, 0x2d, 0x2d, 0xe8, 0x00, 0x00, 0x00, 0x00, 0x00, 0x41, 0x00,
  0x00, 0xe2, 0x0f, 0x08, 0x20, 0x72, 0x30, 0x30, 0xe8, 0x00, 0x00, 0x00,
  0x00, 0x00, 0x41, 0x00, 0x00, 0xe2, 0x0f, 0x08, 0x20, 0x72, 0x31, 0x31,
  0xe8, 0x00, 0x00, 0x00, 0x00, 0x00, 0x41, 0x00, 0x00, 0xe2, 0x0f, 0x08,
  0x89, 0x7f, 0xec, 0xeb, 0x00, 0x1f, 0x20, 0x0c, 0x00, 0x00, 0x0e, 0x00,
  0x00, 0xe2, 0x0e, 0x00, 0x20, 0x72, 0x34, 0x34, 0xe8, 0x00, 0x00, 0x00,
  0x00, 0x00, 0x41, 0x00, 0x00, 0xe2, 0x0f, 0x08, 0x21, 0x72, 0xed, 0xea,
  0xed, 0x00, 0x00, 0x00, 0x00, 0x00, 0x01, 0x00, 0x00, 0xe2, 0x2f, 0x00,
  0x20, 0x72, 0x35, 0x35, 0xe8, 0x00, 0x00, 0x00, 0x00, 0x00, 0x41, 0x00,
  0x00, 0xe2, 0x0f, 0x08, 0x20, 0x72, 0x38, 0x38, 0xe8, 0x00, 0x00, 0x00,
  0x00, 0x00, 0x41, 0x00, 0x00, 0xe2, 0x0f, 0x08, 0x20, 0x72, 0x39, 0x39,
  0xe8, 0x00, 0x00, 0x00, 0x00, 0x00, 0x41, 0x00, 0x00, 0xe2, 0x0f, 0x08,
  0x23, 0x72, 0xcb, 0xe8, 0xcb, 0x00, 0x00, 0x00, 0xed, 0x00, 0x01, 0x00,
  0x00, 0xe2, 0x0f, 0x00, 0x20, 0x72, 0x3c, 0x3c, 0xe8, 0x00, 0x00, 0x00,
  0x00, 0x00, 0x41, 0x00, 0x00, 0xe2, 0x0f, 0x08, 0x20, 0x72, 0x3d, 0x3d,
  0xe8, 0x00, 0x00, 0x00, 0x00, 0x00, 0x41, 0x00, 0x00, 0xe2, 0x0f, 0x08,
  0x20, 0x72, 0x40, 0x40, 0xe8, 0x00, 0x00, 0x00, 0x00, 0x00, 0x41, 0x00,
  0x00, 0xe2, 0x0f, 0x08, 0x20, 0x72, 0x41, 0x41, 0xe8, 0x00, 0x00, 0x00,
  0x00, 0x00, 0x41, 0x00, 0x00, 0xe2, 0x0f, 0x08, 0x20, 0x72, 0x44, 0x44,
  0xe8, 0x00, 0x00, 0x00, 0x00, 0x00, 0x41, 0x00, 0x00, 0xe2, 0x0f, 0x08,
  0x20, 0x72, 0x45, 0x45, 0xe8, 0x00, 0x00, 0x00, 0x00, 0x00, 0x41, 0x00,
  0x00, 0xe2, 0x0f, 0x08, 0x20, 0x72, 0x48, 0x48, 0xe8, 0x00, 0x00, 0x00,
  0x00, 0x00, 0x41, 0x00, 0x00, 0xe2, 0x0f, 0x08, 0x20, 0x72, 0x49, 0x49,
  0xe8, 0x00, 0x00, 0x00, 0x00, 0x00, 0x41, 0x00, 0x00, 0xe2, 0x0f, 0x08,
  0x20, 0x72, 0x4c, 0x4c, 0xe8, 0x00, 0x00, 0x00, 0x00, 0x00, 0x41, 0x00,
  0x00, 0xe2, 0x0f, 0x08, 0x20, 0x72, 0x4d, 0x4d, 0xe8, 0x00, 0x00, 0x00,
  0x00, 0x00, 0x41, 0x00, 0x00, 0xe2, 0x0f, 0x08, 0x20, 0x72, 0x50, 0x50,
  0xe8, 0x00, 0x00, 0x00, 0x00, 0x00, 0x41, 0x00, 0x00, 0xe2, 0x0f, 0x08,
  0x20, 0x72, 0x51, 0x51, 0xe8, 0x00, 0x00, 0x00, 0x00, 0x00, 0x41, 0x00,
  0x00, 0xe2, 0x0f, 0x08, 0x20, 0x72, 0x54, 0x54, 0xe8, 0x00, 0x00, 0x00,
  0x00, 0x00, 0x41, 0x00, 0x00, 0xe2, 0x0f, 0x08, 0x20, 0x72, 0x55, 0x55,
  0xe8, 0x00, 0x00, 0x00, 0x00, 0x00, 0x41, 0x00, 0x00, 0xe2, 0x0f, 0x08,
  0x20, 0x72, 0x58, 0x58, 0xe8, 0x00, 0x00, 0x00, 0x00, 0x00, 0x41, 0x00,
  0x00, 0xe2, 0x0f, 0x08, 0x20, 0x72, 0x59, 0x59, 0xe8, 0x00, 0x00, 0x00,
  0x00, 0x00, 0x41, 0x00, 0x00, 0xe2, 0x0f, 0x08, 0x20, 0x72, 0x5c, 0x5c,
  0xe8, 0x00, 0x00, 0x00, 0x00, 0x00, 0x41, 0x00, 0x00, 0xe2, 0x0f, 0x08,
  0x21, 0x72, 0xec, 0xeb, 0xec, 0x00, 0x00, 0x00, 0x00, 0x00, 0x01, 0x00,
  0x00, 0xe2, 0x8f, 0x00, 0x20, 0x72, 0x5d, 0x5d, 0xe8, 0x00, 0x00, 0x00,
  0x00, 0x00, 0x41, 0x00, 0x00, 0xe2, 0x0f, 0x08, 0x20, 0x72, 0x60, 0x60,
  0xe8, 0x00, 0x00, 0x00, 0x00, 0x00, 0x41, 0x00, 0x00, 0xe2, 0x0f, 0x08,
  0x20, 0x72, 0x61, 0x61, 0xe8, 0x00, 0x00, 0x00, 0x00, 0x00, 0x41, 0x00,
  0x00, 0xe2, 0x0f, 0x08, 0x20, 0x72, 0xa0, 0xa0, 0xe8, 0x00, 0x00, 0x00,
  0x00, 0x00, 0x41, 0x00, 0x00, 0xe2, 0x0f, 0x08, 0x89, 0x7f, 0xef, 0xec,
  0x00, 0x1f, 0x40, 0x0c, 0x00, 0x00, 0x0e, 0x00, 0x00, 0x62, 0x0e, 0x00,
  0x20, 0x72, 0xa1, 0xa1, 0xe8, 0x00, 0x00, 0x00, 0x00, 0x00, 0x41, 0x00,
  0x00, 0xe2, 0x0f, 0x08, 0x20, 0x72, 0xa4, 0xa4, 0xe8, 0x00, 0x00, 0x00,
  0x00, 0x00, 0x41, 0x00, 0x00, 0xe2, 0x0f, 0x08, 0x20, 0x72, 0xa5, 0xa5,
  0xe8, 0x00, 0x00, 0x00, 0x00, 0x00, 0x41, 0x00, 0x00, 0xe2, 0x0f, 0x08,
  0x20, 0x72, 0xa8, 0xa8, 0xe8, 0x00, 0x00, 0x00, 0x00, 0x00, 0x41, 0x00,
  0x00, 0xe2, 0x0f, 0x08, 0x20, 0x72, 0xa9, 0xa9, 0xe8, 0x00, 0x00, 0x00,
  0x00, 0x00, 0x41, 0x00, 0x00, 0xe2, 0x0f, 0x08, 0x20, 0x72, 0xac, 0xac,
  0xe8, 0x00, 0x00, 0x00, 0x00, 0x00, 0x41, 0x00, 0x00, 0xe2, 0x0f, 0x08,
  0x20, 0x72, 0xad, 0xad, 0xe8, 0x00, 0x00, 0x00, 0x00, 0x00, 0x41, 0x00,
  0x00, 0xe2, 0x0f, 0x08, 0x20, 0x72, 0xb0, 0xb0, 0xe8, 0x00, 0x00, 0x00,
  0x00, 0x00, 0x41, 0x00, 0x00, 0xe2, 0x0f, 0x08, 0x20, 0x72, 0xb1, 0xb1,
  0xe8, 0x00, 0x00, 0x00, 0x00, 0x00, 0x41, 0x00, 0x00, 0xe2, 0x0f, 0x08,
  0x20, 0x72, 0xb4, 0xb4, 0xe8, 0x00, 0x00, 0x00, 0x00, 0x00, 0x41, 0x00,
  0x00, 0xe2, 0x0f, 0x08, 0x20, 0x72, 0xb5, 0xb5, 0xe8, 0x00, 0x00, 0x00,
  0x00, 0x00, 0x41, 0x00, 0x00, 0xe2, 0x0f, 0x00, 0x20, 0x72, 0x2e, 0x2e,
  0xc7, 0x00, 0x00, 0x00, 0x00, 0x00, 0x41, 0x00, 0x00, 0xe2, 0x4f, 0x08,
  0x20, 0x72, 0x2f, 0x2f, 0xc7, 0x00, 0x00, 0x00, 0x00, 0x00, 0x41, 0x00,
  0x00, 0xe2, 0x0f, 0x08, 0x20, 0x72, 0x32, 0x32, 0xc7, 0x00, 0x00, 0x00,
  0x00, 0x00, 0x41, 0x00, 0x00, 0xe2, 0x0f, 0x08, 0x20, 0x72, 0x33, 0x33,
  0xc7, 0x00, 0x00, 0x00, 0x00, 0x00, 0x41, 0x00, 0x00, 0xe2, 0x0f, 0x08,
  0x20, 0x72, 0x36, 0x36, 0xc7, 0x00, 0x00, 0x00, 0x00, 0x00, 0x41, 0x00,
  0x00, 0xe2, 0x0f, 0x08, 0x20, 0x72, 0x37, 0x37, 0xc7, 0x00, 0x00, 0x00,
  0x00, 0x00, 0x41, 0x00, 0x00, 0xe2, 0x0f, 0x08, 0x20, 0x72, 0x3a, 0x3a,
  0xc7, 0x00, 0x00, 0x00, 0x00, 0x00, 0x41, 0x00, 0x00, 0xe2, 0x0f, 0x08,
  0x20, 0x72, 0x3b, 0x3b, 0xc7, 0x00, 0x00, 0x00, 0x00, 0x00, 0x41, 0x00,
  0x00, 0xe2, 0x0f, 0x08, 0x20, 0x72, 0x3e, 0x3e, 0xc7, 0x00, 0x00, 0x00,
  0x00, 0x00, 0x41, 0x00, 0x00, 0xe2, 0x0f, 0x08, 0x20, 0x72, 0x3f, 0x3f,
  0xc7, 0x00, 0x00, 0x00, 0x00, 0x00, 0x41, 0x00, 0x00, 0xe2, 0x0f, 0x08,
  0x20, 0x72, 0x42, 0x42, 0xc7, 0x00, 0x00, 0x00, 0x00, 0x00, 0x41, 0x00,
  0x00, 0xe2, 0x0f, 0x08, 0x20, 0x72, 0x43, 0x43, 0xc7, 0x00, 0x00, 0x00,
  0x00, 0x00, 0x41, 0x00, 0x00, 0xe2, 0x0f, 0x08, 0x21, 0x72, 0xee, 0xec,
  0xef, 0x00, 0x00, 0x00, 0x00, 0x00, 0x01, 0x00, 0x00, 0xe2, 0x2f, 0x00,
  0x20, 0x72, 0x46, 0x46, 0xc7, 0x00, 0x00, 0x00, 0x00, 0x00, 0x41, 0x00,
  0x00, 0xe2, 0x0f, 0x08, 0x20, 0x72, 0x47, 0x47, 0xc7, 0x00, 0x00, 0x00,
  0x00, 0x00, 0x41, 0x00, 0x00, 0xe2, 0x0f, 0x08, 0x20, 0x72, 0x4a, 0x4a,
  0xc7, 0x00, 0x00, 0x00, 0x00, 0x00, 0x41, 0x00, 0x00, 0xe2, 0x0f, 0x08,
  0x23, 0x72, 0xcc, 0xc7, 0xcc, 0x00, 0x00, 0x00, 0xee, 0x00, 0x01, 0x00,
  0x00, 0xe2, 0x0f, 0x00, 0x20, 0x72, 0x4b, 0x4b, 0xc7, 0x00, 0x00, 0x00,
  0x00, 0x00, 0x41, 0x00, 0x00, 0xe2, 0x0f, 0x08, 0x20, 0x72, 0x4e, 0x4e,
  0xc7, 0x00, 0x00, 0x00, 0x00, 0x00, 0x41, 0x00, 0x00, 0xe2, 0x0f, 0x08,
  0x20, 0x72, 0x4f, 0x4f, 0xc7, 0x00, 0x00, 0x00, 0x00, 0x00, 0x41, 0x00,
  0x00, 0xe2, 0x0f, 0x08, 0x20, 0x72, 0x52, 0x52, 0xc7, 0x00, 0x00, 0x00,
  0x00, 0x00, 0x41, 0x00, 0x00, 0xe2, 0x0f, 0x08, 0x20, 0x72, 0x53, 0x53,
  0xc7, 0x00, 0x00, 0x00, 0x00, 0x00, 0x41, 0x00, 0x00, 0xe2, 0x0f, 0x08,
  0x20, 0x72, 0x56, 0x56, 0xc7, 0x00, 0x00, 0x00, 0x00, 0x00, 0x41, 0x00,
  0x00, 0xe2, 0x0f, 0x08, 0x20, 0x72, 0x57, 0x57, 0xc7, 0x00, 0x00, 0x00,
  0x00, 0x00, 0x41, 0x00, 0x00, 0xe2, 0x0f, 0x08, 0x20, 0x72, 0x5a, 0x5a,
  0xc7, 0x00, 0x00, 0x00, 0x00, 0x00, 0x41, 0x00, 0x00, 0xe2, 0x0f, 0x08,
  0x20, 0x72, 0x5b, 0x5b, 0xc7, 0x00, 0x00, 0x00, 0x00, 0x00, 0x41, 0x00,
  0x00, 0xe2, 0x0f, 0x08, 0x20, 0x72, 0x5e, 0x5e, 0xc7, 0x00, 0x00, 0x00,
  0x00, 0x00, 0x41, 0x00, 0x00, 0xe2, 0x0f, 0x08, 0x20, 0x72, 0x5f, 0x5f,
  0xc7, 0x00, 0x00, 0x00, 0x00, 0x00, 0x41, 0x00, 0x00, 0xe2, 0x0f, 0x08,
  0x20, 0x72, 0x62, 0x62, 0xc7, 0x00, 0x00, 0x00, 0x00, 0x00, 0x41, 0x00,
  0x00, 0xe2, 0x0f, 0x08, 0x20, 0x72, 0x63, 0x63, 0xc7, 0x00, 0x00, 0x00,
  0x00, 0x00, 0x41, 0x00, 0x00, 0xe2, 0x0f, 0x08, 0x20, 0x72, 0xa2, 0xa2,
  0xc7, 0x00, 0x00, 0x00, 0x00, 0x00, 0x41, 0x00, 0x00, 0xe2, 0x0f, 0x08,
  0x20, 0x72, 0xa3, 0xa3, 0xc7, 0x00, 0x00, 0x00, 0x00, 0x00, 0x41, 0x00,
  0x00, 0xe2, 0x0f, 0x08, 0x20, 0x72, 0xa6, 0xa6, 0xc7, 0x00, 0x00, 0x00,
  0x00, 0x00, 0x41, 0x00, 0x00, 0xe2, 0x0f, 0x08, 0x20, 0x72, 0xa7, 0xa7,
  0xc7, 0x00, 0x00, 0x00, 0x00, 0x00, 0x41, 0x00, 0x00, 0xe2, 0x0f, 0x08,
  0x20, 0x72, 0xaa, 0xaa, 0xc7, 0x00, 0x00, 0x00, 0x00, 0x00, 0x41, 0x00,
  0x00, 0xe2, 0x0f, 0x08, 0x20, 0x72, 0xab, 0xab, 0xc7, 0x00, 0x00, 0x00,
  0x00, 0x00, 0x41, 0x00, 0x00, 0xe2, 0x0f, 0x08, 0x20, 0x72, 0xae, 0xae,
  0xc7, 0x00, 0x00, 0x00, 0x00, 0x00, 0x41, 0x00, 0x00, 0xe2, 0x0f, 0x08,
  0x20, 0x72, 0xaf, 0xaf, 0xc7, 0x00, 0x00, 0x00, 0x00, 0x00, 0x41, 0x00,
  0x00, 0xe2, 0x0f, 0x08, 0x20, 0x72, 0xb2, 0xb2, 0xc7, 0x00, 0x00, 0x00,
  0x00, 0x00, 0x41, 0x00, 0x00, 0xe2, 0x0f, 0x08, 0x20, 0x72, 0xb3, 0xb3,
  0xc7, 0x00, 0x00, 0x00, 0x00, 0x00, 0x41, 0x00, 0x00, 0xe2, 0x0f, 0x08,
  0x20, 0x72, 0xb6, 0xb6, 0xc7, 0x00, 0x00, 0x00, 0x00, 0x00, 0x41, 0x00,
  0x00, 0xe2, 0x0f, 0x08, 0x20, 0x72, 0xb7, 0xb7, 0xc7, 0x00, 0x00, 0x00,
  0x00, 0x00, 0x41, 0x00, 0x00, 0xe2, 0x0f, 0x00, 0x47, 0x79, 0x00, 0x00,
  0x80, 0x05, 0x00, 0x00, 0x00, 0x00, 0x80, 0x03, 0x00, 0xea, 0x0f, 0x00,
  0x89, 0x7f, 0xc7, 0xec, 0x00, 0x1f, 0x20, 0x0c, 0x00, 0x00, 0x0e, 0x00,
  0x00, 0x68, 0x0e, 0x00, 0x89, 0x7f, 0xcb, 0xed, 0x00, 0x1f, 0x20, 0x0c,
  0x00, 0x00, 0x0e, 0x00, 0x00, 0xa2, 0x0e, 0x00, 0x09, 0x72, 0xca, 0xec,
  0xc7, 0x00, 0x00, 0x00, 0x00, 0x00, 0x81, 0x07, 0x00, 0xc4, 0x2f, 0x00,
  0x09, 0x72, 0xcb, 0xed, 0xcb, 0x00, 0x00, 0x00, 0x00, 0x00, 0x81, 0x07,
  0x00, 0xc6, 0x4f, 0x00, 0x89, 0x7f, 0xc9, 0xca, 0x00, 0x1f, 0x40, 0x0c,
  0x00, 0x00, 0x0e, 0x00, 0x00, 0x68, 0x0e, 0x00, 0x89, 0x7f, 0xcc, 0xcb,
  0x00, 0x1f, 0x40, 0x0c, 0x00, 0x00, 0x0e, 0x00, 0x00, 0xa2, 0x0e, 0x00,
  0x09, 0x72, 0xc9, 0xca, 0xc9, 0x00, 0x00, 0x00, 0x00, 0x00, 0x81, 0x07,
  0x00, 0xe4, 0x2f, 0x00, 0x09, 0x72, 0xca, 0xcb, 0xcc, 0x00, 0x00, 0x00,
  0x00, 0x00, 0x81, 0x07, 0x00, 0xc6, 0x4f, 0x00, 0x21, 0x74, 0xc7, 0xc9,
  0x18, 0x72, 0xb1, 0xc0, 0x00, 0x00, 0x01, 0x00, 0x00, 0xe2, 0x0f, 0x04,
  0x0b, 0x78, 0x00, 0xc9, 0xff, 0xff, 0x7f, 0xff, 0x00, 0xd0, 0xf1, 0x03,
  0x00, 0xe2, 0x0f, 0x00, 0x21, 0x74, 0xcb, 0xca, 0x18, 0x72, 0xb1, 0xc0,
  0x00, 0x00, 0x01, 0x00, 0x00, 0xc6, 0x0f, 0x00, 0x08, 0x72, 0xc7, 0xc7,
  0xff, 0x00, 0x00, 0x00, 0x00, 0x00, 0x00, 0x00, 0x00, 0xe4, 0x0f, 0x00,
  0x0b, 0x78, 0x00, 0xca, 0xff, 0xff, 0x7f, 0xff, 0x00, 0xd0, 0xf1, 0x03,
  0x00, 0xc6, 0x0f, 0x00, 0x21, 0x72, 0xb8, 0xc7, 0xb8, 0x00, 0x00, 0x00,
  0x00, 0x01, 0x01, 0x00, 0x00, 0xe2, 0x0f, 0x00, 0x08, 0x72, 0xcb, 0xcb,
  0xff, 0x00, 0x00, 0x00, 0x00, 0x00, 0x00, 0x00, 0x00, 0xe2, 0x0f, 0x00,
  0x21, 0x72, 0xb9, 0xc7, 0xb9, 0x00, 0x00, 0x00, 0x00, 0x01, 0x01, 0x00,
  0x00, 0xe2, 0x0f, 0x04, 0x21, 0x72, 0xbc, 0xc7, 0xbc, 0x00, 0x00, 0x00,
  0x00, 0x01, 0x01, 0x00, 0x00, 0xe2, 0x0f, 0x04, 0x21, 0x72, 0xbd, 0xc7,
  0xbd, 0x00, 0x00, 0x00, 0x00, 0x01, 0x01, 0x00, 0x00, 0xe2, 0x0f, 0x00,
  0x20, 0x78, 0xb8, 0xb8, 0x3b, 0xaa, 0xb8, 0x3f, 0x00, 0x00, 0x41, 0x00,
  0x00, 0xe2, 0x0f, 0x00, 0x21, 0x72, 0xba, 0xcb, 0xba, 0x00, 0x00, 0x00,
  0x00, 0x01, 0x01, 0x00, 0x00, 0xe2, 0x0f, 0x04, 0x21, 0x72, 0xbb, 0xcb,
  0xbb, 0x00, 0x00, 0x00, 0x00, 0x01, 0x01, 0x00, 0x00, 0xe2, 0x0f, 0x04,
  0x21, 0x72, 0xbe, 0xcb, 0xbe, 0x00, 0x00, 0x00, 0x00, 0x01, 0x01, 0x00,
  0x00, 0xe2, 0x0f, 0x04, 0x21, 0x72, 0xbf, 0xcb, 0xbf, 0x00, 0x00, 0x00,
  0x00, 0x01, 0x01, 0x00, 0x00, 0xe2, 0x0f, 0x00, 0x20, 0x78, 0xb9, 0xb9,
  0x3b, 0xaa, 0xb8, 0x3f, 0x00, 0x00, 0x41, 0x00, 0x00, 0xe2, 0x0f, 0x00,
  0x20, 0x78, 0xbc, 0xbc, 0x3b, 0xaa, 0xb8, 0x3f, 0x00, 0x00, 0x41, 0x00,
  0x00, 0xe2, 0x0f, 0x00, 0x20, 0x78, 0xbd, 0xbd, 0x3b, 0xaa, 0xb8, 0x3f,
  0x00, 0x00, 0x41, 0x00, 0x00, 0xe2, 0x0f, 0x00, 0x21, 0x72, 0xc0, 0xc7,
  0xc0, 0x00, 0x00, 0x00, 0x00, 0x01, 0x01, 0x00, 0x00, 0xe2, 0x0f, 0x04,
  0x21, 0x72, 0xc1, 0xc7, 0xc1, 0x00, 0x00, 0x00, 0x00, 0x01, 0x01, 0x00,
  0x00, 0xe2, 0x0f, 0x04, 0x21, 0x72, 0xc4, 0xc7, 0xc4, 0x00, 0x00, 0x00,
  0x00, 0x01, 0x01, 0x00, 0x00, 0xe2, 0x0f, 0x04, 0x21, 0x72, 0xc5, 0xc7,
  0xc5, 0x00, 0x00, 0x00, 0x00, 0x01, 0x01, 0x00, 0x00, 0xe2, 0x0f, 0x00,
  0x20, 0x78, 0xba, 0xba, 0x3b, 0xaa, 0xb8, 0x3f, 0x00, 0x00, 0x41, 0x00,
  0x00, 0xe2, 0x0f, 0x00, 0x20, 0x78, 0xbb, 0xbb, 0x3b, 0xaa, 0xb8, 0x3f,
  0x00, 0x00, 0x41, 0x00, 0x00, 0xe2, 0x0f, 0x00, 0x20, 0x78, 0xbe, 0xbe,
  0x3b, 0xaa, 0xb8, 0x3f, 0x00, 0x00, 0x41, 0x00, 0x00, 0xe2, 0x0f, 0x00,
  0x20, 0x78, 0xbf, 0xbf, 0x3b, 0xaa, 0xb8, 0x3f, 0x00, 0x00, 0x41, 0x00,
  0x00, 0xe2, 0x0f, 0x00, 0x21, 0x72, 0xc2, 0xcb, 0xc2, 0x00, 0x00, 0x00,
  0x00, 0x01, 0x01, 0x00, 0x00, 0xe2, 0x0f, 0x04, 0x21, 0x72, 0xc3, 0xcb,
  0xc3, 0x00, 0x00, 0x00, 0x00, 0x01, 0x01, 0x00, 0x00, 0xe2, 0x0f, 0x04,
  0x21, 0x72, 0xc6, 0xcb, 0xc6, 0x00, 0x00, 0x00, 0x00, 0x01, 0x01, 0x00,
  0x00, 0xe2, 0x0f, 0x04, 0x21, 0x72, 0xcb, 0xcb, 0xdf, 0x00, 0x00, 0x00,
  0x00, 0x01, 0x01, 0x00, 0x00, 0xe2, 0x0f, 0x00, 0x20, 0x78, 0xc0, 0xc0,
  0x3b, 0xaa, 0xb8, 0x3f, 0x00, 0x00, 0x41, 0x00, 0x00, 0xe2, 0x0f, 0x00,
  0x20, 0x78, 0xc1, 0xc1, 0x3b, 0xaa, 0xb8, 0x3f, 0x00, 0x00, 0x41, 0x00,
  0x00, 0xe2, 0x0f, 0x00, 0x20, 0x78, 0xc4, 0xc4, 0x3b, 0xaa, 0xb8, 0x3f,
  0x00, 0x00, 0x41, 0x00, 0x00, 0xe2, 0x0f, 0x00, 0x20, 0x78, 0xc5, 0xc5,
  0x3b, 0xaa, 0xb8, 0x3f, 0x00, 0x00, 0x41, 0x00, 0x00, 0xe2, 0x0f, 0x00,
  0x20, 0x78, 0xc2, 0xc2, 0x3b, 0xaa, 0xb8, 0x3f, 0x00, 0x00, 0x41, 0x00,
  0x00, 0xe2, 0x0f, 0x00, 0x20, 0x78, 0xc3, 0xc3, 0x3b, 0xaa, 0xb8, 0x3f,
  0x00, 0x00, 0x41, 0x00, 0x00, 0xe2, 0x0f, 0x00, 0x20, 0x78, 0xc6, 0xc6,
  0x3b, 0xaa, 0xb8, 0x3f, 0x00, 0x00, 0x41, 0x00, 0x00, 0xe2, 0x0f, 0x00,
  0x08, 0x73, 0xb8, 0x00, 0xb8, 0x00, 0x00, 0x00, 0x00, 0x08, 0x00, 0x00,
  0x00, 0xe2, 0x0f, 0x00, 0x20, 0x78, 0xcb, 0xcb, 0x3b, 0xaa, 0xb8, 0x3f,
  0x00, 0x00, 0x41, 0x00, 0x00, 0xce, 0x0f, 0x00, 0x08, 0x73, 0xb9, 0x00,
  0xb9, 0x00, 0x00, 0x00, 0x00, 0x08, 0x00, 0x00, 0x00, 0x70, 0x0e, 0x00,
  0x08, 0x73, 0xbc, 0x00, 0xbc, 0x00, 0x00, 0x00, 0x00, 0x08, 0x00, 0x00,
  0x00, 0xf0, 0x0f, 0x00, 0x08, 0x73, 0xbd, 0x00, 0xbd, 0x00, 0x00, 0x00,
  0x00, 0x08, 0x00, 0x00, 0x00, 0xa2, 0x0e, 0x00, 0x21, 0x72, 0xc7, 0xb8,
  0xb9, 0x00, 0x00, 0x00, 0x00, 0x00, 0x01, 0x00, 0x00, 0xc8, 0x2f, 0x00,
  0x21, 0x72, 0xc7, 0xff, 0xc7, 0x00, 0x00, 0x00, 0x00, 0x00, 0x01, 0x00,
  0x00, 0xc6, 0x0f, 0x00, 0x08, 0x73, 0xba, 0x00, 0xba, 0x00, 0x00, 0x00,
  0x00, 0x08, 0x00, 0x00, 0x00, 0xf0, 0x0f, 0x00, 0x08, 0x73, 0xbb, 0x00,
  0xbb, 0x00, 0x00, 0x00, 0x00, 0x08, 0x00, 0x00, 0x00, 0x62, 0x0e, 0x00,
  0x21, 0x72, 0xcc, 0xbc, 0xbd, 0x00, 0x00, 0x00, 0x00, 0x00, 0x01, 0x00,
  0x00, 0xc8, 0x4f, 0x00, 0x21, 0x72, 0xcc, 0xff, 0xcc, 0x00, 0x00, 0x00,
  0x00, 0x00, 0x01, 0x00, 0x00, 0xc6, 0x0f, 0x00, 0x08, 0x73, 0xbe, 0x00,
  0xbe, 0x00, 0x00, 0x00, 0x00, 0x08, 0x00, 0x00, 0x00, 0xf0, 0x0f, 0x00,
  0x08, 0x73, 0xbf, 0x00, 0xbf, 0x00, 0x00, 0x00, 0x00, 0x08, 0x00, 0x00,
  0x00, 0xa2, 0x0e, 0x00, 0x21, 0x72, 0xea, 0xba, 0xbb, 0x00, 0x00, 0x00,
  0x00, 0x00, 0x01, 0x00, 0x00, 0xc8, 0x2f, 0x00, 0x21, 0x72, 0xea, 0xff,
  0xea, 0x00, 0x00, 0x00, 0x00, 0x00, 0x01, 0x00, 0x00, 0xc6, 0x0f, 0x00,
  0x08, 0x73, 0xc0, 0x00, 0xc0, 0x00, 0x00, 0x00, 0x00, 0x08, 0x00, 0x00,
  0x00, 0xf0, 0x0f, 0x00, 0x08, 0x73, 0xc1, 0x00, 0xc1, 0x00, 0x00, 0x00,
  0x00, 0x08, 0x00, 0x00, 0x00, 0x62, 0x0e, 0x00, 0x21, 0x72, 0xeb, 0xbe,
  0xbf, 0x00, 0x00, 0x00, 0x00, 0x00, 0x01, 0x00, 0x00, 0xc8, 0x4f, 0x00,
  0x21, 0x72, 0xeb, 0xff, 0xeb, 0x00, 0x00, 0x00, 0x00, 0x00, 0x01, 0x00,
  0x00, 0xc6, 0x0f, 0x00, 0x08, 0x73, 0xc4, 0x00, 0xc4, 0x00, 0x00, 0x00,
  0x00, 0x08, 0x00, 0x00, 0x00, 0xf0, 0x0f, 0x00, 0x08, 0x73, 0xc5, 0x00,
  0xc5, 0x00, 0x00, 0x00, 0x00, 0x08, 0x00, 0x00, 0x00, 0xa2, 0x0e, 0x00,
  0x21, 0x72, 0xe8, 0xc0, 0xc1, 0x00, 0x00, 0x00, 0x00, 0x00, 0x01, 0x00,
  0x00, 0xc8, 0x2f, 0x00, 0x21, 0x72, 0xc7, 0xc7, 0xe8, 0x00, 0x00, 0x00,
  0x00, 0x00, 0x01, 0x00, 0x00, 0xc6, 0x0f, 0x00, 0x08, 0x73, 0xc2, 0x00,
  0xc2, 0x00, 0x00, 0x00, 0x00, 0x08, 0x00, 0x00, 0x00, 0xf0, 0x0f, 0x00,
  0x08, 0x73, 0xc3, 0x00, 0xc3, 0x00, 0x00, 0x00, 0x00, 0x08, 0x00, 0x00,
  0x00, 0x62, 0x0e, 0x00, 0x21, 0x72, 0xe9, 0xc4, 0xc5, 0x00, 0x00, 0x00,
  0x00, 0x00, 0x01, 0x00, 0x00, 0xc8, 0x4f, 0x00, 0x21, 0x72, 0xcc, 0xcc,
  0xe9, 0x00, 0x00, 0x00, 0x00, 0x00, 0x01, 0x00, 0x00, 0xc6, 0x0f, 0x00,
  0x08, 0x73, 0xc6, 0x00, 0xc6, 0x00, 0x00, 0x00, 0x00, 0x08, 0x00, 0x00,
  0x00, 0xe2, 0x0f, 0x00, 0x21, 0x72, 0xc7, 0xc7, 0xcc, 0x00, 0x00, 0x00,
  0x00, 0x00, 0x01, 0x00, 0x00, 0xca, 0x0f, 0x00, 0x89, 0x7f, 0xcc, 0xc7,
  0x00, 0x1f, 0x20, 0x0c, 0x00, 0x00, 0x0e, 0x00, 0x00, 0xa4, 0x0e, 0x00,
  0x08, 0x73, 0xdf, 0x00, 0xcb, 0x00, 0x00, 0x00, 0x00, 0x08, 0x00, 0x00,
  0x00, 0xe2, 0x0e, 0x00, 0x21, 0x72, 0xed, 0xc2, 0xc3, 0x00, 0x00, 0x00,
  0x00, 0x00, 0x01, 0x00, 0x00, 0xc8, 0x2f, 0x00, 0x21, 0x72, 0xea, 0xea,
  0xed, 0x00, 0x00, 0x00, 0x00, 0x00, 0x01, 0x00, 0x00, 0xe2, 0x0f, 0x00,
  0x21, 0x72, 0xec, 0xc6, 0xdf, 0x00, 0x00, 0x00, 0x00, 0x00, 0x01, 0x00,
  0x00, 0xc8, 0x8f, 0x00, 0x21, 0x72, 0xeb, 0xeb, 0xec, 0x00, 0x00, 0x00,
  0x00, 0x00, 0x01, 0x00, 0x00, 0xe2, 0x0f, 0x00, 0x21, 0x72, 0xe8, 0xc7,
  0xcc, 0x00, 0x00, 0x00, 0x00, 0x00, 0x01, 0x00, 0x00, 0xc6, 0x4f, 0x00,
  0x21, 0x72, 0xea, 0xea, 0xeb, 0x00, 0x00, 0x00, 0x00, 0x00, 0x01, 0x00,
  0x00, 0xca, 0x0f, 0x00, 0x89, 0x7f, 0xcb, 0xea, 0x00, 0x1f, 0x20, 0x0c,
  0x00, 0x00, 0x0e, 0x00, 0x00, 0x64, 0x0e, 0x00, 0x21, 0x72, 0xe9, 0xea,
  0xcb, 0x00, 0x00, 0x00, 0x00, 0x00, 0x01, 0x00, 0x00, 0xe4, 0x2f, 0x00,
  0x89, 0x7f, 0xcb, 0xe8, 0x00, 0x1f, 0x40, 0x0c, 0x00, 0x00, 0x0e, 0x00,
  0x00, 0x68, 0x0e, 0x00, 0x89, 0x7f, 0xcc, 0xe9, 0x00, 0x1f, 0x40, 0x0c,
  0x00, 0x00, 0x0e, 0x00, 0x00, 0xa2, 0x0e, 0x00, 0x21, 0x72, 0xcb, 0xe8,
  0xcb, 0x00, 0x00, 0x00, 0x00, 0x00, 0x01, 0x00, 0x00, 0xe2, 0x2f, 0x00,
  0x21, 0x72, 0xcc, 0xe9, 0xcc, 0x00, 0x00, 0x00, 0x00, 0x00, 0x01, 0x00,
  0x00, 0xc4, 0x4f, 0x00, 0x1c, 0x78, 0x00, 0x00, 0x00, 0x00, 0x00, 0x00,
  0x28, 0xf0, 0xf0, 0x03, 0x00, 0xe2, 0x0f, 0x00, 0x20, 0x7a, 0xbd, 0xbd,
  0x00, 0xde, 0x00, 0x00, 0x00, 0x00, 0x41, 0x00, 0x00, 0xe2, 0x0f, 0x00,
  0x20, 0x7a, 0xbc, 0xbc, 0x00, 0xde, 0x00, 0x00, 0x00, 0x00, 0x41, 0x00,
  0x00, 0xe2, 0x0f, 0x00, 0x20, 0x7a, 0xbf, 0xbf, 0x00, 0xde, 0x00, 0x00,
  0x00, 0x00, 0x41, 0x00, 0x00, 0xe2, 0x0f, 0x00, 0x20, 0x7a, 0xbe, 0xbe,
  0x00, 0xde, 0x00, 0x00, 0x00, 0x00, 0x41, 0x00, 0x00, 0xe2, 0x0f, 0x00,
  0x20, 0x7a, 0xc5, 0xc5, 0x00, 0xde, 0x00, 0x00, 0x00, 0x00, 0x41, 0x00,
  0x00, 0xe2, 0x0f, 0x00, 0x20, 0x7a, 0xc4, 0xc4, 0x00, 0xde, 0x00, 0x00,
  0x00, 0x00, 0x41, 0x00, 0x00, 0xe2, 0x0f, 0x00, 0x20, 0x7a, 0xdf, 0xdf,
  0x00, 0xde, 0x00, 0x00, 0x00, 0x00, 0x41, 0x00, 0x00, 0xe2, 0x0f, 0x00,
  0x20, 0x7a, 0xc6, 0xc6, 0x00, 0xde, 0x00, 0x00, 0x00, 0x00, 0x41, 0x00,
  0x00, 0xe2, 0x0f, 0x00, 0x20, 0x7a, 0xb9, 0xb9, 0x00, 0xde, 0x00, 0x00,
  0x00, 0x00, 0x41, 0x00, 0x00, 0xe2, 0x0f, 0x00, 0x20, 0x7a, 0xb8, 0xb8,
  0x00, 0xde, 0x00, 0x00, 0x00, 0x00, 0x41, 0x00, 0x00, 0xe2, 0x0f, 0x00,
  0x3e, 0x72, 0xbc, 0xbd, 0xbc, 0x00, 0x00, 0x00, 0xff, 0x70, 0x80, 0x04,
  0x00, 0xe2, 0x0f, 0x00, 0x20, 0x7a, 0xbb, 0xbb, 0x00, 0xde, 0x00, 0x00,
  0x00, 0x00, 0x41, 0x00, 0x00, 0xe2, 0x0f, 0x00, 0x20, 0x7a, 0xba, 0xba,
  0x00, 0xde, 0x00, 0x00, 0x00, 0x00, 0x41, 0x00, 0x00, 0xe2, 0x0f, 0x00,
  0x3e, 0x72, 0xbe, 0xbf, 0xbe, 0x00, 0x00, 0x00, 0xff, 0x70, 0x80, 0x04,
  0x00, 0xe2, 0x0f, 0x00, 0x20, 0x7a, 0xc1, 0xc1, 0x00, 0xde, 0x00, 0x00,
  0x00, 0x00, 0x41, 0x00, 0x00, 0xe2, 0x0f, 0x00, 0x20, 0x7a, 0xc0, 0xc0,
  0x00, 0xde, 0x00, 0x00, 0x00, 0x00, 0x41, 0x00, 0x00, 0xe2, 0x0f, 0x00,
  0x20, 0x7a, 0xc3, 0xc3, 0x00, 0xde, 0x00, 0x00, 0x00, 0x00, 0x41, 0x00,
  0x00, 0xe2, 0x0f, 0x00, 0x20, 0x7a, 0xc2, 0xc2, 0x00, 0xde, 0x00, 0x00,
  0x00, 0x00, 0x41, 0x00, 0x00, 0xe2, 0x0f, 0x00, 0x3e, 0x72, 0xc4, 0xc5,
  0xc4, 0x00, 0x00, 0x00, 0xff, 0x70, 0x80, 0x04, 0x00, 0xc4, 0x0f, 0x00,
  0x3e, 0x72, 0xc6, 0xdf, 0xc6, 0x00, 0x00, 0x00, 0xff, 0x70, 0x80, 0x04,
  0x00, 0xe4, 0x0f, 0x00, 0x3e, 0x72, 0xb8, 0xb9, 0xb8, 0x00, 0x00, 0x00,
  0xbc, 0x70, 0x80, 0x04, 0x00, 0xe4, 0x0f, 0x00, 0x3e, 0x72, 0xb9, 0xbb,
  0xba, 0x00, 0x00, 0x00, 0xbe, 0x70, 0x80, 0x04, 0x00, 0xe4, 0x0f, 0x00,
  0x3e, 0x72, 0xba, 0xc1, 0xc0, 0x00, 0x00, 0x00, 0xc4, 0x70, 0x80, 0x04,
  0x00, 0xe4, 0x0f, 0x00, 0x3e, 0x72, 0xbb, 0xc3, 0xc2, 0x00, 0x00, 0x00,
  0xc6, 0x70, 0x80, 0x04, 0x00, 0xe2, 0x0f, 0x00, 0x47, 0x09, 0x00, 0x00,
  0xc0, 0x00, 0x00, 0x00, 0x00, 0x00, 0x80, 0x03, 0x00, 0xea, 0x0f, 0x00,
  0x1a, 0x79, 0x00, 0x00, 0x00, 0x80, 0x00, 0x00, 0x00, 0x00, 0x00, 0x00,
  0x00, 0xc8, 0x0f, 0x00, 0x1d, 0x7b, 0x00, 0x00, 0x00, 0x00, 0x00, 0x00,
  0x00, 0x00, 0x01, 0x00, 0x00, 0xec, 0x0f, 0x00, 0x3b, 0x78, 0x78, 0xdd,
  0x00, 0x00, 0x40, 0x00, 0x00, 0x02, 0x00, 0x00, 0x00, 0xa8, 0x02, 0x00,
  0x3b, 0x78, 0x7c, 0xdd, 0x00, 0x00, 0x50, 0x00, 0x00, 0x02, 0x00, 0x00,
  0x00, 0xe8, 0x02, 0x00, 0x3b, 0x78, 0x80, 0xda, 0x00, 0x00, 0x40, 0x00,
  0x00, 0x02, 0x00, 0x00, 0x00, 0x28, 0x03, 0x00, 0x3b, 0x78, 0x84, 0xda,
  0x00, 0x00, 0x50, 0x00, 0x00, 0x02, 0x00, 0x00, 0x00, 0x68, 0x02, 0x00,
  0x3b, 0x78, 0x88, 0xd9, 0x00, 0x00, 0x40, 0x00, 0x00, 0x02, 0x00, 0x00,
  0x00, 0x68, 0x02, 0x00, 0x3b, 0x78, 0x8c, 0xd9, 0x00, 0x00, 0x50, 0x00,
  0x00, 0x02, 0x00, 0x00, 0x00, 0x68, 0x02, 0x00, 0x3b, 0x78, 0x90, 0xd8,
  0x00, 0x00, 0x40, 0x00, 0x00, 0x02, 0x00, 0x00, 0x00, 0x68, 0x02, 0x00,
  0x3b, 0x78, 0x94, 0xd8, 0x00, 0x00, 0x50, 0x00, 0x00, 0x02, 0x00, 0x00,
  0x00, 0x68, 0x02, 0x00, 0x3b, 0x78, 0x98, 0xdd, 0x00, 0x80, 0x40, 0x00,
  0x00, 0x02, 0x00, 0x00, 0x00, 0x68, 0x02, 0x00, 0x3b, 0x78, 0x9c, 0xdd,
  0x00, 0x80, 0x50, 0x00, 0x00, 0x02, 0x00, 0x00, 0x00, 0x64, 0x02, 0x00,
  0x1c, 0x78, 0x00, 0x00, 0x00, 0x00, 0x00, 0x00, 0x28, 0xf0, 0xf0, 0x03,
  0x00, 0xe2, 0x0f, 0x00, 0x7a, 0x72, 0x2c, 0xb8, 0x04, 0x00, 0x00, 0x00,
  0x2c, 0x2c, 0x00, 0x00, 0x00, 0xf6, 0x0f, 0x04, 0x90, 0xf2, 0x3f, 0x3f,
  0x3f, 0x00, 0x00, 0x00, 0x3f, 0xe0, 0xff, 0x0f, 0x00, 0xea, 0x0f, 0x00,
  0x7a, 0x72, 0x30, 0xb8, 0x06, 0x00, 0x00, 0x00, 0x30, 0x2c, 0x00, 0x00,
  0x00, 0xf6, 0x0f, 0x04, 0x90, 0xf2, 0x3f, 0x3f, 0x3f, 0x00, 0x00, 0x00,
  0x3f, 0xe0, 0xff, 0x0f, 0x00, 0xea, 0x0f, 0x00, 0x7a, 0x72, 0x34, 0xb8,
  0x08, 0x00, 0x00, 0x00, 0x34, 0x2c, 0x00, 0x00, 0x00, 0xf6, 0x0f, 0x04,
  0x90, 0xf2, 0x3f, 0x3f, 0x3f, 0x00, 0x00, 0x00, 0x3f, 0xe0, 0xff, 0x0f,
  0x00, 0xea, 0x0f, 0x00, 0x7a, 0x72, 0x38, 0xb8, 0x0a, 0x00, 0x00, 0x00,
  0x38, 0x2c, 0x00, 0x00, 0x00, 0xf6, 0x0f, 0x04, 0x90, 0xf2, 0x3f, 0x3f,
  0x3f, 0x00, 0x00, 0x00, 0x3f, 0xe0, 0xff, 0x0f, 0x00, 0xea, 0x0f, 0x00,
  0x7a, 0x72, 0x3c, 0xb8, 0x0c, 0x00, 0x00, 0x00, 0x3c, 0x2c, 0x00, 0x00,
  0x00, 0xf6, 0x0f, 0x04, 0x90, 0xf2, 0x3f, 0x3f, 0x3f, 0x00, 0x00, 0x00,
  0x3f, 0xe0, 0xff, 0x0f, 0x00, 0xea, 0x0f, 0x00, 0x7a, 0x72, 0x40, 0xb8,
  0x0e, 0x00, 0x00, 0x00, 0x40, 0x2c, 0x00, 0x00, 0x00, 0xf6, 0x0f, 0x04,
  0x90, 0xf2, 0x3f, 0x3f, 0x3f, 0x00, 0x00, 0x00, 0x3f, 0xe0, 0xff, 0x0f,
  0x00, 0xea, 0x0f, 0x00, 0x7a, 0x72, 0x44, 0xb8, 0x10, 0x00, 0x00, 0x00,
  0x44, 0x2c, 0x00, 0x00, 0x00, 0xf6, 0x0f, 0x04, 0x90, 0xf2, 0x3f, 0x3f,
  0x3f, 0x00, 0x00, 0x00, 0x3f, 0xe0, 0xff, 0x0f, 0x00, 0xea, 0x0f, 0x00,
  0x7a, 0x72, 0x48, 0xb8, 0x12, 0x00, 0x00, 0x00, 0x48, 0x2c, 0x00, 0x00,
  0x00, 0xf6, 0x0f, 0x04, 0x90, 0xf2, 0x3f, 0x3f, 0x3f, 0x00, 0x00, 0x00,
  0x3f, 0xe0, 0xff, 0x0f, 0x00, 0xea, 0x0f, 0x00, 0x7a, 0x72, 0x4c, 0xb8,
  0x14, 0x00, 0x00, 0x00, 0x4c, 0x2c, 0x00, 0x00, 0x00, 0xf6, 0x0f, 0x04,
  0x90, 0xf2, 0x3f, 0x3f, 0x3f, 0x00, 0x00, 0x00, 0x3f, 0xe0, 0xff, 0x0f,
  0x00, 0xea, 0x0f, 0x00, 0x7a, 0x72, 0x50, 0xb8, 0x16, 0x00, 0x00, 0x00,
  0x50, 0x2c, 0x00, 0x00, 0x00, 0xf6, 0x0f, 0x04, 0x90, 0xf2, 0x3f, 0x3f,
  0x3f, 0x00, 0x00, 0x00, 0x3f, 0xe0, 0xff, 0x0f, 0x00, 0xea, 0x0f, 0x00,
  0x7a, 0x72, 0x54, 0xb8, 0x18, 0x00, 0x00, 0x00, 0x54, 0x2c, 0x00, 0x00,
  0x00, 0xf6, 0x0f, 0x04, 0x90, 0xf2, 0x3f, 0x3f, 0x3f, 0x00, 0x00, 0x00,
  0x3f, 0xe0, 0xff, 0x0f, 0x00, 0xea, 0x0f, 0x00, 0x7a, 0x72, 0x58, 0xb8,
  0x1a, 0x00, 0x00, 0x00, 0x58, 0x2c, 0x00, 0x00, 0x00, 0xf6, 0x0f, 0x04,
  0x90, 0xf2, 0x3f, 0x3f, 0x3f, 0x00, 0x00, 0x00, 0x3f, 0xe0, 0xff, 0x0f,
  0x00, 0xea, 0x0f, 0x00, 0x7a, 0x72, 0x5c, 0xb8, 0x1c, 0x00, 0x00, 0x00,
  0x5c, 0x2c, 0x00, 0x00, 0x00, 0xf6, 0x0f, 0x04, 0x90, 0xf2, 0x3f, 0x3f,
  0x3f, 0x00, 0x00, 0x00, 0x3f, 0xe0, 0xff, 0x0f, 0x00, 0xea, 0x0f, 0x00,
  0x7a, 0x72, 0x60, 0xb8, 0x1e, 0x00, 0x00, 0x00, 0x60, 0x2c, 0x00, 0x00,
  0x00, 0xf6, 0x0f, 0x04, 0x90, 0xf2, 0x3f, 0x3f, 0x3f, 0x00, 0x00, 0x00,
  0x3f, 0xe0, 0xff, 0x0f, 0x00, 0xea, 0x0f, 0x00, 0x7a, 0x72, 0xa0, 0xb8,
  0x20, 0x00, 0x00, 0x00, 0xa0, 0x2c, 0x00, 0x00, 0x00, 0xf6, 0x0f, 0x04,
  0x90, 0xf2, 0x3f, 0x3f, 0x3f, 0x00, 0x00, 0x00, 0x3f, 0xe0, 0xff, 0x0f,
  0x00, 0xea, 0x0f, 0x00, 0x7a, 0x72, 0xa4, 0xb8, 0x22, 0x00, 0x00, 0x00,
  0xa4, 0x2c, 0x00, 0x00, 0x00, 0xf6, 0x0f, 0x04, 0x90, 0xf2, 0x3f, 0x3f,
  0x3f, 0x00, 0x00, 0x00, 0x3f, 0xe0, 0xff, 0x0f, 0x00, 0xea, 0x0f, 0x00,
  0x7a, 0x72, 0xa8, 0xb8, 0x24, 0x00, 0x00, 0x00, 0xa8, 0x2c, 0x00, 0x00,
  0x00, 0xf6, 0x0f, 0x04, 0x90, 0xf2, 0x3f, 0x3f, 0x3f, 0x00, 0x00, 0x00,
  0x3f, 0xe0, 0xff, 0x0f, 0x00, 0xea, 0x0f, 0x00, 0x7a, 0x72, 0xac, 0xb8,
  0x26, 0x00, 0x00, 0x00, 0xac, 0x2c, 0x00, 0x00, 0x00, 0xf6, 0x0f, 0x04,
  0x90, 0xf2, 0x3f, 0x3f, 0x3f, 0x00, 0x00, 0x00, 0x3f, 0xe0, 0xff, 0x0f,
  0x00, 0xea, 0x0f, 0x00, 0x7a, 0x72, 0xb0, 0xb8, 0x28, 0x00, 0x00, 0x00,
  0xb0, 0x2c, 0x00, 0x00, 0x00, 0xf6, 0x0f, 0x04, 0x90, 0xf2, 0x3f, 0x3f,
  0x3f, 0x00, 0x00, 0x00, 0x3f, 0xe0, 0xff, 0x0f, 0x00, 0xea, 0x0f, 0x00,
  0x7a, 0x72, 0xb4, 0xb8, 0x2a, 0x00, 0x00, 0x00, 0xb4, 0x2c, 0x00, 0x00,
  0x00, 0xe2, 0x0f, 0x00, 0x90, 0xf2, 0x3f, 0x3f, 0x3f, 0x00, 0x00, 0x00,
  0x3f, 0xe0, 0xff, 0x0f, 0x00, 0xe8, 0x0f, 0x00, 0x47, 0x09, 0x00, 0x00,
  0xc0, 0x03, 0x00, 0x00, 0x00, 0x00, 0x80, 0x03, 0x00, 0xf6, 0x0f, 0x00,
  0x3b, 0x78, 0x06, 0xdc, 0x00, 0x00, 0x60, 0x00, 0x00, 0x41, 0x00, 0x00,
  0x00, 0x28, 0x0f, 0x00, 0x3b, 0x78, 0x08, 0xdc, 0x00, 0x00, 0x70, 0x00,
  0x00, 0x41, 0x00, 0x00, 0x00, 0xe8, 0x0e, 0x00, 0x3b, 0x78, 0x0a, 0xd7,
  0x00, 0x00, 0x60, 0x00, 0x00, 0x41, 0x00, 0x00, 0x00, 0xa8, 0x0e, 0x00,
  0x3b, 0x78, 0x0c, 0xd7, 0x00, 0x00, 0x70, 0x00, 0x00, 0x41, 0x00, 0x00,
  0x00, 0x68, 0x0e, 0x00, 0x3b, 0x78, 0x0e, 0xd6, 0x00, 0x00, 0x60, 0x00,
  0x00, 0x41, 0x00, 0x00, 0x00, 0x68, 0x0e, 0x00, 0x3b, 0x78, 0x10, 0xd6,
  0x00, 0x00, 0x70, 0x00, 0x00, 0x41, 0x00, 0x00, 0x00, 0x68, 0x0e, 0x00,
  0x3b, 0x78, 0x12, 0xd5, 0x00, 0x00, 0x60, 0x00, 0x00, 0x41, 0x00, 0x00,
  0x00, 0x68, 0x0e, 0x00, 0x3b, 0x78, 0x14, 0xd5, 0x00, 0x00, 0x70, 0x00,
  0x00, 0x41, 0x00, 0x00, 0x00, 0x68, 0x0e, 0x00, 0x3b, 0x78, 0x16, 0xd4,
  0x00, 0x00, 0x60, 0x00, 0x00, 0x41, 0x00, 0x00, 0x00, 0x68, 0x0e, 0x00,
  0x3b, 0x78, 0x18, 0xd4, 0x00, 0x00, 0x70, 0x00, 0x00, 0x41, 0x00, 0x00,
  0x00, 0x68, 0x0e, 0x00, 0x3b, 0x78, 0x1a, 0xd3, 0x00, 0x00, 0x60, 0x00,
  0x00, 0x41, 0x00, 0x00, 0x00, 0x62, 0x0e, 0x00, 0x16, 0x78, 0x04, 0x06,
  0x20, 0x64, 0x00, 0x00, 0x07, 0x00, 0x00, 0x00, 0x00, 0xc4, 0x0f, 0x01,
  0x16, 0x78, 0x06, 0x06, 0x31, 0x75, 0x00, 0x00, 0x07, 0x00, 0x00, 0x00,
  0x00, 0xe2, 0x0f, 0x00, 0x3b, 0x78, 0x1c, 0xd3, 0x00, 0x00, 0x70, 0x00,
  0x00, 0x41, 0x00, 0x00, 0x00, 0x22, 0x0f, 0x00, 0x16, 0x78, 0x05, 0x08,
  0x20, 0x64, 0x00, 0x00, 0x09, 0x00, 0x00, 0x00, 0x00, 0xe4, 0x8f, 0x14,
  0x16, 0x78, 0x07, 0x08, 0x31, 0x75, 0x00, 0x00, 0x09, 0x00, 0x00, 0x00,
  0x00, 0xe2, 0x0f, 0x00, 0x3b, 0x78, 0x1e, 0xd2, 0x00, 0x00, 0x60, 0x00,
  0x00, 0x41, 0x00, 0x00, 0x00, 0xe2, 0x0e, 0x00, 0x16, 0x78, 0x08, 0x0a,
  0x20, 0x64, 0x00, 0x00, 0x0b, 0x00, 0x00, 0x00, 0x00, 0xe4, 0x4f, 0x14,
  0x16, 0x78, 0x0a, 0x0a, 0x31, 0x75, 0x00, 0x00, 0x0b, 0x00, 0x00, 0x00,
  0x00, 0xe2, 0x0f, 0x00, 0x3b, 0x78, 0x20, 0xd2, 0x00, 0x00, 0x70, 0x00,
  0x00, 0x41, 0x00, 0x00, 0x00, 0xa2, 0x0e, 0x00, 0x16, 0x78, 0x09, 0x0c,
  0x20, 0x64, 0x00, 0x00, 0x0d, 0x00, 0x00, 0x00, 0x00, 0xc4, 0x2f, 0x00,
  0x16, 0x78, 0x0b, 0x0c, 0x31, 0x75, 0x00, 0x00, 0x0d, 0x00, 0x00, 0x00,
  0x00, 0xe2, 0x0f, 0x00, 0x3b, 0x78, 0x22, 0xd1, 0x00, 0x00, 0x60, 0x00,
  0x00, 0x41, 0x00, 0x00, 0x00, 0x62, 0x0e, 0x00, 0x16, 0x78, 0x0c, 0x0e,
  0x20, 0x64, 0x00, 0x00, 0x0f, 0x00, 0x00, 0x00, 0x00, 0xe4, 0x0f, 0x14,
  0x16, 0x78, 0x0e, 0x0e, 0x31, 0x75, 0x00, 0x00, 0x0f, 0x00, 0x00, 0x00,
  0x00, 0xe2, 0x0f, 0x00, 0x3b, 0x78, 0x24, 0xd1, 0x00, 0x00, 0x70, 0x00,
  0x00, 0x41, 0x00, 0x00, 0x00, 0x62, 0x0e, 0x00, 0x16, 0x78, 0x0d, 0x10,
  0x20, 0x64, 0x00, 0x00, 0x11, 0x00, 0x00, 0x00, 0x00, 0xe4, 0x0f, 0x14,
  0x16, 0x78, 0x0f, 0x10, 0x31, 0x75, 0x00, 0x00, 0x11, 0x00, 0x00, 0x00,
  0x00, 0xe2, 0x0f, 0x00, 0x3b, 0x78, 0x26, 0xd0, 0x00, 0x00, 0x60, 0x00,
  0x00, 0x41, 0x00, 0x00, 0x00, 0x62, 0x0e, 0x00, 0x16, 0x78, 0x10, 0x12,
  0x20, 0x64, 0x00, 0x00, 0x13, 0x00, 0x00, 0x00, 0x00, 0xc4, 0x0f, 0x00,
  0x16, 0x78, 0x12, 0x12, 0x31, 0x75, 0x00, 0x00, 0x13, 0x00, 0x00, 0x00,
  0x00, 0xe2, 0x0f, 0x00, 0x3b, 0x78, 0x28, 0xd0, 0x00, 0x00, 0x70, 0x00,
  0x00, 0x41, 0x00, 0x00, 0x00, 0x62, 0x0e, 0x00, 0x16, 0x78, 0x11, 0x14,
  0x20, 0x64, 0x00, 0x00, 0x15, 0x00, 0x00, 0x00, 0x00, 0xe4, 0x0f, 0x14,
  0x16, 0x78, 0x13, 0x14, 0x31, 0x75, 0x00, 0x00, 0x15, 0x00, 0x00, 0x00,
  0x00, 0xe2, 0x0f, 0x00, 0x3b, 0x78, 0x2a, 0xcf, 0x00, 0x00, 0x60, 0x00,
  0x00, 0x41, 0x00, 0x00, 0x00, 0x62, 0x0e, 0x00, 0x16, 0x78, 0x14, 0x16,
  0x20, 0x64, 0x00, 0x00, 0x17, 0x00, 0x00, 0x00, 0x00, 0xe4, 0x0f, 0x14,
  0x16, 0x78, 0x16, 0x16, 0x31, 0x75, 0x00, 0x00, 0x17, 0x00, 0x00, 0x00,
  0x00, 0xe2, 0x0f, 0x00, 0x3b, 0x78, 0xb8, 0xcf, 0x00, 0x00, 0x70, 0x00,
  0x00, 0x41, 0x00, 0x00, 0x00, 0x62, 0x0e, 0x00, 0x16, 0x78, 0x15, 0x18,
  0x20, 0x64, 0x00, 0x00, 0x19, 0x00, 0x00, 0x00, 0x00, 0xc4, 0x0f, 0x00,
  0x16, 0x78, 0x17, 0x18, 0x31, 0x75, 0x00, 0x00, 0x19, 0x00, 0x00, 0x00,
  0x00, 0xe4, 0x0f, 0x00, 0x16, 0x78, 0x18, 0x1a, 0x20, 0x64, 0x00, 0x00,
  0x1b, 0x00, 0x00, 0x00, 0x00, 0xe4, 0x0f, 0x14, 0x16, 0x78, 0x1a, 0x1a,
  0x31, 0x75, 0x00, 0x00, 0x1b, 0x00, 0x00, 0x00, 0x00, 0xe4, 0x0f, 0x00,
  0x16, 0x78, 0x19, 0x1c, 0x20, 0x64, 0x00, 0x00, 0x1d, 0x00, 0x00, 0x00,
  0x00, 0xe4, 0x0f, 0x15, 0x16, 0x78, 0x1b, 0x1c, 0x31, 0x75, 0x00, 0x00,
  0x1d, 0x00, 0x00, 0x00, 0x00, 0xe4, 0x0f, 0x00, 0x16, 0x78, 0x1c, 0x1e,
  0x20, 0x64, 0x00, 0x00, 0x1f, 0x00, 0x00, 0x00, 0x00, 0xc4, 0x8f, 0x00,
  0x16, 0x78, 0x1e, 0x1e, 0x31, 0x75, 0x00, 0x00, 0x1f, 0x00, 0x00, 0x00,
  0x00, 0xe4, 0x0f, 0x00, 0x16, 0x78, 0x1d, 0x20, 0x20, 0x64, 0x00, 0x00,
  0x21, 0x00, 0x00, 0x00, 0x00, 0xe4, 0x4f, 0x14, 0x16, 0x78, 0x1f, 0x20,
  0x31, 0x75, 0x00, 0x00, 0x21, 0x00, 0x00, 0x00, 0x00, 0xe4, 0x0f, 0x00,
  0x16, 0x78, 0x20, 0x22, 0x20, 0x64, 0x00, 0x00, 0x23, 0x00, 0x00, 0x00,
  0x00, 0xe4, 0x2f, 0x14, 0x16, 0x78, 0x22, 0x22, 0x31, 0x75, 0x00, 0x00,
  0x23, 0x00, 0x00, 0x00, 0x00, 0xe4, 0x0f, 0x00, 0x16, 0x78, 0x21, 0x24,
  0x20, 0x64, 0x00, 0x00, 0x25, 0x00, 0x00, 0x00, 0x00, 0xc4, 0x0f, 0x00,
  0x16, 0x78, 0x23, 0x24, 0x31, 0x75, 0x00, 0x00, 0x25, 0x00, 0x00, 0x00,
  0x00, 0xe4, 0x0f, 0x00, 0x16, 0x78, 0x24, 0x26, 0x20, 0x64, 0x00, 0x00,
  0x27, 0x00, 0x00, 0x00, 0x00, 0xe4, 0x0f, 0x14, 0x16, 0x78, 0x26, 0x26,
  0x31, 0x75, 0x00, 0x00, 0x27, 0x00, 0x00, 0x00, 0x00, 0xe4, 0x0f, 0x00,
  0x16, 0x78, 0x25, 0x28, 0x20, 0x64, 0x00, 0x00, 0x29, 0x00, 0x00, 0x00,
  0x00, 0xe4, 0x0f, 0x14, 0x16, 0x78, 0x27, 0x28, 0x31, 0x75, 0x00, 0x00,
  0x29, 0x00, 0x00, 0x00, 0x00, 0xe4, 0x0f, 0x00, 0x16, 0x78, 0x28, 0x2a,
  0x20, 0x64, 0x00, 0x00, 0x2b, 0x00, 0x00, 0x00, 0x00, 0xc4, 0x0f, 0x00,
  0x16, 0x78, 0x2a, 0x2a, 0x31, 0x75, 0x00, 0x00, 0x2b, 0x00, 0x00, 0x00,
  0x00, 0xe4, 0x0f, 0x00, 0x16, 0x78, 0x29, 0xb8, 0x20, 0x64, 0x00, 0x00,
  0xb9, 0x00, 0x00, 0x00, 0x00, 0xe4, 0x0f, 0x14, 0x16, 0x78, 0x2b, 0xb8,
  0x31, 0x75, 0x00, 0x00, 0xb9, 0x00, 0x00, 0x00, 0x00, 0xe4, 0x0f, 0x00,
  0x8c, 0x72, 0x00, 0x0d, 0x12, 0x00, 0x00, 0x00, 0x70, 0x62, 0xf0, 0x0b,
  0x00, 0xe4, 0x0f, 0x00, 0x82, 0x7c, 0x09, 0x00, 0x0d, 0x00, 0x00, 0x00,
  0x00, 0x00, 0x00, 0x08, 0x00, 0xc8, 0x0f, 0x00, 0x1c, 0x78, 0x00, 0x00,
  0x00, 0x00, 0x00, 0x00, 0x08, 0xf0, 0xf0, 0x03, 0x00, 0xda, 0x0f, 0x00,
  0x44, 0x09, 0x00, 0x00, 0x10, 0x00, 0x00, 0x00, 0x00, 0x00, 0xc0, 0x03,
  0x00, 0xe2, 0x0f, 0x00, 0x47, 0x79, 0x00, 0x00, 0xb0, 0xcc, 0xff, 0xff,
  0xff, 0xff, 0x83, 0x03, 0x00, 0xea, 0x0f, 0x00, 0x21, 0x72, 0x00, 0xc9,
  0xce, 0x00, 0x00, 0x00, 0x00, 0x01, 0x01, 0x00, 0x00, 0xe2, 0x4f, 0x13,
  0x21, 0x72, 0xce, 0xca, 0xce, 0x00, 0x00, 0x00, 0x00, 0x01, 0x01, 0x00,
  0x00, 0xe2, 0x0f, 0x00, 0x19, 0x79, 0x07, 0x00, 0x00, 0x00, 0x00, 0x00,
  0x00, 0x21, 0x00, 0x00, 0x00, 0xa2, 0x0e, 0x00, 0x24, 0x74, 0x2b, 0xff,
  0x00, 0x00, 0x80, 0x3f, 0xff, 0x00, 0x8e, 0x07, 0x00, 0xe2, 0x0f, 0x00,
  0x20, 0x78, 0x02, 0x00, 0x3b, 0xaa, 0xb8, 0x3f, 0x00, 0x00, 0x41, 0x00,
  0x00, 0xe2, 0x0f, 0x00, 0x20, 0x78, 0xce, 0xce, 0x3b, 0xaa, 0xb8, 0x3f,
  0x00, 0x00, 0x41, 0x00, 0x00, 0xe2, 0x0f, 0x00, 0x19, 0x79, 0x00, 0x00,
  0x00, 0x00, 0x00, 0x00, 0x00, 0x21, 0x00, 0x00, 0x00, 0x22, 0x0f, 0x00,
  0xc3, 0x79, 0x04, 0x00, 0x00, 0x00, 0x00, 0x00, 0x00, 0x26, 0x00, 0x00,
  0x00, 0xe2, 0x0e, 0x00, 0xb9, 0x7a, 0x05, 0x00, 0x00, 0xd3, 0x00, 0x00,
  0x00, 0x08, 0x00, 0x00, 0x00, 0xe2, 0x0f, 0x00, 0x08, 0x73, 0x03, 0x00,
  0xce, 0x00, 0x00, 0x00, 0x00, 0x08, 0x00, 0x00, 0x00, 0x62, 0x0e, 0x00,
  0x1d, 0x7b, 0x00, 0x00, 0x00, 0x00, 0x00, 0x00, 0x00, 0x00, 0x01, 0x00,
  0x00, 0xec, 0x0f, 0x00, 0xb9, 0x7a, 0x08, 0x00, 0x00, 0xd8, 0x00, 0x00,
  0x00, 0x08, 0x00, 0x00, 0x00, 0xe2, 0x0f, 0x00, 0x08, 0x73, 0x02, 0x00,
  0x02, 0x00, 0x00, 0x00, 0x00, 0x08, 0x00, 0x00, 0x00, 0xe2, 0x0e, 0x00,
  0x45, 0x79, 0x00, 0x00, 0xa0, 0x33, 0x00, 0x00, 0x00, 0x00, 0x80, 0x03,
  0x00, 0xe2, 0x0f, 0x00, 0x23, 0x78, 0xcc, 0x03, 0x00, 0x00, 0x80, 0x43,
  0xcc, 0x00, 0x01, 0x00, 0x00, 0xe2, 0x2f, 0x00, 0x19, 0x78, 0x08, 0xff,
  0x1f, 0x00, 0x00, 0x00, 0x07, 0x14, 0x01, 0x00, 0x00, 0xc4, 0x4f, 0x00,
  0x12, 0x78, 0x06, 0x00, 0x60, 0x00, 0x00, 0x00, 0xff, 0xc0, 0x8e, 0x07,
  0x00, 0xe2, 0x0f, 0x05, 0xa4, 0x72, 0x0b, 0x0b, 0x05, 0x00, 0x00, 0x00,
  0x04, 0x02, 0x8e, 0x0f, 0x00, 0xe2, 0x8f, 0x00, 0x12, 0x78, 0x03, 0x00,
  0x1c, 0x00, 0x00, 0x00, 0xff, 0xc0, 0x8e, 0x07, 0x00, 0xe2, 0x0f, 0x00,
  0x23, 0x78, 0xcb, 0x02, 0x00, 0x00, 0x80, 0x43, 0xcb, 0x00, 0x01, 0x00,
  0x00, 0xe2, 0x0f, 0x00, 0x12, 0x78, 0x05, 0x00, 0x07, 0x00, 0x00, 0x00,
  0xff, 0xc0, 0x8e, 0x07, 0x00, 0xe2, 0x0f, 0x04, 0xa4, 0x72, 0x04, 0x0b,
  0x08, 0x00, 0x00, 0x00, 0x3f, 0x02, 0x8e, 0x0f, 0x00, 0xe2, 0x0f, 0x00,
  0x12, 0x78, 0x04, 0x00, 0x80, 0x00, 0x00, 0x00, 0xff, 0xc0, 0x8e, 0x07,
  0x00, 0xe4, 0x0f, 0x00, 0x0b, 0x72, 0x00, 0xcb, 0xff, 0x00, 0x00, 0x00,
  0x00, 0x50, 0xf1, 0x03, 0x00, 0xe2, 0x0f, 0x00, 0x99, 0x78, 0x05, 0x3f,
  0x1f, 0x00, 0x00, 0x00, 0x04, 0x14, 0x01, 0x08, 0x00, 0xe2, 0x0f, 0x00,
  0x19, 0x78, 0x02, 0xff, 0x01, 0x00, 0x00, 0x00, 0x06, 0x16, 0x01, 0x00,
  0x00, 0xc4, 0x0f, 0x00, 0x11, 0x72, 0x04, 0x04, 0x05, 0x00, 0x00, 0x00,
  0xff, 0xe8, 0x8f, 0x07, 0x00, 0xe4, 0x0f, 0x00, 0x11, 0x72, 0x03, 0x03,
  0x02, 0x00, 0x00, 0x00, 0xff, 0xf0, 0x8f, 0x07, 0x00, 0xe2, 0x0f, 0x00,
  0x24, 0x74, 0x02, 0xff, 0x00, 0x00, 0x80, 0x3f, 0xff, 0x00, 0x8e, 0x07,
  0x00, 0xe2, 0x0f, 0x00, 0x11, 0x72, 0x65, 0x08, 0x07, 0x00, 0x00, 0x00,
  0xff, 0x30, 0x8f, 0x07, 0x00, 0xc6, 0x0f, 0x00, 0x24, 0x78, 0x64, 0x03,
  0x40, 0x00, 0x00, 0x00, 0x04, 0x02, 0x8e, 0x07, 0x00, 0xe2, 0x0f, 0x00,
  0x12, 0x78, 0x06, 0x65, 0xc0, 0xff, 0xff, 0xff, 0xff, 0xc0, 0x8e, 0x07,
  0x00, 0xe2, 0x0f, 0x00, 0x08, 0x03, 0x2b, 0x00, 0xcb, 0x00, 0x00, 0x00,
  0x00, 0x10, 0x00, 0x00, 0x00, 0x62, 0x0e, 0x00, 0x0b, 0x72, 0x00, 0xcc,
  0xff, 0x00, 0x00, 0x00, 0x00, 0x50, 0xf1, 0x03, 0x00, 0xe2, 0x0f, 0x00,
  0x24, 0x78, 0x03, 0x64, 0x10, 0x00, 0x00, 0x00, 0xff, 0x00, 0x8e, 0x07,
  0x00, 0xe4, 0x0f, 0x00, 0x24, 0x78, 0x67, 0x07, 0x01, 0x00, 0x00, 0x00,
  0x06, 0x0a, 0x8e, 0x07, 0x00, 0xd4, 0x0f, 0x00, 0x08, 0x03, 0x02, 0x00,
  0xcc, 0x00, 0x00, 0x00, 0x00, 0x10, 0x00, 0x00, 0x00, 0xa2, 0x0e, 0x00,
  0x20, 0x72, 0x18, 0x2b, 0x54, 0x00, 0x00, 0x00, 0x00, 0x00, 0x41, 0x00,
  0x00, 0xe2, 0x2f, 0x00, 0x12, 0x78, 0x54, 0x03, 0x40, 0x00, 0x00, 0x00,
  0xff, 0x3c, 0x8e, 0x07, 0x00, 0xe2, 0x0f, 0x00, 0x20, 0x72, 0x04, 0x2b,
  0x2c, 0x00, 0x00, 0x00, 0x00, 0x00, 0x41, 0x00, 0x00, 0xe2, 0x0f, 0x04,
  0x19, 0x78, 0x03, 0xff, 0x1f, 0x00, 0x00, 0x00, 0x00, 0x14, 0x01, 0x00,
  0x00, 0xe2, 0x0f, 0x00, 0x20, 0x72, 0x06, 0x2b, 0x2d, 0x00, 0x00, 0x00,
  0x00, 0x00, 0x41, 0x00, 0x00, 0xe2, 0x0f, 0x04, 0x20, 0x72, 0x05, 0x2b,
  0x30, 0x00, 0x00, 0x00, 0x00, 0x00, 0x41, 0x00, 0x00, 0xe2, 0x0f, 0x04,
  0x20, 0x72, 0x07, 0x2b, 0x31, 0x00, 0x00, 0x00, 0x00, 0x00, 0x41, 0x00,
  0x00, 0xe2, 0x0f, 0x00, 0x11, 0x72, 0x03, 0x03, 0x00, 0x00, 0x00, 0x00,
  0xff, 0x30, 0x8f, 0x07, 0x00, 0xe2, 0x0f, 0x00, 0x20, 0x72, 0x08, 0x2b,
  0x34, 0x00, 0x00, 0x00, 0x00, 0x00, 0x41, 0x00, 0x00, 0xe2, 0x0f, 0x04,
  0x20, 0x72, 0x0a, 0x2b, 0x35, 0x00, 0x00, 0x00, 0x00, 0x00, 0x41, 0x00,
  0x00, 0xe2, 0x0f, 0x04, 0x20, 0x72, 0x09, 0x2b, 0x38, 0x00, 0x00, 0x00,
  0x00, 0x00, 0x41, 0x00, 0x00, 0xe2, 0x0f, 0x04, 0x19, 0x78, 0x03, 0xff,
  0x06, 0x00, 0x00, 0x00, 0x03, 0x14, 0x01, 0x00, 0x00, 0xe2, 0x0f, 0x00,
  0x20, 0x72, 0x0b, 0x2b, 0x39, 0x00, 0x00, 0x00, 0x00, 0x00, 0x41, 0x00,
  0x00, 0xe2, 0x0f, 0x04, 0x20, 0x72, 0x0c, 0x2b, 0x3c, 0x00, 0x00, 0x00,
  0x00, 0x00, 0x41, 0x00, 0x00, 0xe2, 0x0f, 0x04, 0x20, 0x72, 0x2c, 0x02,
  0x2e, 0x00, 0x00, 0x00, 0x00, 0x00, 0x41, 0x00, 0x00, 0xe2, 0x4f, 0x04,
  0x20, 0x72, 0x2e, 0x02, 0x2f, 0x00, 0x00, 0x00, 0x00, 0x00, 0x41, 0x00,
  0x00, 0xe2, 0x0f, 0x04, 0x20, 0x72, 0x2d, 0x02, 0x32, 0x00, 0x00, 0x00,
  0x00, 0x00, 0x41, 0x00, 0x00, 0xe2, 0x0f, 0x04, 0x20, 0x72, 0x2f, 0x02,
  0x33, 0x00, 0x00, 0x00, 0x00, 0x00, 0x41, 0x00, 0x00, 0xe2, 0x0f, 0x04,
  0x20, 0x72, 0x30, 0x02, 0x36, 0x00, 0x00, 0x00, 0x00, 0x00, 0x41, 0x00,
  0x00, 0xe2, 0x0f, 0x04, 0x20, 0x72, 0x0e, 0x2b, 0x3d, 0x00, 0x00, 0x00,
  0x00, 0x00, 0x41, 0x00, 0x00, 0xe2, 0x0f, 0x04, 0x20, 0x72, 0x32, 0x02,
  0x37, 0x00, 0x00, 0x00, 0x00, 0x00, 0x41, 0x00, 0x00, 0xe2, 0x0f, 0x04,
  0x20, 0x72, 0x31, 0x02, 0x3a, 0x00, 0x00, 0x00, 0x00, 0x00, 0x41, 0x00,
  0x00, 0xe2, 0x0f, 0x04, 0x20, 0x72, 0x33, 0x02, 0x3b, 0x00, 0x00, 0x00,
  0x00, 0x00, 0x41, 0x00, 0x00, 0xe2, 0x0f, 0x04, 0x20, 0x72, 0x34, 0x02,
  0x3e, 0x00, 0x00, 0x00, 0x00, 0x00, 0x41, 0x00, 0x00, 0xe2, 0x0f, 0x04,
  0x20, 0x72, 0x36, 0x02, 0x3f, 0x00, 0x00, 0x00, 0x00, 0x00, 0x41, 0x00,
  0x00, 0xe2, 0x0f, 0x04, 0x88, 0x73, 0x00, 0x64, 0x04, 0x00, 0x00, 0x00,
  0x00, 0xcc, 0x00, 0x00, 0x00, 0xe2, 0x03, 0x00, 0x20, 0x72, 0x0d, 0x2b,
  0x40, 0x00, 0x00, 0x00, 0x00, 0x00, 0x41, 0x00, 0x00, 0xe2, 0x0f, 0x04,
  0x20, 0x72, 0x0f, 0x2b, 0x41, 0x00, 0x00, 0x00, 0x00, 0x00, 0x41, 0x00,
  0x00, 0xe2, 0x0f, 0x04, 0x20, 0x72, 0x10, 0x2b, 0x44, 0x00, 0x00, 0x00,
  0x00, 0x00, 0x41, 0x00, 0x00, 0xe2, 0x0f, 0x04, 0x20, 0x72, 0x12, 0x2b,
  0x45, 0x00, 0x00, 0x00, 0x00, 0x00, 0x41, 0x00, 0x00, 0xe2, 0x0f, 0x04,
  0x20, 0x72, 0x11, 0x2b, 0x48, 0x00, 0x00, 0x00, 0x00, 0x00, 0x41, 0x00,
  0x00, 0xe2, 0x0f, 0x04, 0x20, 0x72, 0x13, 0x2b, 0x49, 0x00, 0x00, 0x00,
  0x00, 0x00, 0x41, 0x00, 0x00, 0xe2, 0x0f, 0x04, 0x20, 0x72, 0x14, 0x2b,
  0x4c, 0x00, 0x00, 0x00, 0x00, 0x00, 0x41, 0x00, 0x00, 0xe2, 0x0f, 0x04,
  0x20, 0x72, 0x16, 0x2b, 0x4d, 0x00, 0x00, 0x00, 0x00, 0x00, 0x41, 0x00,
  0x00, 0xe2, 0x0f, 0x04, 0x20, 0x72, 0x15, 0x2b, 0x50, 0x00, 0x00, 0x00,
  0x00, 0x00, 0x41, 0x00, 0x00, 0xe2, 0x0f, 0x04, 0x20, 0x72, 0x17, 0x2b,
  0x51, 0x00, 0x00, 0x00, 0x00, 0x00, 0x41, 0x00, 0x00, 0xe2, 0x0f, 0x00,
  0x20, 0x72, 0x35, 0x02, 0x42, 0x00, 0x00, 0x00, 0x00, 0x00, 0x41, 0x00,
  0x00, 0xe2, 0x0f, 0x04, 0x20, 0x72, 0x37, 0x02, 0x43, 0x00, 0x00, 0x00,
  0x00, 0x00, 0x41, 0x00, 0x00, 0xe2, 0x0f, 0x04, 0x20, 0x72, 0x38, 0x02,
  0x46, 0x00, 0x00, 0x00, 0x00, 0x00, 0x41, 0x00, 0x00, 0xe2, 0x0f, 0x04,
  0x20, 0x72, 0x3a, 0x02, 0x47, 0x00, 0x00, 0x00, 0x00, 0x00, 0x41, 0x00,
  0x00, 0xe2, 0x0f, 0x04, 0x20, 0x72, 0x39, 0x02, 0x4a, 0x00, 0x00, 0x00,
  0x00, 0x00, 0x41, 0x00, 0x00, 0xe2, 0x0f, 0x04, 0x20, 0x72, 0x3b, 0x02,
  0x4b, 0x00, 0x00, 0x00, 0x00, 0x00, 0x41, 0x00, 0x00, 0xe2, 0x0f, 0x04,
  0x20, 0x72, 0x3c, 0x02, 0x4e, 0x00, 0x00, 0x00, 0x00, 0x00, 0x41, 0x00,
  0x00, 0xe2, 0x0f, 0x04, 0x20, 0x72, 0x3e, 0x02, 0x4f, 0x00, 0x00, 0x00,
  0x00, 0x00, 0x41, 0x00, 0x00, 0xe2, 0x0f, 0x04, 0x20, 0x72, 0x3d, 0x02,
  0x52, 0x00, 0x00, 0x00, 0x00, 0x00, 0x41, 0x00, 0x00, 0xe2, 0x0f, 0x04,
  0x20, 0x72, 0x3f, 0x02, 0x53, 0x00, 0x00, 0x00, 0x00, 0x00, 0x41, 0x00,
  0x00, 0xe2, 0x0f, 0x04, 0x11, 0x72, 0x05, 0x03, 0x03, 0x00, 0x00, 0x00,
  0xff, 0x08, 0x8f, 0x07, 0x00, 0xe2, 0x2f, 0x00, 0x20, 0x72, 0x40, 0x02,
  0x56, 0x00, 0x00, 0x00, 0x00, 0x00, 0x41, 0x00, 0x00, 0xe2, 0x0f, 0x04,
  0x20, 0x72, 0x42, 0x02, 0x57, 0x00, 0x00, 0x00, 0x00, 0x00, 0x41, 0x00,
  0x00, 0xe2, 0x0f, 0x04, 0x20, 0x72, 0x41, 0x02, 0x5a, 0x00, 0x00, 0x00,
  0x00, 0x00, 0x41, 0x00, 0x00, 0xe2, 0x0f, 0x04, 0x20, 0x72, 0x43, 0x02,
  0x5b, 0x00, 0x00, 0x00, 0x00, 0x00, 0x41, 0x00, 0x00, 0xe2, 0x0f, 0x04,
  0x20, 0x72, 0x44, 0x02, 0x5e, 0x00, 0x00, 0x00, 0x00, 0x00, 0x41, 0x00,
  0x00, 0xe2, 0x0f, 0x04, 0x20, 0x72, 0x46, 0x02, 0x5f, 0x00, 0x00, 0x00,
  0x00, 0x00, 0x41, 0x00, 0x00, 0xe2, 0x0f, 0x04, 0x20, 0x72, 0x45, 0x02,
  0x62, 0x00, 0x00, 0x00, 0x00, 0x00, 0x41, 0x00, 0x00, 0xe2, 0x0f, 0x04,
  0x20, 0x72, 0x47, 0x02, 0x63, 0x00, 0x00, 0x00, 0x00, 0x00, 0x41, 0x00,
  0x00, 0xe2, 0x0f, 0x04, 0x20, 0x72, 0x48, 0x02, 0xa2, 0x00, 0x00, 0x00,
  0x00, 0x00, 0x41, 0x00, 0x00, 0xe2, 0x0f, 0x04, 0x20, 0x72, 0x4a, 0x02,
  0xa3, 0x00, 0x00, 0x00, 0x00, 0x00, 0x41, 0x00, 0x00, 0xe2, 0x0f, 0x04,
  0x20, 0x72, 0x49, 0x02, 0xa6, 0x00, 0x00, 0x00, 0x00, 0x00, 0x41, 0x00,
  0x00, 0xe2, 0x0f, 0x04, 0x20, 0x72, 0x4b, 0x02, 0xa7, 0x00, 0x00, 0x00,
  0x00, 0x00, 0x41, 0x00, 0x00, 0xe2, 0x0f, 0x04, 0x20, 0x72, 0x4c, 0x02,
  0xaa, 0x00, 0x00, 0x00, 0x00, 0x00, 0x41, 0x00, 0x00, 0xe2, 0x0f, 0x04,
  0x20, 0x72, 0x4e, 0x02, 0xab, 0x00, 0x00, 0x00, 0x00, 0x00, 0x41, 0x00,
  0x00, 0xe2, 0x0f, 0x04, 0x20, 0x72, 0x4d, 0x02, 0xae, 0x00, 0x00, 0x00,
  0x00, 0x00, 0x41, 0x00, 0x00, 0xe2, 0x0f, 0x04, 0x20, 0x72, 0x4f, 0x02,
  0xaf, 0x00, 0x00, 0x00, 0x00, 0x00, 0x41, 0x00, 0x00, 0xe2, 0x0f, 0x04,
  0x20, 0x72, 0x50, 0x02, 0xb2, 0x00, 0x00, 0x00, 0x00, 0x00, 0x41, 0x00,
  0x00, 0xe2, 0x0f, 0x04, 0x20, 0x72, 0x52, 0x02, 0xb3, 0x00, 0x00, 0x00,
  0x00, 0x00, 0x41, 0x00, 0x00, 0xe2, 0x0f, 0x04, 0x20, 0x72, 0x51, 0x02,
  0xb6, 0x00, 0x00, 0x00, 0x00, 0x00, 0x41, 0x00, 0x00, 0xe2, 0x0f, 0x04,
  0x20, 0x72, 0x53, 0x02, 0xb7, 0x00, 0x00, 0x00, 0x00, 0x00, 0x41, 0x00,
  0x00, 0xe2, 0x0f, 0x00, 0x24, 0x78, 0x04, 0x67, 0x04, 0x00, 0x00, 0x00,
  0xff, 0x00, 0x8e, 0x07, 0x00, 0xe2, 0x0f, 0x00, 0x11, 0x7c, 0x02, 0x65,
  0x06, 0x00, 0x00, 0x00, 0xff, 0xd2, 0x8f, 0x0f, 0x00, 0xe2, 0x0f, 0x00,
  0x20, 0x72, 0x1a, 0x2b, 0x55, 0x00, 0x00, 0x00, 0x00, 0x00, 0x41, 0x00,
  0x00, 0xe2, 0x0f, 0x04, 0x20, 0x72, 0x19, 0x2b, 0x58, 0x00, 0x00, 0x00,
  0x00, 0x00, 0x41, 0x00, 0x00, 0xe2, 0x0f, 0x04, 0x20, 0x72, 0x1b, 0x2b,
  0x59, 0x00, 0x00, 0x00, 0x00, 0x00, 0x41, 0x00, 0x00, 0xe2, 0x0f, 0x00,
  0x88, 0x73, 0x00, 0x64, 0x2c, 0x00, 0x20, 0x00, 0x00, 0xcc, 0x00, 0x00,
  0x00, 0xe2, 0x0f, 0x00, 0x12, 0x78, 0x06, 0x05, 0xfe, 0xff, 0xff, 0x03,
  0xff, 0xc0, 0x8e, 0x07, 0x00, 0xe2, 0x0f, 0x00, 0x20, 0x72, 0x1c, 0x2b,
  0x5c, 0x00, 0x00, 0x00, 0x00, 0x00, 0x41, 0x00, 0x00, 0xe2, 0x0f, 0x04,
  0x20, 0x72, 0x1e, 0x2b, 0x5d, 0x00, 0x00, 0x00, 0x00, 0x00, 0x41, 0x00,
  0x00, 0xe2, 0x0f, 0x04, 0x20, 0x72, 0x1d, 0x2b, 0x60, 0x00, 0x00, 0x00,
  0x00, 0x00, 0x41, 0x00, 0x00, 0xe2, 0x0f, 0x04, 0x20, 0x72, 0x1f, 0x2b,
  0x61, 0x00, 0x00, 0x00, 0x00, 0x00, 0x41, 0x00, 0x00, 0xe2, 0x0f, 0x04,
  0x88, 0x73, 0x00, 0x54, 0x08, 0x00, 0x00, 0x00, 0x00, 0x0c, 0x00, 0x00,
  0x00, 0xe2, 0x0f, 0x00, 0x20, 0x72, 0x20, 0x2b, 0xa0, 0x00, 0x00, 0x00,
  0x00, 0x00, 0x41, 0x00, 0x00, 0xe2, 0x0f, 0x04, 0x20, 0x72, 0x22, 0x2b,
  0xa1, 0x00, 0x00, 0x00, 0x00, 0x00, 0x41, 0x00, 0x00, 0xe2, 0x0f, 0x04,
  0x20, 0x72, 0x21, 0x2b, 0xa4, 0x00, 0x00, 0x00, 0x00, 0x00, 0x41, 0x00,
  0x00, 0xe2, 0x0f, 0x04, 0x88, 0x73, 0x00, 0x54, 0x30, 0x00, 0x20, 0x00,
  0x00, 0x0c, 0x00, 0x00, 0x00, 0xe2, 0x0f, 0x00, 0x20, 0x72, 0x23, 0x2b,
  0xa5, 0x00, 0x00, 0x00, 0x00, 0x00, 0x41, 0x00, 0x00, 0xe2, 0x0f, 0x04,
  0x19, 0x78, 0x07, 0xff, 0x1f, 0x00, 0x00, 0x00, 0x02, 0x14, 0x01, 0x00,
  0x00, 0xe2, 0x0f, 0x00, 0x20, 0x72, 0x24, 0x2b, 0xa8, 0x00, 0x00, 0x00,
  0x00, 0x00, 0x41, 0x00, 0x00, 0xe2, 0x0f, 0x04, 0x88, 0x73, 0x00, 0x64,
  0x0c, 0x80, 0x00, 0x00, 0x00, 0xcc, 0x00, 0x00, 0x00, 0xe2, 0x0f, 0x00,
  0x19, 0x78, 0x05, 0xff, 0x1f, 0x00, 0x00, 0x00, 0x04, 0x14, 0x01, 0x00,
  0x00, 0xe2, 0x0f, 0x00, 0x20, 0x72, 0x26, 0x2b, 0xa9, 0x00, 0x00, 0x00,
  0x00, 0x00, 0x41, 0x00, 0x00, 0xe2, 0x0f, 0x04, 0x20, 0x72, 0x25, 0x2b,
  0xac, 0x00, 0x00, 0x00, 0x00, 0x00, 0x41, 0x00, 0x00, 0xe2, 0x0f, 0x04,
  0x88, 0x73, 0x00, 0x64, 0x34, 0x80, 0x20, 0x00, 0x00, 0xcc, 0x00, 0x00,
  0x00, 0xe2, 0x0f, 0x00, 0x20, 0x72, 0x27, 0x2b, 0xad, 0x00, 0x00, 0x00,
  0x00, 0x00, 0x41, 0x00, 0x00, 0xe2, 0x0f, 0x04, 0x20, 0x72, 0x28, 0x2b,
  0xb0, 0x00, 0x00, 0x00, 0x00, 0x00, 0x41, 0x00, 0x00, 0xe2, 0x0f, 0x04,
  0x20, 0x72, 0x2a, 0x2b, 0xb1, 0x00, 0x00, 0x00, 0x00, 0x00, 0x41, 0x00,
  0x00, 0xe2, 0x0f, 0x04, 0x20, 0x72, 0x29, 0x2b, 0xb4, 0x00, 0x00, 0x00,
  0x00, 0x00, 0x41, 0x00, 0x00, 0xe2, 0x0f, 0x04, 0x88, 0x73, 0x00, 0x54,
  0x10, 0x80, 0x00, 0x00, 0x00, 0x0c, 0x00, 0x00, 0x00, 0xe2, 0x0f, 0x00,
  0x20, 0x72, 0x2b, 0x2b, 0xb5, 0x00, 0x00, 0x00, 0x00, 0x00, 0x41, 0x00,
  0x00, 0xe2, 0x0f, 0x00, 0x0c, 0x7c, 0x00, 0x02, 0x07, 0x00, 0x00, 0x00,
  0x70, 0x62, 0xf0, 0x0b, 0x00, 0xe2, 0x0f, 0x00, 0x24, 0x78, 0x06, 0x03,
  0x01, 0x00, 0x00, 0x00, 0x06, 0x0a, 0x8e, 0x07, 0x00, 0xe2, 0x0f, 0x00,
  0x88, 0x73, 0x00, 0x54, 0x38, 0x80, 0x20, 0x00, 0x00, 0x0c, 0x00, 0x00,
  0x00, 0xe2, 0x0f, 0x00, 0x24, 0x7a, 0x07, 0x07, 0x00, 0x84, 0x00, 0x00,
  0xff, 0x02, 0x8e, 0x07, 0x00, 0xc4, 0x0f, 0x00, 0x25, 0x7a, 0x04, 0x02,
  0x00, 0x84, 0x00, 0x00, 0x04, 0x00, 0x8e, 0x07, 0x00, 0xe2, 0x0f, 0x00,
  0x88, 0x73, 0x00, 0x64, 0x14, 0x00, 0x01, 0x00, 0x00, 0xcc, 0x00, 0x00,
  0x00, 0xe2, 0x0f, 0x00, 0x19, 0x78, 0x06, 0x06, 0x02, 0x00, 0x00, 0x00,
  0xff, 0x06, 0x00, 0x00, 0x00, 0xe4, 0x0f, 0x00, 0x24, 0x7a, 0x07, 0x02,
  0x00, 0x85, 0x00, 0x00, 0x07, 0x02, 0x8e, 0x07, 0x00, 0xe2, 0x0f, 0x00,
  0x88, 0x73, 0x00, 0x64, 0x3c, 0x00, 0x21, 0x00, 0x00, 0xcc, 0x00, 0x00,
  0x00, 0xe2, 0x0f, 0x00, 0x12, 0x72, 0x06, 0x06, 0x67, 0x00, 0x00, 0x00,
  0xff, 0x3c, 0x8e, 0x07, 0x00, 0xc6, 0x0f, 0x00, 0x88, 0x73, 0x00, 0x54,
  0x18, 0x00, 0x01, 0x00, 0x00, 0x0c, 0x00, 0x00, 0x00, 0xe8, 0x0f, 0x00,
  0x88, 0x73, 0x00, 0x54, 0x40, 0x00, 0x21, 0x00, 0x00, 0x0c, 0x00, 0x00,
  0x00, 0xe8, 0x0f, 0x00, 0x88, 0x73, 0x00, 0x64, 0x1c, 0x80, 0x01, 0x00,
  0x00, 0xcc, 0x00, 0x00, 0x00, 0xe8, 0x0f, 0x00, 0x88, 0x73, 0x00, 0x64,
  0x44, 0x80, 0x21, 0x00, 0x00, 0xcc, 0x00, 0x00, 0x00, 0xe8, 0x0f, 0x00,
  0x88, 0x73, 0x00, 0x54, 0x20, 0x80, 0x01, 0x00, 0x00, 0x0c, 0x00, 0x00,
  0x00, 0xe8, 0x0f, 0x00, 0x88, 0x73, 0x00, 0x54, 0x48, 0x80, 0x21, 0x00,
  0x00, 0x0c, 0x00, 0x00, 0x00, 0xe8, 0x0f, 0x00, 0x88, 0x73, 0x00, 0x64,
  0x24, 0x00, 0x02, 0x00, 0x00, 0xcc, 0x00, 0x00, 0x00, 0xe8, 0x0f, 0x00,
  0x88, 0x73, 0x00, 0x64, 0x4c, 0x00, 0x22, 0x00, 0x00, 0xcc, 0x00, 0x00,
  0x00, 0xe8, 0x03, 0x00, 0x88, 0x73, 0x00, 0x54, 0x28, 0x00, 0x02, 0x00,
  0x00, 0x0c, 0x00, 0x00, 0x00, 0xe8, 0x05, 0x00, 0x88, 0x73, 0x00, 0x54,
  0x50, 0x00, 0x22, 0x00, 0x00, 0x0c, 0x00, 0x00, 0x00, 0xe8, 0x05, 0x00,
  0x88, 0x73, 0x00, 0x64, 0x58, 0x80, 0x02, 0x00, 0x00, 0xcc, 0x00, 0x00,
  0x00, 0xe8, 0x05, 0x00, 0x88, 0x73, 0x00, 0x64, 0x58, 0x80, 0x22, 0x00,
  0x00, 0xcc, 0x00, 0x00, 0x00, 0xe2, 0x05, 0x00, 0x10, 0x7c, 0x4c, 0x04,
  0x04, 0x00, 0x00, 0x00, 0xff, 0xe0, 0xf3, 0x0f, 0x00, 0xe2, 0x2f, 0x00,
  0x24, 0x78, 0x4e, 0x03, 0x40, 0x00, 0x00, 0x00, 0x06, 0x02, 0x8e, 0x07,
  0x00, 0xc4, 0x0f, 0x00, 0x88, 0x73, 0x00, 0x54, 0x58, 0x80, 0x02, 0x00,
  0x00, 0x0c, 0x00, 0x00, 0x00, 0xe2, 0x05, 0x00, 0x10, 0x7c, 0x4d, 0x05,
  0x05, 0x00, 0x00, 0x00, 0x07, 0xe4, 0xff, 0x08, 0x00, 0xc6, 0x0f, 0x00,
  0x88, 0x73, 0x00, 0x54, 0x58, 0x80, 0x22, 0x00, 0x00, 0x0c, 0x00, 0x00,
  0x00, 0xe8, 0x05, 0x00, 0x88, 0x73, 0x00, 0x64, 0x58, 0x00, 0x03, 0x00,
  0x00, 0xcc, 0x00, 0x00, 0x00, 0xe8, 0x05, 0x00, 0x88, 0x73, 0x00, 0x64,
  0x58, 0x00, 0x23, 0x00, 0x00, 0xcc, 0x00, 0x00, 0x00, 0xe8, 0x05, 0x00,
  0x88, 0x73, 0x00, 0x54, 0x58, 0x00, 0x03, 0x00, 0x00, 0x0c, 0x00, 0x00,
  0x00, 0xe8, 0x05, 0x00, 0x88, 0x73, 0x00, 0x54, 0x58, 0x00, 0x23, 0x00,
  0x00, 0x0c, 0x00, 0x00, 0x00, 0xe8, 0x05, 0x00, 0x88, 0x73, 0x00, 0x64,
  0x58, 0x80, 0x03, 0x00, 0x00, 0xcc, 0x00, 0x00, 0x00, 0xe8, 0x05, 0x00,
  0x88, 0x73, 0x00, 0x64, 0x58, 0x80, 0x23, 0x00, 0x00, 0xcc, 0x00, 0x00,
  0x00, 0xe8, 0x05, 0x00, 0x88, 0x73, 0x00, 0x54, 0x58, 0x80, 0x03, 0x00,
  0x00, 0x0c, 0x00, 0x00, 0x00, 0xe8, 0x05, 0x00, 0x88, 0x73, 0x00, 0x54,
  0x58, 0x80, 0x23, 0x00, 0x00, 0x0c, 0x00, 0x00, 0x00, 0xe8, 0x05, 0x00,
  0x1d, 0x7b, 0x00, 0x00, 0x00, 0x00, 0x00, 0x00, 0x00, 0x00, 0x01, 0x00,
  0x00, 0xec, 0x0f, 0x00, 0x47, 0x09, 0x00, 0x00, 0xc0, 0x29, 0x00, 0x00,
  0x00, 0x00, 0x80, 0x03, 0x00, 0xea, 0x0f, 0x00, 0x84, 0x79, 0x04, 0x4e,
  0x00, 0x00, 0x00, 0x00, 0x00, 0xcc, 0x00, 0x00, 0x00, 0x62, 0x0e, 0x00,
  0xb9, 0x7a, 0x05, 0x00, 0x00, 0xd8, 0x00, 0x00, 0x00, 0x08, 0x00, 0x00,
  0x00, 0xc4, 0x0f, 0x00, 0x99, 0x78, 0x04, 0x3f, 0x1f, 0x00, 0x00, 0x00,
  0x05, 0x14, 0x01, 0x08, 0x00, 0xc8, 0x0f, 0x00, 0x91, 0x72, 0x04, 0x04,
  0x05, 0x00, 0x00, 0x00, 0x3f, 0x10, 0x8f, 0x0f, 0x00, 0xc8, 0x0f, 0x00,
  0x99, 0x78, 0x04, 0x3f, 0x02, 0x00, 0x00, 0x00, 0x04, 0x14, 0x01, 0x08,
  0x00, 0xcc, 0x0f, 0x00, 0x0c, 0x7c, 0x00, 0x67, 0x04, 0x00, 0x00, 0x00,
  0x70, 0x62, 0xf0, 0x0b, 0x00, 0xe2, 0x0f, 0x00, 0x20, 0x7c, 0x08, 0x06,
  0x16, 0x00, 0x00, 0x00, 0x00, 0x00, 0x41, 0x08, 0x00, 0xe2, 0x2f, 0x00,
  0x20, 0x7c, 0x07, 0x07, 0x16, 0x00, 0x00, 0x00, 0x00, 0x00, 0x41, 0x08,
  0x00, 0xe2, 0x0f, 0x00, 0x20, 0x7c, 0x03, 0x04, 0x16, 0x00, 0x00, 0x00,
  0x00, 0x00, 0x41, 0x08, 0x00, 0xe2, 0x0f, 0x00, 0x20, 0x7c, 0x06, 0x05,
  0x16, 0x00, 0x00, 0x00, 0x00, 0x00, 0x41, 0x08, 0x00, 0xd2, 0x0f, 0x00,
  0x10, 0x8a, 0x04, 0x4c, 0x00, 0x78, 0x00, 0x00, 0xff, 0xe0, 0xf3, 0x07,
  0x00, 0xe4, 0x0f, 0x00, 0x3e, 0x72, 0x07, 0x07, 0x08, 0x00, 0x00, 0x00,
  0xff, 0x70, 0x80, 0x04, 0x00, 0xe4, 0x0f, 0x00, 0x10, 0x8a, 0x05, 0x4d,
  0x00, 0x79, 0x00, 0x00, 0xff, 0xe4, 0xff, 0x00, 0x00, 0xe4, 0x0f, 0x00,
  0x3e, 0x72, 0x07, 0x06, 0x03, 0x00, 0x00, 0x00, 0x07, 0x70, 0x80, 0x04,
  0x00, 0xe4, 0x0f, 0x00, 0x10, 0x78, 0x03, 0x02, 0x02, 0x00, 0x00, 0x00,
  0xff, 0xe0, 0xff, 0x07, 0x00, 0xc6, 0x0f, 0x00, 0x86, 0x89, 0x00, 0x04,
  0x07, 0x00, 0x00, 0x00, 0x14, 0x19, 0x10, 0x0c, 0x00, 0xe2, 0x03, 0x00,
  0x0c, 0x7c, 0x00, 0x03, 0x07, 0x00, 0x00, 0x00, 0x70, 0x62, 0xf2, 0x0b,
  0x00, 0xda, 0x0f, 0x00, 0x47, 0x19, 0x00, 0x00, 0xa0, 0x28, 0x00, 0x00,
  0x00, 0x00, 0x80, 0x03, 0x00, 0xea, 0x0f, 0x00, 0x84, 0x79, 0x04, 0x4e,
  0x00, 0x00, 0x08, 0x00, 0x00, 0xcc, 0x00, 0x00, 0x00, 0x62, 0x2e, 0x00,
  0x24, 0x86, 0x03, 0xff, 0x00, 0x84, 0x00, 0x00, 0xff, 0x00, 0x8e, 0x07,
  0x00, 0xe4, 0x0f, 0x00, 0x24, 0x86, 0x0a, 0xff, 0x00, 0x85, 0x00, 0x00,
  0xff, 0x00, 0x8e, 0x07, 0x00, 0xc6, 0x0f, 0x00, 0x11, 0x82, 0x09, 0x03,
  0x4c, 0x00, 0x00, 0x00, 0xff, 0x08, 0x82, 0x07, 0x00, 0xc8, 0x0f, 0x00,
  0x11, 0x82, 0x0a, 0x03, 0x4d, 0x00, 0x00, 0x00, 0x0a, 0x0c, 0x8f, 0x00,
  0x00, 0xe2, 0x0f, 0x00, 0x20, 0x7c, 0x08, 0x06, 0x16, 0x00, 0x00, 0x00,
  0x00, 0x00, 0x41, 0x08, 0x00, 0xe2, 0x2f, 0x00, 0x20, 0x7c, 0x07, 0x07,
  0x16, 0x00, 0x00, 0x00, 0x00, 0x00, 0x41, 0x08, 0x00, 0xe2, 0x0f, 0x00,
  0x20, 0x7c, 0x03, 0x04, 0x16, 0x00, 0x00, 0x00, 0x00, 0x00, 0x41, 0x08,
  0x00, 0xe2, 0x0f, 0x00, 0x20, 0x7c, 0x06, 0x05, 0x16, 0x00, 0x00, 0x00,
  0x00, 0x00, 0x41, 0x08, 0x00, 0xe2, 0x0f, 0x00, 0x10, 0x8a, 0x04, 0x09,
  0x00, 0x78, 0x00, 0x00, 0xff, 0xe0, 0xf3, 0x07, 0x00, 0xe4, 0x0f, 0x00,
  0x3e, 0x72, 0x07, 0x07, 0x08, 0x00, 0x00, 0x00, 0xff, 0x70, 0x80, 0x04,
  0x00, 0xe4, 0x0f, 0x00, 0x10, 0x8a, 0x05, 0x0a, 0x00, 0x79, 0x00, 0x00,
  0xff, 0xe4, 0xff, 0x00, 0x00, 0xe4, 0x0f, 0x00, 0x3e, 0x72, 0x07, 0x06,
  0x03, 0x00, 0x00, 0x00, 0x07, 0x70, 0x80, 0x04, 0x00, 0xc4, 0x0f, 0x00,
  0x10, 0x78, 0x03, 0x02, 0x04, 0x00, 0x00, 0x00, 0xff, 0xe0, 0xff, 0x07,
  0x00, 0xc6, 0x0f, 0x00, 0x86, 0x89, 0x00, 0x04, 0x07, 0x00, 0x00, 0x00,
  0x14, 0x19, 0x10, 0x0c, 0x00, 0xe2, 0x03, 0x00, 0x0c, 0x7c, 0x00, 0x03,
  0x07, 0x00, 0x00, 0x00, 0x70, 0x62, 0xf2, 0x0b, 0x00, 0xda, 0x0f, 0x00,
  0x47, 0x19, 0x00, 0x00, 0x90, 0x27, 0x00, 0x00, 0x00, 0x00, 0x80, 0x03,
  0x00, 0xea, 0x0f, 0x00, 0x84, 0x79, 0x04, 0x4e, 0x00, 0x00, 0x10, 0x00,
  0x00, 0xcc, 0x00, 0x00, 0x00, 0x62, 0x2e, 0x00, 0x24, 0x86, 0x03, 0xff,
  0x00, 0x84, 0x00, 0x00, 0xff, 0x00, 0x8e, 0x07, 0x00, 0xe4, 0x0f, 0x00,
  0x24, 0x86, 0x0a, 0xff, 0x00, 0x85, 0x00, 0x00, 0xff, 0x00, 0x8e, 0x07,
  0x00, 0xc6, 0x0f, 0x00, 0x11, 0x82, 0x09, 0x03, 0x4c, 0x00, 0x00, 0x00,
  0xff, 0x10, 0x82, 0x07, 0x00, 0xc8, 0x0f, 0x00, 0x11, 0x82, 0x0a, 0x03,
  0x4d, 0x00, 0x00, 0x00, 0x0a, 0x14, 0x8f, 0x00, 0x00, 0xe2, 0x0f, 0x00,
  0x20, 0x7c, 0x08, 0x06, 0x16, 0x00, 0x00, 0x00, 0x00, 0x00, 0x41, 0x08,
  0x00, 0xe2, 0x2f, 0x00, 0x20, 0x7c, 0x07, 0x07, 0x16, 0x00, 0x00, 0x00,
  0x00, 0x00, 0x41, 0x08, 0x00, 0xe2, 0x0f, 0x00, 0x20, 0x7c, 0x03, 0x04,
  0x16, 0x00, 0x00, 0x00, 0x00, 0x00, 0x41, 0x08, 0x00, 0xe2, 0x0f, 0x00,
  0x20, 0x7c, 0x06, 0x05, 0x16, 0x00, 0x00, 0x00, 0x00, 0x00, 0x41, 0x08,
  0x00, 0xe2, 0x0f, 0x00, 0x10, 0x8a, 0x04, 0x09, 0x00, 0x78, 0x00, 0x00,
  0xff, 0xe0, 0xf3, 0x07, 0x00, 0xe4, 0x0f, 0x00, 0x3e, 0x72, 0x07, 0x07,
  0x08, 0x00, 0x00, 0x00, 0xff, 0x70, 0x80, 0x04, 0x00, 0xe4, 0x0f, 0x00,
  0x10, 0x8a, 0x05, 0x0a, 0x00, 0x79, 0x00, 0x00, 0xff, 0xe4, 0xff, 0x00,
  0x00, 0xe4, 0x0f, 0x00, 0x3e, 0x72, 0x07, 0x06, 0x03, 0x00, 0x00, 0x00,
  0x07, 0x70, 0x80, 0x04, 0x00, 0xc4, 0x0f, 0x00, 0x10, 0x78, 0x03, 0x02,
  0x06, 0x00, 0x00, 0x00, 0xff, 0xe0, 0xff, 0x07, 0x00, 0xc6, 0x0f, 0x00,
  0x86, 0x89, 0x00, 0x04, 0x07, 0x00, 0x00, 0x00, 0x14, 0x19, 0x10, 0x0c,
  0x00, 0xe2, 0x03, 0x00, 0x0c, 0x7c, 0x00, 0x03, 0x07, 0x00, 0x00, 0x00,
  0x70, 0x62, 0xf2, 0x0b, 0x00, 0xda, 0x0f, 0x00, 0x47, 0x19, 0x00, 0x00,
  0x80, 0x26, 0x00, 0x00, 0x00, 0x00, 0x80, 0x03, 0x00, 0xea, 0x0f, 0x00,
  0x84, 0x79, 0x78, 0x4e, 0x00, 0x00, 0x20, 0x00, 0x00, 0xcc, 0x00, 0x00,
  0x00, 0xe2, 0x22, 0x00, 0x10, 0x78, 0x03, 0x02, 0x08, 0x00, 0x00, 0x00,
  0xff, 0xe0, 0xff, 0x07, 0x00, 0xe2, 0x0f, 0x00, 0x45, 0x79, 0x01, 0x00,
  0xc0, 0x02, 0x00, 0x00, 0x00, 0x00, 0x80, 0x03, 0x00, 0xe4, 0x0f, 0x00,
  0x84, 0x79, 0x70, 0x4e, 0x00, 0x00, 0x28, 0x00, 0x00, 0xcc, 0x00, 0x00,
  0x00, 0x22, 0x03, 0x00, 0x0c, 0x7c, 0x00, 0x03, 0x07, 0x00, 0x00, 0x00,
  0x70, 0x62, 0xf2, 0x0b, 0x00, 0xc6, 0x0f, 0x00, 0x84, 0x79, 0x6c, 0x4e,
  0x00, 0x00, 0x30, 0x00, 0x00, 0xcc, 0x00, 0x00, 0x00, 0xa8, 0x02, 0x00,
  0x84, 0x79, 0x68, 0x4e, 0x00, 0x00, 0x38, 0x00, 0x00, 0xcc, 0x00, 0x00,
  0x00, 0x68, 0x02, 0x00, 0x84, 0x79, 0x64, 0x4e, 0x00, 0x00, 0x40, 0x00,
  0x00, 0xcc, 0x00, 0x00, 0x00, 0x68, 0x44, 0x00, 0x84, 0x79, 0x60, 0x4e,
  0x00, 0x00, 0x48, 0x00, 0x00, 0xcc, 0x00, 0x00, 0x00, 0x68, 0x04, 0x00,
  0x84, 0x79, 0x5c, 0x4e, 0x00, 0x00, 0x50, 0x00, 0x00, 0xcc, 0x00, 0x00,
  0x00, 0x68, 0x04, 0x00, 0x84, 0x79, 0x58, 0x4e, 0x00, 0x00, 0x58, 0x00,
  0x00, 0xcc, 0x00, 0x00, 0x00, 0x68, 0x04, 0x00, 0x84, 0x79, 0x54, 0x4e,
  0x00, 0x00, 0x60, 0x00, 0x00, 0xcc, 0x00, 0x00, 0x00, 0x68, 0x04, 0x00,
  0x84, 0x79, 0x50, 0x4e, 0x00, 0x00, 0x68, 0x00, 0x00, 0xcc, 0x00, 0x00,
  0x00, 0x68, 0x04, 0x00, 0x84, 0x79, 0x48, 0x4e, 0x00, 0x00, 0x70, 0x00,
  0x00, 0xcc, 0x00, 0x00, 0x00, 0x68, 0x04, 0x00, 0x84, 0x79, 0x44, 0x4e,
  0x00, 0x00, 0x78, 0x00, 0x00, 0xcc, 0x00, 0x00, 0x00, 0x68, 0x04, 0x00,
  0x84, 0x79, 0x40, 0x4e, 0x00, 0x00, 0x80, 0x00, 0x00, 0xcc, 0x00, 0x00,
  0x00, 0x68, 0x04, 0x00, 0x84, 0x79, 0x3c, 0x4e, 0x00, 0x00, 0x88, 0x00,
  0x00, 0xcc, 0x00, 0x00, 0x00, 0x68, 0x04, 0x00, 0x84, 0x79, 0x38, 0x4e,
  0x00, 0x00, 0x90, 0x00, 0x00, 0xcc, 0x00, 0x00, 0x00, 0x68, 0x04, 0x00,
  0x84, 0x79, 0x04, 0x4e, 0x00, 0x00, 0x98, 0x00, 0x00, 0xcc, 0x00, 0x00,
  0x00, 0x68, 0x04, 0x00, 0x84, 0x79, 0x08, 0x4e, 0x00, 0x00, 0xa0, 0x00,
  0x00, 0xcc, 0x00, 0x00, 0x00, 0x68, 0x04, 0x00, 0x84, 0x79, 0x0c, 0x4e,
  0x00, 0x00, 0xa8, 0x00, 0x00, 0xcc, 0x00, 0x00, 0x00, 0x68, 0x04, 0x00,
  0x84, 0x79, 0x10, 0x4e, 0x00, 0x00, 0xb0, 0x00, 0x00, 0xcc, 0x00, 0x00,
  0x00, 0x68, 0x04, 0x00, 0x84, 0x79, 0x14, 0x4e, 0x00, 0x00, 0xb8, 0x00,
  0x00, 0xcc, 0x00, 0x00, 0x00, 0x68, 0x04, 0x00, 0x84, 0x79, 0x18, 0x4e,
  0x00, 0x00, 0xc0, 0x00, 0x00, 0xcc, 0x00, 0x00, 0x00, 0x68, 0x04, 0x00,
  0x84, 0x79, 0x1c, 0x4e, 0x00, 0x00, 0xc8, 0x00, 0x00, 0xcc, 0x00, 0x00,
  0x00, 0x68, 0x04, 0x00, 0x84, 0x79, 0x20, 0x4e, 0x00, 0x00, 0xd0, 0x00,
  0x00, 0xcc, 0x00, 0x00, 0x00, 0x68, 0x04, 0x00, 0x84, 0x79, 0x24, 0x4e,
  0x00, 0x00, 0xd8, 0x00, 0x00, 0xcc, 0x00, 0x00, 0x00, 0x68, 0x04, 0x00,
  0x84, 0x79, 0x28, 0x4e, 0x00, 0x00, 0xe0, 0x00, 0x00, 0xcc, 0x00, 0x00,
  0x00, 0x68, 0x04, 0x00, 0x84, 0x79, 0x2c, 0x4e, 0x00, 0x00, 0xe8, 0x00,
  0x00, 0xcc, 0x00, 0x00, 0x00, 0x68, 0x04, 0x00, 0x84, 0x79, 0x30, 0x4e,
  0x00, 0x00, 0xf0, 0x00, 0x00, 0xcc, 0x00, 0x00, 0x00, 0x68, 0x04, 0x00,
  0x84, 0x79, 0x34, 0x4e, 0x00, 0x00, 0xf8, 0x00, 0x00, 0xcc, 0x00, 0x00,
  0x00, 0x68, 0x04, 0x00, 0x84, 0x79, 0x74, 0x4e, 0x00, 0x00, 0x18, 0x00,
  0x00, 0xcc, 0x00, 0x00, 0x00, 0x62, 0x04, 0x00, 0x47, 0x09, 0x00, 0x00,
  0xd0, 0x00, 0x00, 0x00, 0x00, 0x00, 0x80, 0x03, 0x00, 0xea, 0x0f, 0x00,
  0x24, 0x76, 0x4f, 0xff, 0x00, 0x84, 0x00, 0x00, 0xff, 0x00, 0x8e, 0x07,
  0x00, 0xe2, 0x8f, 0x01, 0x20, 0x7c, 0x76, 0x76, 0x16, 0x00, 0x00, 0x00,
  0x00, 0x00, 0x41, 0x08, 0x00, 0xe2, 0x2f, 0x00, 0x24, 0x76, 0x03, 0xff,
  0x00, 0x85, 0x00, 0x00, 0xff, 0x00, 0x8e, 0x07, 0x00, 0xe2, 0x0f, 0x00,
  0x20, 0x7c, 0x77, 0x77, 0x16, 0x00, 0x00, 0x00, 0x00, 0x00, 0x41, 0x08,
  0x00, 0xe2, 0x0f, 0x00, 0x25, 0x78, 0x4e, 0x4f, 0x06, 0x00, 0x00, 0x00,
  0x4c, 0x00, 0x8e, 0x07, 0x00, 0xe2, 0x4f, 0x00, 0x20, 0x7c, 0x74, 0x74,
  0x16, 0x00, 0x00, 0x00, 0x00, 0x00, 0x41, 0x08, 0x00, 0xe2, 0x0f, 0x00,
  0x20, 0x7c, 0x75, 0x75, 0x16, 0x00, 0x00, 0x00, 0x00, 0x00, 0x41, 0x08,
  0x00, 0xc4, 0x0f, 0x00, 0x24, 0x78, 0x03, 0x03, 0x06, 0x00, 0x00, 0x00,
  0xff, 0x02, 0x8e, 0x07, 0x00, 0xe2, 0x0f, 0x00, 0x10, 0x7a, 0x4e, 0x4e,
  0x00, 0x78, 0x00, 0x00, 0xff, 0xe0, 0xf5, 0x07, 0x00, 0xe4, 0x0f, 0x00,
  0x3e, 0x72, 0x76, 0x77, 0x76, 0x00, 0x00, 0x00, 0xff, 0x70, 0x80, 0x04,
  0x00, 0xe4, 0x0f, 0x00, 0x10, 0x7a, 0x4f, 0x4f, 0x00, 0x79, 0x00, 0x00,
  0x03, 0xe4, 0x7f, 0x01, 0x00, 0xe4, 0x0f, 0x00, 0x3e, 0x72, 0x75, 0x75,
  0x74, 0x00, 0x00, 0x00, 0x76, 0x70, 0x80, 0x04, 0x00, 0xca, 0x0f, 0x00,
  0x86, 0x79, 0x00, 0x4e, 0x75, 0x00, 0x00, 0x00, 0x14, 0x19, 0x10, 0x0c,
  0x00, 0xe4, 0x03, 0x00, 0x41, 0x79, 0x01, 0x00, 0x00, 0x00, 0x00, 0x00,
  0x00, 0x00, 0x80, 0x03, 0x00, 0xea, 0x8f, 0x01, 0x47, 0x19, 0x00, 0x00,
  0x80, 0x23, 0x00, 0x00, 0x00, 0x00, 0x80, 0x03, 0x00, 0xea, 0x0f, 0x00,
  0x24, 0x86, 0x03, 0xff, 0x00, 0x84, 0x00, 0x00, 0xff, 0x00, 0x8e, 0x07,
  0x00, 0xe2, 0x0f, 0x00, 0x20, 0x7c, 0x7a, 0x7a, 0x16, 0x00, 0x00, 0x00,
  0x00, 0x00, 0x41, 0x08, 0x00, 0xe2, 0x0f, 0x00, 0x02, 0x8a, 0x4f, 0x00,
  0x00, 0x85, 0x00, 0x00, 0x00, 0x0f, 0x00, 0x00, 0x00, 0xe2, 0x2f, 0x00,
  0x20, 0x7c, 0x7b, 0x7b, 0x16, 0x00, 0x00, 0x00, 0x00, 0x00, 0x41, 0x08,
  0x00, 0xe2, 0x0f, 0x00, 0x20, 0x7c, 0x78, 0x78, 0x16, 0x00, 0x00, 0x00,
  0x00, 0x00, 0x41, 0x08, 0x00, 0xe2, 0x0f, 0x00, 0x11, 0x82, 0x4e, 0x03,
  0x4c, 0x00, 0x00, 0x00, 0xff, 0x18, 0x82, 0x07, 0x00, 0xe2, 0x4f, 0x00,
  0x20, 0x7c, 0x79, 0x79, 0x16, 0x00, 0x00, 0x00, 0x00, 0x00, 0x41, 0x08,
  0x00, 0xe4, 0x0f, 0x00, 0x3e, 0x72, 0x7a, 0x7b, 0x7a, 0x00, 0x00, 0x00,
  0xff, 0x70, 0x80, 0x04, 0x00, 0xe4, 0x0f, 0x00, 0x11, 0x82, 0x03, 0x03,
  0x4d, 0x00, 0x00, 0x00, 0x4f, 0x1c, 0x8f, 0x00, 0x00, 0xc4, 0x0f, 0x00,
  0x10, 0x8a, 0x4e, 0x4e, 0x00, 0x78, 0x00, 0x00, 0xff, 0xe0, 0xf3, 0x07,
  0x00, 0xe4, 0x0f, 0x00, 0x3e, 0x72, 0x79, 0x79, 0x78, 0x00, 0x00, 0x00,
  0x7a, 0x70, 0x80, 0x04, 0x00, 0xe4, 0x0f, 0x00, 0x10, 0x8a, 0x4f, 0x03,
  0x00, 0x79, 0x00, 0x00, 0xff, 0xe4, 0xff, 0x00, 0x00, 0xe4, 0x0f, 0x00,
  0x10, 0x78, 0x03, 0x02, 0x0a, 0x00, 0x00, 0x00, 0xff, 0xe0, 0xff, 0x07,
  0x00, 0xc6, 0x0f, 0x00, 0x86, 0x89, 0x00, 0x4e, 0x79, 0x00, 0x00, 0x00,
  0x14, 0x19, 0x10, 0x0c, 0x00, 0xe2, 0x03, 0x00, 0x0c, 0x7c, 0x00, 0x03,
  0x07, 0x00, 0x00, 0x00, 0x70, 0x62, 0xf2, 0x0b, 0x00, 0xda, 0x0f, 0x00,
  0x47, 0x19, 0x00, 0x00, 0x80, 0x22, 0x00, 0x00, 0x00, 0x00, 0x80, 0x03,
  0x00, 0xea, 0x0f, 0x00, 0x10, 0x78, 0x03, 0x02, 0x0c, 0x00, 0x00, 0x00,
  0xff, 0xe0, 0xff, 0x07, 0x00, 0xe2, 0x2f, 0x00, 0x45, 0x79, 0x01, 0x00,
  0x20, 0x01, 0x00, 0x00, 0x00, 0x00, 0x80, 0x03, 0x00, 0xe6, 0x0f, 0x00,
  0x0c, 0x7c, 0x00, 0x03, 0x07, 0x00, 0x00, 0x00, 0x70, 0x62, 0xf2, 0x0b,
  0x00, 0xe2, 0x0f, 0x00, 0x47, 0x09, 0x00, 0x00, 0xf0, 0x00, 0x00, 0x00,
  0x00, 0x00, 0x80, 0x03, 0x00, 0xee, 0x0f, 0x00, 0x24, 0x76, 0x03, 0xff,
  0x00, 0x84, 0x00, 0x00, 0xff, 0x00, 0x8e, 0x07, 0x00, 0xe2, 0x0f, 0x00,
  0x20, 0x7c, 0x72, 0x72, 0x16, 0x00, 0x00, 0x00, 0x00, 0x00, 0x41, 0x08,
  0x00, 0xe2, 0x0f, 0x00, 0x24, 0x72, 0x4e, 0xff, 0xff, 0x00, 0x00, 0x00,
  0x4c, 0x00, 0x8e, 0x07, 0x00, 0xe2, 0x0f, 0x00, 0x20, 0x7c, 0x73, 0x73,
  0x16, 0x00, 0x00, 0x00, 0x00, 0x00, 0x41, 0x08, 0x00, 0xe2, 0x0f, 0x00,
  0x24, 0x72, 0x4f, 0xff, 0xff, 0x00, 0x00, 0x00, 0x4d, 0x00, 0x8e, 0x07,
  0x00, 0xe2, 0x0f, 0x00, 0x20, 0x7c, 0x70, 0x70, 0x16, 0x00, 0x00, 0x00,
  0x00, 0x00, 0x41, 0x08, 0x00, 0xe2, 0x0f, 0x00, 0x24, 0x76, 0x74, 0xff,
  0x00, 0x85, 0x00, 0x00, 0xff, 0x00, 0x8e, 0x07, 0x00, 0xe2, 0x0f, 0x00,
  0x20, 0x7c, 0x71, 0x71, 0x16, 0x00, 0x00, 0x00, 0x00, 0x00, 0x41, 0x08,
  0x00, 0xe2, 0x0f, 0x00, 0x25, 0x78, 0x4e, 0x03, 0x0a, 0x00, 0x00, 0x00,
  0x4e, 0x00, 0x8e, 0x07, 0x00, 0xe2, 0x0f, 0x00, 0x3e, 0x72, 0x72, 0x73,
  0x72, 0x00, 0x00, 0x00, 0xff, 0x70, 0x80, 0x04, 0x00, 0xc6, 0x0f, 0x00,
  0x24, 0x78, 0x03, 0x74, 0x0a, 0x00, 0x00, 0x00, 0xff, 0x02, 0x8e, 0x07,
  0x00, 0xe2, 0x0f, 0x00, 0x10, 0x7a, 0x4e, 0x4e, 0x00, 0x78, 0x00, 0x00,
  0xff, 0xe0, 0xf5, 0x07, 0x00, 0xe4, 0x0f, 0x00, 0x3e, 0x72, 0x71, 0x71,
  0x70, 0x00, 0x00, 0x00, 0x72, 0x70, 0x80, 0x04, 0x00, 0xe4, 0x0f, 0x00,
  0x10, 0x7a, 0x4f, 0x4f, 0x00, 0x79, 0x00, 0x00, 0x03, 0xe4, 0x7f, 0x01,
  0x00, 0xca, 0x0f, 0x00, 0x86, 0x79, 0x00, 0x4e, 0x71, 0x00, 0x00, 0x00,
  0x14, 0x19, 0x10, 0x0c, 0x00, 0xe8, 0x03, 0x00, 0x41, 0x79, 0x01, 0x00,
  0x00, 0x00, 0x00, 0x00, 0x00, 0x00, 0x80, 0x03, 0x00, 0xea, 0x0f, 0x00,
  0x47, 0x19, 0x00, 0x00, 0x30, 0x21, 0x00, 0x00, 0x00, 0x00, 0x80, 0x03,
  0x00, 0xea, 0x0f, 0x00, 0x10, 0x78, 0x03, 0x02, 0x0e, 0x00, 0x00, 0x00,
  0xff, 0xe0, 0xff, 0x07, 0x00, 0xe2, 0x0f, 0x00, 0x45, 0x79, 0x01, 0x00,
  0x20, 0x01, 0x00, 0x00, 0x00, 0x00, 0x80, 0x03, 0x00, 0xe6, 0x0f, 0x00,
  0x0c, 0x7c, 0x00, 0x03, 0x07, 0x00, 0x00, 0x00, 0x70, 0x62, 0xf2, 0x0b,
  0x00, 0xe2, 0x0f, 0x00, 0x47, 0x09, 0x00, 0x00, 0xf0, 0x00, 0x00, 0x00,
  0x00, 0x00, 0x80, 0x03, 0x00, 0xee, 0x0f, 0x00, 0x24, 0x76, 0x03, 0xff,
  0x00, 0x84, 0x00, 0x00, 0xff, 0x00, 0x8e, 0x07, 0x00, 0xe2, 0x0f, 0x00,
  0x20, 0x7c, 0x6e, 0x6e, 0x16, 0x00, 0x00, 0x00, 0x00, 0x00, 0x41, 0x08,
  0x00, 0xe2, 0x0f, 0x00, 0x24, 0x72, 0x4e, 0xff, 0xff, 0x00, 0x00, 0x00,
  0x4c, 0x00, 0x8e, 0x07, 0x00, 0xe2, 0x2f, 0x00, 0x20, 0x7c, 0x6f, 0x6f,
  0x16, 0x00, 0x00, 0x00, 0x00, 0x00, 0x41, 0x08, 0x00, 0xe2, 0x0f, 0x00,
  0x24, 0x72, 0x4f, 0xff, 0xff, 0x00, 0x00, 0x00, 0x4d, 0x00, 0x8e, 0x07,
  0x00, 0xe2, 0x0f, 0x00, 0x20, 0x7c, 0x6c, 0x6c, 0x16, 0x00, 0x00, 0x00,
  0x00, 0x00, 0x41, 0x08, 0x00, 0xe2, 0x0f, 0x00, 0x24, 0x76, 0x70, 0xff,
  0x00, 0x85, 0x00, 0x00, 0xff, 0x00, 0x8e, 0x07, 0x00, 0xe2, 0x0f, 0x00,
  0x20, 0x7c, 0x6d, 0x6d, 0x16, 0x00, 0x00, 0x00, 0x00, 0x00, 0x41, 0x08,
  0x00, 0xe2, 0x0f, 0x00, 0x25, 0x78, 0x4e, 0x03, 0x0c, 0x00, 0x00, 0x00,
  0x4e, 0x00, 0x8e, 0x07, 0x00, 0xe2, 0x0f, 0x00, 0x3e, 0x72, 0x6e, 0x6f,
  0x6e, 0x00, 0x00, 0x00, 0xff, 0x70, 0x80, 0x04, 0x00, 0xc6, 0x0f, 0x00,
  0x24, 0x78, 0x03, 0x70, 0x0c, 0x00, 0x00, 0x00, 0xff, 0x02, 0x8e, 0x07,
  0x00, 0xe2, 0x0f, 0x00, 0x10, 0x7a, 0x4e, 0x4e, 0x00, 0x78, 0x00, 0x00,
  0xff, 0xe0, 0xf5, 0x07, 0x00, 0xe4, 0x0f, 0x00, 0x3e, 0x72, 0x6d, 0x6d,
  0x6c, 0x00, 0x00, 0x00, 0x6e, 0x70, 0x80, 0x04, 0x00, 0xe4, 0x0f, 0x00,
  0x10, 0x7a, 0x4f, 0x4f, 0x00, 0x79, 0x00, 0x00, 0x03, 0xe4, 0x7f, 0x01,
  0x00, 0xca, 0x0f, 0x00, 0x86, 0x79, 0x00, 0x4e, 0x6d, 0x00, 0x00, 0x00,
  0x14, 0x19, 0x10, 0x0c, 0x00, 0xe8, 0x03, 0x00, 0x41, 0x79, 0x01, 0x00,
  0x00, 0x00, 0x00, 0x00, 0x00, 0x00, 0x80, 0x03, 0x00, 0xea, 0x0f, 0x00,
  0x47, 0x19, 0x00, 0x00, 0xe0, 0x1f, 0x00, 0x00, 0x00, 0x00, 0x80, 0x03,
  0x00, 0xea, 0x0f, 0x00, 0x10, 0x78, 0x03, 0x02, 0x10, 0x00, 0x00, 0x00,
  0xff, 0xe0, 0xff, 0x07, 0x00, 0xe2, 0x0f, 0x00, 0x45, 0x79, 0x01, 0x00,
  0x20, 0x01, 0x00, 0x00, 0x00, 0x00, 0x80, 0x03, 0x00, 0xe6, 0x0f, 0x00,
  0x0c, 0x7c, 0x00, 0x03, 0x07, 0x00, 0x00, 0x00, 0x70, 0x62, 0xf2, 0x0b,
  0x00, 0xe2, 0x0f, 0x00, 0x47, 0x09, 0x00, 0x00, 0xf0, 0x00, 0x00, 0x00,
  0x00, 0x00, 0x80, 0x03, 0x00, 0xee, 0x0f, 0x00, 0x02, 0x7a, 0x03, 0x00,
  0x00, 0x84, 0x00, 0x00, 0x00, 0x0f, 0x00, 0x00, 0x00, 0xe2, 0x0f, 0x00,
  0x24, 0x72, 0x4e, 0xff, 0xff, 0x00, 0x00, 0x00, 0x4c, 0x00, 0x8e, 0x07,
  0x00, 0xe2, 0x2f, 0x00, 0x20, 0x7c, 0x6a, 0x6a, 0x16, 0x00, 0x00, 0x00,
  0x00, 0x00, 0x41, 0x08, 0x00, 0xe2, 0x0f, 0x00, 0x24, 0x72, 0x4f, 0xff,
  0xff, 0x00, 0x00, 0x00, 0x4d, 0x00, 0x8e, 0x07, 0x00, 0xe2, 0x0f, 0x00,
  0x20, 0x7c, 0x6b, 0x6b, 0x16, 0x00, 0x00, 0x00, 0x00, 0x00, 0x41, 0x08,
  0x00, 0xe2, 0x0f, 0x00, 0x24, 0x76, 0x6c, 0xff, 0x00, 0x85, 0x00, 0x00,
  0xff, 0x00, 0x8e, 0x07, 0x00, 0xe2, 0x0f, 0x00, 0x20, 0x7c, 0x68, 0x68,
  0x16, 0x00, 0x00, 0x00, 0x00, 0x00, 0x41, 0x08, 0x00, 0xe2, 0x0f, 0x00,
  0x25, 0x78, 0x4e, 0x03, 0x0e, 0x00, 0x00, 0x00, 0x4e, 0x00, 0x8e, 0x07,
  0x00, 0xe2, 0x0f, 0x00, 0x20, 0x7c, 0x69, 0x69, 0x16, 0x00, 0x00, 0x00,
  0x00, 0x00, 0x41, 0x08, 0x00, 0xe2, 0x0f, 0x00, 0x3e, 0x72, 0x6a, 0x6b,
  0x6a, 0x00, 0x00, 0x00, 0xff, 0x70, 0x80, 0x04, 0x00, 0xc4, 0x0f, 0x00,
  0x24, 0x78, 0x03, 0x6c, 0x0e, 0x00, 0x00, 0x00, 0xff, 0x02, 0x8e, 0x07,
  0x00, 0xe2, 0x0f, 0x00, 0x10, 0x7a, 0x4e, 0x4e, 0x00, 0x78, 0x00, 0x00,
  0xff, 0xe0, 0xf5, 0x07, 0x00, 0xe4, 0x0f, 0x00, 0x3e, 0x72, 0x69, 0x69,
  0x68, 0x00, 0x00, 0x00, 0x6a, 0x70, 0x80, 0x04, 0x00, 0xe4, 0x0f, 0x00,
  0x10, 0x7a, 0x4f, 0x4f, 0x00, 0x79, 0x00, 0x00, 0x03, 0xe4, 0x7f, 0x01,
  0x00, 0xca, 0x0f, 0x00, 0x86, 0x79, 0x00, 0x4e, 0x69, 0x00, 0x00, 0x00,
  0x14, 0x19, 0x10, 0x0c, 0x00, 0xe8, 0x03, 0x00, 0x41, 0x79, 0x01, 0x00,
  0x00, 0x00, 0x00, 0x00, 0x00, 0x00, 0x80, 0x03, 0x00, 0xea, 0x0f, 0x00,
  0x47, 0x19, 0x00, 0x00, 0x90, 0x1e, 0x00, 0x00, 0x00, 0x00, 0x80, 0x03,
  0x00, 0xea, 0x0f, 0x00, 0x24, 0x86, 0x03, 0xff, 0x00, 0x84, 0x00, 0x00,
  0xff, 0x00, 0x8e, 0x07, 0x00, 0xe2, 0x0f, 0x00, 0x20, 0x7c, 0x66, 0x66,
  0x16, 0x00, 0x00, 0x00, 0x00, 0x00, 0x41, 0x08, 0x00, 0xe2, 0x0f, 0x00,
  0x24, 0x86, 0x4f, 0xff, 0x00, 0x85, 0x00, 0x00, 0xff, 0x00, 0x8e, 0x07,
  0x00, 0xe2, 0x2f, 0x00, 0x20, 0x7c, 0x67, 0x67, 0x16, 0x00, 0x00, 0x00,
  0x00, 0x00, 0x41, 0x08, 0x00, 0xe2, 0x0f, 0x00, 0x20, 0x7c, 0x64, 0x64,
  0x16, 0x00, 0x00, 0x00, 0x00, 0x00, 0x41, 0x08, 0x00, 0xe2, 0x0f, 0x00,
  0x11, 0x82, 0x4e, 0x03, 0x4c, 0x00, 0x00, 0x00, 0xff, 0x20, 0x82, 0x07,
  0x00, 0xe2, 0x0f, 0x00, 0x20, 0x7c, 0x65, 0x65, 0x16, 0x00, 0x00, 0x00,
  0x00, 0x00, 0x41, 0x08, 0x00, 0xe4, 0x0f, 0x00, 0x3e, 0x72, 0x66, 0x67,
  0x66, 0x00, 0x00, 0x00, 0xff, 0x70, 0x80, 0x04, 0x00, 0xe4, 0x0f, 0x00,
  0x11, 0x82, 0x03, 0x03, 0x4d, 0x00, 0x00, 0x00, 0x4f, 0x24, 0x8f, 0x00,
  0x00, 0xc4, 0x0f, 0x00, 0x10, 0x8a, 0x4e, 0x4e, 0x00, 0x78, 0x00, 0x00,
  0xff, 0xe0, 0xf3, 0x07, 0x00, 0xe4, 0x0f, 0x00, 0x3e, 0x72, 0x65, 0x65,
  0x64, 0x00, 0x00, 0x00, 0x66, 0x70, 0x80, 0x04, 0x00, 0xe4, 0x0f, 0x00,
  0x10, 0x8a, 0x4f, 0x03, 0x00, 0x79, 0x00, 0x00, 0xff, 0xe4, 0xff, 0x00,
  0x00, 0xe4, 0x0f, 0x00, 0x10, 0x78, 0x03, 0x02, 0x12, 0x00, 0x00, 0x00,
  0xff, 0xe0, 0xff, 0x07, 0x00, 0xc6, 0x0f, 0x00, 0x86, 0x89, 0x00, 0x4e,
  0x65, 0x00, 0x00, 0x00, 0x14, 0x19, 0x10, 0x0c, 0x00, 0xe2, 0x03, 0x00,
  0x0c, 0x7c, 0x00, 0x03, 0x07, 0x00, 0x00, 0x00, 0x70, 0x62, 0xf2, 0x0b,
  0x00, 0xda, 0x0f, 0x00, 0x47, 0x19, 0x00, 0x00, 0x90, 0x1d, 0x00, 0x00,
  0x00, 0x00, 0x80, 0x03, 0x00, 0xea, 0x0f, 0x00, 0x10, 0x78, 0x03, 0x02,
  0x14, 0x00, 0x00, 0x00, 0xff, 0xe0, 0xff, 0x07, 0x00, 0xe2, 0x2f, 0x00,
  0x45, 0x79, 0x01, 0x00, 0x20, 0x01, 0x00, 0x00, 0x00, 0x00, 0x80, 0x03,
  0x00, 0xe6, 0x0f, 0x00, 0x0c, 0x7c, 0x00, 0x03, 0x07, 0x00, 0x00, 0x00,
  0x70, 0x62, 0xf2, 0x0b, 0x00, 0xe2, 0x0f, 0x00, 0x47, 0x09, 0x00, 0x00,
  0xf0, 0x00, 0x00, 0x00, 0x00, 0x00, 0x80, 0x03, 0x00, 0xee, 0x0f, 0x00,
  0x02, 0x72, 0x4f, 0x00, 0x4d, 0x00, 0x00, 0x00, 0x00, 0x0f, 0x00, 0x00,
  0x00, 0xe2, 0x0f, 0x00, 0x24, 0x76, 0x03, 0xff, 0x00, 0x84, 0x00, 0x00,
  0xff, 0x00, 0x8e, 0x07, 0x00, 0xe2, 0x0f, 0x00, 0x20, 0x7c, 0x62, 0x62,
  0x16, 0x00, 0x00, 0x00, 0x00, 0x00, 0x41, 0x08, 0x00, 0xe2, 0x0f, 0x00,
  0x24, 0x72, 0x4e, 0xff, 0xff, 0x00, 0x00, 0x00, 0x4c, 0x00, 0x8e, 0x07,
  0x00, 0xe2, 0x0f, 0x00, 0x20, 0x7c, 0x63, 0x63, 0x16, 0x00, 0x00, 0x00,
  0x00, 0x00, 0x41, 0x08, 0x00, 0xe2, 0x0f, 0x00, 0x24, 0x76, 0x64, 0xff,
  0x00, 0x85, 0x00, 0x00, 0xff, 0x00, 0x8e, 0x07, 0x00, 0xe2, 0x0f, 0x00,
  0x20, 0x7c, 0x60, 0x60, 0x16, 0x00, 0x00, 0x00, 0x00, 0x00, 0x41, 0x08,
  0x00, 0xe2, 0x0f, 0x00, 0x25, 0x78, 0x4e, 0x03, 0x12, 0x00, 0x00, 0x00,
  0x4e, 0x00, 0x8e, 0x07, 0x00, 0xe2, 0x0f, 0x00, 0x20, 0x7c, 0x61, 0x61,
  0x16, 0x00, 0x00, 0x00, 0x00, 0x00, 0x41, 0x08, 0x00, 0xe2, 0x0f, 0x00,
  0x3e, 0x72, 0x62, 0x63, 0x62, 0x00, 0x00, 0x00, 0xff, 0x70, 0x80, 0x04,
  0x00, 0xc4, 0x0f, 0x00, 0x24, 0x78, 0x03, 0x64, 0x12, 0x00, 0x00, 0x00,
  0xff, 0x02, 0x8e, 0x07, 0x00, 0xe2, 0x0f, 0x00, 0x10, 0x7a, 0x4e, 0x4e,
  0x00, 0x78, 0x00, 0x00, 0xff, 0xe0, 0xf5, 0x07, 0x00, 0xe4, 0x0f, 0x00,
  0x3e, 0x72, 0x61, 0x61, 0x60, 0x00, 0x00, 0x00, 0x62, 0x70, 0x80, 0x04,
  0x00, 0xe4, 0x0f, 0x00, 0x10, 0x7a, 0x4f, 0x4f, 0x00, 0x79, 0x00, 0x00,
  0x03, 0xe4, 0x7f, 0x01, 0x00, 0xca, 0x0f, 0x00, 0x86, 0x79, 0x00, 0x4e,
  0x61, 0x00, 0x00, 0x00, 0x14, 0x19, 0x10, 0x0c, 0x00, 0xe8, 0x03, 0x00,
  0x41, 0x79, 0x01, 0x00, 0x00, 0x00, 0x00, 0x00, 0x00, 0x00, 0x80, 0x03,
  0x00, 0xea, 0x0f, 0x00, 0x47, 0x19, 0x00, 0x00, 0x40, 0x1c, 0x00, 0x00,
  0x00, 0x00, 0x80, 0x03, 0x00, 0xea, 0x0f, 0x00, 0x10, 0x78, 0x03, 0x02,
  0x16, 0x00, 0x00, 0x00, 0xff, 0xe0, 0xff, 0x07, 0x00, 0xe2, 0x0f, 0x00,
  0x45, 0x79, 0x01, 0x00, 0x20, 0x01, 0x00, 0x00, 0x00, 0x00, 0x80, 0x03,
  0x00, 0xe6, 0x0f, 0x00, 0x0c, 0x7c, 0x00, 0x03, 0x07, 0x00, 0x00, 0x00,
  0x70, 0x62, 0xf2, 0x0b, 0x00, 0xe2, 0x0f, 0x00, 0x47, 0x09, 0x00, 0x00,
  0xf0, 0x00, 0x00, 0x00, 0x00, 0x00, 0x80, 0x03, 0x00, 0xee, 0x0f, 0x00,
  0x24, 0x76, 0x03, 0xff, 0x00, 0x84, 0x00, 0x00, 0xff, 0x00, 0x8e, 0x07,
  0x00, 0xe2, 0x0f, 0x00, 0x20, 0x7c, 0x5e, 0x5e, 0x16, 0x00, 0x00, 0x00,
  0x00, 0x00, 0x41, 0x08, 0x00, 0xe2, 0x0f, 0x00, 0x24, 0x72, 0x4e, 0xff,
  0xff, 0x00, 0x00, 0x00, 0x4c, 0x00, 0x8e, 0x07, 0x00, 0xe2, 0x2f, 0x00,
  0x20, 0x7c, 0x5f, 0x5f, 0x16, 0x00, 0x00, 0x00, 0x00, 0x00, 0x41, 0x08,
  0x00, 0xe2, 0x0f, 0x00, 0x24, 0x72, 0x4f, 0xff, 0xff, 0x00, 0x00, 0x00,
  0x4d, 0x00, 0x8e, 0x07, 0x00, 0xe2, 0x0f, 0x00, 0x20, 0x7c, 0x5c, 0x5c,
  0x16, 0x00, 0x00, 0x00, 0x00, 0x00, 0x41, 0x08, 0x00, 0xe2, 0x0f, 0x00,
  0x24, 0x76, 0x60, 0xff, 0x00, 0x85, 0x00, 0x00, 0xff, 0x00, 0x8e, 0x07,
  0x00, 0xe2, 0x0f, 0x00, 0x20, 0x7c, 0x5d, 0x5d, 0x16, 0x00, 0x00, 0x00,
  0x00, 0x00, 0x41, 0x08, 0x00, 0xe2, 0x0f, 0x00, 0x25, 0x78, 0x4e, 0x03,
  0x14, 0x00, 0x00, 0x00, 0x4e, 0x00, 0x8e, 0x07, 0x00, 0xe2, 0x0f, 0x00,
  0x3e, 0x72, 0x5e, 0x5f, 0x5e, 0x00, 0x00, 0x00, 0xff, 0x70, 0x80, 0x04,
  0x00, 0xc6, 0x0f, 0x00, 0x24, 0x78, 0x03, 0x60, 0x14, 0x00, 0x00, 0x00,
  0xff, 0x02, 0x8e, 0x07, 0x00, 0xe2, 0x0f, 0x00, 0x10, 0x7a, 0x4e, 0x4e,
  0x00, 0x78, 0x00, 0x00, 0xff, 0xe0, 0xf5, 0x07, 0x00, 0xe4, 0x0f, 0x00,
  0x3e, 0x72, 0x5d, 0x5d, 0x5c, 0x00, 0x00, 0x00, 0x5e, 0x70, 0x80, 0x04,
  0x00, 0xe4, 0x0f, 0x00, 0x10, 0x7a, 0x4f, 0x4f, 0x00, 0x79, 0x00, 0x00,
  0x03, 0xe4, 0x7f, 0x01, 0x00, 0xca, 0x0f, 0x00, 0x86, 0x79, 0x00, 0x4e,
  0x5d, 0x00, 0x00, 0x00, 0x14, 0x19, 0x10, 0x0c, 0x00, 0xe8, 0x03, 0x00,
  0x41, 0x79, 0x01, 0x00, 0x00, 0x00, 0x00, 0x00, 0x00, 0x00, 0x80, 0x03,
  0x00, 0xea, 0x0f, 0x00, 0x47, 0x19, 0x00, 0x00, 0xf0, 0x1a, 0x00, 0x00,
  0x00, 0x00, 0x80, 0x03, 0x00, 0xea, 0x0f, 0x00, 0x10, 0x78, 0x03, 0x02,
  0x18, 0x00, 0x00, 0x00, 0xff, 0xe0, 0xff, 0x07, 0x00, 0xe2, 0x0f, 0x00,
  0x45, 0x79, 0x01, 0x00, 0x20, 0x01, 0x00, 0x00, 0x00, 0x00, 0x80, 0x03,
  0x00, 0xe6, 0x0f, 0x00, 0x0c, 0x7c, 0x00, 0x03, 0x07, 0x00, 0x00, 0x00,
  0x70, 0x62, 0xf2, 0x0b, 0x00, 0xe2, 0x0f, 0x00, 0x47, 0x09, 0x00, 0x00,
  0xf0, 0x00, 0x00, 0x00, 0x00, 0x00, 0x80, 0x03, 0x00, 0xee, 0x0f, 0x00,
  0x24, 0x76, 0x03, 0xff, 0x00, 0x84, 0x00, 0x00, 0xff, 0x00, 0x8e, 0x07,
  0x00, 0xe2, 0x0f, 0x00, 0x20, 0x7c, 0x5a, 0x5a, 0x16, 0x00, 0x00, 0x00,
  0x00, 0x00, 0x41, 0x08, 0x00, 0xe2, 0x0f, 0x00, 0x24, 0x72, 0x4e, 0xff,
  0xff, 0x00, 0x00, 0x00, 0x4c, 0x00, 0x8e, 0x07, 0x00, 0xe2, 0x2f, 0x00,
  0x20, 0x7c, 0x5b, 0x5b, 0x16, 0x00, 0x00, 0x00, 0x00, 0x00, 0x41, 0x08,
  0x00, 0xe2, 0x0f, 0x00, 0x24, 0x72, 0x4f, 0xff, 0xff, 0x00, 0x00, 0x00,
  0x4d, 0x00, 0x8e, 0x07, 0x00, 0xe2, 0x0f, 0x00, 0x20, 0x7c, 0x58, 0x58,
  0x16, 0x00, 0x00, 0x00, 0x00, 0x00, 0x41, 0x08, 0x00, 0xe2, 0x0f, 0x00,
  0x24, 0x76, 0x5c, 0xff, 0x00, 0x85, 0x00, 0x00, 0xff, 0x00, 0x8e, 0x07,
  0x00, 0xe2, 0x0f, 0x00, 0x20, 0x7c, 0x59, 0x59, 0x16, 0x00, 0x00, 0x00,
  0x00, 0x00, 0x41, 0x08, 0x00, 0xe2, 0x0f, 0x00, 0x25, 0x78, 0x4e, 0x03,
  0x16, 0x00, 0x00, 0x00, 0x4e, 0x00, 0x8e, 0x07, 0x00, 0xe2, 0x0f, 0x00,
  0x3e, 0x72, 0x5a, 0x5b, 0x5a, 0x00, 0x00, 0x00, 0xff, 0x70, 0x80, 0x04,
  0x00, 0xc6, 0x0f, 0x00, 0x24, 0x78, 0x03, 0x5c, 0x16, 0x00, 0x00, 0x00,
  0xff, 0x02, 0x8e, 0x07, 0x00, 0xe2, 0x0f, 0x00, 0x10, 0x7a, 0x4e, 0x4e,
  0x00, 0x78, 0x00, 0x00, 0xff, 0xe0, 0xf5, 0x07, 0x00, 0xe4, 0x0f, 0x00,
  0x3e, 0x72, 0x59, 0x59, 0x58, 0x00, 0x00, 0x00, 0x5a, 0x70, 0x80, 0x04,
  0x00, 0xe4, 0x0f, 0x00, 0x10, 0x7a, 0x4f, 0x4f, 0x00, 0x79, 0x00, 0x00,
  0x03, 0xe4, 0x7f, 0x01, 0x00, 0xca, 0x0f, 0x00, 0x86, 0x79, 0x00, 0x4e,
  0x59, 0x00, 0x00, 0x00, 0x14, 0x19, 0x10, 0x0c, 0x00, 0xe8, 0x03, 0x00,
  0x41, 0x79, 0x01, 0x00, 0x00, 0x00, 0x00, 0x00, 0x00, 0x00, 0x80, 0x03,
  0x00, 0xea, 0x0f, 0x00, 0x47, 0x19, 0x00, 0x00, 0xa0, 0x19, 0x00, 0x00,
  0x00, 0x00, 0x80, 0x03, 0x00, 0xea, 0x0f, 0x00, 0x10, 0x78, 0x03, 0x02,
  0x1a, 0x00, 0x00, 0x00, 0xff, 0xe0, 0xff, 0x07, 0x00, 0xe2, 0x0f, 0x00,
  0x45, 0x79, 0x01, 0x00, 0x20, 0x01, 0x00, 0x00, 0x00, 0x00, 0x80, 0x03,
  0x00, 0xe6, 0x0f, 0x00, 0x0c, 0x7c, 0x00, 0x03, 0x07, 0x00, 0x00, 0x00,
  0x70, 0x62, 0xf2, 0x0b, 0x00, 0xe2, 0x0f, 0x00, 0x47, 0x09, 0x00, 0x00,
  0xf0, 0x00, 0x00, 0x00, 0x00, 0x00, 0x80, 0x03, 0x00, 0xee, 0x0f, 0x00,
  0x02, 0x7a, 0x03, 0x00, 0x00, 0x84, 0x00, 0x00, 0x00, 0x0f, 0x00, 0x00,
  0x00, 0xe2, 0x0f, 0x00, 0x24, 0x72, 0x4e, 0xff, 0xff, 0x00, 0x00, 0x00,
  0x4c, 0x00, 0x8e, 0x07, 0x00, 0xe2, 0x2f, 0x00, 0x20, 0x7c, 0x56, 0x56,
  0x16, 0x00, 0x00, 0x00, 0x00, 0x00, 0x41, 0x08, 0x00, 0xe2, 0x0f, 0x00,
  0x24, 0x72, 0x4f, 0xff, 0xff, 0x00, 0x00, 0x00, 0x4d, 0x00, 0x8e, 0x07,
  0x00, 0xe2, 0x0f, 0x00, 0x20, 0x7c, 0x57, 0x57, 0x16, 0x00, 0x00, 0x00,
  0x00, 0x00, 0x41, 0x08, 0x00, 0xe2, 0x0f, 0x00, 0x24, 0x76, 0x58, 0xff,
  0x00, 0x85, 0x00, 0x00, 0xff, 0x00, 0x8e, 0x07, 0x00, 0xe2, 0x0f, 0x00,
  0x20, 0x7c, 0x54, 0x54, 0x16, 0x00, 0x00, 0x00, 0x00, 0x00, 0x41, 0x08,
  0x00, 0xe2, 0x0f, 0x00, 0x25, 0x78, 0x4e, 0x03, 0x18, 0x00, 0x00, 0x00,
  0x4e, 0x00, 0x8e, 0x07, 0x00, 0xe2, 0x0f, 0x00, 0x20, 0x7c, 0x55, 0x55,
  0x16, 0x00, 0x00, 0x00, 0x00, 0x00, 0x41, 0x08, 0x00, 0xe2, 0x0f, 0x00,
  0x3e, 0x72, 0x56, 0x57, 0x56, 0x00, 0x00, 0x00, 0xff, 0x70, 0x80, 0x04,
  0x00, 0xc4, 0x0f, 0x00, 0x24, 0x78, 0x03, 0x58, 0x18, 0x00, 0x00, 0x00,
  0xff, 0x02, 0x8e, 0x07, 0x00, 0xe2, 0x0f, 0x00, 0x10, 0x7a, 0x4e, 0x4e,
  0x00, 0x78, 0x00, 0x00, 0xff, 0xe0, 0xf5, 0x07, 0x00, 0xe4, 0x0f, 0x00,
  0x3e, 0x72, 0x55, 0x55, 0x54, 0x00, 0x00, 0x00, 0x56, 0x70, 0x80, 0x04,
  0x00, 0xe4, 0x0f, 0x00, 0x10, 0x7a, 0x4f, 0x4f, 0x00, 0x79, 0x00, 0x00,
  0x03, 0xe4, 0x7f, 0x01, 0x00, 0xca, 0x0f, 0x00, 0x86, 0x79, 0x00, 0x4e,
  0x55, 0x00, 0x00, 0x00, 0x14, 0x19, 0x10, 0x0c, 0x00, 0xe8, 0x03, 0x00,
  0x41, 0x79, 0x01, 0x00, 0x00, 0x00, 0x00, 0x00, 0x00, 0x00, 0x80, 0x03,
  0x00, 0xea, 0x0f, 0x00, 0x47, 0x19, 0x00, 0x00, 0x50, 0x18, 0x00, 0x00,
  0x00, 0x00, 0x80, 0x03, 0x00, 0xea, 0x0f, 0x00, 0x10, 0x78, 0x03, 0x02,
  0x1c, 0x00, 0x00, 0x00, 0xff, 0xe0, 0xff, 0x07, 0x00, 0xe2, 0x0f, 0x00,
  0x45, 0x79, 0x01, 0x00, 0x20, 0x01, 0x00, 0x00, 0x00, 0x00, 0x80, 0x03,
  0x00, 0xe6, 0x0f, 0x00, 0x0c, 0x7c, 0x00, 0x03, 0x07, 0x00, 0x00, 0x00,
  0x70, 0x62, 0xf2, 0x0b, 0x00, 0xe2, 0x0f, 0x00, 0x47, 0x09, 0x00, 0x00,
  0xf0, 0x00, 0x00, 0x00, 0x00, 0x00, 0x80, 0x03, 0x00, 0xee, 0x0f, 0x00,
  0x24, 0x76, 0x03, 0xff, 0x00, 0x84, 0x00, 0x00, 0xff, 0x00, 0x8e, 0x07,
  0x00, 0xe2, 0x0f, 0x00, 0x20, 0x7c, 0x52, 0x52, 0x16, 0x00, 0x00, 0x00,
  0x00, 0x00, 0x41, 0x08, 0x00, 0xe2, 0x0f, 0x00, 0x24, 0x72, 0x4e, 0xff,
  0xff, 0x00, 0x00, 0x00, 0x4c, 0x00, 0x8e, 0x07, 0x00, 0xe2, 0x2f, 0x00,
  0x20, 0x7c, 0x53, 0x53, 0x16, 0x00, 0x00, 0x00, 0x00, 0x00, 0x41, 0x08,
  0x00, 0xe2, 0x0f, 0x00, 0x24, 0x72, 0x4f, 0xff, 0xff, 0x00, 0x00, 0x00,
  0x4d, 0x00, 0x8e, 0x07, 0x00, 0xe2, 0x0f, 0x00, 0x20, 0x7c, 0x50, 0x50,
  0x16, 0x00, 0x00, 0x00, 0x00, 0x00, 0x41, 0x08, 0x00, 0xe2, 0x0f, 0x00,
  0x24, 0x76, 0x54, 0xff, 0x00, 0x85, 0x00, 0x00, 0xff, 0x00, 0x8e, 0x07,
  0x00, 0xe2, 0x0f, 0x00, 0x20, 0x7c, 0x51, 0x51, 0x16, 0x00, 0x00, 0x00,
  0x00, 0x00, 0x41, 0x08, 0x00, 0xe2, 0x0f, 0x00, 0x25, 0x78, 0x4e, 0x03,
  0x1a, 0x00, 0x00, 0x00, 0x4e, 0x00, 0x8e, 0x07, 0x00, 0xe2, 0x0f, 0x00,
  0x3e, 0x72, 0x52, 0x53, 0x52, 0x00, 0x00, 0x00, 0xff, 0x70, 0x80, 0x04,
  0x00, 0xc6, 0x0f, 0x00, 0x24, 0x78, 0x03, 0x54, 0x1a, 0x00, 0x00, 0x00,
  0xff, 0x02, 0x8e, 0x07, 0x00, 0xe2, 0x0f, 0x00, 0x10, 0x7a, 0x4e, 0x4e,
  0x00, 0x78, 0x00, 0x00, 0xff, 0xe0, 0xf5, 0x07, 0x00, 0xe4, 0x0f, 0x00,
  0x3e, 0x72, 0x51, 0x51, 0x50, 0x00, 0x00, 0x00, 0x52, 0x70, 0x80, 0x04,
  0x00, 0xe4, 0x0f, 0x00, 0x10, 0x7a, 0x4f, 0x4f, 0x00, 0x79, 0x00, 0x00,
  0x03, 0xe4, 0x7f, 0x01, 0x00, 0xca, 0x0f, 0x00, 0x86, 0x79, 0x00, 0x4e,
  0x51, 0x00, 0x00, 0x00, 0x14, 0x19, 0x10, 0x0c, 0x00, 0xe8, 0x03, 0x00,
  0x41, 0x79, 0x01, 0x00, 0x00, 0x00, 0x00, 0x00, 0x00, 0x00, 0x80, 0x03,
  0x00, 0xea, 0x0f, 0x00, 0x47, 0x19, 0x00, 0x00, 0x00, 0x17, 0x00, 0x00,
  0x00, 0x00, 0x80, 0x03, 0x00, 0xea, 0x0f, 0x00, 0x10, 0x78, 0x03, 0x02,
  0x1e, 0x00, 0x00, 0x00, 0xff, 0xe0, 0xff, 0x07, 0x00, 0xe2, 0x0f, 0x00,
  0x45, 0x79, 0x01, 0x00, 0x20, 0x01, 0x00, 0x00, 0x00, 0x00, 0x80, 0x03,
  0x00, 0xe6, 0x0f, 0x00, 0x0c, 0x7c, 0x00, 0x03, 0x07, 0x00, 0x00, 0x00,
  0x70, 0x62, 0xf2, 0x0b, 0x00, 0xe2, 0x0f, 0x00, 0x47, 0x09, 0x00, 0x00,
  0xf0, 0x00, 0x00, 0x00, 0x00, 0x00, 0x80, 0x03, 0x00, 0xee, 0x0f, 0x00,
  0x24, 0x76, 0x03, 0xff, 0x00, 0x84, 0x00, 0x00, 0xff, 0x00, 0x8e, 0x07,
  0x00, 0xe2, 0x0f, 0x00, 0x02, 0x7a, 0x51, 0x00, 0x00, 0x85, 0x00, 0x00,
  0x00, 0x0f, 0x00, 0x00, 0x00, 0xe2, 0x2f, 0x00, 0x24, 0x72, 0x4e, 0xff,
  0xff, 0x00, 0x00, 0x00, 0x4c, 0x00, 0x8e, 0x07, 0x00, 0xe2, 0x0f, 0x00,
  0x20, 0x7c, 0x50, 0x4a, 0x16, 0x00, 0x00, 0x00, 0x00, 0x00, 0x41, 0x08,
  0x00, 0xe2, 0x0f, 0x00, 0x24, 0x72, 0x4f, 0xff, 0xff, 0x00, 0x00, 0x00,
  0x4d, 0x00, 0x8e, 0x07, 0x00, 0xe2, 0x0f, 0x00, 0x20, 0x7c, 0x4b, 0x4b,
  0x16, 0x00, 0x00, 0x00, 0x00, 0x00, 0x41, 0x08, 0x00, 0xe2, 0x0f, 0x00,
  0x20, 0x7c, 0x4a, 0x49, 0x16, 0x00, 0x00, 0x00, 0x00, 0x00, 0x41, 0x08,
  0x00, 0xe2, 0x0f, 0x00, 0x24, 0x78, 0x49, 0x51, 0x1c, 0x00, 0x00, 0x00,
  0xff, 0x02, 0x8e, 0x07, 0x00, 0xc4, 0x0f, 0x00, 0x25, 0x78, 0x4e, 0x03,
  0x1c, 0x00, 0x00, 0x00, 0x4e, 0x00, 0x8e, 0x07, 0x00, 0xe2, 0x0f, 0x00,
  0x20, 0x7c, 0x03, 0x48, 0x16, 0x00, 0x00, 0x00, 0x00, 0x00, 0x41, 0x08,
  0x00, 0xe2, 0x0f, 0x00, 0x3e, 0x72, 0x4b, 0x4b, 0x50, 0x00, 0x00, 0x00,
  0xff, 0x70, 0x80, 0x04, 0x00, 0xc6, 0x0f, 0x00, 0x10, 0x7a, 0x48, 0x4e,
  0x00, 0x78, 0x00, 0x00, 0xff, 0xe0, 0xf5, 0x07, 0x00, 0xe4, 0x0f, 0x00,
  0x3e, 0x72, 0x03, 0x4a, 0x03, 0x00, 0x00, 0x00, 0x4b, 0x70, 0x80, 0x04,
  0x00, 0xe4, 0x0f, 0x00, 0x10, 0x7a, 0x49, 0x4f, 0x00, 0x79, 0x00, 0x00,
  0x49, 0xe4, 0x7f, 0x01, 0x00, 0xca, 0x0f, 0x00, 0x86, 0x79, 0x00, 0x48,
  0x03, 0x00, 0x00, 0x00, 0x14, 0x19, 0x10, 0x0c, 0x00, 0xe8, 0x03, 0x00,
  0x41, 0x79, 0x01, 0x00, 0x00, 0x00, 0x00, 0x00, 0x00, 0x00, 0x80, 0x03,
  0x00, 0xea, 0x0f, 0x00, 0x47, 0x19, 0x00, 0x00, 0xb0, 0x15, 0x00, 0x00,
  0x00, 0x00, 0x80, 0x03, 0x00, 0xea, 0x0f, 0x00, 0x10, 0x78, 0x03, 0x02,
  0x20, 0x00, 0x00, 0x00, 0xff, 0xe0, 0xff, 0x07, 0x00, 0xe2, 0x2f, 0x00,
  0x45, 0x79, 0x01, 0x00, 0x20, 0x01, 0x00, 0x00, 0x00, 0x00, 0x80, 0x03,
  0x00, 0xe6, 0x0f, 0x00, 0x0c, 0x7c, 0x00, 0x03, 0x07, 0x00, 0x00, 0x00,
  0x70, 0x62, 0xf2, 0x0b, 0x00, 0xe2, 0x0f, 0x00, 0x47, 0x09, 0x00, 0x00,
  0xf0, 0x00, 0x00, 0x00, 0x00, 0x00, 0x80, 0x03, 0x00, 0xee, 0x0f, 0x00,
  0x24, 0x76, 0x03, 0xff, 0x00, 0x84, 0x00, 0x00, 0xff, 0x00, 0x8e, 0x07,
  0x00, 0xe2, 0x0f, 0x00, 0x20, 0x7c, 0x4a, 0x46, 0x16, 0x00, 0x00, 0x00,
  0x00, 0x00, 0x41, 0x08, 0x00, 0xe2, 0x0f, 0x00, 0x24, 0x72, 0x48, 0xff,
  0xff, 0x00, 0x00, 0x00, 0x4c, 0x00, 0x8e, 0x07, 0x00, 0xe2, 0x0f, 0x00,
  0x20, 0x7c, 0x47, 0x47, 0x16, 0x00, 0x00, 0x00, 0x00, 0x00, 0x41, 0x08,
  0x00, 0xe2, 0x0f, 0x00, 0x24, 0x72, 0x49, 0xff, 0xff, 0x00, 0x00, 0x00,
  0x4d, 0x00, 0x8e, 0x07, 0x00, 0xe2, 0x0f, 0x00, 0x20, 0x7c, 0x46, 0x45,
  0x16, 0x00, 0x00, 0x00, 0x00, 0x00, 0x41, 0x08, 0x00, 0xe2, 0x0f, 0x00,
  0x24, 0x76, 0x4b, 0xff, 0x00, 0x85, 0x00, 0x00, 0xff, 0x00, 0x8e, 0x07,
  0x00, 0xc4, 0x0f, 0x00, 0x25, 0x78, 0x48, 0x03, 0x1e, 0x00, 0x00, 0x00,
  0x48, 0x00, 0x8e, 0x07, 0x00, 0xe2, 0x0f, 0x00, 0x20, 0x7c, 0x03, 0x44,
  0x16, 0x00, 0x00, 0x00, 0x00, 0x00, 0x41, 0x08, 0x00, 0xe2, 0x0f, 0x00,
  0x3e, 0x72, 0x47, 0x47, 0x4a, 0x00, 0x00, 0x00, 0xff, 0x70, 0x80, 0x04,
  0x00, 0xe4, 0x0f, 0x00, 0x24, 0x78, 0x45, 0x4b, 0x1e, 0x00, 0x00, 0x00,
  0xff, 0x02, 0x8e, 0x07, 0x00, 0xe2, 0x0f, 0x00, 0x10, 0x7a, 0x44, 0x48,
  0x00, 0x78, 0x00, 0x00, 0xff, 0xe0, 0xf5, 0x07, 0x00, 0xe4, 0x0f, 0x00,
  0x3e, 0x72, 0x03, 0x46, 0x03, 0x00, 0x00, 0x00, 0x47, 0x70, 0x80, 0x04,
  0x00, 0xe4, 0x0f, 0x00, 0x10, 0x7a, 0x45, 0x49, 0x00, 0x79, 0x00, 0x00,
  0x45, 0xe4, 0x7f, 0x01, 0x00, 0xca, 0x0f, 0x00, 0x86, 0x79, 0x00, 0x44,
  0x03, 0x00, 0x00, 0x00, 0x14, 0x19, 0x10, 0x0c, 0x00, 0xe8, 0x03, 0x00,
  0x41, 0x79, 0x01, 0x00, 0x00, 0x00, 0x00, 0x00, 0x00, 0x00, 0x80, 0x03,
  0x00, 0xea, 0x0f, 0x00, 0x47, 0x19, 0x00, 0x00, 0x60, 0x14, 0x00, 0x00,
  0x00, 0x00, 0x80, 0x03, 0x00, 0xea, 0x0f, 0x00, 0x24, 0x86, 0x47, 0xff,
  0x00, 0x84, 0x00, 0x00, 0xff, 0x00, 0x8e, 0x07, 0x00, 0xe2, 0x0f, 0x00,
  0x20, 0x7c, 0x44, 0x42, 0x16, 0x00, 0x00, 0x00, 0x00, 0x00, 0x41, 0x08,
  0x00, 0xe2, 0x2f, 0x00, 0x24, 0x86, 0x46, 0xff, 0x00, 0x85, 0x00, 0x00,
  0xff, 0x00, 0x8e, 0x07, 0x00, 0xe2, 0x0f, 0x00, 0x20, 0x7c, 0x43, 0x43,
  0x16, 0x00, 0x00, 0x00, 0x00, 0x00, 0x41, 0x08, 0x00, 0xe2, 0x0f, 0x00,
  0x20, 0x7c, 0x42, 0x41, 0x16, 0x00, 0x00, 0x00, 0x00, 0x00, 0x41, 0x08,
  0x00, 0xe2, 0x0f, 0x00, 0x11, 0x82, 0x45, 0x47, 0x4c, 0x00, 0x00, 0x00,
  0xff, 0x28, 0x82, 0x07, 0x00, 0xe2, 0x0f, 0x00, 0x20, 0x7c, 0x03, 0x40,
  0x16, 0x00, 0x00, 0x00, 0x00, 0x00, 0x41, 0x08, 0x00, 0xe4, 0x0f, 0x00,
  0x3e, 0x72, 0x43, 0x43, 0x44, 0x00, 0x00, 0x00, 0xff, 0x70, 0x80, 0x04,
  0x00, 0xe4, 0x0f, 0x00, 0x11, 0x82, 0x41, 0x47, 0x4d, 0x00, 0x00, 0x00,
  0x46, 0x2c, 0x8f, 0x00, 0x00, 0xc4, 0x0f, 0x00, 0x10, 0x8a, 0x40, 0x45,
  0x00, 0x78, 0x00, 0x00, 0xff, 0xe0, 0xf3, 0x07, 0x00, 0xe4, 0x0f, 0x00,
  0x3e, 0x72, 0x43, 0x42, 0x03, 0x00, 0x00, 0x00, 0x43, 0x70, 0x80, 0x04,
  0x00, 0xe4, 0x0f, 0x00, 0x10, 0x8a, 0x41, 0x41, 0x00, 0x79, 0x00, 0x00,
  0xff, 0xe4, 0xff, 0x00, 0x00, 0xe4, 0x0f, 0x00, 0x10, 0x78, 0x03, 0x02,
  0x22, 0x00, 0x00, 0x00, 0xff, 0xe0, 0xff, 0x07, 0x00, 0xc6, 0x0f, 0x00,
  0x86, 0x89, 0x00, 0x40, 0x43, 0x00, 0x00, 0x00, 0x14, 0x19, 0x10, 0x0c,
  0x00, 0xe2, 0x03, 0x00, 0x0c, 0x7c, 0x00, 0x03, 0x07, 0x00, 0x00, 0x00,
  0x70, 0x62, 0xf2, 0x0b, 0x00, 0xda, 0x0f, 0x00, 0x47, 0x19, 0x00, 0x00,
  0x60, 0x13, 0x00, 0x00, 0x00, 0x00, 0x80, 0x03, 0x00, 0xea, 0x0f, 0x00,
  0x10, 0x78, 0x03, 0x02, 0x24, 0x00, 0x00, 0x00, 0xff, 0xe0, 0xff, 0x07,
  0x00, 0xe2, 0x2f, 0x00, 0x45, 0x79, 0x01, 0x00, 0x20, 0x01, 0x00, 0x00,
  0x00, 0x00, 0x80, 0x03, 0x00, 0xe6, 0x0f, 0x00, 0x0c, 0x7c, 0x00, 0x03,
  0x07, 0x00, 0x00, 0x00, 0x70, 0x62, 0xf2, 0x0b, 0x00, 0xe2, 0x0f, 0x00,
  0x47, 0x09, 0x00, 0x00, 0xf0, 0x00, 0x00, 0x00, 0x00, 0x00, 0x80, 0x03,
  0x00, 0xee, 0x0f, 0x00, 0x02, 0x7a, 0x03, 0x00, 0x00, 0x84, 0x00, 0x00,
  0x00, 0x0f, 0x00, 0x00, 0x00, 0xe2, 0x0f, 0x00, 0x24, 0x72, 0x40, 0xff,
  0xff, 0x00, 0x00, 0x00, 0x4c, 0x00, 0x8e, 0x07, 0x00, 0xe2, 0x0f, 0x00,
  0x20, 0x7c, 0x42, 0x3e, 0x16, 0x00, 0x00, 0x00, 0x00, 0x00, 0x41, 0x08,
  0x00, 0xe2, 0x0f, 0x00, 0x24, 0x72, 0x41, 0xff, 0xff, 0x00, 0x00, 0x00,
  0x4d, 0x00, 0x8e, 0x07, 0x00, 0xe2, 0x0f, 0x00, 0x20, 0x7c, 0x3f, 0x3f,
  0x16, 0x00, 0x00, 0x00, 0x00, 0x00, 0x41, 0x08, 0x00, 0xe2, 0x0f, 0x00,
  0x24, 0x76, 0x43, 0xff, 0x00, 0x85, 0x00, 0x00, 0xff, 0x00, 0x8e, 0x07,
  0x00, 0xe2, 0x0f, 0x00, 0x20, 0x7c, 0x3e, 0x3d, 0x16, 0x00, 0x00, 0x00,
  0x00, 0x00, 0x41, 0x08, 0x00, 0xe2, 0x0f, 0x00, 0x25, 0x78, 0x40, 0x03,
  0x22, 0x00, 0x00, 0x00, 0x40, 0x00, 0x8e, 0x07, 0x00, 0xe2, 0x0f, 0x00,
  0x20, 0x7c, 0x03, 0x3c, 0x16, 0x00, 0x00, 0x00, 0x00, 0x00, 0x41, 0x08,
  0x00, 0xe2, 0x0f, 0x00, 0x3e, 0x72, 0x3f, 0x3f, 0x42, 0x00, 0x00, 0x00,
  0xff, 0x70, 0x80, 0x04, 0x00, 0xc4, 0x0f, 0x00, 0x24, 0x78, 0x3d, 0x43,
  0x22, 0x00, 0x00, 0x00, 0xff, 0x02, 0x8e, 0x07, 0x00, 0xe2, 0x0f, 0x00,
  0x10, 0x7a, 0x3c, 0x40, 0x00, 0x78, 0x00, 0x00, 0xff, 0xe0, 0xf5, 0x07,
  0x00, 0xe4, 0x0f, 0x00, 0x3e, 0x72, 0x03, 0x3e, 0x03, 0x00, 0x00, 0x00,
  0x3f, 0x70, 0x80, 0x04, 0x00, 0xe4, 0x0f, 0x00, 0x10, 0x7a, 0x3d, 0x41,
  0x00, 0x79, 0x00, 0x00, 0x3d, 0xe4, 0x7f, 0x01, 0x00, 0xca, 0x0f, 0x00,
  0x86, 0x79, 0x00, 0x3c, 0x03, 0x00, 0x00, 0x00, 0x14, 0x19, 0x10, 0x0c,
  0x00, 0xe8, 0x03, 0x00, 0x41, 0x79, 0x01, 0x00, 0x00, 0x00, 0x00, 0x00,
  0x00, 0x00, 0x80, 0x03, 0x00, 0xea, 0x0f, 0x00, 0x47, 0x19, 0x00, 0x00,
  0x10, 0x12, 0x00, 0x00, 0x00, 0x00, 0x80, 0x03, 0x00, 0xea, 0x0f, 0x00,
  0x10, 0x78, 0x03, 0x02, 0x26, 0x00, 0x00, 0x00, 0xff, 0xe0, 0xff, 0x07,
  0x00, 0xe2, 0x2f, 0x00, 0x45, 0x79, 0x01, 0x00, 0x20, 0x01, 0x00, 0x00,
  0x00, 0x00, 0x80, 0x03, 0x00, 0xe6, 0x0f, 0x00, 0x0c, 0x7c, 0x00, 0x03,
  0x07, 0x00, 0x00, 0x00, 0x70, 0x62, 0xf2, 0x0b, 0x00, 0xe2, 0x0f, 0x00,
  0x47, 0x09, 0x00, 0x00, 0xf0, 0x00, 0x00, 0x00, 0x00, 0x00, 0x80, 0x03,
  0x00, 0xee, 0x0f, 0x00, 0x24, 0x76, 0x03, 0xff, 0x00, 0x84, 0x00, 0x00,
  0xff, 0x00, 0x8e, 0x07, 0x00, 0xe2, 0x0f, 0x00, 0x20, 0x7c, 0x3e, 0x3a,
  0x16, 0x00, 0x00, 0x00, 0x00, 0x00, 0x41, 0x08, 0x00, 0xe2, 0x0f, 0x00,
  0x24, 0x72, 0x3c, 0xff, 0xff, 0x00, 0x00, 0x00, 0x4c, 0x00, 0x8e, 0x07,
  0x00, 0xe2, 0x0f, 0x00, 0x20, 0x7c, 0x3b, 0x3b, 0x16, 0x00, 0x00, 0x00,
  0x00, 0x00, 0x41, 0x08, 0x00, 0xe2, 0x0f, 0x00, 0x24, 0x72, 0x3d, 0xff,
  0xff, 0x00, 0x00, 0x00, 0x4d, 0x00, 0x8e, 0x07, 0x00, 0xe2, 0x0f, 0x00,
  0x20, 0x7c, 0x3a, 0x39, 0x16, 0x00, 0x00, 0x00, 0x00, 0x00, 0x41, 0x08,
  0x00, 0xe2, 0x0f, 0x00, 0x24, 0x76, 0x3f, 0xff, 0x00, 0x85, 0x00, 0x00,
  0xff, 0x00, 0x8e, 0x07, 0x00, 0xc4, 0x0f, 0x00, 0x25, 0x78, 0x3c, 0x03,
  0x24, 0x00, 0x00, 0x00, 0x3c, 0x00, 0x8e, 0x07, 0x00, 0xe2, 0x0f, 0x00,
  0x20, 0x7c, 0x03, 0x38, 0x16, 0x00, 0x00, 0x00, 0x00, 0x00, 0x41, 0x08,
  0x00, 0xe2, 0x0f, 0x00, 0x3e, 0x72, 0x3b, 0x3b, 0x3e, 0x00, 0x00, 0x00,
  0xff, 0x70, 0x80, 0x04, 0x00, 0xe4, 0x0f, 0x00, 0x24, 0x78, 0x39, 0x3f,
  0x24, 0x00, 0x00, 0x00, 0xff, 0x02, 0x8e, 0x07, 0x00, 0xe2, 0x0f, 0x00,
  0x10, 0x7a, 0x38, 0x3c, 0x00, 0x78, 0x00, 0x00, 0xff, 0xe0, 0xf5, 0x07,
  0x00, 0xe4, 0x0f, 0x00, 0x3e, 0x72, 0x03, 0x3a, 0x03, 0x00, 0x00, 0x00,
  0x3b, 0x70, 0x80, 0x04, 0x00, 0xe4, 0x0f, 0x00, 0x10, 0x7a, 0x39, 0x3d,
  0x00, 0x79, 0x00, 0x00, 0x39, 0xe4, 0x7f, 0x01, 0x00, 0xca, 0x0f, 0x00,
  0x86, 0x79, 0x00, 0x38, 0x03, 0x00, 0x00, 0x00, 0x14, 0x19, 0x10, 0x0c,
  0x00, 0xe8, 0x03, 0x00, 0x41, 0x79, 0x01, 0x00, 0x00, 0x00, 0x00, 0x00,
  0x00, 0x00, 0x80, 0x03, 0x00, 0xea, 0x0f, 0x00, 0x47, 0x19, 0x00, 0x00,
  0xc0, 0x10, 0x00, 0x00, 0x00, 0x00, 0x80, 0x03, 0x00, 0xea, 0x0f, 0x00,
  0x10, 0x78, 0x03, 0x02, 0x28, 0x00, 0x00, 0x00, 0xff, 0xe0, 0xff, 0x07,
  0x00, 0xe2, 0x2f, 0x00, 0x45, 0x79, 0x01, 0x00, 0x20, 0x01, 0x00, 0x00,
  0x00, 0x00, 0x80, 0x03, 0x00, 0xe6, 0x0f, 0x00, 0x0c, 0x7c, 0x00, 0x03,
  0x07, 0x00, 0x00, 0x00, 0x70, 0x62, 0xf2, 0x0b, 0x00, 0xe2, 0x0f, 0x00,
  0x47, 0x09, 0x00, 0x00, 0xf0, 0x00, 0x00, 0x00, 0x00, 0x00, 0x80, 0x03,
  0x00, 0xee, 0x0f, 0x00, 0x24, 0x76, 0x03, 0xff, 0x00, 0x84, 0x00, 0x00,
  0xff, 0x00, 0x8e, 0x07, 0x00, 0xe2, 0x0f, 0x00, 0x02, 0x7a, 0x3b, 0x00,
  0x00, 0x85, 0x00, 0x00, 0x00, 0x0f, 0x00, 0x00, 0x00, 0xe2, 0x0f, 0x00,
  0x24, 0x72, 0x38, 0xff, 0xff, 0x00, 0x00, 0x00, 0x4c, 0x00, 0x8e, 0x07,
  0x00, 0xe2, 0x0f, 0x00, 0x20, 0x7c, 0x3a, 0x06, 0x16, 0x00, 0x00, 0x00,
  0x00, 0x00, 0x41, 0x08, 0x00, 0xe2, 0x0f, 0x00, 0x24, 0x72, 0x39, 0xff,
  0xff, 0x00, 0x00, 0x00, 0x4d, 0x00, 0x8e, 0x07, 0x00, 0xe2, 0x0f, 0x00,
  0x20, 0x7c, 0x07, 0x07, 0x16, 0x00, 0x00, 0x00, 0x00, 0x00, 0x41, 0x08,
  0x00, 0xe2, 0x0f, 0x00, 0x20, 0x7c, 0x06, 0x05, 0x16, 0x00, 0x00, 0x00,
  0x00, 0x00, 0x41, 0x08, 0x00, 0xe2, 0x0f, 0x00, 0x24, 0x78, 0x05, 0x3b,
  0x26, 0x00, 0x00, 0x00, 0xff, 0x02, 0x8e, 0x07, 0x00, 0xc4, 0x0f, 0x00,
  0x25, 0x78, 0x38, 0x03, 0x26, 0x00, 0x00, 0x00, 0x38, 0x00, 0x8e, 0x07,
  0x00, 0xe2, 0x0f, 0x00, 0x20, 0x7c, 0x03, 0x04, 0x16, 0x00, 0x00, 0x00,
  0x00, 0x00, 0x41, 0x08, 0x00, 0xe2, 0x0f, 0x00, 0x3e, 0x72, 0x07, 0x07,
  0x3a, 0x00, 0x00, 0x00, 0xff, 0x70, 0x80, 0x04, 0x00, 0xc6, 0x0f, 0x00,
  0x10, 0x7a, 0x04, 0x38, 0x00, 0x78, 0x00, 0x00, 0xff, 0xe0, 0xf5, 0x07,
  0x00, 0xe4, 0x0f, 0x00, 0x3e, 0x72, 0x03, 0x06, 0x03, 0x00, 0x00, 0x00,
  0x07, 0x70, 0x80, 0x04, 0x00, 0xe4, 0x0f, 0x00, 0x10, 0x7a, 0x05, 0x39,
  0x00, 0x79, 0x00, 0x00, 0x05, 0xe4, 0x7f, 0x01, 0x00, 0xca, 0x0f, 0x00,
  0x86, 0x79, 0x00, 0x04, 0x03, 0x00, 0x00, 0x00, 0x14, 0x19, 0x10, 0x0c,
  0x00, 0xe8, 0x03, 0x00, 0x41, 0x79, 0x01, 0x00, 0x00, 0x00, 0x00, 0x00,
  0x00, 0x00, 0x80, 0x03, 0x00, 0xea, 0x0f, 0x00, 0x47, 0x19, 0x00, 0x00,
  0x70, 0x0f, 0x00, 0x00, 0x00, 0x00, 0x80, 0x03, 0x00, 0xea, 0x0f, 0x00,
  0x10, 0x78, 0x03, 0x02, 0x2a, 0x00, 0x00, 0x00, 0xff, 0xe0, 0xff, 0x07,
  0x00, 0xe2, 0x2f, 0x00, 0x45, 0x79, 0x01, 0x00, 0x20, 0x01, 0x00, 0x00,
  0x00, 0x00, 0x80, 0x03, 0x00, 0xe6, 0x0f, 0x00, 0x0c, 0x7c, 0x00, 0x03,
  0x07, 0x00, 0x00, 0x00, 0x70, 0x62, 0xf2, 0x0b, 0x00, 0xe2, 0x0f, 0x00,
  0x47, 0x09, 0x00, 0x00, 0xf0, 0x00, 0x00, 0x00, 0x00, 0x00, 0x80, 0x03,
  0x00, 0xee, 0x0f, 0x00, 0x24, 0x76, 0x03, 0xff, 0x00, 0x84, 0x00, 0x00,
  0xff, 0x00, 0x8e, 0x07, 0x00, 0xe2, 0x0f, 0x00, 0x20, 0x7c, 0x0a, 0x0a,
  0x16, 0x00, 0x00, 0x00, 0x00, 0x00, 0x41, 0x08, 0x00, 0xe2, 0x0f, 0x00,
  0x24, 0x72, 0x04, 0xff, 0xff, 0x00, 0x00, 0x00, 0x4c, 0x00, 0x8e, 0x07,
  0x00, 0xe2, 0x0f, 0x00, 0x20, 0x7c, 0x0b, 0x0b, 0x16, 0x00, 0x00, 0x00,
  0x00, 0x00, 0x41, 0x08, 0x00, 0xe2, 0x0f, 0x00, 0x24, 0x72, 0x05, 0xff,
  0xff, 0x00, 0x00, 0x00, 0x4d, 0x00, 0x8e, 0x07, 0x00, 0xe2, 0x0f, 0x00,
  0x20, 0x7c, 0x08, 0x08, 0x16, 0x00, 0x00, 0x00, 0x00, 0x00, 0x41, 0x08,
  0x00, 0xe2, 0x0f, 0x00, 0x24, 0x76, 0x06, 0xff, 0x00, 0x85, 0x00, 0x00,
  0xff, 0x00, 0x8e, 0x07, 0x00, 0xe2, 0x0f, 0x00, 0x20, 0x7c, 0x09, 0x09,
  0x16, 0x00, 0x00, 0x00, 0x00, 0x00, 0x41, 0x08, 0x00, 0xe2, 0x0f, 0x00,
  0x25, 0x78, 0x04, 0x03, 0x28, 0x00, 0x00, 0x00, 0x04, 0x00, 0x8e, 0x07,
  0x00, 0xe2, 0x0f, 0x00, 0x3e, 0x72, 0x0a, 0x0b, 0x0a, 0x00, 0x00, 0x00,
  0xff, 0x70, 0x80, 0x04, 0x00, 0xc6, 0x0f, 0x00, 0x24, 0x78, 0x03, 0x06,
  0x28, 0x00, 0x00, 0x00, 0xff, 0x02, 0x8e, 0x07, 0x00, 0xe2, 0x0f, 0x00,
  0x10, 0x7a, 0x04, 0x04, 0x00, 0x78, 0x00, 0x00, 0xff, 0xe0, 0xf5, 0x07,
  0x00, 0xe4, 0x0f, 0x00, 0x3e, 0x72, 0x09, 0x09, 0x08, 0x00, 0x00, 0x00,
  0x0a, 0x70, 0x80, 0x04, 0x00, 0xe4, 0x0f, 0x00, 0x10, 0x7a, 0x05, 0x05,
  0x00, 0x79, 0x00, 0x00, 0x03, 0xe4, 0x7f, 0x01, 0x00, 0xca, 0x0f, 0x00,
  0x86, 0x79, 0x00, 0x04, 0x09, 0x00, 0x00, 0x00, 0x14, 0x19, 0x10, 0x0c,
  0x00, 0xe8, 0x03, 0x00, 0x41, 0x79, 0x01, 0x00, 0x00, 0x00, 0x00, 0x00,
  0x00, 0x00, 0x80, 0x03, 0x00, 0xea, 0x0f, 0x00, 0x47, 0x19, 0x00, 0x00,
  0x20, 0x0e, 0x00, 0x00, 0x00, 0x00, 0x80, 0x03, 0x00, 0xea, 0x0f, 0x00,
  0x10, 0x78, 0x03, 0x02, 0x2c, 0x00, 0x00, 0x00, 0xff, 0xe0, 0xff, 0x07,
  0x00, 0xe2, 0x0f, 0x00, 0x45, 0x79, 0x01, 0x00, 0x20, 0x01, 0x00, 0x00,
  0x00, 0x00, 0x80, 0x03, 0x00, 0xe6, 0x0f, 0x00, 0x0c, 0x7c, 0x00, 0x03,
  0x07, 0x00, 0x00, 0x00, 0x70, 0x62, 0xf2, 0x0b, 0x00, 0xe2, 0x0f, 0x00,
  0x47, 0x09, 0x00, 0x00, 0xf0, 0x00, 0x00, 0x00, 0x00, 0x00, 0x80, 0x03,
  0x00, 0xee, 0x0f, 0x00, 0x02, 0x72, 0x04, 0x00, 0x4c, 0x00, 0x00, 0x00,
  0x00, 0x0f, 0x00, 0x00, 0x00, 0xe2, 0x2f, 0x00, 0x24, 0x76, 0x03, 0xff,
  0x00, 0x84, 0x00, 0x00, 0xff, 0x00, 0x8e, 0x07, 0x00, 0xe2, 0x0f, 0x00,
  0x20, 0x7c, 0x0e, 0x0e, 0x16, 0x00, 0x00, 0x00, 0x00, 0x00, 0x41, 0x08,
  0x00, 0xe2, 0x0f, 0x00, 0x24, 0x72, 0x05, 0xff, 0xff, 0x00, 0x00, 0x00,
  0x4d, 0x00, 0x8e, 0x07, 0x00, 0xe2, 0x0f, 0x00, 0x20, 0x7c, 0x0f, 0x0f,
  0x16, 0x00, 0x00, 0x00, 0x00, 0x00, 0x41, 0x08, 0x00, 0xe2, 0x0f, 0x00,
  0x24, 0x76, 0x06, 0xff, 0x00, 0x85, 0x00, 0x00, 0xff, 0x00, 0x8e, 0x07,
  0x00, 0xe2, 0x0f, 0x00, 0x20, 0x7c, 0x0c, 0x0c, 0x16, 0x00, 0x00, 0x00,
  0x00, 0x00, 0x41, 0x08, 0x00, 0xe2, 0x0f, 0x00, 0x25, 0x78, 0x04, 0x03,
  0x2a, 0x00, 0x00, 0x00, 0x04, 0x00, 0x8e, 0x07, 0x00, 0xe2, 0x0f, 0x00,
  0x20, 0x7c, 0x0d, 0x0d, 0x16, 0x00, 0x00, 0x00, 0x00, 0x00, 0x41, 0x08,
  0x00, 0xe2, 0x0f, 0x00, 0x3e, 0x72, 0x0e, 0x0f, 0x0e, 0x00, 0x00, 0x00,
  0xff, 0x70, 0x80, 0x04, 0x00, 0xc4, 0x0f, 0x00, 0x24, 0x78, 0x03, 0x06,
  0x2a, 0x00, 0x00, 0x00, 0xff, 0x02, 0x8e, 0x07, 0x00, 0xe2, 0x0f, 0x00,
  0x10, 0x7a, 0x04, 0x04, 0x00, 0x78, 0x00, 0x00, 0xff, 0xe0, 0xf5, 0x07,
  0x00, 0xe4, 0x0f, 0x00, 0x3e, 0x72, 0x0d, 0x0d, 0x0c, 0x00, 0x00, 0x00,
  0x0e, 0x70, 0x80, 0x04, 0x00, 0xe4, 0x0f, 0x00, 0x10, 0x7a, 0x05, 0x05,
  0x00, 0x79, 0x00, 0x00, 0x03, 0xe4, 0x7f, 0x01, 0x00, 0xca, 0x0f, 0x00,
  0x86, 0x79, 0x00, 0x04, 0x0d, 0x00, 0x00, 0x00, 0x14, 0x19, 0x10, 0x0c,
  0x00, 0xe8, 0x03, 0x00, 0x41, 0x79, 0x01, 0x00, 0x00, 0x00, 0x00, 0x00,
  0x00, 0x00, 0x80, 0x03, 0x00, 0xea, 0x0f, 0x00, 0x47, 0x19, 0x00, 0x00,
  0xd0, 0x0c, 0x00, 0x00, 0x00, 0x00, 0x80, 0x03, 0x00, 0xea, 0x0f, 0x00,
  0x10, 0x78, 0x03, 0x02, 0x2e, 0x00, 0x00, 0x00, 0xff, 0xe0, 0xff, 0x07,
  0x00, 0xe2, 0x0f, 0x00, 0x45, 0x79, 0x01, 0x00, 0x20, 0x01, 0x00, 0x00,
  0x00, 0x00, 0x80, 0x03, 0x00, 0xe6, 0x0f, 0x00, 0x0c, 0x7c, 0x00, 0x03,
  0x07, 0x00, 0x00, 0x00, 0x70, 0x62, 0xf2, 0x0b, 0x00, 0xe2, 0x0f, 0x00,
  0x47, 0x09, 0x00, 0x00, 0xf0, 0x00, 0x00, 0x00, 0x00, 0x00, 0x80, 0x03,
  0x00, 0xee, 0x0f, 0x00, 0x24, 0x76, 0x03, 0xff, 0x00, 0x84, 0x00, 0x00,
  0xff, 0x00, 0x8e, 0x07, 0x00, 0xe2, 0x0f, 0x00, 0x20, 0x7c, 0x12, 0x12,
  0x16, 0x00, 0x00, 0x00, 0x00, 0x00, 0x41, 0x08, 0x00, 0xe2, 0x0f, 0x00,
  0x24, 0x72, 0x04, 0xff, 0xff, 0x00, 0x00, 0x00, 0x4c, 0x00, 0x8e, 0x07,
  0x00, 0xe2, 0x2f, 0x00, 0x20, 0x7c, 0x13, 0x13, 0x16, 0x00, 0x00, 0x00,
  0x00, 0x00, 0x41, 0x08, 0x00, 0xe2, 0x0f, 0x00, 0x24, 0x72, 0x05, 0xff,
  0xff, 0x00, 0x00, 0x00, 0x4d, 0x00, 0x8e, 0x07, 0x00, 0xe2, 0x0f, 0x00,
  0x20, 0x7c, 0x10, 0x10, 0x16, 0x00, 0x00, 0x00, 0x00, 0x00, 0x41, 0x08,
  0x00, 0xe2, 0x0f, 0x00, 0x24, 0x76, 0x06, 0xff, 0x00, 0x85, 0x00, 0x00,
  0xff, 0x00, 0x8e, 0x07, 0x00, 0xe2, 0x0f, 0x00, 0x20, 0x7c, 0x11, 0x11,
  0x16, 0x00, 0x00, 0x00, 0x00, 0x00, 0x41, 0x08, 0x00, 0xe2, 0x0f, 0x00,
  0x25, 0x78, 0x04, 0x03, 0x2c, 0x00, 0x00, 0x00, 0x04, 0x00, 0x8e, 0x07,
  0x00, 0xe2, 0x0f, 0x00, 0x3e, 0x72, 0x12, 0x13, 0x12, 0x00, 0x00, 0x00,
  0xff, 0x70, 0x80, 0x04, 0x00, 0xc6, 0x0f, 0x00, 0x24, 0x78, 0x03, 0x06,
  0x2c, 0x00, 0x00, 0x00, 0xff, 0x02, 0x8e, 0x07, 0x00, 0xe2, 0x0f, 0x00,
  0x10, 0x7a, 0x04, 0x04, 0x00, 0x78, 0x00, 0x00, 0xff, 0xe0, 0xf5, 0x07,
  0x00, 0xe4, 0x0f, 0x00, 0x3e, 0x72, 0x11, 0x11, 0x10, 0x00, 0x00, 0x00,
  0x12, 0x70, 0x80, 0x04, 0x00, 0xe4, 0x0f, 0x00, 0x10, 0x7a, 0x05, 0x05,
  0x00, 0x79, 0x00, 0x00, 0x03, 0xe4, 0x7f, 0x01, 0x00, 0xca, 0x0f, 0x00,
  0x86, 0x79, 0x00, 0x04, 0x11, 0x00, 0x00, 0x00, 0x14, 0x19, 0x10, 0x0c,
  0x00, 0xe8, 0x03, 0x00, 0x41, 0x79, 0x01, 0x00, 0x00, 0x00, 0x00, 0x00,
  0x00, 0x00, 0x80, 0x03, 0x00, 0xea, 0x0f, 0x00, 0x47, 0x19, 0x00, 0x00,
  0x80, 0x0b, 0x00, 0x00, 0x00, 0x00, 0x80, 0x03, 0x00, 0xea, 0x0f, 0x00,
  0x10, 0x78, 0x03, 0x02, 0x30, 0x00, 0x00, 0x00, 0xff, 0xe0, 0xff, 0x07,
  0x00, 0xe2, 0x0f, 0x00, 0x45, 0x79, 0x01, 0x00, 0x20, 0x01, 0x00, 0x00,
  0x00, 0x00, 0x80, 0x03, 0x00, 0xe6, 0x0f, 0x00, 0x0c, 0x7c, 0x00, 0x03,
  0x07, 0x00, 0x00, 0x00, 0x70, 0x62, 0xf2, 0x0b, 0x00, 0xe2, 0x0f, 0x00,
  0x47, 0x09, 0x00, 0x00, 0xf0, 0x00, 0x00, 0x00, 0x00, 0x00, 0x80, 0x03,
  0x00, 0xee, 0x0f, 0x00, 0x02, 0x72, 0x04, 0x00, 0x4c, 0x00, 0x00, 0x00,
  0x00, 0x0f, 0x00, 0x00, 0x00, 0xe2, 0x2f, 0x00, 0x24, 0x76, 0x03, 0xff,
  0x00, 0x84, 0x00, 0x00, 0xff, 0x00, 0x8e, 0x07, 0x00, 0xe2, 0x0f, 0x00,
  0x20, 0x7c, 0x16, 0x16, 0x16, 0x00, 0x00, 0x00, 0x00, 0x00, 0x41, 0x08,
  0x00, 0xe2, 0x0f, 0x00, 0x24, 0x72, 0x05, 0xff, 0xff, 0x00, 0x00, 0x00,
  0x4d, 0x00, 0x8e, 0x07, 0x00, 0xe2, 0x0f, 0x00, 0x20, 0x7c, 0x17, 0x17,
  0x16, 0x00, 0x00, 0x00, 0x00, 0x00, 0x41, 0x08, 0x00, 0xe2, 0x0f, 0x00,
  0x24, 0x76, 0x06, 0xff, 0x00, 0x85, 0x00, 0x00, 0xff, 0x00, 0x8e, 0x07,
  0x00, 0xe2, 0x0f, 0x00, 0x20, 0x7c, 0x14, 0x14, 0x16, 0x00, 0x00, 0x00,
  0x00, 0x00, 0x41, 0x08, 0x00, 0xe2, 0x0f, 0x00, 0x25, 0x78, 0x04, 0x03,
  0x2e, 0x00, 0x00, 0x00, 0x04, 0x00, 0x8e, 0x07, 0x00, 0xe2, 0x0f, 0x00,
  0x20, 0x7c, 0x15, 0x15, 0x16, 0x00, 0x00, 0x00, 0x00, 0x00, 0x41, 0x08,
  0x00, 0xe2, 0x0f, 0x00, 0x3e, 0x72, 0x16, 0x17, 0x16, 0x00, 0x00, 0x00,
  0xff, 0x70, 0x80, 0x04, 0x00, 0xc4, 0x0f, 0x00, 0x24, 0x78, 0x03, 0x06,
  0x2e, 0x00, 0x00, 0x00, 0xff, 0x02, 0x8e, 0x07, 0x00, 0xe2, 0x0f, 0x00,
  0x10, 0x7a, 0x04, 0x04, 0x00, 0x78, 0x00, 0x00, 0xff, 0xe0, 0xf5, 0x07,
  0x00, 0xe4, 0x0f, 0x00, 0x3e, 0x72, 0x15, 0x15, 0x14, 0x00, 0x00, 0x00,
  0x16, 0x70, 0x80, 0x04, 0x00, 0xe4, 0x0f, 0x00, 0x10, 0x7a, 0x05, 0x05,
  0x00, 0x79, 0x00, 0x00, 0x03, 0xe4, 0x7f, 0x01, 0x00, 0xca, 0x0f, 0x00,
  0x86, 0x79, 0x00, 0x04, 0x15, 0x00, 0x00, 0x00, 0x14, 0x19, 0x10, 0x0c,
  0x00, 0xe8, 0x03, 0x00, 0x41, 0x79, 0x01, 0x00, 0x00, 0x00, 0x00, 0x00,
  0x00, 0x00, 0x80, 0x03, 0x00, 0xea, 0x0f, 0x00, 0x47, 0x19, 0x00, 0x00,
  0x30, 0x0a, 0x00, 0x00, 0x00, 0x00, 0x80, 0x03, 0x00, 0xea, 0x0f, 0x00,
  0x10, 0x78, 0x03, 0x02, 0x32, 0x00, 0x00, 0x00, 0xff, 0xe0, 0xff, 0x07,
  0x00, 0xe2, 0x0f, 0x00, 0x45, 0x79, 0x01, 0x00, 0x20, 0x01, 0x00, 0x00,
  0x00, 0x00, 0x80, 0x03, 0x00, 0xe6, 0x0f, 0x00, 0x0c, 0x7c, 0x00, 0x03,
  0x07, 0x00, 0x00, 0x00, 0x70, 0x62, 0xf2, 0x0b, 0x00, 0xe2, 0x0f, 0x00,
  0x47, 0x09, 0x00, 0x00, 0xf0, 0x00, 0x00, 0x00, 0x00, 0x00, 0x80, 0x03,
  0x00, 0xee, 0x0f, 0x00, 0x24, 0x76, 0x03, 0xff, 0x00, 0x84, 0x00, 0x00,
  0xff, 0x00, 0x8e, 0x07, 0x00, 0xe2, 0x0f, 0x00, 0x20, 0x7c, 0x1a, 0x1a,
  0x16, 0x00, 0x00, 0x00, 0x00, 0x00, 0x41, 0x08, 0x00, 0xe2, 0x0f, 0x00,
  0x24, 0x72, 0x04, 0xff, 0xff, 0x00, 0x00, 0x00, 0x4c, 0x00, 0x8e, 0x07,
  0x00, 0xe2, 0x2f, 0x00, 0x20, 0x7c, 0x1b, 0x1b, 0x16, 0x00, 0x00, 0x00,
  0x00, 0x00, 0x41, 0x08, 0x00, 0xe2, 0x0f, 0x00, 0x24, 0x72, 0x05, 0xff,
  0xff, 0x00, 0x00, 0x00, 0x4d, 0x00, 0x8e, 0x07, 0x00, 0xe2, 0x0f, 0x00,
  0x20, 0x7c, 0x18, 0x18, 0x16, 0x00, 0x00, 0x00, 0x00, 0x00, 0x41, 0x08,
  0x00, 0xe2, 0x0f, 0x00, 0x24, 0x76, 0x06, 0xff, 0x00, 0x85, 0x00, 0x00,
  0xff, 0x00, 0x8e, 0x07, 0x00, 0xe2, 0x0f, 0x00, 0x20, 0x7c, 0x19, 0x19,
  0x16, 0x00, 0x00, 0x00, 0x00, 0x00, 0x41, 0x08, 0x00, 0xe2, 0x0f, 0x00,
  0x25, 0x78, 0x04, 0x03, 0x30, 0x00, 0x00, 0x00, 0x04, 0x00, 0x8e, 0x07,
  0x00, 0xe2, 0x0f, 0x00, 0x3e, 0x72, 0x1a, 0x1b, 0x1a, 0x00, 0x00, 0x00,
  0xff, 0x70, 0x80, 0x04, 0x00, 0xc6, 0x0f, 0x00, 0x24, 0x78, 0x03, 0x06,
  0x30, 0x00, 0x00, 0x00, 0xff, 0x02, 0x8e, 0x07, 0x00, 0xe2, 0x0f, 0x00,
  0x10, 0x7a, 0x04, 0x04, 0x00, 0x78, 0x00, 0x00, 0xff, 0xe0, 0xf5, 0x07,
  0x00, 0xe4, 0x0f, 0x00, 0x3e, 0x72, 0x19, 0x19, 0x18, 0x00, 0x00, 0x00,
  0x1a, 0x70, 0x80, 0x04, 0x00, 0xe4, 0x0f, 0x00, 0x10, 0x7a, 0x05, 0x05,
  0x00, 0x79, 0x00, 0x00, 0x03, 0xe4, 0x7f, 0x01, 0x00, 0xca, 0x0f, 0x00,
  0x86, 0x79, 0x00, 0x04, 0x19, 0x00, 0x00, 0x00, 0x14, 0x19, 0x10, 0x0c,
  0x00, 0xe8, 0x03, 0x00, 0x41, 0x79, 0x01, 0x00, 0x00, 0x00, 0x00, 0x00,
  0x00, 0x00, 0x80, 0x03, 0x00, 0xea, 0x0f, 0x00, 0x47, 0x19, 0x00, 0x00,
  0xe0, 0x08, 0x00, 0x00, 0x00, 0x00, 0x80, 0x03, 0x00, 0xea, 0x0f, 0x00,
  0x10, 0x78, 0x03, 0x02, 0x34, 0x00, 0x00, 0x00, 0xff, 0xe0, 0xff, 0x07,
  0x00, 0xe2, 0x0f, 0x00, 0x45, 0x79, 0x01, 0x00, 0x20, 0x01, 0x00, 0x00,
  0x00, 0x00, 0x80, 0x03, 0x00, 0xe6, 0x0f, 0x00, 0x0c, 0x7c, 0x00, 0x03,
  0x07, 0x00, 0x00, 0x00, 0x70, 0x62, 0xf2, 0x0b, 0x00, 0xe2, 0x0f, 0x00,
  0x47, 0x09, 0x00, 0x00, 0xf0, 0x00, 0x00, 0x00, 0x00, 0x00, 0x80, 0x03,
  0x00, 0xee, 0x0f, 0x00, 0x02, 0x72, 0x04, 0x00, 0x4c, 0x00, 0x00, 0x00,
  0x00, 0x0f, 0x00, 0x00, 0x00, 0xe2, 0x2f, 0x00, 0x24, 0x76, 0x03, 0xff,
  0x00, 0x84, 0x00, 0x00, 0xff, 0x00, 0x8e, 0x07, 0x00, 0xe2, 0x0f, 0x00,
  0x20, 0x7c, 0x1e, 0x1e, 0x16, 0x00, 0x00, 0x00, 0x00, 0x00, 0x41, 0x08,
  0x00, 0xe2, 0x0f, 0x00, 0x24, 0x72, 0x05, 0xff, 0xff, 0x00, 0x00, 0x00,
  0x4d, 0x00, 0x8e, 0x07, 0x00, 0xe2, 0x0f, 0x00, 0x20, 0x7c, 0x1f, 0x1f,
  0x16, 0x00, 0x00, 0x00, 0x00, 0x00, 0x41, 0x08, 0x00, 0xe2, 0x0f, 0x00,
  0x24, 0x76, 0x06, 0xff, 0x00, 0x85, 0x00, 0x00, 0xff, 0x00, 0x8e, 0x07,
  0x00, 0xe2, 0x0f, 0x00, 0x20, 0x7c, 0x1c, 0x1c, 0x16, 0x00, 0x00, 0x00,
  0x00, 0x00, 0x41, 0x08, 0x00, 0xe2, 0x0f, 0x00, 0x25, 0x78, 0x04, 0x03,
  0x32, 0x00, 0x00, 0x00, 0x04, 0x00, 0x8e, 0x07, 0x00, 0xe2, 0x0f, 0x00,
  0x20, 0x7c, 0x1d, 0x1d, 0x16, 0x00, 0x00, 0x00, 0x00, 0x00, 0x41, 0x08,
  0x00, 0xe2, 0x0f, 0x00, 0x3e, 0x72, 0x1e, 0x1f, 0x1e, 0x00, 0x00, 0x00,
  0xff, 0x70, 0x80, 0x04, 0x00, 0xc4, 0x0f, 0x00, 0x24, 0x78, 0x03, 0x06,
  0x32, 0x00, 0x00, 0x00, 0xff, 0x02, 0x8e, 0x07, 0x00, 0xe2, 0x0f, 0x00,
  0x10, 0x7a, 0x04, 0x04, 0x00, 0x78, 0x00, 0x00, 0xff, 0xe0, 0xf5, 0x07,
  0x00, 0xe4, 0x0f, 0x00, 0x3e, 0x72, 0x1d, 0x1d, 0x1c, 0x00, 0x00, 0x00,
  0x1e, 0x70, 0x80, 0x04, 0x00, 0xe4, 0x0f, 0x00, 0x10, 0x7a, 0x05, 0x05,
  0x00, 0x79, 0x00, 0x00, 0x03, 0xe4, 0x7f, 0x01, 0x00, 0xca, 0x0f, 0x00,
  0x86, 0x79, 0x00, 0x04, 0x1d, 0x00, 0x00, 0x00, 0x14, 0x19, 0x10, 0x0c,
  0x00, 0xe8, 0x03, 0x00, 0x41, 0x79, 0x01, 0x00, 0x00, 0x00, 0x00, 0x00,
  0x00, 0x00, 0x80, 0x03, 0x00, 0xea, 0x0f, 0x00, 0x47, 0x19, 0x00, 0x00,
  0x90, 0x07, 0x00, 0x00, 0x00, 0x00, 0x80, 0x03, 0x00, 0xea, 0x0f, 0x00,
  0x10, 0x78, 0x03, 0x02, 0x36, 0x00, 0x00, 0x00, 0xff, 0xe0, 0xff, 0x07,
  0x00, 0xe2, 0x0f, 0x00, 0x45, 0x79, 0x01, 0x00, 0x20, 0x01, 0x00, 0x00,
  0x00, 0x00, 0x80, 0x03, 0x00, 0xe6, 0x0f, 0x00, 0x0c, 0x7c, 0x00, 0x03,
  0x07, 0x00, 0x00, 0x00, 0x70, 0x62, 0xf2, 0x0b, 0x00, 0xe2, 0x0f, 0x00,
  0x47, 0x09, 0x00, 0x00, 0xf0, 0x00, 0x00, 0x00, 0x00, 0x00, 0x80, 0x03,
  0x00, 0xee, 0x0f, 0x00, 0x24, 0x76, 0x03, 0xff, 0x00, 0x84, 0x00, 0x00,
  0xff, 0x00, 0x8e, 0x07, 0x00, 0xe2, 0x0f, 0x00, 0x20, 0x7c, 0x22, 0x22,
  0x16, 0x00, 0x00, 0x00, 0x00, 0x00, 0x41, 0x08, 0x00, 0xe2, 0x0f, 0x00,
  0x24, 0x72, 0x04, 0xff, 0xff, 0x00, 0x00, 0x00, 0x4c, 0x00, 0x8e, 0x07,
  0x00, 0xe2, 0x2f, 0x00, 0x20, 0x7c, 0x23, 0x23, 0x16, 0x00, 0x00, 0x00,
  0x00, 0x00, 0x41, 0x08, 0x00, 0xe2, 0x0f, 0x00, 0x24, 0x72, 0x05, 0xff,
  0xff, 0x00, 0x00, 0x00, 0x4d, 0x00, 0x8e, 0x07, 0x00, 0xe2, 0x0f, 0x00,
  0x20, 0x7c, 0x20, 0x20, 0x16, 0x00, 0x00, 0x00, 0x00, 0x00, 0x41, 0x08,
  0x00, 0xe2, 0x0f, 0x00, 0x24, 0x76, 0x06, 0xff, 0x00, 0x85, 0x00, 0x00,
  0xff, 0x00, 0x8e, 0x07, 0x00, 0xe2, 0x0f, 0x00, 0x20, 0x7c, 0x21, 0x21,
  0x16, 0x00, 0x00, 0x00, 0x00, 0x00, 0x41, 0x08, 0x00, 0xe2, 0x0f, 0x00,
  0x25, 0x78, 0x04, 0x03, 0x34, 0x00, 0x00, 0x00, 0x04, 0x00, 0x8e, 0x07,
  0x00, 0xe2, 0x0f, 0x00, 0x3e, 0x72, 0x22, 0x23, 0x22, 0x00, 0x00, 0x00,
  0xff, 0x70, 0x80, 0x04, 0x00, 0xc6, 0x0f, 0x00, 0x24, 0x78, 0x03, 0x06,
  0x34, 0x00, 0x00, 0x00, 0xff, 0x02, 0x8e, 0x07, 0x00, 0xe2, 0x0f, 0x00,
  0x10, 0x7a, 0x04, 0x04, 0x00, 0x78, 0x00, 0x00, 0xff, 0xe0, 0xf5, 0x07,
  0x00, 0xe4, 0x0f, 0x00, 0x3e, 0x72, 0x21, 0x21, 0x20, 0x00, 0x00, 0x00,
  0x22, 0x70, 0x80, 0x04, 0x00, 0xe4, 0x0f, 0x00, 0x10, 0x7a, 0x05, 0x05,
  0x00, 0x79, 0x00, 0x00, 0x03, 0xe4, 0x7f, 0x01, 0x00, 0xca, 0x0f, 0x00,
  0x86, 0x79, 0x00, 0x04, 0x21, 0x00, 0x00, 0x00, 0x14, 0x19, 0x10, 0x0c,
  0x00, 0xe8, 0x03, 0x00, 0x41, 0x79, 0x01, 0x00, 0x00, 0x00, 0x00, 0x00,
  0x00, 0x00, 0x80, 0x03, 0x00, 0xea, 0x0f, 0x00, 0x47, 0x19, 0x00, 0x00,
  0x40, 0x06, 0x00, 0x00, 0x00, 0x00, 0x80, 0x03, 0x00, 0xea, 0x0f, 0x00,
  0x10, 0x78, 0x03, 0x02, 0x38, 0x00, 0x00, 0x00, 0xff, 0xe0, 0xff, 0x07,
  0x00, 0xe2, 0x0f, 0x00, 0x45, 0x79, 0x01, 0x00, 0x20, 0x01, 0x00, 0x00,
  0x00, 0x00, 0x80, 0x03, 0x00, 0xe6, 0x0f, 0x00, 0x0c, 0x7c, 0x00, 0x03,
  0x07, 0x00, 0x00, 0x00, 0x70, 0x62, 0xf2, 0x0b, 0x00, 0xe2, 0x0f, 0x00,
  0x47, 0x09, 0x00, 0x00, 0xf0, 0x00, 0x00, 0x00, 0x00, 0x00, 0x80, 0x03,
  0x00, 0xee, 0x0f, 0x00, 0x02, 0x72, 0x04, 0x00, 0x4c, 0x00, 0x00, 0x00,
  0x00, 0x0f, 0x00, 0x00, 0x00, 0xe2, 0x2f, 0x00, 0x24, 0x76, 0x03, 0xff,
  0x00, 0x84, 0x00, 0x00, 0xff, 0x00, 0x8e, 0x07, 0x00, 0xe2, 0x0f, 0x00,
  0x20, 0x7c, 0x26, 0x26, 0x16, 0x00, 0x00, 0x00, 0x00, 0x00, 0x41, 0x08,
  0x00, 0xe2, 0x0f, 0x00, 0x24, 0x72, 0x05, 0xff, 0xff, 0x00, 0x00, 0x00,
  0x4d, 0x00, 0x8e, 0x07, 0x00, 0xe2, 0x0f, 0x00, 0x20, 0x7c, 0x27, 0x27,
  0x16, 0x00, 0x00, 0x00, 0x00, 0x00, 0x41, 0x08, 0x00, 0xe2, 0x0f, 0x00,
  0x24, 0x76, 0x06, 0xff, 0x00, 0x85, 0x00, 0x00, 0xff, 0x00, 0x8e, 0x07,
  0x00, 0xe2, 0x0f, 0x00, 0x20, 0x7c, 0x24, 0x24, 0x16, 0x00, 0x00, 0x00,
  0x00, 0x00, 0x41, 0x08, 0x00, 0xe2, 0x0f, 0x00, 0x25, 0x78, 0x04, 0x03,
  0x36, 0x00, 0x00, 0x00, 0x04, 0x00, 0x8e, 0x07, 0x00, 0xe2, 0x0f, 0x00,
  0x20, 0x7c, 0x25, 0x25, 0x16, 0x00, 0x00, 0x00, 0x00, 0x00, 0x41, 0x08,
  0x00, 0xe2, 0x0f, 0x00, 0x3e, 0x72, 0x26, 0x27, 0x26, 0x00, 0x00, 0x00,
  0xff, 0x70, 0x80, 0x04, 0x00, 0xc4, 0x0f, 0x00, 0x24, 0x78, 0x03, 0x06,
  0x36, 0x00, 0x00, 0x00, 0xff, 0x02, 0x8e, 0x07, 0x00, 0xe2, 0x0f, 0x00,
  0x10, 0x7a, 0x04, 0x04, 0x00, 0x78, 0x00, 0x00, 0xff, 0xe0, 0xf5, 0x07,
  0x00, 0xe4, 0x0f, 0x00, 0x3e, 0x72, 0x25, 0x25, 0x24, 0x00, 0x00, 0x00,
  0x26, 0x70, 0x80, 0x04, 0x00, 0xe4, 0x0f, 0x00, 0x10, 0x7a, 0x05, 0x05,
  0x00, 0x79, 0x00, 0x00, 0x03, 0xe4, 0x7f, 0x01, 0x00, 0xca, 0x0f, 0x00,
  0x86, 0x79, 0x00, 0x04, 0x25, 0x00, 0x00, 0x00, 0x14, 0x19, 0x10, 0x0c,
  0x00, 0xe8, 0x03, 0x00, 0x41, 0x79, 0x01, 0x00, 0x00, 0x00, 0x00, 0x00,
  0x00, 0x00, 0x80, 0x03, 0x00, 0xea, 0x0f, 0x00, 0x47, 0x19, 0x00, 0x00,
  0xf0, 0x04, 0x00, 0x00, 0x00, 0x00, 0x80, 0x03, 0x00, 0xea, 0x0f, 0x00,
  0x10, 0x78, 0x03, 0x02, 0x3a, 0x00, 0x00, 0x00, 0xff, 0xe0, 0xff, 0x07,
  0x00, 0xe2, 0x0f, 0x00, 0x45, 0x79, 0x01, 0x00, 0x20, 0x01, 0x00, 0x00,
  0x00, 0x00, 0x80, 0x03, 0x00, 0xe6, 0x0f, 0x00, 0x0c, 0x7c, 0x00, 0x03,
  0x07, 0x00, 0x00, 0x00, 0x70, 0x62, 0xf2, 0x0b, 0x00, 0xe2, 0x0f, 0x00,
  0x47, 0x09, 0x00, 0x00, 0xf0, 0x00, 0x00, 0x00, 0x00, 0x00, 0x80, 0x03,
  0x00, 0xee, 0x0f, 0x00, 0x24, 0x76, 0x03, 0xff, 0x00, 0x84, 0x00, 0x00,
  0xff, 0x00, 0x8e, 0x07, 0x00, 0xe2, 0x0f, 0x00, 0x20, 0x7c, 0x2a, 0x2a,
  0x16, 0x00, 0x00, 0x00, 0x00, 0x00, 0x41, 0x08, 0x00, 0xe2, 0x0f, 0x00,
  0x24, 0x72, 0x04, 0xff, 0xff, 0x00, 0x00, 0x00, 0x4c, 0x00, 0x8e, 0x07,
  0x00, 0xe2, 0x2f, 0x00, 0x20, 0x7c, 0x2b, 0x2b, 0x16, 0x00, 0x00, 0x00,
  0x00, 0x00, 0x41, 0x08, 0x00, 0xe2, 0x0f, 0x00, 0x24, 0x72, 0x05, 0xff,
  0xff, 0x00, 0x00, 0x00, 0x4d, 0x00, 0x8e, 0x07, 0x00, 0xe2, 0x0f, 0x00,
  0x20, 0x7c, 0x28, 0x28, 0x16, 0x00, 0x00, 0x00, 0x00, 0x00, 0x41, 0x08,
  0x00, 0xe2, 0x0f, 0x00, 0x24, 0x76, 0x06, 0xff, 0x00, 0x85, 0x00, 0x00,
  0xff, 0x00, 0x8e, 0x07, 0x00, 0xe2, 0x0f, 0x00, 0x20, 0x7c, 0x29, 0x29,
  0x16, 0x00, 0x00, 0x00, 0x00, 0x00, 0x41, 0x08, 0x00, 0xe2, 0x0f, 0x00,
  0x25, 0x78, 0x04, 0x03, 0x38, 0x00, 0x00, 0x00, 0x04, 0x00, 0x8e, 0x07,
  0x00, 0xe2, 0x0f, 0x00, 0x3e, 0x72, 0x2a, 0x2b, 0x2a, 0x00, 0x00, 0x00,
  0xff, 0x70, 0x80, 0x04, 0x00, 0xc6, 0x0f, 0x00, 0x24, 0x78, 0x03, 0x06,
  0x38, 0x00, 0x00, 0x00, 0xff, 0x02, 0x8e, 0x07, 0x00, 0xe2, 0x0f, 0x00,
  0x10, 0x7a, 0x04, 0x04, 0x00, 0x78, 0x00, 0x00, 0xff, 0xe0, 0xf5, 0x07,
  0x00, 0xe4, 0x0f, 0x00, 0x3e, 0x72, 0x29, 0x29, 0x28, 0x00, 0x00, 0x00,
  0x2a, 0x70, 0x80, 0x04, 0x00, 0xe4, 0x0f, 0x00, 0x10, 0x7a, 0x05, 0x05,
  0x00, 0x79, 0x00, 0x00, 0x03, 0xe4, 0x7f, 0x01, 0x00, 0xca, 0x0f, 0x00,
  0x86, 0x79, 0x00, 0x04, 0x29, 0x00, 0x00, 0x00, 0x14, 0x19, 0x10, 0x0c,
  0x00, 0xe8, 0x03, 0x00, 0x41, 0x79, 0x01, 0x00, 0x00, 0x00, 0x00, 0x00,
  0x00, 0x00, 0x80, 0x03, 0x00, 0xea, 0x0f, 0x00, 0x47, 0x19, 0x00, 0x00,
  0xa0, 0x03, 0x00, 0x00, 0x00, 0x00, 0x80, 0x03, 0x00, 0xea, 0x0f, 0x00,
  0x10, 0x78, 0x03, 0x02, 0x3c, 0x00, 0x00, 0x00, 0xff, 0xe0, 0xff, 0x07,
  0x00, 0xe2, 0x0f, 0x00, 0x45, 0x79, 0x01, 0x00, 0x20, 0x01, 0x00, 0x00,
  0x00, 0x00, 0x80, 0x03, 0x00, 0xe6, 0x0f, 0x00, 0x0c, 0x7c, 0x00, 0x03,
  0x07, 0x00, 0x00, 0x00, 0x70, 0x62, 0xf2, 0x0b, 0x00, 0xe2, 0x0f, 0x00,
  0x47, 0x09, 0x00, 0x00, 0xf0, 0x00, 0x00, 0x00, 0x00, 0x00, 0x80, 0x03,
  0x00, 0xee, 0x0f, 0x00, 0x02, 0x72, 0x04, 0x00, 0x4c, 0x00, 0x00, 0x00,
  0x00, 0x0f, 0x00, 0x00, 0x00, 0xe2, 0x2f, 0x00, 0x24, 0x76, 0x03, 0xff,
  0x00, 0x84, 0x00, 0x00, 0xff, 0x00, 0x8e, 0x07, 0x00, 0xe2, 0x0f, 0x00,
  0x20, 0x7c, 0x2e, 0x2e, 0x16, 0x00, 0x00, 0x00, 0x00, 0x00, 0x41, 0x08,
  0x00, 0xe2, 0x0f, 0x00, 0x24, 0x72, 0x05, 0xff, 0xff, 0x00, 0x00, 0x00,
  0x4d, 0x00, 0x8e, 0x07, 0x00, 0xe2, 0x0f, 0x00, 0x20, 0x7c, 0x2f, 0x2f,
  0x16, 0x00, 0x00, 0x00, 0x00, 0x00, 0x41, 0x08, 0x00, 0xe2, 0x0f, 0x00,
  0x24, 0x76, 0x06, 0xff, 0x00, 0x85, 0x00, 0x00, 0xff, 0x00, 0x8e, 0x07,
  0x00, 0xe2, 0x0f, 0x00, 0x20, 0x7c, 0x2c, 0x2c, 0x16, 0x00, 0x00, 0x00,
  0x00, 0x00, 0x41, 0x08, 0x00, 0xe2, 0x0f, 0x00, 0x25, 0x78, 0x04, 0x03,
  0x3a, 0x00, 0x00, 0x00, 0x04, 0x00, 0x8e, 0x07, 0x00, 0xe2, 0x0f, 0x00,
  0x20, 0x7c, 0x2d, 0x2d, 0x16, 0x00, 0x00, 0x00, 0x00, 0x00, 0x41, 0x08,
  0x00, 0xe2, 0x0f, 0x00, 0x3e, 0x72, 0x2e, 0x2f, 0x2e, 0x00, 0x00, 0x00,
  0xff, 0x70, 0x80, 0x04, 0x00, 0xc4, 0x0f, 0x00, 0x24, 0x78, 0x03, 0x06,
  0x3a, 0x00, 0x00, 0x00, 0xff, 0x02, 0x8e, 0x07, 0x00, 0xe2, 0x0f, 0x00,
  0x10, 0x7a, 0x04, 0x04, 0x00, 0x78, 0x00, 0x00, 0xff, 0xe0, 0xf5, 0x07,
  0x00, 0xe4, 0x0f, 0x00, 0x3e, 0x72, 0x2d, 0x2d, 0x2c, 0x00, 0x00, 0x00,
  0x2e, 0x70, 0x80, 0x04, 0x00, 0xe4, 0x0f, 0x00, 0x10, 0x7a, 0x05, 0x05,
  0x00, 0x79, 0x00, 0x00, 0x03, 0xe4, 0x7f, 0x01, 0x00, 0xca, 0x0f, 0x00,
  0x86, 0x79, 0x00, 0x04, 0x2d, 0x00, 0x00, 0x00, 0x14, 0x19, 0x10, 0x0c,
  0x00, 0xe8, 0x03, 0x00, 0x41, 0x79, 0x01, 0x00, 0x00, 0x00, 0x00, 0x00,
  0x00, 0x00, 0x80, 0x03, 0x00, 0xea, 0x0f, 0x00, 0x47, 0x19, 0x00, 0x00,
  0x50, 0x02, 0x00, 0x00, 0x00, 0x00, 0x80, 0x03, 0x00, 0xea, 0x0f, 0x00,
  0x10, 0x78, 0x02, 0x02, 0x3e, 0x00, 0x00, 0x00, 0xff, 0xe0, 0xff, 0x07,
  0x00, 0xe2, 0x0f, 0x00, 0x45, 0x79, 0x01, 0x00, 0x20, 0x01, 0x00, 0x00,
  0x00, 0x00, 0x80, 0x03, 0x00, 0xe6, 0x0f, 0x00, 0x0c, 0x7c, 0x00, 0x02,
  0x07, 0x00, 0x00, 0x00, 0x70, 0x62, 0xf2, 0x0b, 0x00, 0xe2, 0x0f, 0x00,
  0x47, 0x09, 0x00, 0x00, 0xf0, 0x00, 0x00, 0x00, 0x00, 0x00, 0x80, 0x03,
  0x00, 0xee, 0x0f, 0x00, 0x24, 0x76, 0x05, 0xff, 0x00, 0x84, 0x00, 0x00,
  0xff, 0x00, 0x8e, 0x07, 0x00, 0xe2, 0x2f, 0x00, 0x20, 0x7c, 0x32, 0x32,
  0x16, 0x00, 0x00, 0x00, 0x00, 0x00, 0x41, 0x08, 0x00, 0xe2, 0x0f, 0x00,
  0x24, 0x72, 0x02, 0xff, 0xff, 0x00, 0x00, 0x00, 0x4c, 0x00, 0x8e, 0x07,
  0x00, 0xe2, 0x0f, 0x00, 0x20, 0x7c, 0x33, 0x33, 0x16, 0x00, 0x00, 0x00,
  0x00, 0x00, 0x41, 0x08, 0x00, 0xe2, 0x0f, 0x00, 0x24, 0x72, 0x03, 0xff,
  0xff, 0x00, 0x00, 0x00, 0x4d, 0x00, 0x8e, 0x07, 0x00, 0xe2, 0x0f, 0x00,
  0x20, 0x7c, 0x30, 0x30, 0x16, 0x00, 0x00, 0x00, 0x00, 0x00, 0x41, 0x08,
  0x00, 0xe2, 0x0f, 0x00, 0x24, 0x76, 0x04, 0xff, 0x00, 0x85, 0x00, 0x00,
  0xff, 0x00, 0x8e, 0x07, 0x00, 0xe2, 0x0f, 0x00, 0x20, 0x7c, 0x31, 0x31,
  0x16, 0x00, 0x00, 0x00, 0x00, 0x00, 0x41, 0x08, 0x00, 0xe2, 0x0f, 0x00,
  0x25, 0x78, 0x02, 0x05, 0x3c, 0x00, 0x00, 0x00, 0x02, 0x00, 0x8e, 0x07,
  0x00, 0xe2, 0x0f, 0x00, 0x3e, 0x72, 0x32, 0x33, 0x32, 0x00, 0x00, 0x00,
  0xff, 0x70, 0x80, 0x04, 0x00, 0xc6, 0x0f, 0x00, 0x24, 0x78, 0x05, 0x04,
  0x3c, 0x00, 0x00, 0x00, 0xff, 0x02, 0x8e, 0x07, 0x00, 0xe2, 0x0f, 0x00,
  0x10, 0x7a, 0x02, 0x02, 0x00, 0x78, 0x00, 0x00, 0xff, 0xe0, 0xf5, 0x07,
  0x00, 0xe4, 0x0f, 0x00, 0x3e, 0x72, 0x31, 0x31, 0x30, 0x00, 0x00, 0x00,
  0x32, 0x70, 0x80, 0x04, 0x00, 0xe4, 0x0f, 0x00, 0x10, 0x7a, 0x03, 0x03,
  0x00, 0x79, 0x00, 0x00, 0x05, 0xe4, 0x7f, 0x01, 0x00, 0xca, 0x0f, 0x00,
  0x86, 0x79, 0x00, 0x02, 0x31, 0x00, 0x00, 0x00, 0x14, 0x19, 0x10, 0x0c,
  0x00, 0xe8, 0x03, 0x00, 0x41, 0x79, 0x01, 0x00, 0x00, 0x00, 0x00, 0x00,
  0x00, 0x00, 0x80, 0x03, 0x00, 0xea, 0x0f, 0x00, 0x47, 0x19, 0x00, 0x00,
  0x00, 0x01, 0x00, 0x00, 0x00, 0x00, 0x80, 0x03, 0x00, 0xea, 0x0f, 0x00,
  0x47, 0x09, 0x00, 0x00, 0xf0, 0x00, 0x00, 0x00, 0x00, 0x00, 0x80, 0x03,
  0x00, 0xea, 0x0f, 0x00, 0x02, 0x72, 0x03, 0x00, 0x4d, 0x00, 0x00, 0x00,
  0x00, 0x0f, 0x00, 0x00, 0x00, 0xe2, 0x2f, 0x00, 0x24, 0x76, 0x05, 0xff,
  0x00, 0x84, 0x00, 0x00, 0xff, 0x00, 0x8e, 0x07, 0x00, 0xe2, 0x0f, 0x00,
  0x20, 0x7c, 0x36, 0x36, 0x16, 0x00, 0x00, 0x00, 0x00, 0x00, 0x41, 0x08,
  0x00, 0xe2, 0x0f, 0x00, 0x24, 0x72, 0x02, 0xff, 0xff, 0x00, 0x00, 0x00,
  0x4c, 0x00, 0x8e, 0x07, 0x00, 0xe2, 0x0f, 0x00, 0x20, 0x7c, 0x37, 0x37,
  0x16, 0x00, 0x00, 0x00, 0x00, 0x00, 0x41, 0x08, 0x00, 0xe2, 0x0f, 0x00,
  0x24, 0x76, 0x04, 0xff, 0x00, 0x85, 0x00, 0x00, 0xff, 0x00, 0x8e, 0x07,
  0x00, 0xe2, 0x0f, 0x00, 0x20, 0x7c, 0x34, 0x34, 0x16, 0x00, 0x00, 0x00,
  0x00, 0x00, 0x41, 0x08, 0x00, 0xe2, 0x0f, 0x00, 0x25, 0x78, 0x02, 0x05,
  0x3e, 0x00, 0x00, 0x00, 0x02, 0x00, 0x8e, 0x07, 0x00, 0xe2, 0x0f, 0x00,
  0x20, 0x7c, 0x35, 0x35, 0x16, 0x00, 0x00, 0x00, 0x00, 0x00, 0x41, 0x08,
  0x00, 0xe2, 0x0f, 0x00, 0x3e, 0x72, 0x36, 0x37, 0x36, 0x00, 0x00, 0x00,
  0xff, 0x70, 0x80, 0x04, 0x00, 0xe4, 0x0f, 0x00, 0x24, 0x78, 0x05, 0x04,
  0x3e, 0x00, 0x00, 0x00, 0xff, 0x02, 0x8e, 0x07, 0x00, 0xe2, 0x0f, 0x00,
  0x10, 0x7a, 0x02, 0x02, 0x00, 0x78, 0x00, 0x00, 0xff, 0xe0, 0xf1, 0x07,
  0x00, 0xc4, 0x0f, 0x00, 0x3e, 0x72, 0x35, 0x35, 0x34, 0x00, 0x00, 0x00,
  0x36, 0x70, 0x80, 0x04, 0x00, 0xe4, 0x0f, 0x00, 0x10, 0x7a, 0x03, 0x03,
  0x00, 0x79, 0x00, 0x00, 0x05, 0xe4, 0x7f, 0x00, 0x00, 0xca, 0x0f, 0x00,
  0x86, 0x79, 0x00, 0x02, 0x35, 0x00, 0x00, 0x00, 0x14, 0x19, 0x10, 0x0c,
  0x00, 0xe8, 0x03, 0x00, 0x41, 0x79, 0x00, 0x00, 0x00, 0x00, 0x00, 0x00,
  0x00, 0x00, 0x80, 0x03, 0x00, 0xea, 0x2f, 0x00, 0x0c, 0x7a, 0x00, 0xff,
  0x00, 0x7a, 0x00, 0x00, 0x70, 0x50, 0xf0, 0x03, 0x00, 0xc8, 0x0f, 0x00,
  0x0c, 0x7a, 0x00, 0xff, 0x00, 0x7b, 0x00, 0x00, 0x00, 0x53, 0xf0, 0x03,
  0x00, 0xda, 0x0f, 0x00, 0x4d, 0x89, 0x00, 0x00, 0x00, 0x00, 0x00, 0x00,
  0x00, 0x00, 0x80, 0x03, 0x00, 0xea, 0x0f, 0x00, 0x12, 0x78, 0xff, 0x00,
  0x83, 0xff, 0xff, 0xff, 0xff, 0xc0, 0x80, 0x07, 0x00, 0xe2, 0x0f, 0x00,
  0x24, 0x7e, 0x07, 0xff, 0x0b, 0x00, 0x00, 0x00, 0xff, 0x00, 0x8e, 0x0f,
  0x00, 0xd8, 0x0f, 0x00, 0x4d, 0x09, 0x00, 0x00, 0x00, 0x00, 0x00, 0x00,
  0x00, 0x00, 0x80, 0x03, 0x00, 0xea, 0x0f, 0x00, 0x19, 0x79, 0x06, 0x00,
  0x00, 0x00, 0x00, 0x00, 0x00, 0x25, 0x00, 0x00, 0x00, 0x62, 0x0e, 0x00,
  0x19, 0x78, 0x02, 0xff, 0x01, 0x00, 0x00, 0x00, 0x00, 0x16, 0x01, 0x00,
  0x00, 0xe4, 0x0f, 0x00, 0x12, 0x78, 0x00, 0x00, 0x1f, 0x00, 0x00, 0x00,
  0xff, 0xc0, 0x8e, 0x07, 0x00, 0xe4, 0x0f, 0x00, 0x12, 0x78, 0x03, 0x02,
  0x30, 0x00, 0x00, 0x00, 0xff, 0xc0, 0x8e, 0x07, 0x00, 0xc8, 0x0f, 0x00,
  0x11, 0x72, 0x05, 0x00, 0x03, 0x00, 0x00, 0x00, 0xff, 0xf0, 0x8f, 0x07,
  0x00, 0xca, 0x0f, 0x00, 0x25, 0x7a, 0x02, 0x05, 0x00, 0x86, 0x00, 0x00,
  0xff, 0x00, 0x8e, 0x07, 0x00, 0xc8, 0x0f, 0x00, 0x24, 0x7a, 0x03, 0x05,
  0x00, 0x87, 0x00, 0x00, 0x03, 0x02, 0x8e, 0x07, 0x00, 0xe4, 0x0f, 0x00,
  0x24, 0x78, 0x00, 0x06, 0x40, 0x00, 0x00, 0x00, 0x05, 0x02, 0x8e, 0x07,
  0x00, 0xe4, 0x2f, 0x00, 0x25, 0x78, 0x04, 0x07, 0x08, 0x00, 0x00, 0x00,
  0x02, 0x02, 0x8e, 0x07, 0x00, 0xc6, 0x0f, 0x00, 0x0c, 0x7c, 0x00, 0x00,
  0x07, 0x00, 0x00, 0x00, 0x70, 0x62, 0xf0, 0x0b, 0x00, 0xe4, 0x0f, 0x04,
  0x10, 0x78, 0x00, 0x00, 0x08, 0x00, 0x00, 0x00, 0xff, 0xe0, 0xff, 0x07,
  0x00, 0xd6, 0x0f, 0x00, 0x24, 0x8a, 0x06, 0x06, 0x00, 0x86, 0x00, 0x00,
  0xff, 0x02, 0x8e, 0x07, 0x00, 0xc8, 0x0f, 0x00, 0x24, 0x88, 0x03, 0x06,
  0x40, 0x00, 0x00, 0x00, 0xff, 0x00, 0x8e, 0x07, 0x00, 0xca, 0x0f, 0x00,
  0x19, 0x88, 0x07, 0xff, 0x1f, 0x00, 0x00, 0x00, 0x03, 0x14, 0x01, 0x00,
  0x00, 0xe4, 0x0f, 0x10, 0x10, 0x8a, 0x02, 0x04, 0x00, 0x7a, 0x00, 0x00,
  0x03, 0xe0, 0xa3, 0x07, 0x00, 0xc8, 0x0f, 0x00, 0x10, 0x8a, 0x03, 0x05,
  0x00, 0x7b, 0x00, 0x00, 0x07, 0x44, 0xfe, 0x00, 0x00, 0xe4, 0x0f, 0x00,
  0x0c, 0x7c, 0x00, 0x00, 0x07, 0x00, 0x00, 0x00, 0x70, 0x62, 0xf2, 0x0b,
  0x00, 0xc6, 0x0f, 0x00, 0x86, 0x89, 0x00, 0x02, 0xc9, 0x00, 0x00, 0x00,
  0x14, 0x19, 0x10, 0x0c, 0x00, 0xe8, 0x03, 0x00, 0x86, 0x89, 0x00, 0x02,
  0xcb, 0x04, 0x00, 0x00, 0x14, 0x19, 0x10, 0x0c, 0x00, 0xec, 0x03, 0x00,
  0x4d, 0x19, 0x00, 0x00, 0x00, 0x00, 0x00, 0x00, 0x00, 0x00, 0x80, 0x03,
  0x00, 0xea, 0x0f, 0x00, 0x90, 0x78, 0x04, 0x06, 0x08, 0x00, 0x00, 0x00,
  0x3f, 0xe0, 0xff, 0x0f, 0x00, 0xe4, 0x0f, 0x00, 0xb9, 0x7a, 0x05, 0x00,
  0x00, 0x86, 0x00, 0x00, 0x00, 0x08, 0x00, 0x00, 0x00, 0xc4, 0x0f, 0x00,
  0xa4, 0x72, 0x04, 0x04, 0x05, 0x00, 0x00, 0x00, 0x3f, 0x02, 0x8e, 0x0f,
  0x00, 0xc8, 0x0f, 0x00, 0x99, 0x78, 0x05, 0x3f, 0x1f, 0x00, 0x00, 0x00,
  0x04, 0x14, 0x01, 0x08, 0x00, 0xe4, 0x0f, 0x00, 0x24, 0x7e, 0x03, 0xff,
  0x04, 0x00, 0x00, 0x00, 0xff, 0x00, 0x8e, 0x0f, 0x00, 0xca, 0x2f, 0x00,
  0x10, 0x7a, 0x02, 0x04, 0x00, 0x7a, 0x00, 0x00, 0x03, 0xe0, 0x91, 0x07,
  0x00, 0xe2, 0x0f, 0x00, 0x24, 0x7e, 0x03, 0xff, 0x05, 0x00, 0x00, 0x00,
  0xff, 0x00, 0x8e, 0x0f, 0x00, 0xca, 0x0f, 0x00, 0x10, 0x7a, 0x03, 0x05,
  0x00, 0x7b, 0x00, 0x00, 0x03, 0x24, 0x7e, 0x00, 0x00, 0xca, 0x0f, 0x00,
  0x86, 0x79, 0x00, 0x02, 0xca, 0x00, 0x00, 0x00, 0x14, 0x19, 0x10, 0x0c,
  0x00, 0xe8, 0x0f, 0x00, 0x86, 0x79, 0x00, 0x02, 0xcc, 0x04, 0x00, 0x00,
  0x14, 0x19, 0x10, 0x0c, 0x00, 0xe2, 0x0f, 0x00, 0x4d, 0x79, 0x00, 0x00,
  0x00, 0x00, 0x00, 0x00, 0x00, 0x00, 0x80, 0x03, 0x00, 0xea, 0x0f, 0x00,
  0x47, 0x79, 0x00, 0x00, 0xf0, 0xff, 0xff, 0xff, 0xff, 0xff, 0x83, 0x03,
  0x00, 0xc0, 0x0f, 0x00, 0x18, 0x79, 0x00, 0x00, 0x00, 0x00, 0x00, 0x00,
  0x00, 0x00, 0x00, 0x00, 0x00, 0xc0, 0x0f, 0x00, 0x18, 0x79, 0x00, 0x00,
  0x00, 0x00, 0x00, 0x00, 0x00, 0x00, 0x00, 0x00, 0x00, 0xc0, 0x0f, 0x00,
  0x18, 0x79, 0x00, 0x00, 0x00, 0x00, 0x00, 0x00, 0x00, 0x00, 0x00, 0x00,
  0x00, 0xc0, 0x0f, 0x00, 0x18, 0x79, 0x00, 0x00, 0x00, 0x00, 0x00, 0x00,
  0x00, 0x00, 0x00, 0x00, 0x00, 0xc0, 0x0f, 0x00, 0x18, 0x79, 0x00, 0x00,
  0x00, 0x00, 0x00, 0x00, 0x00, 0x00, 0x00, 0x00, 0x00, 0xc0, 0x0f, 0x00,
  0x18, 0x79, 0x00, 0x00, 0x00, 0x00, 0x00, 0x00, 0x00, 0x00, 0x00, 0x00,
  0x00, 0xc0, 0x0f, 0x00, 0x18, 0x79, 0x00, 0x00, 0x00, 0x00, 0x00, 0x00,
  0x00, 0x00, 0x00, 0x00, 0x00, 0xc0, 0x0f, 0x00, 0x18, 0x79, 0x00, 0x00,
  0x00, 0x00, 0x00, 0x00, 0x00, 0x00, 0x00, 0x00, 0x00, 0xc0, 0x0f, 0x00,
  0x18, 0x79, 0x00, 0x00, 0x00, 0x00, 0x00, 0x00, 0x00, 0x00, 0x00, 0x00,
  0x00, 0xc0, 0x0f, 0x00, 0x18, 0x79, 0x00, 0x00, 0x00, 0x00, 0x00, 0x00,
  0x00, 0x00, 0x00, 0x00, 0x00, 0xc0, 0x0f, 0x00, 0x24, 0x76, 0x01, 0xff,
  0x00, 0x0a, 0x00, 0x00, 0xff, 0x00, 0x8e, 0x07, 0x00, 0xe4, 0x0f, 0x00,
  0xc3, 0x79, 0x07, 0x00, 0x00, 0x00, 0x00, 0x00, 0x00, 0x27, 0x00, 0x00,
  0x00, 0x62, 0x0e, 0x00, 0x82, 0x78, 0x0a, 0x00, 0x04, 0x00, 0x00, 0x00,
  0x00, 0x00, 0x00, 0x00, 0x00, 0xe4, 0x0f, 0x00, 0xb9, 0x7a, 0x04, 0x00,
  0x00, 0xe4, 0x00, 0x00, 0x00, 0x0a, 0x00, 0x00, 0x00, 0xe4, 0x0f, 0x00,
  0xb9, 0x7a, 0x0e, 0x00, 0x00, 0x46, 0x00, 0x00, 0x00, 0x0a, 0x00, 0x00,
  0x00, 0xe4, 0x0f, 0x00, 0xb9, 0x7a, 0x08, 0x00, 0x00, 0xe6, 0x00, 0x00,
  0x00, 0x0a, 0x00, 0x00, 0x00, 0xe4, 0x0f, 0x00, 0xa5, 0x72, 0x04, 0x07,
  0x0a, 0x00, 0x00, 0x00, 0x04, 0x02, 0x8e, 0x0f, 0x00, 0xcc, 0x2f, 0x00,
  0x24, 0x7e, 0x02, 0xff, 0x04, 0x00, 0x00, 0x00, 0xff, 0x00, 0x8e, 0x0f,
  0x00, 0xe4, 0x0f, 0x00, 0x24, 0x7e, 0x03, 0xff, 0x05, 0x00, 0x00, 0x00,
  0xff, 0x00, 0x8e, 0x0f, 0x00, 0xca, 0x0f, 0x00, 0x81, 0x79, 0x04, 0x02,
  0x0e, 0x00, 0x00, 0x00, 0x00, 0x19, 0x1e, 0x0c, 0x00, 0xa8, 0x0e, 0x00,
  0x81, 0x79, 0x00, 0x02, 0x0e, 0x04, 0x00, 0x00, 0x00, 0x19, 0x1e, 0x0c,
  0x00, 0xe2, 0x0e, 0x00, 0xc3, 0x79, 0x05, 0x00, 0x00, 0x00, 0x00, 0x00,
  0x00, 0x25, 0x00, 0x00, 0x00, 0x64, 0x0e, 0x00, 0x99, 0x78, 0x05, 0x05,
  0x06, 0x00, 0x00, 0x00, 0x3f, 0x06, 0x00, 0x08, 0x00, 0xcc, 0x2f, 0x00,
  0xc2, 0x73, 0x0b, 0x04, 0x00, 0x00, 0x00, 0x00, 0x00, 0x00, 0x0e, 0x00,
  0x00, 0x70, 0x4e, 0x00, 0xc2, 0x73, 0x06, 0x00, 0x00, 0x00, 0x00, 0x00,
  0x00, 0x00, 0x0e, 0x00, 0x00, 0x64, 0x8e, 0x00, 0x90, 0x72, 0x06, 0x0b,
  0x06, 0x00, 0x00, 0x00, 0x3f, 0xe1, 0xff, 0x0f, 0x00, 0xc8, 0x2f, 0x00,
  0x8c, 0x72, 0x00, 0x05, 0x06, 0x00, 0x00, 0x00, 0x70, 0x62, 0xf0, 0x0b,
  0x00, 0xcc, 0x0f, 0x00, 0x1c, 0x78, 0x00, 0x00, 0x00, 0x00, 0x00, 0x00,
  0x08, 0xf0, 0xf0, 0x03, 0x00, 0xe2, 0x0f, 0x00, 0x8c, 0x72, 0x00, 0x3f,
  0x08, 0x00, 0x00, 0x00, 0x70, 0x50, 0xf0, 0x0b, 0x00, 0xd8, 0x0f, 0x00,
  0x4d, 0x09, 0x00, 0x00, 0x00, 0x00, 0x00, 0x00, 0x00, 0x00, 0x80, 0x03,
  0x00, 0xea, 0x0f, 0x00, 0x19, 0x79, 0x00, 0x00, 0x00, 0x00, 0x00, 0x00,
  0x00, 0x21, 0x00, 0x00, 0x00, 0x62, 0x0e, 0x00, 0x8c, 0x72, 0x00, 0x3f,
  0x09, 0x00, 0x00, 0x00, 0x00, 0x53, 0xf0, 0x0b, 0x00, 0xe4, 0x0f, 0x00,
  0xb9, 0x7a, 0x12, 0x00, 0x00, 0x6d, 0x00, 0x00, 0x00, 0x08, 0x00, 0x00,
  0x00, 0xe4, 0x0f, 0x00, 0xb9, 0x7a, 0x08, 0x00, 0x00, 0xe6, 0x00, 0x00,
  0x00, 0x0a, 0x00, 0x00, 0x00, 0xe4, 0x0f, 0x00, 0x1c, 0x78, 0x00, 0x00,
  0x00, 0x00, 0x00, 0x00, 0x08, 0xf0, 0xf2, 0x03, 0x00, 0xe2, 0x0f, 0x00,
  0xb9, 0x7a, 0x10, 0x00, 0x00, 0x7e, 0x00, 0x00, 0x00, 0x0a, 0x00, 0x00,
  0x00, 0xc8, 0x0f, 0x00, 0x90, 0x08, 0x04, 0x07, 0x01, 0x00, 0x00, 0x00,
  0x3f, 0xe0, 0xff, 0x0f, 0x00, 0xc8, 0x0f, 0x00, 0xa5, 0x02, 0x08, 0x04,
  0x0a, 0x00, 0x00, 0x00, 0x08, 0x02, 0x8e, 0x0f, 0x00, 0xe4, 0x0f, 0x00,
  0x99, 0x78, 0x04, 0x07, 0x01, 0x00, 0x00, 0x00, 0x3f, 0x06, 0x00, 0x08,
  0x00, 0xc8, 0x0f, 0x00, 0x24, 0x7e, 0x03, 0xff, 0x09, 0x00, 0x00, 0x00,
  0xff, 0x00, 0x8e, 0x0f, 0x00, 0xe2, 0x0f, 0x00, 0xb9, 0x7a, 0x09, 0x00,
  0x00, 0x6b, 0x00, 0x00, 0x00, 0x08, 0x00, 0x00, 0x00, 0xe2, 0x0f, 0x00,
  0x19, 0x78, 0x19, 0xff, 0x1f, 0x00, 0x00, 0x00, 0x00, 0x14, 0x01, 0x00,
  0x00, 0xe4, 0x2f, 0x00, 0x02, 0x7c, 0x02, 0x00, 0x08, 0x00, 0x00, 0x00,
  0x00, 0x0f, 0x00, 0x08, 0x00, 0xe4, 0x0f, 0x00, 0x11, 0x72, 0x0c, 0x19,
  0x00, 0x00, 0x00, 0x00, 0xff, 0x20, 0x8f, 0x07, 0x00, 0xe2, 0x0f, 0x00,
  0xa4, 0x72, 0x13, 0x04, 0x09, 0x00, 0x00, 0x00, 0x3f, 0x02, 0x8e, 0x0f,
  0x00, 0xe4, 0x0f, 0x00, 0x90, 0x78, 0x08, 0x04, 0x01, 0x00, 0x00, 0x00,
  0x3f, 0xe0, 0xff, 0x0f, 0x00, 0xe2, 0x0f, 0x00, 0x19, 0x78, 0xdf, 0xff,
  0x04, 0x00, 0x00, 0x00, 0x0c, 0x14, 0x01, 0x00, 0x00, 0xe2, 0x0f, 0x00,
  0x81, 0x19, 0x1e, 0x02, 0x0e, 0xfc, 0xff, 0xff, 0x00, 0x19, 0x1e, 0x0c,
  0x00, 0xa6, 0x02, 0x00, 0x10, 0x78, 0x18, 0xdf, 0x08, 0x00, 0x00, 0x00,
  0xff, 0xe0, 0xff, 0x07, 0x00, 0xe2, 0x0f, 0x04, 0x81, 0x19, 0x20, 0x02,
  0x0e, 0x00, 0x00, 0x00, 0x00, 0x19, 0x1e, 0x0c, 0x00, 0xe2, 0x02, 0x00,
  0x19, 0x7a, 0x08, 0xff, 0x00, 0x6d, 0x00, 0x00, 0xdf, 0x14, 0x01, 0x00,
  0x00, 0xe2, 0x0f, 0x00, 0x99, 0x78, 0x04, 0x3f, 0x1f, 0x00, 0x00, 0x00,
  0x13, 0x14, 0x01, 0x08, 0x00, 0xe2, 0x0f, 0x00, 0x19, 0x7a, 0x0d, 0xff,
  0x00, 0x6d, 0x00, 0x00, 0x18, 0x14, 0x01, 0x00, 0x00, 0xe2, 0x0f, 0x00,
  0xa4, 0x72, 0x08, 0x08, 0x09, 0x00, 0x00, 0x00, 0x3f, 0x02, 0x8e, 0x0f,
  0x00, 0xe2, 0x0f, 0x00, 0x10, 0x78, 0x1a, 0xdf, 0x10, 0x00, 0x00, 0x00,
  0xff, 0xe0, 0xff, 0x07, 0x00, 0xc4, 0x0f, 0x00, 0x19, 0x78, 0x09, 0xff,
  0x1f, 0x00, 0x00, 0x00, 0x08, 0x14, 0x01, 0x00, 0x00, 0xe2, 0x0f, 0x00,
  0x99, 0x78, 0x09, 0x3f, 0x1f, 0x00, 0x00, 0x00, 0x08, 0x14, 0x01, 0x08,
  0x00, 0xe2, 0x0f, 0x00, 0x10, 0x7c, 0x0b, 0x08, 0x13, 0x00, 0x00, 0x00,
  0xff, 0xe0, 0xf1, 0x0f, 0x00, 0xe4, 0x0f, 0x00, 0x19, 0x78, 0x10, 0xff,
  0x1f, 0x00, 0x00, 0x00, 0x0d, 0x14, 0x01, 0x00, 0x00, 0xe4, 0x0f, 0x00,
  0x10, 0x7c, 0x05, 0x0d, 0x13, 0x00, 0x00, 0x00, 0xff, 0xe0, 0xf5, 0x0f,
  0x00, 0xe4, 0x0f, 0x00, 0x19, 0x7a, 0x0e, 0xff, 0x00, 0x6d, 0x00, 0x00,
  0x1a, 0x14, 0x01, 0x00, 0x00, 0xe4, 0x0f, 0x00, 0x10, 0x78, 0x1c, 0xdf,
  0x18, 0x00, 0x00, 0x00, 0xff, 0xe0, 0xff, 0x07, 0x00, 0xc4, 0x0f, 0x00,
  0x10, 0x7c, 0x14, 0x09, 0x04, 0x00, 0x00, 0x00, 0xff, 0xe4, 0x7f, 0x08,
  0x00, 0xe4, 0x0f, 0x00, 0x10, 0x7c, 0x12, 0x10, 0x04, 0x00, 0x00, 0x00,
  0xff, 0xe4, 0x7f, 0x09, 0x00, 0xe4, 0x0f, 0x00, 0x19, 0x78, 0x11, 0xff,
  0x1f, 0x00, 0x00, 0x00, 0x0e, 0x14, 0x01, 0x00, 0x00, 0xe4, 0x0f, 0x00,
  0x10, 0x7c, 0x07, 0x0e, 0x13, 0x00, 0x00, 0x00, 0xff, 0xe0, 0xf7, 0x0f,
  0x00, 0xe4, 0x0f, 0x00, 0x11, 0x7a, 0x02, 0x0b, 0x00, 0x72, 0x00, 0x00,
  0xff, 0x10, 0x80, 0x07, 0x00, 0xe4, 0x2f, 0x00, 0x11, 0x7a, 0x04, 0x05,
  0x00, 0x72, 0x00, 0x00, 0xff, 0x10, 0x84, 0x07, 0x00, 0xc4, 0x0f, 0x00,
  0x19, 0x7a, 0x0f, 0xff, 0x00, 0x6d, 0x00, 0x00, 0x1c, 0x14, 0x01, 0x00,
  0x00, 0xe4, 0x0f, 0x00, 0x10, 0x7c, 0x0a, 0x11, 0x04, 0x00, 0x00, 0x00,
  0xff, 0xe4, 0xff, 0x09, 0x00, 0xe4, 0x0f, 0x00, 0x11, 0x7a, 0x03, 0x0b,
  0x00, 0x73, 0x00, 0x00, 0x14, 0x14, 0x0f, 0x00, 0x00, 0xe4, 0x0f, 0x00,
  0x11, 0x7a, 0x05, 0x05, 0x00, 0x73, 0x00, 0x00, 0x12, 0x14, 0x0f, 0x01,
  0x00, 0xe4, 0x0f, 0x00, 0x11, 0x7a, 0x06, 0x07, 0x00, 0x72, 0x00, 0x00,
  0xff, 0x10, 0x86, 0x07, 0x00, 0xe2, 0x0f, 0x00, 0x81, 0x79, 0x35, 0x02,
  0x0e, 0x00, 0x00, 0x00, 0x00, 0x19, 0x1e, 0x0c, 0x00, 0x22, 0x03, 0x00,
  0x10, 0x7c, 0x0b, 0x08, 0x08, 0x00, 0x00, 0x00, 0xff, 0xe0, 0xf5, 0x0f,
  0x00, 0xc4, 0x0f, 0x00, 0x11, 0x7a, 0x07, 0x07, 0x00, 0x73, 0x00, 0x00,
  0x0a, 0x14, 0x8f, 0x01, 0x00, 0xe2, 0x0f, 0x00, 0x81, 0x79, 0x1b, 0x04,
  0x0e, 0x00, 0x00, 0x00, 0x00, 0x19, 0x1e, 0x0c, 0x00, 0x22, 0x03, 0x00,
  0x19, 0x78, 0x12, 0xff, 0x1f, 0x00, 0x00, 0x00, 0x0f, 0x14, 0x01, 0x00,
  0x00, 0xe4, 0x0f, 0x00, 0x10, 0x7c, 0x13, 0x0f, 0x13, 0x00, 0x00, 0x00,
  0xff, 0xe0, 0xf1, 0x0f, 0x00, 0xe2, 0x0f, 0x00, 0x81, 0x79, 0x1d, 0x06,
  0x0e, 0x00, 0x00, 0x00, 0x00, 0x19, 0x1e, 0x0c, 0x00, 0x22, 0x03, 0x00,
  0x10, 0x7c, 0x14, 0x09, 0x09, 0x00, 0x00, 0x00, 0xff, 0xe4, 0x7f, 0x09,
  0x00, 0xe4, 0x0f, 0x00, 0x10, 0x7c, 0x16, 0x12, 0x04, 0x00, 0x00, 0x00,
  0xff, 0xe4, 0x7f, 0x08, 0x00, 0xe4, 0x0f, 0x00, 0x11, 0x7a, 0x0a, 0x0b,
  0x00, 0x72, 0x00, 0x00, 0xff, 0x10, 0x84, 0x07, 0x00, 0xc4, 0x0f, 0x00,
  0x11, 0x7a, 0x08, 0x13, 0x00, 0x72, 0x00, 0x00, 0xff, 0x10, 0x80, 0x07,
  0x00, 0xe4, 0x0f, 0x00, 0x11, 0x7a, 0x0b, 0x0b, 0x00, 0x73, 0x00, 0x00,
  0x14, 0x14, 0x0f, 0x01, 0x00, 0xe4, 0x0f, 0x00, 0x11, 0x7a, 0x09, 0x13,
  0x00, 0x73, 0x00, 0x00, 0x16, 0x14, 0x0f, 0x00, 0x00, 0xe4, 0x0f, 0x00,
  0x10, 0x7c, 0x0d, 0x0d, 0x08, 0x00, 0x00, 0x00, 0xff, 0xe0, 0xf1, 0x0f,
  0x00, 0xe2, 0x0f, 0x00, 0x81, 0x79, 0x21, 0x0a, 0x0e, 0x00, 0x00, 0x00,
  0x00, 0x19, 0x1e, 0x0c, 0x00, 0x26, 0x03, 0x00, 0x10, 0x7c, 0x10, 0x10,
  0x09, 0x00, 0x00, 0x00, 0xff, 0xe4, 0x7f, 0x08, 0x00, 0xe2, 0x0f, 0x00,
  0x81, 0x79, 0x1f, 0x08, 0x0e, 0x00, 0x00, 0x00, 0x00, 0x19, 0x1e, 0x0c,
  0x00, 0x24, 0x03, 0x00, 0x11, 0x7a, 0x02, 0x0d, 0x00, 0x72, 0x00, 0x00,
  0xff, 0x10, 0x80, 0x07, 0x00, 0xc4, 0x2f, 0x00, 0x10, 0x7c, 0x0e, 0x0e,
  0x08, 0x00, 0x00, 0x00, 0xff, 0xe0, 0xf5, 0x0f, 0x00, 0xe4, 0x0f, 0x00,
  0x10, 0x7c, 0x0f, 0x0f, 0x08, 0x00, 0x00, 0x00, 0xff, 0xe0, 0xf7, 0x0f,
  0x00, 0xe4, 0x0f, 0x00, 0x11, 0x7a, 0x03, 0x0d, 0x00, 0x73, 0x00, 0x00,
  0x10, 0x14, 0x0f, 0x00, 0x00, 0xe4, 0x0f, 0x00, 0x10, 0x7c, 0x11, 0x11,
  0x09, 0x00, 0x00, 0x00, 0xff, 0xe4, 0x7f, 0x09, 0x00, 0xe4, 0x0f, 0x00,
  0x11, 0x7a, 0x06, 0x0f, 0x00, 0x72, 0x00, 0x00, 0xff, 0x10, 0x84, 0x07,
  0x00, 0xe2, 0x0f, 0x00, 0x81, 0x79, 0x23, 0x02, 0x0e, 0x00, 0x00, 0x00,
  0x00, 0x19, 0x1e, 0x0c, 0x00, 0x22, 0x03, 0x00, 0x11, 0x7a, 0x04, 0x0e,
  0x00, 0x72, 0x00, 0x00, 0xff, 0x10, 0x80, 0x07, 0x00, 0xc4, 0x0f, 0x00,
  0x10, 0x7c, 0x12, 0x12, 0x09, 0x00, 0x00, 0x00, 0xff, 0xe4, 0xff, 0x09,
  0x00, 0xe4, 0x0f, 0x00, 0x11, 0x7a, 0x05, 0x0e, 0x00, 0x73, 0x00, 0x00,
  0x11, 0x14, 0x0f, 0x00, 0x00, 0xe4, 0x0f, 0x00, 0x11, 0x7a, 0x07, 0x0f,
  0x00, 0x73, 0x00, 0x00, 0x12, 0x14, 0x0f, 0x01, 0x00, 0xc6, 0x0f, 0x00,
  0x81, 0x79, 0x25, 0x04, 0x0e, 0x00, 0x00, 0x00, 0x00, 0x19, 0x1e, 0x0c,
  0x00, 0x28, 0x03, 0x00, 0x81, 0x79, 0x27, 0x06, 0x0e, 0x00, 0x00, 0x00,
  0x00, 0x19, 0x1e, 0x0c, 0x00, 0x22, 0x03, 0x00, 0x13, 0x7a, 0x0a, 0x00,
  0x00, 0xd5, 0x00, 0x00, 0x00, 0x00, 0x00, 0x00, 0x00, 0xe2, 0x0f, 0x00,
  0xb9, 0x7a, 0x09, 0x00, 0x40, 0xf4, 0x00, 0x00, 0x00, 0x00, 0x00, 0x00,
  0x00, 0xe2, 0x0f, 0x00, 0xc3, 0x79, 0x04, 0x00, 0x00, 0x00, 0x00, 0x00,
  0x00, 0x26, 0x00, 0x00, 0x00, 0x62, 0x0e, 0x00, 0x8c, 0x72, 0x00, 0x09,
  0x3f, 0x00, 0x00, 0x00, 0x70, 0x52, 0xf2, 0x0b, 0x00, 0xe2, 0x0f, 0x00,
  0x06, 0x73, 0x08, 0x00, 0x0a, 0x00, 0x00, 0x00, 0x00, 0x94, 0x20, 0x00,
  0x00, 0x64, 0x0e, 0x00, 0xb9, 0x7a, 0x09, 0x00, 0x00, 0xd6, 0x00, 0x00,
  0x00, 0x08, 0x00, 0x00, 0x00, 0xd0, 0x0f, 0x00, 0xa4, 0x12, 0x07, 0x07,
  0x09, 0x00, 0x00, 0x00, 0x3f, 0x02, 0x8e, 0x0f, 0x00, 0xe2, 0x0f, 0x00,
  0x12, 0x78, 0x05, 0x0c, 0xf0, 0xff, 0xff, 0xff, 0xff, 0xc0, 0x8e, 0x07,
  0x00, 0xe2, 0x2f, 0x00, 0x08, 0x73, 0x08, 0x00, 0x08, 0x00, 0x00, 0x00,
  0x00, 0x10, 0x00, 0x00, 0x00, 0x6a, 0x0e, 0x00, 0x82, 0x9c, 0x07, 0x00,
  0x0b, 0x00, 0x00, 0x00, 0x00, 0x00, 0x00, 0x08, 0x00, 0xe4, 0x0f, 0x00,
  0x24, 0x7e, 0x04, 0xff, 0x07, 0x00, 0x00, 0x00, 0xff, 0x00, 0x8e, 0x0f,
  0x00, 0xe2, 0x0f, 0x00, 0x90, 0x72, 0x09, 0x06, 0x05, 0x00, 0x00, 0x80,
  0x3f, 0xe0, 0xff, 0x0f, 0x00, 0xc4, 0x0f, 0x00, 0x99, 0x78, 0x14, 0x3f,
  0x1f, 0x00, 0x00, 0x00, 0x04, 0x14, 0x01, 0x08, 0x00, 0xe4, 0x0f, 0x00,
  0x10, 0x7c, 0x07, 0x04, 0x05, 0x00, 0x00, 0x00, 0xdf, 0xe0, 0xff, 0x0f,
  0x00, 0xe2, 0x0f, 0x10, 0xa5, 0x78, 0x0c, 0x04, 0xa0, 0x00, 0x00, 0x00,
  0x3f, 0x00, 0x8e, 0x0f, 0x00, 0xe2, 0x0f, 0x00, 0x19, 0x78, 0x04, 0xff,
  0x1f, 0x00, 0x00, 0x00, 0xdf, 0x14, 0x01, 0x00, 0x00, 0xe2, 0x0f, 0x00,
  0xa4, 0x78, 0x0a, 0x14, 0xa0, 0x00, 0x00, 0x00, 0x3f, 0x02, 0x8e, 0x0f,
  0x00, 0xe2, 0x0f, 0x00, 0x24, 0x78, 0x05, 0x00, 0x01, 0x00, 0x00, 0x00,
  0x05, 0x0a, 0x8e, 0x07, 0x00, 0xe2, 0x0f, 0x00, 0x8c, 0x78, 0x00, 0x09,
  0x40, 0x00, 0x00, 0x00, 0x70, 0x12, 0xf2, 0x0b, 0x00, 0xe2, 0x0f, 0x00,
  0x11, 0x72, 0x04, 0x04, 0xdf, 0x00, 0x00, 0x00, 0xff, 0x18, 0x8f, 0x07,
  0x00, 0xe2, 0x0f, 0x00, 0x90, 0x72, 0x0a, 0x0d, 0x0a, 0x00, 0x00, 0x00,
  0x3f, 0xe0, 0xff, 0x0f, 0x00, 0xe2, 0x0f, 0x00, 0x10, 0x78, 0x09, 0xdf,
  0x20, 0x00, 0x00, 0x00, 0xff, 0xe0, 0xff, 0x07, 0x00, 0xe2, 0x0f, 0x00,
  0x87, 0x78, 0x0b, 0x09, 0x40, 0x00, 0x00, 0x00, 0x00, 0x00, 0x80, 0x08,
  0x00, 0xe2, 0x0f, 0x00, 0x0c, 0x78, 0x00, 0x05, 0x0a, 0x00, 0x00, 0x00,
  0x70, 0x62, 0xf0, 0x03, 0x00, 0xc4, 0x0f, 0x00, 0x10, 0x78, 0x08, 0x08,
  0xfe, 0xff, 0xff, 0x0f, 0xff, 0xe0, 0xff, 0x07, 0x00, 0xe4, 0x2f, 0x00,
  0x19, 0x78, 0x06, 0xff, 0x1f, 0x00, 0x00, 0x00, 0x07, 0x14, 0x01, 0x00,
  0x00, 0xe4, 0x0f, 0x00, 0x12, 0x78, 0x04, 0x04, 0xf8, 0xff, 0xff, 0x0f,
  0xff, 0xc0, 0x8e, 0x07, 0x00, 0xe2, 0x0f, 0x00, 0x24, 0x7e, 0x03, 0xff,
  0x0d, 0x00, 0x00, 0x00, 0xff, 0x00, 0x8e, 0x0f, 0x00, 0xe2, 0x0f, 0x00,
  0x02, 0x7c, 0x03, 0x00, 0x0a, 0x00, 0x00, 0x00, 0x00, 0x0f, 0x00, 0x08,
  0x00, 0xe2, 0x0f, 0x00, 0x24, 0x7e, 0x02, 0xff, 0x0c, 0x00, 0x00, 0x00,
  0xff, 0x00, 0x8e, 0x0f, 0x00, 0xe2, 0x0f, 0x00, 0x0c, 0x7c, 0x00, 0x09,
  0x0b, 0x00, 0x00, 0x00, 0x70, 0x12, 0x7a, 0x0c, 0x00, 0xe2, 0x0f, 0x00,
  0x24, 0x7a, 0x06, 0x06, 0x00, 0x7c, 0x00, 0x00, 0xff, 0x02, 0x8e, 0x07,
  0x00, 0xe2, 0x0f, 0x00, 0x05, 0x73, 0x09, 0x00, 0x08, 0x00, 0x00, 0x00,
  0x00, 0xf0, 0x21, 0x00, 0x00, 0x62, 0x0e, 0x00, 0x24, 0x78, 0x04, 0xdf,
  0x01, 0x00, 0x00, 0x00, 0x04, 0x0a, 0x8e, 0x07, 0x00, 0xe2, 0x0f, 0x00,
  0x19, 0x78, 0xe0, 0x05, 0x04, 0x00, 0x00, 0x00, 0xff, 0x06, 0x00, 0x00,
  0x00, 0xe2, 0x0f, 0x00, 0x25, 0x7a, 0x02, 0x07, 0x00, 0x7c, 0x00, 0x00,
  0x02, 0x00, 0x8e, 0x07, 0x00, 0xe2, 0x0f, 0x00, 0x0c, 0x7c, 0x00, 0xdf,
  0x0b, 0x00, 0x00, 0x00, 0x70, 0x12, 0x76, 0x0c, 0x00, 0xe2, 0x0f, 0x00,
  0xb9, 0x7a, 0x0c, 0x00, 0x00, 0x7c, 0x00, 0x00, 0x00, 0x0a, 0x00, 0x00,
  0x00, 0xe2, 0x0f, 0x00, 0x12, 0x72, 0x04, 0x04, 0x05, 0x00, 0x00, 0x00,
  0xff, 0x3c, 0x8e, 0x07, 0x00, 0xe2, 0x0f, 0x00, 0x24, 0x7a, 0x07, 0x07,
  0x00, 0x7d, 0x00, 0x00, 0x06, 0x02, 0x8e, 0x07, 0x00, 0xe2, 0x0f, 0x00,
  0x10, 0x7a, 0x02, 0x02, 0x00, 0x62, 0x00, 0x00, 0xe0, 0xe0, 0xe9, 0x07,
  0x00, 0xc4, 0x0f, 0x00, 0x19, 0x78, 0xe1, 0xff, 0x1f, 0x00, 0x00, 0x00,
  0xe0, 0x14, 0x01, 0x00, 0x00, 0xe2, 0x0f, 0x00, 0x24, 0x78, 0x03, 0x03,
  0x01, 0x00, 0x00, 0x00, 0x07, 0x02, 0x8e, 0x07, 0x00, 0xe4, 0x0f, 0x00,
  0x24, 0x78, 0x04, 0xdf, 0x10, 0x00, 0x00, 0x00, 0x04, 0x02, 0x8e, 0x07,
  0x00, 0xe2, 0x0f, 0x00, 0x99, 0x78, 0x15, 0x0c, 0x03, 0x00, 0x00, 0x00,
  0x3f, 0x06, 0x00, 0x08, 0x00, 0xe4, 0x0f, 0x00, 0x10, 0x7a, 0x03, 0x03,
  0x00, 0x63, 0x00, 0x00, 0xe1, 0xc4, 0x7e, 0x02, 0x00, 0xe2, 0x0f, 0x00,
  0x82, 0x78, 0x09, 0x00, 0x03, 0x00, 0x00, 0x00, 0x00, 0x00, 0x00, 0x00,
  0x00, 0xe2, 0x0f, 0x00, 0x0c, 0x7c, 0x00, 0x18, 0x0b, 0x00, 0x00, 0x00,
  0x70, 0x12, 0x78, 0x0c, 0x00, 0xe2, 0x0f, 0x00, 0x24, 0x72, 0x07, 0xff,
  0xff, 0x00, 0x00, 0x00, 0x09, 0x0a, 0x8e, 0x07, 0x00, 0xe2, 0x2f, 0x00,
  0x10, 0x78, 0x0b, 0xdf, 0x28, 0x00, 0x00, 0x00, 0xff, 0xe0, 0xff, 0x07,
  0x00, 0xe2, 0x0f, 0x00, 0x99, 0x72, 0x0d, 0x0c, 0x09, 0x00, 0x00, 0x00,
  0x0d, 0x02, 0x01, 0x08, 0x00, 0xe2, 0x0f, 0x00, 0x19, 0x78, 0xc8, 0x04,
  0x04, 0x00, 0x00, 0x00, 0xff, 0x06, 0x00, 0x00, 0x00, 0xe2, 0x0f, 0x00,
  0x24, 0x72, 0x07, 0x07, 0x0a, 0x00, 0x00, 0x00, 0xff, 0x02, 0x8e, 0x07,
  0x00, 0xe2, 0x0f, 0x00, 0x10, 0x7c, 0x04, 0x02, 0x15, 0x00, 0x00, 0x00,
  0xff, 0xe0, 0xfd, 0x0f, 0x00, 0xe2, 0x0f, 0x00, 0x24, 0x72, 0x08, 0xff,
  0xff, 0x00, 0x00, 0x00, 0xff, 0x00, 0x8e, 0x07, 0x00, 0xe2, 0x0f, 0x00,
  0x0c, 0x7c, 0x00, 0x0b, 0x0b, 0x00, 0x00, 0x00, 0x70, 0x12, 0x74, 0x0c,
  0x00, 0xe2, 0x0f, 0x00, 0xae, 0x7f, 0xc8, 0x02, 0x00, 0x00, 0x00, 0x00,
  0x4e, 0x1c, 0x90, 0x09, 0x00, 0xe2, 0x03, 0x00, 0x13, 0x7c, 0x0b, 0x00,
  0x04, 0x00, 0x00, 0x00, 0x00, 0x00, 0x00, 0x08, 0x00, 0xc4, 0x0f, 0x00,
  0x0c, 0x7c, 0x00, 0x1a, 0x0b, 0x00, 0x00, 0x00, 0x70, 0x12, 0x76, 0x0c,
  0x00, 0xe2, 0x0f, 0x00, 0x27, 0x72, 0x08, 0x09, 0x07, 0x00, 0x00, 0x00,
  0x08, 0x00, 0x8e, 0x07, 0x00, 0xe2, 0x0f, 0x00, 0x10, 0x7c, 0x05, 0x03,
  0x0d, 0x00, 0x00, 0x00, 0xff, 0xe4, 0x7f, 0x0b, 0x00, 0xe4, 0x0f, 0x00,
  0x10, 0x7c, 0x06, 0x04, 0x15, 0x00, 0x00, 0x00, 0xff, 0xe0, 0xfd, 0x0f,
  0x00, 0xe2, 0x0f, 0x00, 0x24, 0x72, 0x09, 0xff, 0xff, 0x00, 0x00, 0x00,
  0x0b, 0x00, 0x8e, 0x07, 0x00, 0xe4, 0x0f, 0x00, 0xae, 0x7f, 0xc8, 0x04,
  0x00, 0x00, 0x80, 0x00, 0x4e, 0x1c, 0x10, 0x0a, 0x00, 0xe2, 0x03, 0x00,
  0x0c, 0x7c, 0x00, 0x1c, 0x0b, 0x00, 0x00, 0x00, 0x70, 0x12, 0x78, 0x0c,
  0x00, 0xe2, 0x0f, 0x00, 0x27, 0x72, 0x08, 0x08, 0x09, 0x00, 0x00, 0x00,
  0xff, 0x00, 0x8e, 0x07, 0x00, 0xe2, 0x0f, 0x00, 0x10, 0x7c, 0x07, 0x05,
  0x0d, 0x00, 0x00, 0x00, 0xff, 0xe4, 0x7f, 0x0b, 0x00, 0xc4, 0x0f, 0x00,
  0x10, 0x78, 0x03, 0xdf, 0x30, 0x00, 0x00, 0x00, 0xff, 0xe0, 0xff, 0x07,
  0x00, 0xe2, 0x2f, 0x00, 0x24, 0x72, 0x0b, 0xff, 0xff, 0x00, 0x00, 0x00,
  0x08, 0x0a, 0x8e, 0x07, 0x00, 0xe2, 0x0f, 0x00, 0x10, 0x7c, 0x02, 0x06,
  0x15, 0x00, 0x00, 0x00, 0xff, 0xe0, 0xfd, 0x0f, 0x00, 0xe2, 0x0f, 0x00,
  0xae, 0x7f, 0xc8, 0x06, 0x00, 0x00, 0x00, 0x01, 0x4e, 0x1c, 0x90, 0x09,
  0x00, 0xe2, 0x03, 0x00, 0x0c, 0x7c, 0x00, 0x03, 0x0b, 0x00, 0x00, 0x00,
  0x70, 0x12, 0x76, 0x0c, 0x00, 0xe2, 0x0f, 0x00, 0x24, 0x72, 0x09, 0x0a,
  0x0b, 0x00, 0x00, 0x00, 0x09, 0x02, 0x8e, 0x07, 0x00, 0xe2, 0x0f, 0x00,
  0x10, 0x7c, 0x03, 0x07, 0x0d, 0x00, 0x00, 0x00, 0xff, 0xe4, 0x7f, 0x0b,
  0x00, 0xe4, 0x0f, 0x00, 0x10, 0x7c, 0x04, 0x02, 0x15, 0x00, 0x00, 0x00,
  0xff, 0xe0, 0xfd, 0x0f, 0x00, 0xc6, 0x0f, 0x00, 0xae, 0x7f, 0xc8, 0x02,
  0x00, 0x00, 0x80, 0x01, 0x4e, 0x1c, 0x10, 0x0a, 0x00, 0xe2, 0x03, 0x00,
  0x0c, 0x72, 0x00, 0x0a, 0x09, 0x00, 0x00, 0x00, 0x70, 0x40, 0xf8, 0x03,
  0x00, 0xe4, 0x0f, 0x00, 0x10, 0x7c, 0x05, 0x03, 0x0d, 0x00, 0x00, 0x00,
  0xff, 0xe4, 0x7f, 0x0b, 0x00, 0xe4, 0x0f, 0x00, 0x10, 0x78, 0x07, 0xdf,
  0x38, 0x00, 0x00, 0x00, 0xff, 0xe0, 0xff, 0x07, 0x00, 0xe4, 0x2f, 0x00,
  0x10, 0x7c, 0x06, 0x04, 0x15, 0x00, 0x00, 0x00, 0xff, 0xe0, 0xfd, 0x0f,
  0x00, 0xe2, 0x0f, 0x00, 0xae, 0x7f, 0xc8, 0x04, 0x00, 0x00, 0x00, 0x02,
  0x4e, 0x1c, 0x90, 0x0a, 0x00, 0xe2, 0x03, 0x00, 0x0c, 0x7c, 0x00, 0x07,
  0x0b, 0x00, 0x00, 0x00, 0x70, 0x12, 0x7a, 0x0c, 0x00, 0xe4, 0x0f, 0x00,
  0x10, 0x7c, 0x07, 0x05, 0x0d, 0x00, 0x00, 0x00, 0xff, 0xe4, 0x7f, 0x0b,
  0x00, 0xc4, 0x0f, 0x00, 0x10, 0x7c, 0x02, 0x06, 0x15, 0x00, 0x00, 0x00,
  0xff, 0xe0, 0xfd, 0x0f, 0x00, 0xe4, 0x0f, 0x00, 0x10, 0xc2, 0x09, 0x09,
  0x0a, 0x00, 0x00, 0x80, 0xff, 0xe0, 0xff, 0x07, 0x00, 0xe2, 0x0f, 0x08,
  0x99, 0x72, 0x09, 0x10, 0x12, 0x00, 0x00, 0x00, 0x11, 0x10, 0x00, 0x08,
  0x00, 0xe2, 0x0f, 0x00, 0x10, 0x7c, 0x03, 0x07, 0x0d, 0x00, 0x00, 0x00,
  0xff, 0xe4, 0x7f, 0x0b, 0x00, 0xe2, 0x0f, 0x00, 0x82, 0x78, 0x0c, 0x00,
  0xff, 0xff, 0xff, 0xff, 0x00, 0x00, 0x00, 0x00, 0x00, 0xe2, 0x0f, 0x00,
  0x0c, 0x72, 0x00, 0x09, 0x0a, 0x00, 0x00, 0x00, 0x70, 0x60, 0xfc, 0x03,
  0x00, 0xe2, 0x0f, 0x00, 0xb9, 0x7a, 0x10, 0x00, 0x00, 0x80, 0x00, 0x00,
  0x00, 0x0a, 0x00, 0x00, 0x00, 0xe2, 0x0f, 0x00, 0x10, 0xc8, 0x08, 0x08,
  0x01, 0x00, 0x00, 0x00, 0xff, 0xe0, 0xff, 0x07, 0x00, 0xe2, 0x0f, 0x00,
  0x99, 0x72, 0x0a, 0x10, 0x12, 0x00, 0x00, 0x00, 0x11, 0x10, 0x00, 0x08,
  0x00, 0xe2, 0x0f, 0x00, 0xae, 0x7f, 0xc8, 0x06, 0x00, 0x00, 0x80, 0x02,
  0x4e, 0x1c, 0x10, 0x09, 0x00, 0xe2, 0x03, 0x00, 0x99, 0x72, 0x0c, 0x0c,
  0x12, 0x00, 0x00, 0x00, 0x3f, 0x06, 0x00, 0x08, 0x00, 0xc4, 0x0f, 0x00,
  0xb9, 0x7a, 0x10, 0x00, 0x00, 0xd5, 0x00, 0x00, 0x00, 0x08, 0x00, 0x00,
  0x00, 0xe2, 0x0f, 0x00, 0xae, 0x7f, 0xc8, 0x02, 0x00, 0x00, 0x00, 0x03,
  0x4e, 0x1c, 0x90, 0x09, 0x00, 0xe2, 0x03, 0x00, 0x92, 0x72, 0x0b, 0x04,
  0x10, 0x00, 0x00, 0x00, 0x3f, 0x3c, 0x8e, 0x0f, 0x00, 0xe4, 0x0f, 0x00,
  0x99, 0x78, 0x12, 0x3f, 0x1f, 0x00, 0x00, 0x00, 0x0a, 0x14, 0x01, 0x08,
  0x00, 0xe2, 0x0f, 0x00, 0x12, 0x7c, 0x0b, 0xdf, 0x0c, 0x00, 0x00, 0x00,
  0xff, 0x30, 0x8e, 0x0f, 0x00, 0xe2, 0x0f, 0x00, 0x99, 0x78, 0x11, 0x3f,
  0x1f, 0x00, 0x00, 0x00, 0x09, 0x14, 0x01, 0x08, 0x00, 0xe2, 0x0f, 0x00,
  0x10, 0x68, 0x08, 0x08, 0x01, 0x00, 0x00, 0x00, 0xff, 0xe0, 0xff, 0x07,
  0x00, 0xe4, 0x0f, 0x00, 0x0c, 0x7c, 0x00, 0xff, 0x0b, 0x00, 0x00, 0x00,
  0x70, 0x32, 0xf8, 0x0b, 0x00, 0xe4, 0x0f, 0x00, 0x0c, 0x7a, 0x00, 0xff,
  0x00, 0xd5, 0x00, 0x00, 0x70, 0x52, 0xfc, 0x03, 0x00, 0xe2, 0x0f, 0x00,
  0x24, 0x7c, 0x0f, 0x0b, 0x12, 0x00, 0x00, 0x00, 0xff, 0x02, 0x8e, 0x0f,
  0x00, 0xe2, 0x0f, 0x04, 0x19, 0x78, 0x04, 0xff, 0x1f, 0x00, 0x00, 0x00,
  0x0b, 0x14, 0x01, 0x00, 0x00, 0xe2, 0x2f, 0x00, 0x24, 0x7c, 0x09, 0x0b,
  0x11, 0x00, 0x00, 0x00, 0xff, 0x02, 0x8e, 0x0f, 0x00, 0xc8, 0x0f, 0x00,
  0x24, 0x7c, 0x2d, 0x04, 0x0a, 0x00, 0x00, 0x00, 0x0f, 0x02, 0x8e, 0x0f,
  0x00, 0xe2, 0x0f, 0x00, 0x12, 0x7c, 0x0f, 0x1a, 0x0c, 0x00, 0x00, 0x00,
  0xff, 0x30, 0x8e, 0x0f, 0x00, 0xe2, 0x0f, 0x00, 0x24, 0x7c, 0x11, 0x04,
  0x09, 0x00, 0x00, 0x00, 0x09, 0x02, 0x8e, 0x0f, 0x00, 0xe2, 0x0f, 0x00,
  0x12, 0x7c, 0x0d, 0x18, 0x0c, 0x00, 0x00, 0x00, 0xff, 0x30, 0x8e, 0x0f,
  0x00, 0xe2, 0x0f, 0x00, 0x24, 0xc2, 0x08, 0xff, 0xff, 0x00, 0x00, 0x00,
  0x08, 0x0a, 0x8e, 0x07, 0x00, 0xe2, 0x0f, 0x00, 0x19, 0x78, 0x04, 0xff,
  0x1f, 0x00, 0x00, 0x00, 0x0f, 0x14, 0x01, 0x00, 0x00, 0xe2, 0x0f, 0x00,
  0x24, 0x7c, 0x09, 0x0f, 0x11, 0x00, 0x00, 0x00, 0xff, 0x02, 0x8e, 0x0f,
  0x00, 0xe2, 0x0f, 0x00, 0x12, 0xea, 0x08, 0xff, 0x00, 0xd5, 0x00, 0x00,
  0xff, 0x33, 0x8e, 0x07, 0x00, 0xe2, 0x0f, 0x00, 0x24, 0x7c, 0x0a, 0x0d,
  0x11, 0x00, 0x00, 0x00, 0xff, 0x02, 0x8e, 0x0f, 0x00, 0xe2, 0x0f, 0x04,
  0x19, 0x78, 0x05, 0xff, 0x1f, 0x00, 0x00, 0x00, 0x0d, 0x14, 0x01, 0x00,
  0x00, 0xe2, 0x0f, 0x00, 0x24, 0x7c, 0x29, 0x04, 0x09, 0x00, 0x00, 0x00,
  0x09, 0x02, 0x8e, 0x0f, 0x00, 0xe2, 0x0f, 0x00, 0x19, 0x78, 0x09, 0xff,
  0x1f, 0x00, 0x00, 0x00, 0x08, 0x14, 0x01, 0x00, 0x00, 0xe2, 0x0f, 0x00,
  0x24, 0x7c, 0x0c, 0x0d, 0x12, 0x00, 0x00, 0x00, 0xff, 0x02, 0x8e, 0x0f,
  0x00, 0xe2, 0x0f, 0x00, 0x12, 0x7c, 0x17, 0x1c, 0x0c, 0x00, 0x00, 0x00,
  0xff, 0x30, 0x8e, 0x0f, 0x00, 0xe2, 0x0f, 0x00, 0x24, 0x7c, 0x13, 0x0f,
  0x12, 0x00, 0x00, 0x00, 0xff, 0x02, 0x8e, 0x0f, 0x00, 0xc4, 0x0f, 0x00,
  0x24, 0x7c, 0x15, 0x05, 0x09, 0x00, 0x00, 0x00, 0x0a, 0x02, 0x8e, 0x0f,
  0x00, 0xe4, 0x0f, 0x04, 0x24, 0x7c, 0x2f, 0x05, 0x0a, 0x00, 0x00, 0x00,
  0x0c, 0x02, 0x8e, 0x0f, 0x00, 0xe2, 0x0f, 0x00, 0x19, 0x78, 0x05, 0xff,
  0x1f, 0x00, 0x00, 0x00, 0x17, 0x14, 0x01, 0x00, 0x00, 0xe2, 0x0f, 0x00,
  0x24, 0x7c, 0x31, 0x04, 0x0a, 0x00, 0x00, 0x00, 0x13, 0x02, 0x8e, 0x0f,
  0x00, 0xe4, 0x0f, 0x00, 0x24, 0x7a, 0x13, 0x09, 0x00, 0x7e, 0x00, 0x00,
  0xff, 0x02, 0x8e, 0x07, 0x00, 0xe2, 0x0f, 0x00, 0x10, 0x7c, 0x04, 0x02,
  0x15, 0x00, 0x00, 0x00, 0xff, 0xe0, 0xf5, 0x0f, 0x00, 0xe2, 0x0f, 0x00,
  0x24, 0x7c, 0x0a, 0x17, 0x11, 0x00, 0x00, 0x00, 0xff, 0x02, 0x8e, 0x0f,
  0x00, 0xe4, 0x0f, 0x04, 0x24, 0x7c, 0x0c, 0x17, 0x12, 0x00, 0x00, 0x00,
  0xff, 0x02, 0x8e, 0x0f, 0x00, 0xc4, 0x0f, 0x00, 0x25, 0x7a, 0xe2, 0x08,
  0x00, 0x7e, 0x00, 0x00, 0xe0, 0x00, 0x8e, 0x07, 0x00, 0xc8, 0x0f, 0x00,
  0x24, 0x7a, 0x13, 0x08, 0x00, 0x7f, 0x00, 0x00, 0x13, 0x02, 0x8e, 0x07,
  0x00, 0xe4, 0x0f, 0x00, 0x24, 0x7c, 0x2b, 0x05, 0x09, 0x00, 0x00, 0x00,
  0x0a, 0x02, 0x8e, 0x0f, 0x00, 0xe4, 0x0f, 0x04, 0x24, 0x7c, 0x33, 0x05,
  0x0a, 0x00, 0x00, 0x00, 0x0c, 0x02, 0x8e, 0x0f, 0x00, 0xe2, 0x0f, 0x00,
  0x10, 0x7c, 0x05, 0x03, 0x0d, 0x00, 0x00, 0x00, 0xff, 0xe4, 0x7f, 0x09,
  0x00, 0xe2, 0x0f, 0x00, 0x25, 0x7c, 0x06, 0x0b, 0x09, 0x00, 0x00, 0x00,
  0xff, 0x00, 0x8e, 0x0f, 0x00, 0xc8, 0x0f, 0x00, 0x24, 0x7a, 0x09, 0x09,
  0x00, 0x80, 0x00, 0x00, 0xff, 0x02, 0x8e, 0x07, 0x00, 0xe4, 0x0f, 0x00,
  0x24, 0x78, 0xe7, 0xe3, 0x01, 0x00, 0x00, 0x00, 0x13, 0x02, 0x8e, 0x07,
  0x00, 0xe4, 0x0f, 0x00, 0x24, 0x72, 0xe6, 0xff, 0xff, 0x00, 0x00, 0x00,
  0xe2, 0x00, 0x8e, 0x07, 0x00, 0xe2, 0x0f, 0x00, 0x10, 0x72, 0x03, 0x07,
  0x11, 0x00, 0x00, 0x00, 0xff, 0xe0, 0xff, 0x07, 0x00, 0xe2, 0x0f, 0x00,
  0x25, 0x7a, 0xe0, 0x08, 0x00, 0x80, 0x00, 0x00, 0xe0, 0x00, 0x8e, 0x07,
  0x00, 0xe2, 0x0f, 0x04, 0xae, 0x7f, 0xc8, 0x04, 0x00, 0x00, 0x80, 0x03,
  0x4e, 0x1c, 0x90, 0x0a, 0x00, 0xe6, 0x03, 0x00, 0x24, 0x7a, 0x09, 0x08,
  0x00, 0x81, 0x00, 0x00, 0x09, 0x02, 0x8e, 0x07, 0x00, 0xe2, 0x0f, 0x00,
  0xc2, 0x13, 0x0c, 0x1e, 0x00, 0x00, 0x00, 0x00, 0x00, 0x00, 0x0e, 0x00,
  0x00, 0xa6, 0x4e, 0x00, 0x24, 0x78, 0xe5, 0xe1, 0x01, 0x00, 0x00, 0x00,
  0x09, 0x02, 0x8e, 0x07, 0x00, 0xc4, 0x0f, 0x00, 0x25, 0x7c, 0x04, 0x0d,
  0x09, 0x00, 0x00, 0x00, 0xe6, 0x00, 0x8e, 0x0f, 0x00, 0xc6, 0x2f, 0x00,
  0xc2, 0x13, 0x0d, 0x20, 0x00, 0x00, 0x00, 0x00, 0x00, 0x00, 0x0e, 0x00,
  0x00, 0xa2, 0x8e, 0x00, 0x10, 0x72, 0x02, 0x06, 0xe2, 0x00, 0x00, 0x00,
  0xff, 0xe0, 0xf3, 0x07, 0x00, 0xe2, 0x0f, 0x00, 0x24, 0x72, 0xe4, 0xff,
  0xff, 0x00, 0x00, 0x00, 0xe0, 0x00, 0x8e, 0x07, 0x00, 0xc6, 0x0f, 0x00,
  0x10, 0x72, 0x03, 0xe7, 0x03, 0x00, 0x00, 0x00, 0xff, 0xe4, 0xff, 0x00,
  0x00, 0xe2, 0x0f, 0x00, 0x24, 0x78, 0x05, 0x05, 0x01, 0x00, 0x00, 0x00,
  0x15, 0x02, 0x8e, 0x07, 0x00, 0xe4, 0x0f, 0x00, 0x25, 0x7c, 0x06, 0x0f,
  0x09, 0x00, 0x00, 0x00, 0xe6, 0x00, 0x8e, 0x0f, 0x00, 0xc8, 0x0f, 0x00,
  0x25, 0x7c, 0x0a, 0x0b, 0x0a, 0x00, 0x00, 0x00, 0xe4, 0x00, 0x8e, 0x0f,
  0x00, 0xc8, 0x0f, 0x00, 0x25, 0x7c, 0x08, 0x17, 0x09, 0x00, 0x00, 0x00,
  0xe6, 0x00, 0x8e, 0x0f, 0x00, 0xc8, 0x0f, 0x00, 0x25, 0x7c, 0x0c, 0x0d,
  0x0a, 0x00, 0x00, 0x00, 0xe4, 0x00, 0x8e, 0x0f, 0x00, 0xc8, 0x0f, 0x00,
  0x25, 0x7c, 0x0e, 0x0f, 0x0a, 0x00, 0x00, 0x00, 0xe4, 0x00, 0x8e, 0x0f,
  0x00, 0xe2, 0x0f, 0x00, 0x10, 0x72, 0x11, 0x0b, 0x2d, 0x00, 0x00, 0x00,
  0xff, 0xe0, 0xff, 0x07, 0x00, 0xc6, 0x0f, 0x00, 0x24, 0x78, 0x07, 0x07,
  0x01, 0x00, 0x00, 0x00, 0x29, 0x02, 0x8e, 0x07, 0x00, 0xe4, 0x0f, 0x00,
  0x24, 0x72, 0x10, 0xff, 0xff, 0x00, 0x00, 0x00, 0x0a, 0x00, 0x8e, 0x07,
  0x00, 0xe2, 0x0f, 0x00, 0x02, 0x72, 0x0a, 0x00, 0x08, 0x00, 0x00, 0x00,
  0x00, 0x0f, 0x00, 0x00, 0x00, 0xe2, 0x0f, 0x00, 0x24, 0x72, 0x12, 0xff,
  0xff, 0x00, 0x00, 0x00, 0x0c, 0x00, 0x8e, 0x07, 0x00, 0xe4, 0x0f, 0x00,
  0x25, 0x7a, 0x02, 0x35, 0x00, 0x6e, 0x00, 0x00, 0x02, 0x02, 0x8e, 0x07,
  0x00, 0xc8, 0x0f, 0x01, 0x25, 0x7a, 0x04, 0x1b, 0x00, 0x6e, 0x00, 0x00,
  0x04, 0x02, 0x8e, 0x07, 0x00, 0xe2, 0x0f, 0x00, 0x10, 0x7a, 0x0c, 0x02,
  0x00, 0x70, 0x00, 0x00, 0xff, 0xe0, 0xfb, 0x07, 0x00, 0xc6, 0x0f, 0x00,
  0x24, 0x72, 0x14, 0xff, 0xff, 0x00, 0x00, 0x00, 0x0e, 0x00, 0x8e, 0x07,
  0x00, 0xe2, 0x0f, 0x00, 0x10, 0x7a, 0x0e, 0x04, 0x00, 0x70, 0x00, 0x00,
  0xff, 0xe0, 0xfd, 0x07, 0x00, 0xe2, 0x0f, 0x00, 0x24, 0x78, 0x0b, 0x09,
  0x01, 0x00, 0x00, 0x00, 0x2b, 0x02, 0x8e, 0x07, 0x00, 0xe4, 0x0f, 0x00,
  0x25, 0x7a, 0x06, 0x1d, 0x00, 0x6e, 0x00, 0x00, 0x06, 0x02, 0x8e, 0x07,
  0x00, 0xc8, 0x0f, 0x00, 0x24, 0x78, 0x13, 0x0d, 0x01, 0x00, 0x00, 0x00,
  0x2f, 0x02, 0x8e, 0x07, 0x00, 0xe2, 0x0f, 0x00, 0x10, 0x7a, 0x0d, 0x03,
  0x00, 0x71, 0x00, 0x00, 0xff, 0xe4, 0xff, 0x02, 0x00, 0xe2, 0x0f, 0x00,
  0x24, 0x78, 0x15, 0x0f, 0x01, 0x00, 0x00, 0x00, 0x31, 0x02, 0x8e, 0x07,
  0x00, 0xe2, 0x0f, 0x00, 0x10, 0x7a, 0x0f, 0x05, 0x00, 0x71, 0x00, 0x00,
  0xff, 0xe4, 0x7f, 0x03, 0x00, 0xe2, 0x0f, 0x00, 0x25, 0x7a, 0x08, 0x21,
  0x00, 0x6e, 0x00, 0x00, 0x10, 0x02, 0x8e, 0x07, 0x00, 0xc8, 0x0f, 0x00,
  0x25, 0x7a, 0x02, 0x1f, 0x00, 0x6e, 0x00, 0x00, 0x0a, 0x02, 0x8e, 0x07,
  0x00, 0xe2, 0x0f, 0x00, 0x10, 0x7a, 0x0a, 0x06, 0x00, 0x70, 0x00, 0x00,
  0xff, 0xe0, 0xfd, 0x07, 0x00, 0xe2, 0x0f, 0x00, 0x82, 0x7c, 0x0b, 0x00,
  0x06, 0x00, 0x00, 0x00, 0x00, 0x00, 0x00, 0x08, 0x00, 0xe2, 0x0f, 0x00,
  0x10, 0x7a, 0x10, 0x08, 0x00, 0x70, 0x00, 0x00, 0xff, 0xe0, 0xfb, 0x07,
  0x00, 0xe2, 0x0f, 0x00, 0x90, 0x02, 0x0b, 0x0c, 0x0d, 0x00, 0x00, 0x00,
  0x3f, 0xe1, 0xff, 0x0f, 0x00, 0xe2, 0x4f, 0x00, 0x10, 0x7a, 0x0b, 0x07,
  0x00, 0x71, 0x00, 0x00, 0xff, 0xe4, 0x7f, 0x03, 0x00, 0xe4, 0x0f, 0x00,
  0x10, 0x7a, 0x08, 0x02, 0x00, 0x70, 0x00, 0x00, 0xff, 0xe0, 0xfd, 0x07,
  0x00, 0xe2, 0x0f, 0x00, 0x25, 0x7c, 0x16, 0x17, 0x0a, 0x00, 0x00, 0x00,
  0xe4, 0x00, 0x8e, 0x0f, 0x00, 0xe2, 0x0f, 0x00, 0x10, 0x7a, 0x11, 0x09,
  0x00, 0x71, 0x00, 0x00, 0xff, 0xe4, 0xff, 0x02, 0x00, 0xe2, 0x0f, 0x00,
  0xb9, 0x7a, 0x0c, 0x00, 0x00, 0xe2, 0x00, 0x00, 0x00, 0x0a, 0x00, 0x00,
  0x00, 0xe2, 0x0f, 0x00, 0x10, 0x7a, 0x09, 0x03, 0x00, 0x71, 0x00, 0x00,
  0xff, 0xe4, 0x7f, 0x03, 0x00, 0xe2, 0x0f, 0x00, 0x25, 0x7a, 0x02, 0x23,
  0x00, 0x6e, 0x00, 0x00, 0x12, 0x02, 0x8e, 0x07, 0x00, 0xe2, 0x0f, 0x00,
  0x0c, 0x7c, 0x00, 0xdf, 0x0b, 0x00, 0x00, 0x00, 0x70, 0x12, 0x78, 0x0c,
  0x00, 0xc4, 0x0f, 0x00, 0x0c, 0x7c, 0x00, 0x18, 0x0b, 0x00, 0x00, 0x00,
  0x70, 0x12, 0x72, 0x0c, 0x00, 0xe2, 0x0f, 0x00, 0x24, 0x78, 0x17, 0x17,
  0x01, 0x00, 0x00, 0x00, 0x33, 0x02, 0x8e, 0x07, 0x00, 0xe2, 0x0f, 0x00,
  0x0c, 0x7c, 0x00, 0x1a, 0x0b, 0x00, 0x00, 0x00, 0x70, 0x12, 0x74, 0x0c,
  0x00, 0xe4, 0x0f, 0x00, 0x0c, 0x7c, 0x00, 0x1c, 0x0b, 0x00, 0x00, 0x00,
  0x70, 0x12, 0x76, 0x0c, 0x00, 0xe4, 0x0f, 0x00, 0x10, 0x7a, 0x02, 0x02,
  0x00, 0x70, 0x00, 0x00, 0xff, 0xe0, 0xfb, 0x07, 0x00, 0xe2, 0x0f, 0x00,
  0x25, 0x7a, 0x04, 0x25, 0x00, 0x6e, 0x00, 0x00, 0x14, 0x02, 0x8e, 0x07,
  0x00, 0xc8, 0x0f, 0x00, 0x25, 0x7a, 0x06, 0x27, 0x00, 0x6e, 0x00, 0x00,
  0x16, 0x02, 0x8e, 0x07, 0x00, 0xe2, 0x0f, 0x00, 0x10, 0x7a, 0x03, 0x03,
  0x00, 0x71, 0x00, 0x00, 0xff, 0xe4, 0xff, 0x02, 0x00, 0xe2, 0x0f, 0x00,
  0xae, 0x7f, 0xc8, 0x0c, 0x00, 0x00, 0x00, 0x04, 0x4e, 0x1c, 0x10, 0x0a,
  0x00, 0xe2, 0x03, 0x00, 0x10, 0x7a, 0x04, 0x04, 0x00, 0x70, 0x00, 0x00,
  0xff, 0xe0, 0xfb, 0x07, 0x00, 0xe4, 0x0f, 0x00, 0x10, 0x7a, 0x06, 0x06,
  0x00, 0x70, 0x00, 0x00, 0xff, 0xe0, 0xfd, 0x07, 0x00, 0xe2, 0x0f, 0x00,
  0xae, 0x7f, 0xc8, 0x0e, 0x00, 0x00, 0x80, 0x04, 0x4e, 0x1c, 0x90, 0x08,
  0x00, 0xe2, 0x05, 0x00, 0x10, 0x7a, 0x05, 0x05, 0x00, 0x71, 0x00, 0x00,
  0xff, 0xe4, 0xff, 0x02, 0x00, 0xe4, 0x0f, 0x00, 0x10, 0x7a, 0x07, 0x07,
  0x00, 0x71, 0x00, 0x00, 0xff, 0xe4, 0x7f, 0x03, 0x00, 0xe2, 0x0f, 0x00,
  0xae, 0x7f, 0xc8, 0x0a, 0x00, 0x00, 0x00, 0x05, 0x4e, 0x1c, 0x10, 0x09,
  0x00, 0xe8, 0x07, 0x00, 0xae, 0x7f, 0xc8, 0x08, 0x00, 0x00, 0x80, 0x05,
  0x4e, 0x1c, 0x90, 0x09, 0x00, 0xe8, 0x09, 0x00, 0xae, 0x7f, 0xc8, 0x10,
  0x00, 0x00, 0x00, 0x06, 0x4e, 0x1c, 0x10, 0x0a, 0x00, 0xe8, 0x03, 0x00,
  0xae, 0x7f, 0xc8, 0x02, 0x00, 0x00, 0x80, 0x06, 0x4e, 0x1c, 0x90, 0x08,
  0x00, 0xe2, 0x03, 0x00, 0x8c, 0x72, 0x00, 0x3f, 0x0c, 0x00, 0x00, 0x00,
  0x70, 0x50, 0xf0, 0x0b, 0x00, 0xc6, 0x0f, 0x00, 0xae, 0x7f, 0xc8, 0x04,
  0x00, 0x00, 0x00, 0x07, 0x4e, 0x1c, 0x10, 0x09, 0x00, 0xe8, 0x03, 0x00,
  0xae, 0x7f, 0xc8, 0x06, 0x00, 0x00, 0x80, 0x07, 0x4e, 0x1c, 0x90, 0x09,
  0x00, 0xe8, 0x03, 0x00, 0xaf, 0x79, 0x00, 0x00, 0x00, 0x00, 0x00, 0x00,
  0x00, 0x00, 0x00, 0x00, 0x00, 0x22, 0x0e, 0x00, 0x8c, 0x72, 0x00, 0x3f,
  0x0d, 0x00, 0x00, 0x00, 0x00, 0x53, 0xf0, 0x0b, 0x00, 0xe2, 0x0f, 0x00,
  0x24, 0x76, 0x08, 0xff, 0x00, 0xe2, 0x00, 0x00, 0xff, 0x00, 0x8e, 0x07,
  0x00, 0xe2, 0x0f, 0x01, 0x02, 0x7a, 0x09, 0x00, 0x00, 0xe3, 0x00, 0x00,
  0x00, 0x0f, 0x00, 0x00, 0x00, 0xe2, 0x0f, 0x00, 0xb9, 0x7a, 0x0c, 0x00,
  0x00, 0xe0, 0x00, 0x00, 0x00, 0x0a, 0x00, 0x00, 0x00, 0xc6, 0x0f, 0x00,
  0x1c, 0x78, 0x00, 0x00, 0x00, 0x00, 0x00, 0x00, 0x08, 0xf0, 0xf8, 0x03,
  0x00, 0xe2, 0x0f, 0x00, 0x8c, 0x72, 0x00, 0x3f, 0x0c, 0x00, 0x00, 0x00,
  0x70, 0x50, 0xf2, 0x0b, 0x00, 0xc8, 0x0f, 0x00, 0x8c, 0x72, 0x00, 0x3f,
  0x0d, 0x00, 0x00, 0x00, 0x10, 0x53, 0xf2, 0x0b, 0x00, 0xe2, 0x0f, 0x00,
  0x24, 0x76, 0x0a, 0xff, 0x00, 0xe0, 0x00, 0x00, 0xff, 0x00, 0x8e, 0x07,
  0x00, 0xe4, 0x8f, 0x00, 0x24, 0x76, 0x0b, 0xff, 0x00, 0xe1, 0x00, 0x00,
  0xff, 0x00, 0x8e, 0x07, 0x00, 0xe2, 0x0f, 0x00, 0xb9, 0x7a, 0x0c, 0x00,
  0x00, 0x76, 0x00, 0x00, 0x00, 0x0a, 0x00, 0x00, 0x00, 0xc8, 0x0f, 0x00,
  0x81, 0x49, 0x0d, 0x08, 0x0e, 0x00, 0x00, 0x00, 0x00, 0x19, 0x1e, 0x0c,
  0x00, 0xe2, 0x22, 0x00, 0x1a, 0x79, 0x00, 0x00, 0x00, 0x80, 0x00, 0x00,
  0x00, 0x00, 0x00, 0x00, 0x00, 0xc8, 0x0f, 0x00, 0x1c, 0x78, 0x00, 0x00,
  0x00, 0x00, 0x00, 0x00, 0x18, 0xf0, 0xf2, 0x03, 0x00, 0xe2, 0x0f, 0x00,
  0x1d, 0x7b, 0x00, 0x00, 0x00, 0x00, 0x00, 0x00, 0x00, 0x00, 0x01, 0x00,
  0x00, 0xd8, 0x0f, 0x00, 0x81, 0x19, 0x35, 0x0a, 0x0e, 0x00, 0x00, 0x00,
  0x00, 0x19, 0x1e, 0x0c, 0x00, 0xe2, 0x08, 0x00, 0x8c, 0x72, 0x00, 0x3f,
  0x0c, 0x00, 0x00, 0x00, 0x70, 0x50, 0xf4, 0x0b, 0x00, 0xc8, 0x0f, 0x00,
  0x8c, 0x72, 0x00, 0x3f, 0x0d, 0x00, 0x00, 0x00, 0x20, 0x53, 0xf4, 0x0b,
  0x00, 0xcc, 0x0f, 0x00, 0x1c, 0x78, 0x00, 0x00, 0x00, 0x00, 0x00, 0x00,
  0x28, 0xf0, 0xf4, 0x03, 0x00, 0xca, 0x0f, 0x00, 0x91, 0x22, 0x0c, 0x04,
  0x0c, 0x00, 0x00, 0x00, 0x3f, 0x10, 0x86, 0x0f, 0x00, 0xc8, 0x0f, 0x00,
  0x91, 0x22, 0x0d, 0x04, 0x0d, 0x00, 0x00, 0x00, 0x14, 0x14, 0x8f, 0x09,
  0x00, 0xe2, 0x0f, 0x00, 0x24, 0x74, 0xd0, 0xff, 0xff, 0xff, 0x7f, 0xff,
  0xff, 0x00, 0x8e, 0x07, 0x00, 0xe2, 0x0f, 0x00, 0x02, 0x7c, 0x02, 0x00,
  0x0c, 0x00, 0x00, 0x00, 0x00, 0x0f, 0x00, 0x08, 0x00, 0xe4, 0x0f, 0x00,
  0x12, 0x78, 0x05, 0x00, 0x07, 0x00, 0x00, 0x00, 0xff, 0xc0, 0x8e, 0x07,
  0x00, 0xe4, 0x0f, 0x04, 0x24, 0x7e, 0x03, 0xff, 0x0d, 0x00, 0x00, 0x00,
  0xff, 0x00, 0x8e, 0x0f, 0x00, 0xe2, 0x0f, 0x00, 0x12, 0x78, 0x06, 0x00,
  0x10, 0x00, 0x00, 0x00, 0xff, 0xc0, 0x8e, 0x07, 0x00, 0xe4, 0x0f, 0x04,
  0x12, 0x78, 0x08, 0x00, 0x08, 0x00, 0x00, 0x00, 0xff, 0xc0, 0x8e, 0x07,
  0x00, 0xe4, 0x2f, 0x04, 0x81, 0x29, 0xd0, 0x02, 0x0e, 0x00, 0x00, 0x00,
  0x00, 0x19, 0x1e, 0x0c, 0x00, 0x62, 0x03, 0x00, 0x12, 0x78, 0x04, 0x00,
  0x60, 0x00, 0x00, 0x00, 0xff, 0xc0, 0x8e, 0x07, 0x00, 0xc4, 0x0f, 0x00,
  0x12, 0x78, 0x09, 0x00, 0x0f, 0x00, 0x00, 0x00, 0xff, 0xc0, 0x8e, 0x07,
  0x00, 0xe4, 0x0f, 0x00, 0x11, 0x72, 0x06, 0x06, 0x05, 0x00, 0x00, 0x00,
  0xff, 0xf8, 0x8f, 0x07, 0x00, 0xe4, 0x0f, 0x00, 0x19, 0x78, 0x05, 0xff,
  0x03, 0x00, 0x00, 0x00, 0x08, 0x16, 0x01, 0x00, 0x00, 0xe4, 0x0f, 0x00,
  0x11, 0x72, 0x08, 0x19, 0x00, 0x00, 0x00, 0x00, 0xff, 0x30, 0x8f, 0x07,
  0x00, 0xe4, 0x0f, 0x0c, 0x11, 0x72, 0x03, 0x19, 0x00, 0x00, 0x00, 0x00,
  0xff, 0x18, 0x8f, 0x07, 0x00, 0xe4, 0x2f, 0x0c, 0x11, 0x72, 0x02, 0x19,
  0x00, 0x00, 0x00, 0x00, 0xff, 0x28, 0x8f, 0x07, 0x00, 0xc4, 0x0f, 0x00,
  0x11, 0x72, 0x04, 0x04, 0x09, 0x00, 0x00, 0x00, 0xff, 0xf8, 0x8f, 0x07,
  0x00, 0xe4, 0x0f, 0x00, 0x12, 0x78, 0x09, 0x03, 0xf8, 0xff, 0xff, 0x0f,
  0xff, 0xc0, 0x8e, 0x07, 0x00, 0xe4, 0x0f, 0x00, 0x12, 0x78, 0x03, 0x02,
  0xe0, 0xff, 0xff, 0xff, 0xff, 0xc0, 0x8e, 0x07, 0x00, 0xe4, 0x0f, 0x00,
  0x19, 0x78, 0x0b, 0xff, 0x06, 0x00, 0x00, 0x00, 0x08, 0x14, 0x01, 0x00,
  0x00, 0xe4, 0x0f, 0x01, 0x12, 0x78, 0x0f, 0x08, 0xc0, 0xff, 0xff, 0xff,
  0xff, 0xc0, 0x8e, 0x07, 0x00, 0xe4, 0x4f, 0x00, 0x19, 0x78, 0x0c, 0xff,
  0x05, 0x00, 0x00, 0x00, 0x02, 0x14, 0x01, 0x00, 0x00, 0xc4, 0x0f, 0x00,
  0x19, 0x78, 0x11, 0xff, 0x1f, 0x00, 0x00, 0x00, 0x02, 0x14, 0x01, 0x00,
  0x00, 0xe2, 0x0f, 0x00, 0x24, 0x78, 0x02, 0x00, 0x01, 0x00, 0x00, 0x00,
  0x09, 0x0a, 0x8e, 0x07, 0x00, 0xe2, 0x0f, 0x00, 0x10, 0x72, 0x03, 0x03,
  0x00, 0x00, 0x00, 0x00, 0xff, 0xe1, 0xff, 0x07, 0x00, 0xe4, 0x0f, 0x00,
  0x11, 0x72, 0x08, 0x08, 0x0b, 0x00, 0x00, 0x00, 0xff, 0x08, 0x8f, 0x07,
  0x00, 0xe2, 0x0f, 0x00, 0x24, 0x78, 0x07, 0x00, 0x10, 0x00, 0x00, 0x00,
  0xff, 0x00, 0x8e, 0x07, 0x00, 0xe4, 0x0f, 0x00, 0x24, 0x78, 0xdd, 0x03,
  0x10, 0x00, 0x00, 0x00, 0x02, 0x02, 0x8e, 0x07, 0x00, 0xe2, 0x0f, 0x00,
  0x12, 0x78, 0x08, 0x08, 0xfe, 0xff, 0xff, 0x03, 0xff, 0xc0, 0x8e, 0x07,
  0x00, 0xe4, 0x0f, 0x00, 0x12, 0x78, 0x07, 0x07, 0x70, 0x00, 0x00, 0x00,
  0xff, 0xc0, 0x8e, 0x07, 0x00, 0xc4, 0x0f, 0x00, 0x11, 0x72, 0x11, 0x11,
  0x0c, 0x00, 0x00, 0x00, 0xff, 0x10, 0x8f, 0x07, 0x00, 0xe2, 0x0f, 0x00,
  0x24, 0x78, 0x08, 0x0b, 0x01, 0x00, 0x00, 0x00, 0x08, 0x0a, 0x8e, 0x07,
  0x00, 0xe2, 0x0f, 0x00, 0x19, 0x78, 0xdd, 0xdd, 0x04, 0x00, 0x00, 0x00,
  0xff, 0x06, 0x00, 0x00, 0x00, 0xe4, 0x0f, 0x00, 0x12, 0x78, 0x07, 0x07,
  0x10, 0x00, 0x00, 0x00, 0x00, 0x78, 0x8e, 0x07, 0x00, 0xe4, 0x0f, 0x10,
  0x12, 0x78, 0x05, 0x05, 0x07, 0x00, 0x00, 0x00, 0x00, 0x78, 0x8e, 0x07,
  0x00, 0xe2, 0x0f, 0x00, 0x24, 0x78, 0x0f, 0x00, 0x01, 0x00, 0x00, 0x00,
  0x0f, 0x0a, 0x8e, 0x07, 0x00, 0xe2, 0x0f, 0x00, 0x12, 0x78, 0x11, 0x11,
  0xfc, 0xff, 0xff, 0x0f, 0xff, 0xc0, 0x8e, 0x07, 0x00, 0xe4, 0x0f, 0x00,
  0x12, 0x78, 0xd9, 0xdd, 0x10, 0x00, 0x00, 0x00, 0xff, 0x3c, 0x8e, 0x07,
  0x00, 0xc4, 0x0f, 0x00, 0x19, 0x78, 0x08, 0x08, 0x02, 0x00, 0x00, 0x00,
  0xff, 0x06, 0x00, 0x00, 0x00, 0xe2, 0x0f, 0x00, 0x24, 0x78, 0x02, 0x04,
  0x00, 0x01, 0x00, 0x00, 0x07, 0x02, 0x8e, 0x07, 0x00, 0xe2, 0x0f, 0x00,
  0x12, 0x78, 0xd8, 0xdd, 0x20, 0x00, 0x00, 0x00, 0xff, 0x3c, 0x8e, 0x07,
  0x00, 0xe2, 0x0f, 0x04, 0x24, 0x78, 0xde, 0x06, 0x10, 0x00, 0x00, 0x00,
  0x05, 0x02, 0x8e, 0x07, 0x00, 0xe2, 0x0f, 0x00, 0x12, 0x78, 0xd7, 0xdd,
  0x30, 0x00, 0x00, 0x00, 0xff, 0x3c, 0x8e, 0x07, 0x00, 0xe2, 0x0f, 0x04,
  0x3b, 0x78, 0x06, 0xdd, 0x00, 0x00, 0x60, 0x00, 0x00, 0x41, 0x00, 0x00,
  0x00, 0x62, 0x0e, 0x00, 0x12, 0x78, 0xd6, 0xdd, 0x40, 0x00, 0x00, 0x00,
  0xff, 0x3c, 0x8e, 0x07, 0x00, 0xe4, 0x0f, 0x04, 0x12, 0x78, 0xd5, 0xdd,
  0x50, 0x00, 0x00, 0x00, 0xff, 0x3c, 0x8e, 0x07, 0x00, 0xe2, 0x0f, 0x04,
  0x24, 0x78, 0x0c, 0x0c, 0x01, 0x00, 0x00, 0x00, 0x11, 0x0a, 0x8e, 0x07,
  0x00, 0xe2, 0x0f, 0x00, 0x12, 0x78, 0xd4, 0xdd, 0x60, 0x00, 0x00, 0x00,
  0xff, 0x3c, 0x8e, 0x07, 0x00, 0xe2, 0x0f, 0x04, 0x3b, 0x78, 0x10, 0xdd,
  0x00, 0x00, 0x70, 0x00, 0x00, 0x41, 0x00, 0x00, 0x00, 0xa2, 0x0e, 0x00,
  0x12, 0x78, 0xd3, 0xdd, 0x70, 0x00, 0x00, 0x00, 0xff, 0x3c, 0x8e, 0x07,
  0x00, 0xc4, 0x0f, 0x00, 0x12, 0x72, 0x08, 0x08, 0x0f, 0x00, 0x00, 0x00,
  0xff, 0x3c, 0x8e, 0x07, 0x00, 0xe2, 0x0f, 0x00, 0x3b, 0x78, 0x12, 0xd9,
  0x00, 0x00, 0x60, 0x00, 0x00, 0x41, 0x00, 0x00, 0x00, 0x22, 0x0f, 0x00,
  0x12, 0x78, 0xd2, 0xdd, 0x80, 0x00, 0x00, 0x00, 0xff, 0x3c, 0x8e, 0x07,
  0x00, 0xe4, 0x0f, 0x04, 0x12, 0x78, 0xd1, 0xdd, 0x90, 0x00, 0x00, 0x00,
  0xff, 0x3c, 0x8e, 0x07, 0x00, 0xe2, 0x0f, 0x00, 0x3b, 0x78, 0x0e, 0xd9,
  0x00, 0x00, 0x70, 0x00, 0x00, 0x41, 0x00, 0x00, 0x00, 0x62, 0x0e, 0x00,
  0x11, 0x72, 0x0a, 0x19, 0x00, 0x00, 0x00, 0x00, 0xff, 0x38, 0x8f, 0x07,
  0x00, 0xc6, 0x0f, 0x00, 0x3b, 0x78, 0x14, 0xd8, 0x00, 0x00, 0x60, 0x00,
  0x00, 0x41, 0x00, 0x00, 0x00, 0x68, 0x0e, 0x00, 0x3b, 0x78, 0x16, 0xd8,
  0x00, 0x00, 0x70, 0x00, 0x00, 0x41, 0x00, 0x00, 0x00, 0x68, 0x0e, 0x00,
  0x3b, 0x78, 0x18, 0xd7, 0x00, 0x00, 0x60, 0x00, 0x00, 0x41, 0x00, 0x00,
  0x00, 0x68, 0x0e, 0x00, 0x3b, 0x78, 0x1a, 0xd7, 0x00, 0x00, 0x70, 0x00,
  0x00, 0x41, 0x00, 0x00, 0x00, 0x68, 0x0e, 0x00, 0x3b, 0x78, 0x1c, 0xd6,
  0x00, 0x00, 0x60, 0x00, 0x00, 0x41, 0x00, 0x00, 0x00, 0x68, 0x0e, 0x00,
  0x3b, 0x78, 0x1e, 0xd6, 0x00, 0x00, 0x70, 0x00, 0x00, 0x41, 0x00, 0x00,
  0x00, 0x68, 0x0e, 0x00, 0x3b, 0x78, 0x20, 0xd5, 0x00, 0x00, 0x60, 0x00,
  0x00, 0x41, 0x00, 0x00, 0x00, 0x68, 0x0e, 0x00, 0x3b, 0x78, 0x22, 0xd5,
  0x00, 0x00, 0x70, 0x00, 0x00, 0x41, 0x00, 0x00, 0x00, 0x68, 0x0e, 0x00,
  0x3b, 0x78, 0x24, 0xd4, 0x00, 0x00, 0x60, 0x00, 0x00, 0x41, 0x00, 0x00,
  0x00, 0xe8, 0x0f, 0x00, 0x3b, 0x78, 0x26, 0xd4, 0x00, 0x00, 0x70, 0x00,
  0x00, 0x41, 0x00, 0x00, 0x00, 0xe8, 0x0f, 0x00, 0x3b, 0x78, 0x28, 0xd3,
  0x00, 0x00, 0x60, 0x00, 0x00, 0x41, 0x00, 0x00, 0x00, 0x68, 0x0e, 0x00,
  0x3b, 0x78, 0x2a, 0xd3, 0x00, 0x00, 0x70, 0x00, 0x00, 0x41, 0x00, 0x00,
  0x00, 0x68, 0x0e, 0x00, 0x3b, 0x78, 0x2c, 0xd2, 0x00, 0x00, 0x60, 0x00,
  0x00, 0x41, 0x00, 0x00, 0x00, 0xe8, 0x0f, 0x00, 0x3b, 0x78, 0x2e, 0xd2,
  0x00, 0x00, 0x70, 0x00, 0x00, 0x41, 0x00, 0x00, 0x00, 0xe8, 0x0f, 0x00,
  0x3b, 0x78, 0x30, 0xd1, 0x00, 0x00, 0x60, 0x00, 0x00, 0x41, 0x00, 0x00,
  0x00, 0x68, 0x0e, 0x00, 0x3b, 0x78, 0x32, 0xd1, 0x00, 0x00, 0x70, 0x00,
  0x00, 0x41, 0x00, 0x00, 0x00, 0xa2, 0x0e, 0x00, 0x90, 0x72, 0x10, 0x0b,
  0x05, 0x00, 0x00, 0x00, 0x06, 0xe8, 0xff, 0x0f, 0x00, 0xc6, 0x0f, 0x00,
  0x3b, 0x78, 0x70, 0x02, 0x00, 0x00, 0x00, 0x00, 0x00, 0x02, 0x00, 0x00,
  0x00, 0xa2, 0x02, 0x00, 0x90, 0x78, 0x0c, 0x10, 0x40, 0x00, 0x00, 0x00,
  0x3f, 0xe0, 0xff, 0x0f, 0x00, 0xc6, 0x0f, 0x00, 0x3b, 0x78, 0x74, 0x02,
  0x00, 0x80, 0x00, 0x00, 0x00, 0x02, 0x00, 0x00, 0x00, 0xe2, 0x02, 0x00,
  0x8c, 0x72, 0x00, 0x0c, 0x0b, 0x00, 0x00, 0x00, 0x70, 0x12, 0xf4, 0x0b,
  0x00, 0xe2, 0x0f, 0x00, 0x19, 0x78, 0x00, 0xff, 0x1f, 0x00, 0x00, 0x00,
  0x03, 0x14, 0x01, 0x00, 0x00, 0xc6, 0x0f, 0x00, 0x87, 0x72, 0x0d, 0x0c,
  0x0b, 0x00, 0x00, 0x00, 0x00, 0x00, 0x00, 0x09, 0x00, 0xe2, 0x0f, 0x00,
  0x11, 0x72, 0x00, 0x00, 0x03, 0x00, 0x00, 0x00, 0xff, 0x10, 0x8f, 0x07,
  0x00, 0xc6, 0x0f, 0x00, 0x8c, 0x78, 0x00, 0x0d, 0x01, 0x00, 0x00, 0x00,
  0x70, 0x62, 0xf4, 0x0b, 0x00, 0xe2, 0x0f, 0x00, 0x12, 0x78, 0x04, 0x00,
  0xfc, 0xff, 0xff, 0x7f, 0xff, 0xc0, 0x8e, 0x07, 0x00, 0xe2, 0x0f, 0x00,
  0x24, 0x78, 0xde, 0xde, 0x10, 0x00, 0x00, 0x00, 0xff, 0x00, 0x8e, 0x07,
  0x00, 0xe2, 0x0f, 0x00, 0x90, 0x78, 0x0c, 0x0d, 0x1f, 0x00, 0x00, 0x00,
  0x3f, 0xe0, 0xff, 0x0f, 0x00, 0xe2, 0x0f, 0x00, 0x19, 0x78, 0x0a, 0xff,
  0x07, 0x00, 0x00, 0x00, 0x0a, 0x14, 0x01, 0x00, 0x00, 0xe4, 0x0f, 0x00,
  0x24, 0x78, 0xc9, 0x03, 0x01, 0x00, 0x00, 0x00, 0x04, 0x0a, 0x8e, 0x07,
  0x00, 0xe2, 0x0f, 0x00, 0x19, 0x78, 0x03, 0xff, 0x02, 0x00, 0x00, 0x00,
  0x00, 0x14, 0x01, 0x00, 0x00, 0xe4, 0x0f, 0x00, 0x12, 0x78, 0x64, 0x02,
  0x20, 0x00, 0x00, 0x00, 0xff, 0x3c, 0x8e, 0x07, 0x00, 0xe4, 0x0f, 0x04,
  0x12, 0x78, 0x68, 0x02, 0x40, 0x00, 0x00, 0x00, 0xff, 0x3c, 0x8e, 0x07,
  0x00, 0xc4, 0x0f, 0x00, 0x12, 0x78, 0x6c, 0x02, 0x60, 0x00, 0x00, 0x00,
  0xff, 0x3c, 0x8e, 0x07, 0x00, 0xe2, 0x0f, 0x00, 0x99, 0x78, 0x0d, 0x3f,
  0x1f, 0x00, 0x00, 0x00, 0x0c, 0x14, 0x01, 0x08, 0x00, 0xe2, 0x0f, 0x00,
  0x12, 0x78, 0xdc, 0xde, 0x20, 0x00, 0x00, 0x00, 0xff, 0x3c, 0x8e, 0x07,
  0x00, 0xe2, 0x0f, 0x04, 0x24, 0x78, 0xca, 0x0b, 0x40, 0x00, 0x00, 0x00,
  0x08, 0x02, 0x8e, 0x07, 0x00, 0xe2, 0x0f, 0x00, 0x12, 0x78, 0xdb, 0xde,
  0x40, 0x00, 0x00, 0x00, 0xff, 0x3c, 0x8e, 0x07, 0x00, 0xe2, 0x0f, 0x04,
  0x3b, 0x78, 0x78, 0xde, 0x00, 0x00, 0x40, 0x00, 0x00, 0x02, 0x00, 0x00,
  0x00, 0xe2, 0x04, 0x00, 0x12, 0x78, 0xda, 0xde, 0x60, 0x00, 0x00, 0x00,
  0xff, 0x3c, 0x8e, 0x07, 0x00, 0xe4, 0x0f, 0x00, 0x16, 0x78, 0x04, 0x06,
  0x20, 0x64, 0x00, 0x00, 0x07, 0x00, 0x00, 0x00, 0x00, 0xe2, 0x2f, 0x00,
  0x24, 0x78, 0x00, 0x0c, 0x10, 0x00, 0x00, 0x00, 0x03, 0x02, 0x8e, 0x07,
  0x00, 0xe2, 0x0f, 0x00, 0x11, 0x72, 0xc9, 0x0a, 0xc9, 0x00, 0x00, 0x00,
  0xff, 0x18, 0x8e, 0x07, 0x00, 0xe2, 0x0f, 0x00, 0x3b, 0x78, 0x64, 0x64,
  0x00, 0x00, 0x00, 0x00, 0x00, 0x02, 0x00, 0x00, 0x00, 0x62, 0x0e, 0x00,
  0x16, 0x78, 0x06, 0x06, 0x31, 0x75, 0x00, 0x00, 0x07, 0x00, 0x00, 0x00,
  0x00, 0xc4, 0x0f, 0x00, 0x16, 0x78, 0x05, 0x10, 0x20, 0x64, 0x00, 0x00,
  0x11, 0x00, 0x00, 0x00, 0x00, 0xe2, 0x4f, 0x14, 0x3b, 0x78, 0x68, 0x68,
  0x00, 0x00, 0x00, 0x00, 0x00, 0x02, 0x00, 0x00, 0x00, 0xa2, 0x0e, 0x00,
  0x16, 0x78, 0x07, 0x10, 0x31, 0x75, 0x00, 0x00, 0x11, 0x00, 0x00, 0x00,
  0x00, 0xe4, 0x0f, 0x00, 0x16, 0x78, 0x08, 0x12, 0x20, 0x64, 0x00, 0x00,
  0x13, 0x00, 0x00, 0x00, 0x00, 0xe2, 0x0f, 0x15, 0x3b, 0x78, 0x6c, 0x6c,
  0x00, 0x00, 0x00, 0x00, 0x00, 0x02, 0x00, 0x00, 0x00, 0x22, 0x0f, 0x00,
  0x16, 0x78, 0x0a, 0x12, 0x31, 0x75, 0x00, 0x00, 0x13, 0x00, 0x00, 0x00,
  0x00, 0xe4, 0x0f, 0x00, 0x16, 0x78, 0x09, 0x0e, 0x20, 0x64, 0x00, 0x00,
  0x0f, 0x00, 0x00, 0x00, 0x00, 0xe2, 0x0f, 0x14, 0x3b, 0x78, 0x7c, 0xde,
  0x00, 0x00, 0x50, 0x00, 0x00, 0x02, 0x00, 0x00, 0x00, 0x62, 0x02, 0x00,
  0x16, 0x78, 0x0b, 0x0e, 0x31, 0x75, 0x00, 0x00, 0x0f, 0x00, 0x00, 0x00,
  0x00, 0xe2, 0x0f, 0x00, 0x91, 0x72, 0x0d, 0x0d, 0x0c, 0x00, 0x00, 0x00,
  0x3f, 0x28, 0x8f, 0x0f, 0x00, 0xe2, 0x0f, 0x00, 0x16, 0x78, 0x0c, 0x14,
  0x20, 0x64, 0x00, 0x00, 0x15, 0x00, 0x00, 0x00, 0x00, 0xe2, 0x0f, 0x14,
  0x3b, 0x78, 0x80, 0xdc, 0x00, 0x00, 0x40, 0x00, 0x00, 0x02, 0x00, 0x00,
  0x00, 0x62, 0x02, 0x00, 0x16, 0x78, 0x0e, 0x14, 0x31, 0x75, 0x00, 0x00,
  0x15, 0x00, 0x00, 0x00, 0x00, 0xc4, 0x0f, 0x00, 0x16, 0x78, 0x0f, 0x16,
  0x31, 0x75, 0x00, 0x00, 0x17, 0x00, 0x00, 0x00, 0x00, 0xe2, 0x0f, 0x00,
  0x3b, 0x78, 0x84, 0xdc, 0x00, 0x00, 0x50, 0x00, 0x00, 0x02, 0x00, 0x00,
  0x00, 0x62, 0x02, 0x00, 0x16, 0x78, 0x10, 0x18, 0x20, 0x64, 0x00, 0x00,
  0x19, 0x00, 0x00, 0x00, 0x00, 0xe4, 0x0f, 0x14, 0x16, 0x78, 0x12, 0x18,
  0x31, 0x75, 0x00, 0x00, 0x19, 0x00, 0x00, 0x00, 0x00, 0xe2, 0x0f, 0x00,
  0x3b, 0x78, 0x88, 0xdb, 0x00, 0x00, 0x40, 0x00, 0x00, 0x02, 0x00, 0x00,
  0x00, 0x62, 0x02, 0x00, 0x16, 0x78, 0x11, 0x1a, 0x20, 0x64, 0x00, 0x00,
  0x1b, 0x00, 0x00, 0x00, 0x00, 0xe4, 0x0f, 0x14, 0x16, 0x78, 0x13, 0x1a,
  0x31, 0x75, 0x00, 0x00, 0x1b, 0x00, 0x00, 0x00, 0x00, 0xe2, 0x0f, 0x00,
  0x3b, 0x78, 0x8c, 0xdb, 0x00, 0x00, 0x50, 0x00, 0x00, 0x02, 0x00, 0x00,
  0x00, 0x62, 0x02, 0x00, 0x16, 0x78, 0x14, 0x1c, 0x20, 0x64, 0x00, 0x00,
  0x1d, 0x00, 0x00, 0x00, 0x00, 0xc4, 0x0f, 0x00, 0x16, 0x78, 0x15, 0x1e,
  0x20, 0x64, 0x00, 0x00, 0x1f, 0x00, 0x00, 0x00, 0x00, 0xe2, 0x0f, 0x00,
  0x3b, 0x78, 0x90, 0xda, 0x00, 0x00, 0x40, 0x00, 0x00, 0x02, 0x00, 0x00,
  0x00, 0x62, 0x02, 0x00, 0x16, 0x78, 0x18, 0x20, 0x20, 0x64, 0x00, 0x00,
  0x21, 0x00, 0x00, 0x00, 0x00, 0xe4, 0x0f, 0x14, 0x16, 0x78, 0x1a, 0x20,
  0x31, 0x75, 0x00, 0x00, 0x21, 0x00, 0x00, 0x00, 0x00, 0xe2, 0x0f, 0x00,
  0x3b, 0x78, 0x94, 0xda, 0x00, 0x00, 0x50, 0x00, 0x00, 0x02, 0x00, 0x00,
  0x00, 0x62, 0x02, 0x00, 0x16, 0x78, 0x19, 0x22, 0x20, 0x64, 0x00, 0x00,
  0x23, 0x00, 0x00, 0x00, 0x00, 0xe4, 0x0f, 0x14, 0x16, 0x78, 0x1b, 0x22,
  0x31, 0x75, 0x00, 0x00, 0x23, 0x00, 0x00, 0x00, 0x00, 0xe2, 0x0f, 0x00,
  0x3b, 0x78, 0x98, 0xde, 0x00, 0x80, 0x40, 0x00, 0x00, 0x02, 0x00, 0x00,
  0x00, 0x62, 0x02, 0x00, 0x16, 0x78, 0x20, 0x28, 0x20, 0x64, 0x00, 0x00,
  0x29, 0x00, 0x00, 0x00, 0x00, 0xc4, 0x0f, 0x00, 0x16, 0x78, 0x22, 0x28,
  0x31, 0x75, 0x00, 0x00, 0x29, 0x00, 0x00, 0x00, 0x00, 0xe2, 0x0f, 0x00,
  0x3b, 0x78, 0x9c, 0xde, 0x00, 0x80, 0x50, 0x00, 0x00, 0x02, 0x00, 0x00,
  0x00, 0x62, 0x02, 0x00, 0x16, 0x78, 0x21, 0x2a, 0x20, 0x64, 0x00, 0x00,
  0x2b, 0x00, 0x00, 0x00, 0x00, 0xe4, 0x0f, 0x14, 0x16, 0x78, 0x23, 0x2a,
  0x31, 0x75, 0x00, 0x00, 0x2b, 0x00, 0x00, 0x00, 0x00, 0xe2, 0x0f, 0x00,
  0x05, 0x78, 0x36, 0x00, 0x00, 0x00, 0x00, 0x00, 0x00, 0xff, 0x01, 0x00,
  0x00, 0xe2, 0x0f, 0x00, 0x16, 0x78, 0x28, 0x30, 0x20, 0x64, 0x00, 0x00,
  0x31, 0x00, 0x00, 0x00, 0x00, 0xe2, 0x0f, 0x14, 0x05, 0x78, 0x38, 0x00,
  0x00, 0x00, 0x00, 0x00, 0x00, 0xff, 0x01, 0x00, 0x00, 0xe2, 0x0f, 0x00,
  0x16, 0x78, 0x2a, 0x30, 0x31, 0x75, 0x00, 0x00, 0x31, 0x00, 0x00, 0x00,
  0x00, 0xe2, 0x0f, 0x00, 0x05, 0x78, 0x3a, 0x00, 0x00, 0x00, 0x00, 0x00,
  0x00, 0xff, 0x01, 0x00, 0x00, 0xe2, 0x0f, 0x00, 0x16, 0x78, 0x29, 0x32,
  0x20, 0x64, 0x00, 0x00, 0x33, 0x00, 0x00, 0x00, 0x00, 0xe2, 0x0f, 0x14,
  0x05, 0x78, 0x30, 0x00, 0x00, 0x00, 0x00, 0x00, 0x00, 0xff, 0x01, 0x00,
  0x00, 0xe2, 0x0f, 0x00, 0x16, 0x78, 0x2b, 0x32, 0x31, 0x75, 0x00, 0x00,
  0x33, 0x00, 0x00, 0x00, 0x00, 0xe2, 0x0f, 0x00, 0x05, 0x78, 0x3c, 0x00,
  0x00, 0x00, 0x00, 0x00, 0x00, 0xff, 0x01, 0x00, 0x00, 0xe2, 0x0f, 0x00,
  0xc2, 0x43, 0x14, 0x0d, 0x00, 0x00, 0x00, 0x00, 0x00, 0x00, 0x0e, 0x00,
  0x00, 0xe4, 0x86, 0x00, 0xb9, 0x8a, 0x14, 0x00, 0x00, 0xdf, 0x00, 0x00,
  0x00, 0x08, 0x00, 0x00, 0x00, 0xe2, 0x8f, 0x00, 0x05, 0x78, 0x32, 0x00,
  0x00, 0x00, 0x00, 0x00, 0x00, 0xff, 0x01, 0x00, 0x00, 0xe2, 0x0f, 0x00,
  0x05, 0x78, 0x3e, 0x00, 0x00, 0x00, 0x00, 0x00, 0x00, 0xff, 0x01, 0x00,
  0x00, 0xe2, 0x0f, 0x00, 0x05, 0x78, 0x40, 0x00, 0x00, 0x00, 0x00, 0x00,
  0x00, 0xff, 0x01, 0x00, 0x00, 0xe2, 0x0f, 0x00, 0x16, 0x78, 0x0d, 0x16,
  0x20, 0x64, 0x00, 0x00, 0x17, 0x00, 0x00, 0x00, 0x00, 0xc4, 0x0f, 0x00,
  0x16, 0x78, 0x16, 0x1c, 0x31, 0x75, 0x00, 0x00, 0x1d, 0x00, 0x00, 0x00,
  0x00, 0xe4, 0x0f, 0x00, 0x16, 0x78, 0x17, 0x1e, 0x31, 0x75, 0x00, 0x00,
  0x1f, 0x00, 0x00, 0x00, 0x00, 0xe4, 0x0f, 0x00, 0x16, 0x78, 0x1c, 0x24,
  0x20, 0x64, 0x00, 0x00, 0x25, 0x00, 0x00, 0x00, 0x00, 0xe4, 0x0f, 0x14,
  0x16, 0x78, 0x1e, 0x24, 0x31, 0x75, 0x00, 0x00, 0x25, 0x00, 0x00, 0x00,
  0x00, 0xe4, 0x0f, 0x00, 0x16, 0x78, 0x1d, 0x26, 0x20, 0x64, 0x00, 0x00,
  0x27, 0x00, 0x00, 0x00, 0x00, 0xe2, 0x0f, 0x14, 0xc2, 0x13, 0x15, 0x35,
  0x00, 0x00, 0x00, 0x00, 0x00, 0x00, 0x0e, 0x00, 0x00, 0x62, 0x06, 0x00,
  0x1c, 0x78, 0x00, 0x00, 0x00, 0x00, 0x00, 0x00, 0x28, 0xf0, 0xf2, 0x03,
  0x00, 0xe2, 0x0f, 0x00, 0xb9, 0x9a, 0x15, 0x00, 0x00, 0xdc, 0x00, 0x00,
  0x00, 0x08, 0x00, 0x00, 0x00, 0xe2, 0x2f, 0x00, 0x16, 0x78, 0x1f, 0x26,
  0x31, 0x75, 0x00, 0x00, 0x27, 0x00, 0x00, 0x00, 0x00, 0xe2, 0x0f, 0x00,
  0x05, 0x78, 0x42, 0x00, 0x00, 0x00, 0x00, 0x00, 0x00, 0xff, 0x01, 0x00,
  0x00, 0xe2, 0x0f, 0x00, 0x16, 0x78, 0x24, 0x2c, 0x20, 0x64, 0x00, 0x00,
  0x2d, 0x00, 0x00, 0x00, 0x00, 0xe2, 0x0f, 0x14, 0x05, 0x78, 0x44, 0x00,
  0x00, 0x00, 0x00, 0x00, 0x00, 0xff, 0x01, 0x00, 0x00, 0xe2, 0x0f, 0x00,
  0x16, 0x78, 0x26, 0x2c, 0x31, 0x75, 0x00, 0x00, 0x2d, 0x00, 0x00, 0x00,
  0x00, 0xe2, 0x0f, 0x00, 0x05, 0x78, 0x34, 0x00, 0x00, 0x00, 0x00, 0x00,
  0x00, 0xff, 0x01, 0x00, 0x00, 0xe2, 0x8f, 0x00, 0x16, 0x78, 0x25, 0x2e,
  0x20, 0x64, 0x00, 0x00, 0x2f, 0x00, 0x00, 0x00, 0x00, 0xe2, 0x0f, 0x14,
  0x05, 0x78, 0x2c, 0x00, 0x00, 0x00, 0x00, 0x00, 0x00, 0xff, 0x01, 0x00,
  0x00, 0xe2, 0x0f, 0x00, 0x16, 0x78, 0x27, 0x2e, 0x31, 0x75, 0x00, 0x00,
  0x2f, 0x00, 0x00, 0x00, 0x00, 0xe2, 0x0f, 0x00, 0x05, 0x78, 0x46, 0x00,
  0x00, 0x00, 0x00, 0x00, 0x00, 0xff, 0x01, 0x00, 0x00, 0xe2, 0x0f, 0x00,
  0x05, 0x78, 0x2e, 0x00, 0x00, 0x00, 0x00, 0x00, 0x00, 0xff, 0x01, 0x00,
  0x00, 0xe2, 0x0f, 0x00, 0x05, 0x78, 0x48, 0x00, 0x00, 0x00, 0x00, 0x00,
  0x00, 0xff, 0x01, 0x00, 0x00, 0xe2, 0x0f, 0x00, 0x05, 0x78, 0x4a, 0x00,
  0x00, 0x00, 0x00, 0x00, 0x00, 0xff, 0x01, 0x00, 0x00, 0xe2, 0x0f, 0x00,
  0x05, 0x78, 0x4c, 0x00, 0x00, 0x00, 0x00, 0x00, 0x00, 0xff, 0x01, 0x00,
  0x00, 0xe2, 0x0f, 0x00, 0x05, 0x78, 0x4e, 0x00, 0x00, 0x00, 0x00, 0x00,
  0x00, 0xff, 0x01, 0x00, 0x00, 0xe2, 0x0f, 0x00, 0x05, 0x78, 0x50, 0x00,
  0x00, 0x00, 0x00, 0x00, 0x00, 0xff, 0x01, 0x00, 0x00, 0xe2, 0x0f, 0x00,
  0x05, 0x78, 0x52, 0x00, 0x00, 0x00, 0x00, 0x00, 0x00, 0xff, 0x01, 0x00,
  0x00, 0xe2, 0x0f, 0x00, 0x05, 0x78, 0x54, 0x00, 0x00, 0x00, 0x00, 0x00,
  0x00, 0xff, 0x01, 0x00, 0x00, 0xe2, 0x0f, 0x00, 0x05, 0x78, 0x56, 0x00,
  0x00, 0x00, 0x00, 0x00, 0x00, 0xff, 0x01, 0x00, 0x00, 0xe2, 0x0f, 0x00,
  0x05, 0x78, 0x58, 0x00, 0x00, 0x00, 0x00, 0x00, 0x00, 0xff, 0x01, 0x00,
  0x00, 0xe2, 0x0f, 0x00, 0x05, 0x78, 0x5a, 0x00, 0x00, 0x00, 0x00, 0x00,
  0x00, 0xff, 0x01, 0x00, 0x00, 0xe2, 0x0f, 0x00, 0x05, 0x78, 0x5c, 0x00,
  0x00, 0x00, 0x00, 0x00, 0x00, 0xff, 0x01, 0x00, 0x00, 0xe2, 0x0f, 0x00,
  0x05, 0x78, 0x5e, 0x00, 0x00, 0x00, 0x00, 0x00, 0x00, 0xff, 0x01, 0x00,
  0x00, 0xe2, 0x0f, 0x00, 0x05, 0x78, 0x60, 0x00, 0x00, 0x00, 0x00, 0x00,
  0x00, 0xff, 0x01, 0x00, 0x00, 0xe2, 0x0f, 0x00, 0x05, 0x78, 0x62, 0x00,
  0x00, 0x00, 0x00, 0x00, 0x00, 0xff, 0x01, 0x00, 0x00, 0xe2, 0x0f, 0x00,
  0x05, 0x78, 0xa0, 0x00, 0x00, 0x00, 0x00, 0x00, 0x00, 0xff, 0x01, 0x00,
  0x00, 0xe2, 0x0f, 0x00, 0x05, 0x78, 0xa2, 0x00, 0x00, 0x00, 0x00, 0x00,
  0x00, 0xff, 0x01, 0x00, 0x00, 0xe2, 0x0f, 0x00, 0x05, 0x78, 0xa4, 0x00,
  0x00, 0x00, 0x00, 0x00, 0x00, 0xff, 0x01, 0x00, 0x00, 0xe2, 0x0f, 0x00,
  0x05, 0x78, 0xa6, 0x00, 0x00, 0x00, 0x00, 0x00, 0x00, 0xff, 0x01, 0x00,
  0x00, 0xe2, 0x0f, 0x00, 0x05, 0x78, 0xa8, 0x00, 0x00, 0x00, 0x00, 0x00,
  0x00, 0xff, 0x01, 0x00, 0x00, 0xe2, 0x0f, 0x00, 0x05, 0x78, 0xaa, 0x00,
  0x00, 0x00, 0x00, 0x00, 0x00, 0xff, 0x01, 0x00, 0x00, 0xe2, 0x0f, 0x00,
  0x05, 0x78, 0xac, 0x00, 0x00, 0x00, 0x00, 0x00, 0x00, 0xff, 0x01, 0x00,
  0x00, 0xe2, 0x0f, 0x00, 0x05, 0x78, 0xae, 0x00, 0x00, 0x00, 0x00, 0x00,
  0x00, 0xff, 0x01, 0x00, 0x00, 0xe2, 0x0f, 0x00, 0x05, 0x78, 0xb0, 0x00,
  0x00, 0x00, 0x00, 0x00, 0x00, 0xff, 0x01, 0x00, 0x00, 0xe2, 0x0f, 0x00,
  0x05, 0x78, 0xb2, 0x00, 0x00, 0x00, 0x00, 0x00, 0x00, 0xff, 0x01, 0x00,
  0x00, 0xe2, 0x0f, 0x00, 0x05, 0x78, 0xb4, 0x00, 0x00, 0x00, 0x00, 0x00,
  0x00, 0xff, 0x01, 0x00, 0x00, 0xe2, 0x0f, 0x00, 0x05, 0x78, 0xb6, 0x00,
  0x00, 0x00, 0x00, 0x00, 0x00, 0xff, 0x01, 0x00, 0x00, 0xe2, 0x0f, 0x00,
  0x47, 0x99, 0x00, 0x00, 0x50, 0x31, 0x00, 0x00, 0x00, 0x00, 0x80, 0x03,
  0x00, 0xea, 0x0f, 0x00, 0xb9, 0x7a, 0x0c, 0x00, 0x00, 0xee, 0x00, 0x00,
  0x00, 0x08, 0x00, 0x00, 0x00, 0xe2, 0x4f, 0x01, 0x10, 0x7c, 0x00, 0x00,
  0x10, 0x00, 0x00, 0x00, 0xff, 0xe0, 0xff, 0x0f, 0x00, 0xe2, 0x0f, 0x00,
  0x90, 0x72, 0x04, 0x04, 0x0c, 0x00, 0x00, 0x00, 0x3f, 0xe0, 0xff, 0x0f,
  0x00, 0xe2, 0x0f, 0x00, 0x24, 0x72, 0xcf, 0xff, 0xff, 0x00, 0x00, 0x00,
  0xdf, 0x00, 0x8e, 0x07, 0x00, 0xe2, 0x0f, 0x00, 0xb9, 0x7a, 0x12, 0x00,
  0x00, 0xeb, 0x00, 0x00, 0x00, 0x08, 0x00, 0x00, 0x00, 0xe2, 0x0f, 0x00,
  0x10, 0x78, 0x03, 0x00, 0x08, 0x00, 0x00, 0x00, 0xff, 0xe0, 0xff, 0x07,
  0x00, 0xe2, 0x0f, 0x00, 0x8c, 0x72, 0x00, 0x04, 0x12, 0x00, 0x00, 0x00,
  0x70, 0x62, 0xf0, 0x0b, 0x00, 0xc4, 0x0f, 0x00, 0x92, 0x78, 0x11, 0x0d,
  0xe0, 0xff, 0xff, 0xff, 0x3f, 0xc0, 0x8e, 0x0f, 0x00, 0xe4, 0x0f, 0x00,
  0x87, 0x72, 0x0c, 0x3f, 0x12, 0x00, 0x00, 0x00, 0x00, 0x00, 0x00, 0x0c,
  0x00, 0xe4, 0x0f, 0x00, 0x99, 0x78, 0x0d, 0x3f, 0x1f, 0x00, 0x00, 0x00,
  0x10, 0x14, 0x01, 0x08, 0x00, 0xe4, 0x0f, 0x00, 0x90, 0x72, 0x0c, 0x04,
  0x0c, 0x00, 0x00, 0x80, 0x3f, 0xe0, 0xff, 0x0f, 0x00, 0xe4, 0x0f, 0x00,
  0x91, 0x72, 0x0d, 0x0d, 0x10, 0x00, 0x00, 0x00, 0x3f, 0x28, 0x8f, 0x0f,
  0x00, 0xe4, 0x0f, 0x00, 0x99, 0x78, 0x04, 0x0c, 0x01, 0x00, 0x00, 0x00,
  0x3f, 0x06, 0x00, 0x08, 0x00, 0xc4, 0x0f, 0x00, 0x91, 0x78, 0x0c, 0x0c,
  0x02, 0x00, 0x00, 0x00, 0x3f, 0x08, 0x8e, 0x0f, 0x00, 0xe4, 0x0f, 0x00,
  0x90, 0x08, 0x0c, 0x04, 0x01, 0x00, 0x00, 0x00, 0x3f, 0xe0, 0xff, 0x0f,
  0x00, 0xe4, 0x0f, 0x00, 0xb9, 0x7a, 0x16, 0x00, 0x00, 0xea, 0x00, 0x00,
  0x00, 0x00, 0x00, 0x00, 0x00, 0xe4, 0x0f, 0x00, 0x92, 0x78, 0x0d, 0x0d,
  0xe0, 0xff, 0xff, 0xff, 0x3f, 0xc0, 0x8e, 0x0f, 0x00, 0xe4, 0x0f, 0x00,
  0x45, 0x7c, 0x02, 0x00, 0x0c, 0x00, 0x00, 0x00, 0x00, 0x14, 0x20, 0x08,
  0x00, 0xe2, 0x0f, 0x00, 0x82, 0x7c, 0x04, 0x00, 0x3f, 0x00, 0x00, 0x00,
  0x00, 0x00, 0x00, 0x08, 0x00, 0xc8, 0x0f, 0x00, 0x20, 0x7a, 0x02, 0x02,
  0x00, 0xec, 0x00, 0x00, 0x00, 0x00, 0x41, 0x00, 0x00, 0xcc, 0x0f, 0x00,
  0x08, 0x73, 0x02, 0x00, 0x02, 0x00, 0x00, 0x00, 0x00, 0x08, 0x00, 0x00,
  0x00, 0x64, 0x0e, 0x00, 0x90, 0x78, 0x0c, 0x04, 0x20, 0x00, 0x00, 0x00,
  0x3f, 0xe0, 0xff, 0x0f, 0x00, 0xc8, 0x0f, 0x00, 0x8c, 0x72, 0x00, 0x0c,
  0x11, 0x00, 0x00, 0x00, 0x70, 0x62, 0xf0, 0x0b, 0x00, 0xcc, 0x0f, 0x00,
  0x1c, 0x78, 0x00, 0x00, 0x00, 0x00, 0x00, 0x00, 0x08, 0xf0, 0xf2, 0x03,
  0x00, 0xda, 0x0f, 0x00, 0x47, 0x19, 0x00, 0x00, 0x20, 0x0a, 0x00, 0x00,
  0x00, 0x00, 0x80, 0x03, 0x00, 0xea, 0xef, 0x01, 0x10, 0x78, 0xc4, 0xdf,
  0x20, 0x00, 0x00, 0x00, 0xff, 0xe0, 0xff, 0x07, 0x00, 0xe2, 0x0f, 0x04,
  0x1d, 0x7b, 0x00, 0x00, 0x00, 0x00, 0x00, 0x00, 0x00, 0x00, 0x01, 0x00,
  0x00, 0xe2, 0x0f, 0x00, 0x99, 0x78, 0x10, 0x3f, 0x1f, 0x00, 0x00, 0x00,
  0x13, 0x14, 0x01, 0x08, 0x00, 0xe2, 0x0f, 0x00, 0x10, 0x78, 0xec, 0xdf,
  0x28, 0x00, 0x00, 0x00, 0xff, 0xe0, 0xff, 0x07, 0x00, 0xe4, 0x0f, 0x00,
  0x19, 0x7a, 0xb8, 0xff, 0x00, 0x6d, 0x00, 0x00, 0xc4, 0x14, 0x01, 0x00,
  0x00, 0xe4, 0x0f, 0x00, 0x19, 0x7a, 0xba, 0xff, 0x00, 0x6d, 0x00, 0x00,
  0xec, 0x14, 0x01, 0x00, 0x00, 0xe4, 0x0f, 0x00, 0x10, 0x7c, 0xb9, 0xb8,
  0x13, 0x00, 0x00, 0x00, 0xff, 0xe0, 0xf5, 0x0f, 0x00, 0xc8, 0x0f, 0x00,
  0x11, 0x7c, 0xbc, 0xb8, 0x10, 0x00, 0x00, 0x00, 0xff, 0x0e, 0x0f, 0x09,
  0x00, 0xe4, 0x0f, 0x00, 0x11, 0x7a, 0xb8, 0xb9, 0x00, 0x72, 0x00, 0x00,
  0xff, 0x10, 0x84, 0x07, 0x00, 0xc8, 0x0f, 0x00, 0x11, 0x7a, 0xb9, 0xb9,
  0x00, 0x73, 0x00, 0x00, 0xbc, 0x14, 0x0f, 0x01, 0x00, 0xe4, 0x0f, 0x00,
  0x10, 0x7c, 0xbb, 0xba, 0x13, 0x00, 0x00, 0x00, 0xff, 0xe0, 0xf5, 0x0f,
  0x00, 0xc8, 0x0f, 0x00, 0x11, 0x7c, 0xbc, 0xba, 0x10, 0x00, 0x00, 0x00,
  0xff, 0x0e, 0x0f, 0x09, 0x00, 0xe2, 0x0f, 0x00, 0x81, 0x79, 0xf1, 0xb8,
  0x0e, 0x00, 0x00, 0x00, 0x00, 0x19, 0x1e, 0x0c, 0x00, 0xe2, 0x04, 0x00,
  0x11, 0x7a, 0xba, 0xbb, 0x00, 0x72, 0x00, 0x00, 0xff, 0x10, 0x84, 0x07,
  0x00, 0xe4, 0x0f, 0x00, 0x10, 0x78, 0xc2, 0xdf, 0x30, 0x00, 0x00, 0x00,
  0xff, 0xe0, 0xff, 0x07, 0x00, 0xe4, 0x0f, 0x04, 0x10, 0x78, 0xc3, 0xdf,
  0x38, 0x00, 0x00, 0x00, 0xff, 0xe0, 0xff, 0x07, 0x00, 0xe4, 0x0f, 0x00,
  0x11, 0x7a, 0xbb, 0xbb, 0x00, 0x73, 0x00, 0x00, 0xbc, 0x14, 0x0f, 0x01,
  0x00, 0xe4, 0x0f, 0x00, 0x19, 0x7a, 0xbc, 0xff, 0x00, 0x6d, 0x00, 0x00,
  0xc2, 0x14, 0x01, 0x00, 0x00, 0xc4, 0x0f, 0x00, 0x19, 0x7a, 0xbe, 0xff,
  0x00, 0x6d, 0x00, 0x00, 0xc3, 0x14, 0x01, 0x00, 0x00, 0xe2, 0x0f, 0x00,
  0x81, 0x79, 0xbd, 0xba, 0x0e, 0x00, 0x00, 0x00, 0x00, 0x19, 0x1e, 0x0c,
  0x00, 0xe2, 0x08, 0x00, 0x10, 0x78, 0xc5, 0xcf, 0x20, 0x00, 0x00, 0x00,
  0xff, 0xe0, 0xff, 0x07, 0x00, 0xe2, 0x0f, 0x00, 0x99, 0x78, 0x12, 0x3f,
  0x1f, 0x00, 0x00, 0x00, 0x08, 0x14, 0x01, 0x08, 0x00, 0xe2, 0x0f, 0x00,
  0x10, 0x7c, 0xc0, 0xbc, 0x13, 0x00, 0x00, 0x00, 0xff, 0xe0, 0xf5, 0x0f,
  0x00, 0xe4, 0x0f, 0x00, 0x10, 0x7c, 0xb9, 0xbe, 0x13, 0x00, 0x00, 0x00,
  0xff, 0xe0, 0xf7, 0x0f, 0x00, 0xe4, 0x4f, 0x00, 0x19, 0x7a, 0xbf, 0xff,
  0x00, 0x6d, 0x00, 0x00, 0xc5, 0x14, 0x01, 0x00, 0x00, 0xe4, 0x0f, 0x00,
  0x11, 0x7c, 0xc7, 0xbc, 0x10, 0x00, 0x00, 0x00, 0xff, 0x0e, 0x0f, 0x09,
  0x00, 0xc4, 0x0f, 0x00, 0x11, 0x7c, 0xbe, 0xbe, 0x10, 0x00, 0x00, 0x00,
  0xff, 0x0e, 0x8f, 0x09, 0x00, 0xe4, 0x0f, 0x00, 0x11, 0x7a, 0xba, 0xc0,
  0x00, 0x72, 0x00, 0x00, 0xff, 0x10, 0x84, 0x07, 0x00, 0xe4, 0x0f, 0x05,
  0x11, 0x7a, 0xb8, 0xb9, 0x00, 0x72, 0x00, 0x00, 0xff, 0x10, 0x86, 0x07,
  0x00, 0xe4, 0x0f, 0x00, 0x10, 0x7c, 0xc1, 0xbf, 0x08, 0x00, 0x00, 0x00,
  0xff, 0xe0, 0xf9, 0x0f, 0x00, 0xe4, 0x0f, 0x00, 0x10, 0x78, 0xbc, 0xcf,
  0x28, 0x00, 0x00, 0x00, 0xff, 0xe0, 0xff, 0x07, 0x00, 0xe4, 0x0f, 0x00,
  0x11, 0x7a, 0xbb, 0xc0, 0x00, 0x73, 0x00, 0x00, 0xc7, 0x14, 0x0f, 0x01,
  0x00, 0xc4, 0x0f, 0x00, 0x11, 0x7a, 0xb9, 0xb9, 0x00, 0x73, 0x00, 0x00,
  0xbe, 0x14, 0x8f, 0x01, 0x00, 0xe4, 0x0f, 0x00, 0x11, 0x7c, 0xe8, 0xbf,
  0x12, 0x00, 0x00, 0x00, 0xff, 0x0e, 0x0f, 0x0a, 0x00, 0xe2, 0x0f, 0x00,
  0x81, 0x79, 0xc7, 0xba, 0x0e, 0x00, 0x00, 0x00, 0x00, 0x19, 0x1e, 0x0c,
  0x00, 0x22, 0x05, 0x00, 0x0c, 0x7c, 0x00, 0xc3, 0x0b, 0x00, 0x00, 0x00,
  0x70, 0x12, 0x78, 0x0c, 0x00, 0xe4, 0x0f, 0x00, 0x11, 0x7a, 0xc0, 0xc1,
  0x00, 0x72, 0x00, 0x00, 0xff, 0x10, 0x84, 0x07, 0x00, 0xe2, 0x0f, 0x00,
  0x81, 0x79, 0xeb, 0xb8, 0x0e, 0x00, 0x00, 0x00, 0x00, 0x19, 0x1e, 0x0c,
  0x00, 0x22, 0x03, 0x00, 0x10, 0x78, 0xc6, 0xcf, 0x30, 0x00, 0x00, 0x00,
  0xff, 0xe0, 0xff, 0x07, 0x00, 0xe4, 0x0f, 0x00, 0x19, 0x7a, 0xbe, 0xff,
  0x00, 0x6d, 0x00, 0x00, 0xbc, 0x14, 0x01, 0x00, 0x00, 0xc4, 0x0f, 0x00,
  0x11, 0x7a, 0xc1, 0xc1, 0x00, 0x73, 0x00, 0x00, 0xe8, 0x14, 0x0f, 0x01,
  0x00, 0xe4, 0x0f, 0x00, 0x19, 0x7a, 0xbf, 0xff, 0x00, 0x6d, 0x00, 0x00,
  0xc6, 0x14, 0x01, 0x00, 0x00, 0xe4, 0x0f, 0x00, 0x10, 0x7c, 0xe8, 0xbe,
  0x08, 0x00, 0x00, 0x00, 0xff, 0xe0, 0xf5, 0x0f, 0x00, 0xe4, 0x0f, 0x04,
  0x10, 0x78, 0xcf, 0xcf, 0x38, 0x00, 0x00, 0x00, 0xff, 0xe0, 0xff, 0x07,
  0x00, 0xe4, 0x0f, 0x00, 0x10, 0x7c, 0xe9, 0xbf, 0x08, 0x00, 0x00, 0x00,
  0xff, 0xe0, 0xf7, 0x0f, 0x00, 0xe4, 0x0f, 0x00, 0x11, 0x7c, 0xed, 0xbe,
  0x12, 0x00, 0x00, 0x00, 0xff, 0x0e, 0x0f, 0x09, 0x00, 0xc4, 0x0f, 0x00,
  0x11, 0x7a, 0xbe, 0xe8, 0x00, 0x72, 0x00, 0x00, 0xff, 0x10, 0x84, 0x07,
  0x00, 0xe4, 0x0f, 0x04, 0x19, 0x7a, 0xdf, 0xff, 0x00, 0x6d, 0x00, 0x00,
  0xcf, 0x14, 0x01, 0x00, 0x00, 0xe4, 0x0f, 0x00, 0x11, 0x7c, 0xea, 0xbf,
  0x12, 0x00, 0x00, 0x00, 0xff, 0x0e, 0x8f, 0x09, 0x00, 0xe4, 0x0f, 0x00,
  0x11, 0x7a, 0xba, 0xe9, 0x00, 0x72, 0x00, 0x00, 0xff, 0x10, 0x86, 0x07,
  0x00, 0xe4, 0x4f, 0x00, 0x11, 0x7a, 0xbf, 0xe8, 0x00, 0x73, 0x00, 0x00,
  0xed, 0x14, 0x0f, 0x01, 0x00, 0xe4, 0x0f, 0x00, 0x10, 0x7c, 0xe8, 0xdf,
  0x08, 0x00, 0x00, 0x00, 0xff, 0xe0, 0xf5, 0x0f, 0x00, 0xc4, 0x0f, 0x00,
  0x11, 0x7a, 0xbb, 0xe9, 0x00, 0x73, 0x00, 0x00, 0xea, 0x14, 0x8f, 0x01,
  0x00, 0xe4, 0x0f, 0x00, 0x0c, 0x7c, 0x00, 0xec, 0x0b, 0x00, 0x00, 0x00,
  0x70, 0x12, 0x76, 0x0c, 0x00, 0xe2, 0x0f, 0x00, 0x81, 0x79, 0xea, 0xc0,
  0x0e, 0x00, 0x00, 0x00, 0x00, 0x19, 0x1e, 0x0c, 0x00, 0x22, 0x05, 0x00,
  0x11, 0x7c, 0xdf, 0xdf, 0x12, 0x00, 0x00, 0x00, 0xff, 0x0e, 0x0f, 0x09,
  0x00, 0xe4, 0x0f, 0x00, 0x11, 0x7a, 0xb8, 0xe8, 0x00, 0x72, 0x00, 0x00,
  0xff, 0x10, 0x84, 0x07, 0x00, 0xe2, 0x2f, 0x04, 0x81, 0x79, 0xe9, 0xbe,
  0x0e, 0x00, 0x00, 0x00, 0x00, 0x19, 0x1e, 0x0c, 0x00, 0x26, 0x03, 0x00,
  0x11, 0x7a, 0xb9, 0xe8, 0x00, 0x73, 0x00, 0x00, 0xdf, 0x14, 0x0f, 0x01,
  0x00, 0xc4, 0x0f, 0x00, 0x81, 0x79, 0xe8, 0xba, 0x0e, 0x00, 0x00, 0x00,
  0x00, 0x19, 0x1e, 0x0c, 0x00, 0x28, 0x03, 0x00, 0x81, 0x79, 0xdf, 0xb8,
  0x0e, 0x00, 0x00, 0x00, 0x00, 0x19, 0x1e, 0x0c, 0x00, 0x22, 0x03, 0x00,
  0x82, 0x78, 0x10, 0x00, 0xff, 0xff, 0xff, 0xff, 0x00, 0x00, 0x00, 0x00,
  0x00, 0xe4, 0x0f, 0x00, 0xb9, 0x7a, 0x12, 0x00, 0x00, 0x6d, 0x00, 0x00,
  0x00, 0x08, 0x00, 0x00, 0x00, 0xe4, 0x0f, 0x00, 0x99, 0x72, 0x10, 0x10,
  0x12, 0x00, 0x00, 0x00, 0x3f, 0x06, 0x00, 0x08, 0x00, 0xe4, 0x0f, 0x00,
  0x99, 0x78, 0x12, 0x3f, 0x1f, 0x00, 0x00, 0x00, 0x09, 0x14, 0x01, 0x08,
  0x00, 0xc8, 0x0f, 0x00, 0x12, 0x7c, 0xed, 0xc4, 0x10, 0x00, 0x00, 0x00,
  0xff, 0x30, 0x8e, 0x0f, 0x00, 0xc8, 0x0f, 0x00, 0x19, 0x78, 0xc0, 0xff,
  0x1f, 0x00, 0x00, 0x00, 0xed, 0x14, 0x01, 0x00, 0x00, 0xe2, 0x4f, 0x00,
  0x24, 0x7c, 0xc1, 0xed, 0x12, 0x00, 0x00, 0x00, 0xff, 0x02, 0x8e, 0x0f,
  0x00, 0xc8, 0x0f, 0x00, 0x24, 0x7c, 0xf7, 0xc0, 0x09, 0x00, 0x00, 0x00,
  0xc1, 0x02, 0x8e, 0x0f, 0x00, 0xe2, 0x0f, 0x00, 0x02, 0x72, 0xc1, 0x00,
  0xe7, 0x00, 0x00, 0x00, 0x00, 0x0f, 0x00, 0x00, 0x00, 0xe2, 0x0f, 0x00,
  0x24, 0x72, 0xc0, 0xff, 0xff, 0x00, 0x00, 0x00, 0xe2, 0x00, 0x8e, 0x07,
  0x00, 0xe2, 0x0f, 0x00, 0x12, 0x7c, 0xef, 0xec, 0x10, 0x00, 0x00, 0x00,
  0xff, 0x30, 0x8e, 0x0f, 0x00, 0xc6, 0x0f, 0x00, 0x25, 0x7c, 0xb8, 0xed,
  0x09, 0x00, 0x00, 0x00, 0xc0, 0x00, 0x8e, 0x0f, 0x00, 0xe2, 0x2f, 0x00,
  0x19, 0x78, 0xbf, 0xff, 0x1f, 0x00, 0x00, 0x00, 0xef, 0x14, 0x01, 0x00,
  0x00, 0xc6, 0x0f, 0x00, 0x24, 0x78, 0xb9, 0xb9, 0x01, 0x00, 0x00, 0x00,
  0xf7, 0x02, 0x8e, 0x07, 0x00, 0xe4, 0x0f, 0x00, 0x24, 0x7c, 0xba, 0xef,
  0x12, 0x00, 0x00, 0x00, 0xff, 0x02, 0x8e, 0x0f, 0x00, 0xe2, 0x0f, 0x00,
  0x0c, 0x7c, 0x00, 0xc4, 0x0b, 0x00, 0x00, 0x00, 0x70, 0x12, 0x74, 0x0c,
  0x00, 0xc6, 0x0f, 0x00, 0x24, 0x7c, 0xbf, 0xbf, 0x09, 0x00, 0x00, 0x00,
  0xba, 0x02, 0x8e, 0x0f, 0x00, 0xe4, 0x0f, 0x00, 0x25, 0x7c, 0xba, 0xef,
  0x09, 0x00, 0x00, 0x00, 0xc0, 0x00, 0x8e, 0x0f, 0x00, 0xe2, 0x0f, 0x00,
  0x12, 0x7c, 0xf3, 0xc2, 0x10, 0x00, 0x00, 0x00, 0xff, 0x30, 0x8e, 0x0f,
  0x00, 0xe4, 0x0f, 0x04, 0x12, 0x7c, 0xf5, 0xc3, 0x10, 0x00, 0x00, 0x00,
  0xff, 0x30, 0x8e, 0x0f, 0x00, 0xe2, 0x0f, 0x00, 0x24, 0x78, 0xbb, 0xbb,
  0x01, 0x00, 0x00, 0x00, 0xbf, 0x02, 0x8e, 0x07, 0x00, 0xe2, 0x0f, 0x00,
  0x19, 0x78, 0xef, 0xff, 0x1f, 0x00, 0x00, 0x00, 0xf3, 0x14, 0x01, 0x00,
  0x00, 0xe2, 0x0f, 0x00, 0x24, 0x7c, 0xbe, 0xf3, 0x12, 0x00, 0x00, 0x00,
  0xff, 0x02, 0x8e, 0x0f, 0x00, 0xe4, 0x0f, 0x00, 0x24, 0x7c, 0xec, 0xf5,
  0x12, 0x00, 0x00, 0x00, 0xff, 0x02, 0x8e, 0x0f, 0x00, 0xe2, 0x0f, 0x00,
  0x99, 0x78, 0x12, 0x3f, 0x1f, 0x00, 0x00, 0x00, 0x0a, 0x14, 0x01, 0x08,
  0x00, 0xe2, 0x0f, 0x00, 0x0c, 0x7c, 0x00, 0xc2, 0x0b, 0x00, 0x00, 0x00,
  0x70, 0x12, 0x7a, 0x0c, 0x00, 0xe2, 0x0f, 0x00, 0x25, 0x7c, 0xc2, 0xf3,
  0x09, 0x00, 0x00, 0x00, 0xc0, 0x00, 0x8e, 0x0f, 0x00, 0xe2, 0x0f, 0x00,
  0x19, 0x78, 0xed, 0xff, 0x1f, 0x00, 0x00, 0x00, 0xf5, 0x14, 0x01, 0x00,
  0x00, 0xc4, 0x0f, 0x00, 0x12, 0x7c, 0xbf, 0xc5, 0x10, 0x00, 0x00, 0x00,
  0xff, 0x30, 0x8e, 0x0f, 0x00, 0xe2, 0x0f, 0x00, 0x25, 0x7c, 0xc0, 0xf5,
  0x09, 0x00, 0x00, 0x00, 0xc0, 0x00, 0x8e, 0x0f, 0x00, 0xe2, 0x0f, 0x00,
  0x12, 0x7c, 0xf7, 0xc6, 0x10, 0x00, 0x00, 0x00, 0xff, 0x30, 0x8e, 0x0f,
  0x00, 0xc6, 0x0f, 0x00, 0x24, 0x7c, 0xef, 0xef, 0x09, 0x00, 0x00, 0x00,
  0xbe, 0x02, 0x8e, 0x0f, 0x00, 0xe2, 0x0f, 0x00, 0x19, 0x78, 0xf3, 0xff,
  0x1f, 0x00, 0x00, 0x00, 0xbf, 0x14, 0x01, 0x00, 0x00, 0xe2, 0x0f, 0x00,
  0x24, 0x7c, 0xed, 0xed, 0x09, 0x00, 0x00, 0x00, 0xec, 0x02, 0x8e, 0x0f,
  0x00, 0xe4, 0x0f, 0x00, 0x24, 0x78, 0xc3, 0xc3, 0x01, 0x00, 0x00, 0x00,
  0xef, 0x02, 0x8e, 0x07, 0x00, 0xe4, 0x0f, 0x00, 0x24, 0x7c, 0xbe, 0xbf,
  0x12, 0x00, 0x00, 0x00, 0xff, 0x02, 0x8e, 0x0f, 0x00, 0xe4, 0x0f, 0x00,
  0x24, 0x78, 0xc1, 0xc1, 0x01, 0x00, 0x00, 0x00, 0xed, 0x02, 0x8e, 0x07,
  0x00, 0xe4, 0x0f, 0x00, 0x24, 0x7c, 0xf3, 0xf3, 0x0a, 0x00, 0x00, 0x00,
  0xbe, 0x02, 0x8e, 0x0f, 0x00, 0xe2, 0x0f, 0x00, 0x12, 0x7c, 0xf9, 0xcf,
  0x10, 0x00, 0x00, 0x00, 0xff, 0x30, 0x8e, 0x0f, 0x00, 0xc8, 0x0f, 0x00,
  0x19, 0x78, 0xec, 0xff, 0x1f, 0x00, 0x00, 0x00, 0xf9, 0x14, 0x01, 0x00,
  0x00, 0xe2, 0x0f, 0x00, 0x25, 0x7a, 0xb8, 0xf1, 0x00, 0x6e, 0x00, 0x00,
  0xb8, 0x02, 0x8e, 0x07, 0x00, 0xca, 0x8f, 0x00, 0x10, 0x7a, 0xb8, 0xb8,
  0x00, 0x70, 0x00, 0x00, 0xff, 0xe0, 0xfd, 0x07, 0x00, 0xc8, 0x0f, 0x00,
  0x10, 0x7a, 0xb9, 0xb9, 0x00, 0x71, 0x00, 0x00, 0xff, 0xe4, 0x7f, 0x03,
  0x00, 0xe2, 0x0f, 0x00, 0x25, 0x7a, 0xba, 0xbd, 0x00, 0x6e, 0x00, 0x00,
  0xba, 0x02, 0x8e, 0x07, 0x00, 0xe2, 0x0f, 0x00, 0x12, 0x7c, 0xbd, 0xbc,
  0x10, 0x00, 0x00, 0x00, 0xff, 0x30, 0x8e, 0x0f, 0x00, 0xc6, 0x0f, 0x00,
  0x84, 0xf9, 0xff, 0xff, 0x00, 0x00, 0x00, 0x00, 0x00, 0x08, 0x00, 0x00,
  0x00, 0xe2, 0x0f, 0x00, 0x84, 0xf9, 0xff, 0xff, 0x00, 0x00, 0x00, 0x00,
  0x00, 0x08, 0x00, 0x00, 0x00, 0xe2, 0x0f, 0x00, 0x84, 0xf9, 0xff, 0xff,
  0x00, 0x00, 0x00, 0x00, 0x00, 0x08, 0x00, 0x00, 0x00, 0xe2, 0x0f, 0x00,
  0xae, 0x7f, 0xc8, 0xb8, 0x00, 0x00, 0x00, 0x04, 0x4e, 0x1c, 0x10, 0x09,
  0x00, 0xe2, 0x03, 0x00, 0x10, 0x7a, 0xba, 0xba, 0x00, 0x70, 0x00, 0x00,
  0xff, 0xe0, 0xf5, 0x07, 0x00, 0xe4, 0x0f, 0x00, 0x19, 0x78, 0xf5, 0xff,
  0x1f, 0x00, 0x00, 0x00, 0xbd, 0x14, 0x01, 0x00, 0x00, 0xe4, 0x0f, 0x00,
  0x10, 0x7a, 0xbb, 0xbb, 0x00, 0x71, 0x00, 0x00, 0xff, 0xe4, 0x7f, 0x01,
  0x00, 0xe2, 0x0f, 0x00, 0x24, 0x7c, 0xb8, 0xbd, 0x12, 0x00, 0x00, 0x00,
  0xff, 0x02, 0x8e, 0x0f, 0x00, 0xe2, 0x2f, 0x00, 0x0c, 0x7c, 0x00, 0xbc,
  0x0b, 0x00, 0x00, 0x00, 0x70, 0x12, 0x74, 0x0c, 0x00, 0xe2, 0x0f, 0x00,
  0x24, 0x7c, 0xbc, 0xf7, 0x12, 0x00, 0x00, 0x00, 0xff, 0x02, 0x8e, 0x0f,
  0x00, 0xe2, 0x0f, 0x00, 0x19, 0x78, 0xf1, 0xff, 0x1f, 0x00, 0x00, 0x00,
  0xf7, 0x14, 0x01, 0x00, 0x00, 0xe2, 0x0f, 0x00, 0x24, 0x7c, 0xf5, 0xf5,
  0x0a, 0x00, 0x00, 0x00, 0xb8, 0x02, 0x8e, 0x0f, 0x00, 0xe2, 0x0f, 0x00,
  0x02, 0x72, 0xb9, 0x00, 0xe5, 0x00, 0x00, 0x00, 0x00, 0x0f, 0x00, 0x00,
  0x00, 0xe2, 0x0f, 0x00, 0x24, 0x72, 0xb8, 0xff, 0xff, 0x00, 0x00, 0x00,
  0xe0, 0x00, 0x8e, 0x07, 0x00, 0xe2, 0x0f, 0x00, 0xae, 0x7f, 0xc8, 0xba,
  0x00, 0x00, 0x80, 0x04, 0x4e, 0x1c, 0x90, 0x09, 0x00, 0xe2, 0x03, 0x00,
  0x24, 0x7c, 0xf1, 0xf1, 0x0a, 0x00, 0x00, 0x00, 0xbc, 0x02, 0x8e, 0x0f,
  0x00, 0xc4, 0x0f, 0x00, 0x25, 0x7c, 0xbe, 0xbf, 0x0a, 0x00, 0x00, 0x00,
  0xb8, 0x00, 0x8e, 0x0f, 0x00, 0xc8, 0x0f, 0x00, 0x25, 0x7a, 0xc2, 0xc7,
  0x00, 0x6e, 0x00, 0x00, 0xc2, 0x02, 0x8e, 0x07, 0x00, 0xc8, 0x0f, 0x01,
  0x25, 0x7c, 0xbc, 0xbd, 0x0a, 0x00, 0x00, 0x00, 0xb8, 0x00, 0x8e, 0x0f,
  0x00, 0xe2, 0x0f, 0x00, 0x10, 0x7a, 0xc2, 0xc2, 0x00, 0x70, 0x00, 0x00,
  0xff, 0xe0, 0xf7, 0x07, 0x00, 0xc6, 0x0f, 0x00, 0x25, 0x7a, 0xc0, 0xeb,
  0x00, 0x6e, 0x00, 0x00, 0xc0, 0x02, 0x8e, 0x07, 0x00, 0xe2, 0x0f, 0x00,
  0x10, 0x72, 0xbd, 0xbd, 0xf5, 0x00, 0x00, 0x00, 0xff, 0xe0, 0xff, 0x07,
  0x00, 0xc6, 0x0f, 0x00, 0x24, 0x78, 0xbf, 0xbf, 0x01, 0x00, 0x00, 0x00,
  0xf3, 0x02, 0x8e, 0x07, 0x00, 0xe2, 0x0f, 0x00, 0x10, 0x7a, 0xc3, 0xc3,
  0x00, 0x71, 0x00, 0x00, 0xff, 0xe4, 0xff, 0x01, 0x00, 0xe2, 0x0f, 0x00,
  0x25, 0x7c, 0xba, 0xf7, 0x0a, 0x00, 0x00, 0x00, 0xb8, 0x00, 0x8e, 0x0f,
  0x00, 0xe2, 0x2f, 0x00, 0x10, 0x7a, 0xc0, 0xc0, 0x00, 0x70, 0x00, 0x00,
  0xff, 0xe0, 0xf7, 0x07, 0x00, 0xc6, 0x0f, 0x00, 0x25, 0x7c, 0xb8, 0xf9,
  0x0a, 0x00, 0x00, 0x00, 0xb8, 0x00, 0x8e, 0x0f, 0x00, 0xe2, 0x0f, 0x04,
  0xae, 0x7f, 0xc8, 0xc2, 0x00, 0x00, 0x00, 0x05, 0x4e, 0x1c, 0x90, 0x0a,
  0x00, 0xe6, 0x03, 0x00, 0x24, 0x7c, 0xf9, 0xf9, 0x12, 0x00, 0x00, 0x00,
  0xff, 0x02, 0x8e, 0x0f, 0x00, 0xe2, 0x0f, 0x00, 0x10, 0x7a, 0xc1, 0xc1,
  0x00, 0x71, 0x00, 0x00, 0xff, 0xe4, 0xff, 0x01, 0x00, 0xe2, 0x0f, 0x00,
  0x24, 0x78, 0xbb, 0xbb, 0x01, 0x00, 0x00, 0x00, 0xf1, 0x02, 0x8e, 0x07,
  0x00, 0xe4, 0x0f, 0x00, 0x24, 0x7c, 0xed, 0xec, 0x0a, 0x00, 0x00, 0x00,
  0xf9, 0x02, 0x8e, 0x0f, 0x00, 0xe4, 0x0f, 0x00, 0x25, 0x7a, 0xea, 0xea,
  0x00, 0x6e, 0x00, 0x00, 0xbe, 0x02, 0x8e, 0x07, 0x00, 0xe2, 0x0f, 0x00,
  0xae, 0x7f, 0xc8, 0xc0, 0x00, 0x00, 0x80, 0x05, 0x4e, 0x1c, 0x10, 0x0a,
  0x00, 0xe6, 0x03, 0x00, 0x25, 0x7a, 0xbc, 0xe9, 0x00, 0x6e, 0x00, 0x00,
  0xbc, 0x02, 0x8e, 0x07, 0x00, 0xe2, 0x0f, 0x00, 0x10, 0x7a, 0xbe, 0xea,
  0x00, 0x70, 0x00, 0x00, 0xff, 0xe0, 0xf7, 0x07, 0x00, 0xc6, 0x0f, 0x00,
  0x24, 0x78, 0xb9, 0xb9, 0x01, 0x00, 0x00, 0x00, 0xed, 0x02, 0x8e, 0x07,
  0x00, 0xe4, 0x0f, 0x00, 0x25, 0x7a, 0xe8, 0xe8, 0x00, 0x6e, 0x00, 0x00,
  0xba, 0x02, 0x8e, 0x07, 0x00, 0xe2, 0x0f, 0x00, 0x10, 0x7a, 0xba, 0xbc,
  0x00, 0x70, 0x00, 0x00, 0xff, 0xe0, 0xfd, 0x07, 0x00, 0xe4, 0x0f, 0x00,
  0x10, 0x7a, 0xbf, 0xeb, 0x00, 0x71, 0x00, 0x00, 0xff, 0xe4, 0xff, 0x01,
  0x00, 0xe4, 0x0f, 0x00, 0x0c, 0x7c, 0x00, 0xc5, 0x0b, 0x00, 0x00, 0x00,
  0x70, 0x12, 0x76, 0x0c, 0x00, 0xe2, 0x0f, 0x00, 0x25, 0x7a, 0xb8, 0xdf,
  0x00, 0x6e, 0x00, 0x00, 0xb8, 0x02, 0x8e, 0x07, 0x00, 0xe2, 0x0f, 0x00,
  0x10, 0x7a, 0xbc, 0xe8, 0x00, 0x70, 0x00, 0x00, 0xff, 0xe0, 0xf9, 0x07,
  0x00, 0xe4, 0x0f, 0x00, 0x0c, 0x7c, 0x00, 0xc6, 0x0b, 0x00, 0x00, 0x00,
  0x70, 0x12, 0x7a, 0x0c, 0x00, 0xc4, 0x0f, 0x00, 0x10, 0x7a, 0xbb, 0xbd,
  0x00, 0x71, 0x00, 0x00, 0xff, 0xe4, 0x7f, 0x03, 0x00, 0xe4, 0x0f, 0x00,
  0x0c, 0x7c, 0x00, 0xcf, 0x0b, 0x00, 0x00, 0x00, 0x70, 0x12, 0x7c, 0x0c,
  0x00, 0xe4, 0x0f, 0x00, 0x10, 0x7a, 0xbd, 0xe9, 0x00, 0x71, 0x00, 0x00,
  0xff, 0xe4, 0x7f, 0x02, 0x00, 0xe4, 0x0f, 0x00, 0x10, 0x7a, 0xb8, 0xb8,
  0x00, 0x70, 0x00, 0x00, 0xff, 0xe0, 0xf9, 0x07, 0x00, 0xe2, 0x0f, 0x00,
  0xae, 0x7f, 0xc8, 0xbe, 0x00, 0x00, 0x00, 0x06, 0x4e, 0x1c, 0x90, 0x09,
  0x00, 0xe6, 0x03, 0x00, 0x10, 0x7a, 0xb9, 0xb9, 0x00, 0x71, 0x00, 0x00,
  0xff, 0xe4, 0x7f, 0x02, 0x00, 0xe2, 0x0f, 0x00, 0xae, 0x7f, 0xc8, 0xba,
  0x00, 0x00, 0x80, 0x06, 0x4e, 0x1c, 0x10, 0x09, 0x00, 0xe8, 0x03, 0x00,
  0xae, 0x7f, 0xc8, 0xbc, 0x00, 0x00, 0x00, 0x07, 0x4e, 0x1c, 0x90, 0x0a,
  0x00, 0xe8, 0x03, 0x00, 0xae, 0x7f, 0xc8, 0xb8, 0x00, 0x00, 0x80, 0x07,
  0x4e, 0x1c, 0x10, 0x0b, 0x00, 0xe8, 0x03, 0x00, 0xaf, 0x79, 0x00, 0x00,
  0x00, 0x00, 0x00, 0x00, 0x00, 0x00, 0x00, 0x00, 0x00, 0x22, 0x0e, 0x00,
  0x24, 0x72, 0xcf, 0xff, 0xff, 0x00, 0x00, 0x00, 0xc5, 0x00, 0x8e, 0x07,
  0x00, 0xe2, 0x0f, 0x00, 0x02, 0x72, 0xdf, 0x00, 0xc4, 0x00, 0x00, 0x00,
  0x00, 0x0f, 0x00, 0x00, 0x00, 0xc4, 0x0f, 0x00, 0x7a, 0x72, 0xb8, 0x70,
  0x78, 0x00, 0x00, 0x00, 0xff, 0x2c, 0x00, 0x00, 0x00, 0xe2, 0x2f, 0x00,
  0x24, 0x7e, 0xe8, 0xff, 0x04, 0x00, 0x00, 0x00, 0xff, 0x00, 0x8e, 0x0f,
  0x00, 0xe2, 0x0f, 0x00, 0x0c, 0x7c, 0x00, 0xff, 0x16, 0x00, 0x00, 0x00,
  0x70, 0x52, 0xf4, 0x0b, 0x00, 0xc8, 0x0f, 0x00, 0x0c, 0x7c, 0x00, 0xe8,
  0x0d, 0x00, 0x00, 0x00, 0x70, 0x12, 0xf6, 0x0b, 0x00, 0xd4, 0x0f, 0x00,
  0x7a, 0x72, 0xbc, 0x70, 0x7a, 0x00, 0x00, 0x00, 0xff, 0x2c, 0x00, 0x00,
  0x00, 0xf6, 0x0f, 0x04, 0x90, 0xf2, 0x3f, 0x3f, 0x3f, 0x00, 0x00, 0x00,
  0x3f, 0xe0, 0xff, 0x0f, 0x00, 0xea, 0x0f, 0x00, 0x7a, 0x72, 0xc0, 0x70,
  0x7c, 0x00, 0x00, 0x00, 0xff, 0x2c, 0x00, 0x00, 0x00, 0xf6, 0x0f, 0x04,
  0x90, 0xf2, 0x3f, 0x3f, 0x3f, 0x00, 0x00, 0x00, 0x3f, 0xe0, 0xff, 0x0f,
  0x00, 0xea, 0x0f, 0x00, 0x7a, 0x72, 0xc4, 0x70, 0x7e, 0x00, 0x00, 0x00,
  0xff, 0x2c, 0x00, 0x00, 0x00, 0xf6, 0x0f, 0x00, 0x90, 0xf2, 0x3f, 0x3f,
  0x3f, 0x00, 0x00, 0x00, 0x3f, 0xe0, 0xff, 0x0f, 0x00, 0xea, 0x0f, 0x00,
  0x7a, 0x72, 0xb8, 0x64, 0x80, 0x00, 0x00, 0x00, 0xb8, 0x2c, 0x00, 0x00,
  0x00, 0xf6, 0x0f, 0x04, 0x90, 0xf2, 0x3f, 0x3f, 0x3f, 0x00, 0x00, 0x00,
  0x3f, 0xe0, 0xff, 0x0f, 0x00, 0xea, 0x0f, 0x00, 0x7a, 0x72, 0xbc, 0x64,
  0x82, 0x00, 0x00, 0x00, 0xbc, 0x2c, 0x00, 0x00, 0x00, 0xf6, 0x0f, 0x04,
  0x90, 0xf2, 0x3f, 0x3f, 0x3f, 0x00, 0x00, 0x00, 0x3f, 0xe0, 0xff, 0x0f,
  0x00, 0xea, 0x0f, 0x00, 0x7a, 0x72, 0xc0, 0x64, 0x84, 0x00, 0x00, 0x00,
  0xc0, 0x2c, 0x00, 0x00, 0x00, 0xf6, 0x0f, 0x04, 0x90, 0xf2, 0x3f, 0x3f,
  0x3f, 0x00, 0x00, 0x00, 0x3f, 0xe0, 0xff, 0x0f, 0x00, 0xea, 0x0f, 0x00,
  0x7a, 0x72, 0xc4, 0x64, 0x86, 0x00, 0x00, 0x00, 0xc4, 0x2c, 0x00, 0x00,
  0x00, 0xf6, 0x0f, 0x00, 0x90, 0xf2, 0x3f, 0x3f, 0x3f, 0x00, 0x00, 0x00,
  0x3f, 0xe0, 0xff, 0x0f, 0x00, 0xea, 0x0f, 0x00, 0x7a, 0x72, 0xb8, 0x68,
  0x88, 0x00, 0x00, 0x00, 0xb8, 0x2c, 0x00, 0x00, 0x00, 0xf6, 0x0f, 0x04,
  0x90, 0xf2, 0x3f, 0x3f, 0x3f, 0x00, 0x00, 0x00, 0x3f, 0xe0, 0xff, 0x0f,
  0x00, 0xea, 0x0f, 0x00, 0x7a, 0x72, 0xbc, 0x68, 0x8a, 0x00, 0x00, 0x00,
  0xbc, 0x2c, 0x00, 0x00, 0x00, 0xf6, 0x0f, 0x04, 0x90, 0xf2, 0x3f, 0x3f,
  0x3f, 0x00, 0x00, 0x00, 0x3f, 0xe0, 0xff, 0x0f, 0x00, 0xea, 0x0f, 0x00,
  0x7a, 0x72, 0xc0, 0x68, 0x8c, 0x00, 0x00, 0x00, 0xc0, 0x2c, 0x00, 0x00,
  0x00, 0xf6, 0x0f, 0x04, 0x90, 0xf2, 0x3f, 0x3f, 0x3f, 0x00, 0x00, 0x00,
  0x3f, 0xe0, 0xff, 0x0f, 0x00, 0xea, 0x0f, 0x00, 0x7a, 0x72, 0xc4, 0x68,
  0x8e, 0x00, 0x00, 0x00, 0xc4, 0x2c, 0x00, 0x00, 0x00, 0xf6, 0x0f, 0x00,
  0x90, 0xf2, 0x3f, 0x3f, 0x3f, 0x00, 0x00, 0x00, 0x3f, 0xe0, 0xff, 0x0f,
  0x00, 0xea, 0x0f, 0x00, 0x7a, 0x72, 0xb8, 0x6c, 0x90, 0x00, 0x00, 0x00,
  0xb8, 0x2c, 0x00, 0x00, 0x00, 0xf6, 0x0f, 0x04, 0x90, 0xf2, 0x3f, 0x3f,
  0x3f, 0x00, 0x00, 0x00, 0x3f, 0xe0, 0xff, 0x0f, 0x00, 0xea, 0x0f, 0x00,
  0x7a, 0x72, 0xbc, 0x6c, 0x92, 0x00, 0x00, 0x00, 0xbc, 0x2c, 0x00, 0x00,
  0x00, 0xf6, 0x0f, 0x04, 0x90, 0xf2, 0x3f, 0x3f, 0x3f, 0x00, 0x00, 0x00,
  0x3f, 0xe0, 0xff, 0x0f, 0x00, 0xea, 0x0f, 0x00, 0x7a, 0x72, 0xc0, 0x6c,
  0x94, 0x00, 0x00, 0x00, 0xc0, 0x2c, 0x00, 0x00, 0x00, 0xf6, 0x0f, 0x04,
  0x90, 0xf2, 0x3f, 0x3f, 0x3f, 0x00, 0x00, 0x00, 0x3f, 0xe0, 0xff, 0x0f,
  0x00, 0xea, 0x0f, 0x00, 0x7a, 0x72, 0xc4, 0x6c, 0x96, 0x00, 0x00, 0x00,
  0xc4, 0x2c, 0x00, 0x00, 0x00, 0xf6, 0x0f, 0x00, 0x90, 0xf2, 0x3f, 0x3f,
  0x3f, 0x00, 0x00, 0x00, 0x3f, 0xe0, 0xff, 0x0f, 0x00, 0xea, 0x0f, 0x00,
  0x7a, 0x72, 0xb8, 0x74, 0x98, 0x00, 0x00, 0x00, 0xb8, 0x2c, 0x00, 0x00,
  0x00, 0xf6, 0x0f, 0x04, 0x90, 0xf2, 0x3f, 0x3f, 0x3f, 0x00, 0x00, 0x00,
  0x3f, 0xe0, 0xff, 0x0f, 0x00, 0xea, 0x0f, 0x00, 0x7a, 0x72, 0xbc, 0x74,
  0x9a, 0x00, 0x00, 0x00, 0xbc, 0x2c, 0x00, 0x00, 0x00, 0xf0, 0x0f, 0x00,
  0x20, 0x7c, 0xb8, 0xb8, 0x15, 0x00, 0x00, 0x00, 0x00, 0x00, 0x41, 0x08,
  0x00, 0xe2, 0x0f, 0x00, 0x20, 0x7c, 0xb9, 0xb9, 0x15, 0x00, 0x00, 0x00,
  0x00, 0x00, 0x41, 0x08, 0x00, 0xe2, 0x0f, 0x00, 0x20, 0x7c, 0xba, 0xba,
  0x15, 0x00, 0x00, 0x00, 0x00, 0x00, 0x41, 0x08, 0x00, 0xe2, 0x0f, 0x00,
  0x20, 0x7c, 0xbb, 0xbb, 0x15, 0x00, 0x00, 0x00, 0x00, 0x00, 0x41, 0x08,
  0x00, 0xca, 0x0f, 0x00, 0x7a, 0x72, 0xc0, 0x74, 0x9c, 0x00, 0x00, 0x00,
  0xc0, 0x2c, 0x00, 0x00, 0x00, 0xf0, 0x0f, 0x00, 0x20, 0x7c, 0xe8, 0xbc,
  0x15, 0x00, 0x00, 0x00, 0x00, 0x00, 0x41, 0x08, 0x00, 0xe2, 0x0f, 0x00,
  0x20, 0x7c, 0xe9, 0xbd, 0x15, 0x00, 0x00, 0x00, 0x00, 0x00, 0x41, 0x08,
  0x00, 0xe2, 0x0f, 0x00, 0x20, 0x7c, 0xbe, 0xbe, 0x15, 0x00, 0x00, 0x00,
  0x00, 0x00, 0x41, 0x08, 0x00, 0xe2, 0x0f, 0x00, 0x20, 0x7c, 0xbf, 0xbf,
  0x15, 0x00, 0x00, 0x00, 0x00, 0x00, 0x41, 0x08, 0x00, 0xe2, 0x0f, 0x00,
  0x24, 0x72, 0xbc, 0xff, 0xff, 0x00, 0x00, 0x00, 0xcb, 0x00, 0x8e, 0x07,
  0x00, 0xc4, 0x0f, 0x00, 0x24, 0x72, 0xbd, 0xff, 0xff, 0x00, 0x00, 0x00,
  0xcc, 0x00, 0x8e, 0x07, 0x00, 0xe4, 0x0f, 0x00, 0x7a, 0x72, 0xc4, 0x74,
  0x9e, 0x00, 0x00, 0x00, 0xc4, 0x2c, 0x00, 0x00, 0x00, 0xf0, 0x0f, 0x00,
  0x20, 0x7c, 0xc0, 0xc0, 0x15, 0x00, 0x00, 0x00, 0x00, 0x00, 0x41, 0x08,
  0x00, 0xe2, 0x0f, 0x00, 0x20, 0x7c, 0xc1, 0xc1, 0x15, 0x00, 0x00, 0x00,
  0x00, 0x00, 0x41, 0x08, 0x00, 0xe2, 0x0f, 0x00, 0x20, 0x7c, 0xc2, 0xc2,
  0x15, 0x00, 0x00, 0x00, 0x00, 0x00, 0x41, 0x08, 0x00, 0xe2, 0x0f, 0x00,
  0x20, 0x7c, 0xc3, 0xc3, 0x15, 0x00, 0x00, 0x00, 0x00, 0x00, 0x41, 0x08,
  0x00, 0xf6, 0x0f, 0x00, 0x90, 0xf2, 0x3f, 0x3f, 0x3f, 0x00, 0x00, 0x00,
  0x3f, 0xe0, 0xff, 0x0f, 0x00, 0xe4, 0x0f, 0x00, 0x20, 0x7c, 0xc4, 0xc4,
  0x15, 0x00, 0x00, 0x00, 0x00, 0x00, 0x41, 0x08, 0x00, 0xe2, 0x0f, 0x00,
  0x20, 0x7c, 0xc5, 0xc5, 0x15, 0x00, 0x00, 0x00, 0x00, 0x00, 0x41, 0x08,
  0x00, 0xe2, 0x0f, 0x00, 0x20, 0x7c, 0xc6, 0xc6, 0x15, 0x00, 0x00, 0x00,
  0x00, 0x00, 0x41, 0x08, 0x00, 0xe2, 0x0f, 0x00, 0x20, 0x7c, 0xc7, 0xc7,
  0x15, 0x00, 0x00, 0x00, 0x00, 0x00, 0x41, 0x08, 0x00, 0xe2, 0x0f, 0x00,
  0x47, 0xa9, 0x00, 0x00, 0xd0, 0x07, 0x00, 0x00, 0x00, 0x00, 0x80, 0x01,
  0x00, 0xea, 0x0f, 0x00, 0x11, 0x7c, 0xcc, 0xc9, 0x04, 0x00, 0x00, 0x00,
  0xff, 0x08, 0x8e, 0x0f, 0x00, 0xe2, 0x0f, 0x00, 0x47, 0xa9, 0x00, 0x00,
  0x50, 0x05, 0x00, 0x00, 0x00, 0x00, 0x80, 0x03, 0x00, 0xea, 0x0f, 0x00,
  0x0c, 0x72, 0x00, 0x00, 0xcc, 0x00, 0x00, 0x00, 0x70, 0x42, 0xf4, 0x03,
  0x00, 0xe4, 0x0f, 0x08, 0x10, 0x7a, 0xcb, 0xcc, 0x00, 0xef, 0x00, 0x00,
  0xff, 0xe0, 0xff, 0x07, 0x00, 0xe4, 0x0f, 0x00, 0x0c, 0x72, 0x00, 0x03,
  0xcc, 0x00, 0x00, 0x00, 0x70, 0x62, 0xfa, 0x03, 0x00, 0xe4, 0x0f, 0x00,
  0x45, 0x72, 0xed, 0x00, 0xcb, 0x00, 0x00, 0x00, 0x00, 0x14, 0x20, 0x00,
  0x00, 0xce, 0x0f, 0x00, 0x10, 0x28, 0xea, 0xcb, 0x01, 0x00, 0x00, 0x00,
  0xff, 0xe0, 0xff, 0x07, 0x00, 0xc8, 0x0f, 0x00, 0x45, 0x22, 0xeb, 0x00,
  0xea, 0x00, 0x00, 0x00, 0x00, 0x14, 0x20, 0x00, 0x00, 0xe2, 0x0f, 0x00,
  0x20, 0x7a, 0xea, 0x02, 0x00, 0xed, 0x00, 0x00, 0x00, 0x00, 0x41, 0x00,
  0x00, 0xc8, 0x0f, 0x00, 0x20, 0x22, 0xec, 0xea, 0xeb, 0x00, 0x00, 0x00,
  0x00, 0x00, 0x41, 0x00, 0x00, 0xe2, 0x0f, 0x04, 0x02, 0x78, 0xeb, 0x00,
  0xff, 0xff, 0x7f, 0xff, 0x00, 0x0f, 0x00, 0x00, 0x00, 0xe2, 0x0f, 0x00,
  0x20, 0x72, 0xed, 0xea, 0xed, 0x00, 0x00, 0x00, 0x00, 0x00, 0x41, 0x00,
  0x00, 0xe4, 0x0f, 0x00, 0x23, 0x2a, 0xeb, 0xb9, 0x00, 0xed, 0x00, 0x00,
  0xec, 0x00, 0x01, 0x00, 0x00, 0xe2, 0x0f, 0x00, 0x10, 0x78, 0xb9, 0xcc,
  0x08, 0x00, 0x00, 0x00, 0xff, 0xe0, 0xff, 0x07, 0x00, 0xe2, 0x0f, 0x00,
  0x23, 0x7a, 0xef, 0xb8, 0x00, 0xed, 0x00, 0x00, 0xed, 0x00, 0x01, 0x00,
  0x00, 0xe2, 0x0f, 0x10, 0x23, 0x7a, 0xec, 0xba, 0x00, 0xed, 0x00, 0x00,
  0xed, 0x00, 0x01, 0x00, 0x00, 0xe2, 0x0f, 0x00, 0x10, 0x78, 0xba, 0xcc,
  0x09, 0x00, 0x00, 0x00, 0xff, 0xe0, 0xff, 0x07, 0x00, 0xe4, 0x0f, 0x00,
  0x10, 0x7a, 0xb8, 0xb9, 0x00, 0xef, 0x00, 0x00, 0xff, 0xe0, 0xff, 0x07,
  0x00, 0xc4, 0x0f, 0x00, 0x0c, 0x72, 0x00, 0x00, 0xb9, 0x00, 0x00, 0x00,
  0x70, 0x62, 0xf8, 0x03, 0x00, 0xe4, 0x0f, 0x0c, 0x0c, 0x72, 0x00, 0x03,
  0xb9, 0x00, 0x00, 0x00, 0x70, 0x62, 0xf6, 0x03, 0x00, 0xe4, 0x0f, 0x04,
  0x45, 0x72, 0xb9, 0x00, 0xb8, 0x00, 0x00, 0x00, 0x00, 0x14, 0x20, 0x00,
  0x00, 0xe4, 0x0f, 0x00, 0x0c, 0x72, 0x00, 0x00, 0xba, 0x00, 0x00, 0x00,
  0x70, 0x62, 0xf4, 0x03, 0x00, 0xe4, 0x0f, 0x08, 0x0c, 0x72, 0x00, 0x03,
  0xba, 0x00, 0x00, 0x00, 0x70, 0x62, 0xfc, 0x03, 0x00, 0xe2, 0x0f, 0x00,
  0x20, 0x72, 0xed, 0xea, 0xb9, 0x00, 0x00, 0x00, 0x00, 0x00, 0x41, 0x00,
  0x00, 0xe2, 0x0f, 0x00, 0x10, 0x7a, 0xba, 0xba, 0x00, 0xef, 0x00, 0x00,
  0xff, 0xe0, 0xff, 0x07, 0x00, 0xc6, 0x0f, 0x00, 0x23, 0x7a, 0xe8, 0xe8,
  0x00, 0xed, 0x00, 0x00, 0xed, 0x00, 0x01, 0x00, 0x00, 0xe2, 0x0f, 0x10,
  0x45, 0x72, 0xb9, 0x00, 0xba, 0x00, 0x00, 0x00, 0x00, 0x14, 0x20, 0x00,
  0x00, 0xe2, 0x0f, 0x00, 0x23, 0x7a, 0xee, 0xbe, 0x00, 0xed, 0x00, 0x00,
  0xed, 0x00, 0x01, 0x00, 0x00, 0xe2, 0x0f, 0x00, 0x08, 0x78, 0xba, 0xec,
  0xff, 0xff, 0x7f, 0xff, 0x00, 0x00, 0x80, 0x02, 0x00, 0xe4, 0x0f, 0x00,
  0x0c, 0x72, 0x00, 0x00, 0xcc, 0x00, 0x00, 0x00, 0x70, 0x62, 0xfa, 0x03,
  0x00, 0xe2, 0x0f, 0x00, 0x20, 0x72, 0xb8, 0xea, 0xb9, 0x00, 0x00, 0x00,
  0x00, 0x00, 0x41, 0x00, 0x00, 0xe2, 0x0f, 0x00, 0x10, 0x78, 0xb9, 0xcc,
  0x10, 0x00, 0x00, 0x00, 0xff, 0xe0, 0xff, 0x07, 0x00, 0xe4, 0x0f, 0x00,
  0x08, 0x78, 0xe8, 0xe8, 0xff, 0xff, 0x7f, 0xff, 0x00, 0x00, 0x00, 0x02,
  0x00, 0xe2, 0x0f, 0x00, 0x23, 0x7a, 0xec, 0xbf, 0x00, 0xed, 0x00, 0x00,
  0xb8, 0x00, 0x01, 0x00, 0x00, 0xe2, 0x0f, 0x10, 0x10, 0x78, 0xbf, 0xcc,
  0x11, 0x00, 0x00, 0x00, 0xff, 0xe0, 0xff, 0x07, 0x00, 0xe2, 0x0f, 0x00,
  0x23, 0x7a, 0xe9, 0xe9, 0x00, 0xed, 0x00, 0x00, 0xb8, 0x00, 0x01, 0x00,
  0x00, 0xe2, 0x0f, 0x00, 0x08, 0x78, 0xb8, 0xef, 0xff, 0xff, 0x7f, 0xff,
  0x00, 0x00, 0x80, 0x02, 0x00, 0xc4, 0x0f, 0x00, 0x0c, 0x72, 0x00, 0x00,
  0xb9, 0x00, 0x00, 0x00, 0x70, 0x62, 0xfa, 0x03, 0x00, 0xe4, 0x0f, 0x08,
  0x0c, 0x72, 0x00, 0x03, 0xb9, 0x00, 0x00, 0x00, 0x70, 0x62, 0xf8, 0x03,
  0x00, 0xe4, 0x0f, 0x00, 0x10, 0x7a, 0xb9, 0xb9, 0x00, 0xef, 0x00, 0x00,
  0xff, 0xe0, 0xff, 0x07, 0x00, 0xe4, 0x0f, 0x00, 0x10, 0x7a, 0xbe, 0xbf,
  0x00, 0xef, 0x00, 0x00, 0xff, 0xe0, 0xff, 0x07, 0x00, 0xe4, 0x0f, 0x00,
  0x45, 0x72, 0xb9, 0x00, 0xb9, 0x00, 0x00, 0x00, 0x00, 0x14, 0x20, 0x00,
  0x00, 0xe4, 0x0f, 0x00, 0x45, 0x72, 0xed, 0x00, 0xbe, 0x00, 0x00, 0x00,
  0x00, 0x14, 0x20, 0x00, 0x00, 0xc4, 0x0f, 0x00, 0x08, 0x78, 0xbe, 0xee,
  0xff, 0xff, 0x7f, 0xff, 0x00, 0x00, 0x80, 0x01, 0x00, 0xe2, 0x0f, 0x00,
  0x20, 0x72, 0xb9, 0xea, 0xb9, 0x00, 0x00, 0x00, 0x00, 0x00, 0x41, 0x00,
  0x00, 0xe2, 0x0f, 0x04, 0x08, 0x78, 0xe9, 0xe9, 0xff, 0xff, 0x7f, 0xff,
  0x00, 0x00, 0x00, 0x01, 0x00, 0xe2, 0x0f, 0x00, 0x20, 0x72, 0xee, 0xea,
  0xed, 0x00, 0x00, 0x00, 0x00, 0x00, 0x41, 0x00, 0x00, 0xe2, 0x0f, 0x00,
  0x0c, 0x72, 0x00, 0x00, 0xbf, 0x00, 0x00, 0x00, 0x70, 0x62, 0xf6, 0x03,
  0x00, 0xe2, 0x0f, 0x08, 0x23, 0x7a, 0xc0, 0xc0, 0x00, 0xed, 0x00, 0x00,
  0xb9, 0x00, 0x01, 0x00, 0x00, 0xe2, 0x0f, 0x10, 0x0c, 0x72, 0x00, 0x03,
  0xbf, 0x00, 0x00, 0x00, 0x70, 0x62, 0xf4, 0x03, 0x00, 0xe2, 0x0f, 0x00,
  0x23, 0x7a, 0xc2, 0xc2, 0x00, 0xed, 0x00, 0x00, 0xb9, 0x00, 0x01, 0x00,
  0x00, 0xe2, 0x0f, 0x00, 0x08, 0x78, 0xbf, 0xec, 0xff, 0xff, 0x7f, 0xff,
  0x00, 0x00, 0x00, 0x03, 0x00, 0xe2, 0x0f, 0x00, 0x23, 0x7a, 0xec, 0xc3,
  0x00, 0xed, 0x00, 0x00, 0xee, 0x00, 0x01, 0x00, 0x00, 0xe2, 0x0f, 0x10,
  0x0c, 0x72, 0x00, 0x03, 0xcc, 0x00, 0x00, 0x00, 0x70, 0x42, 0xfc, 0x03,
  0x00, 0xe2, 0x0f, 0x00, 0x23, 0x7a, 0xc1, 0xc1, 0x00, 0xed, 0x00, 0x00,
  0xee, 0x00, 0x01, 0x00, 0x00, 0xe2, 0x0f, 0x00, 0x10, 0x78, 0xb9, 0xcc,
  0x18, 0x00, 0x00, 0x00, 0xff, 0xe0, 0xff, 0x07, 0x00, 0xc4, 0x0f, 0x00,
  0x10, 0x78, 0xcc, 0xcc, 0x19, 0x00, 0x00, 0x00, 0xff, 0xe0, 0xff, 0x07,
  0x00, 0xe4, 0x0f, 0x00, 0x08, 0x78, 0xc0, 0xc0, 0xff, 0xff, 0x7f, 0xff,
  0x00, 0x00, 0x80, 0x02, 0x00, 0xe4, 0x0f, 0x00, 0x08, 0x78, 0xc2, 0xc2,
  0xff, 0xff, 0x7f, 0xff, 0x00, 0x00, 0x00, 0x02, 0x00, 0xe4, 0x0f, 0x00,
  0x0c, 0x72, 0x00, 0x00, 0xb9, 0x00, 0x00, 0x00, 0x70, 0x62, 0xfa, 0x03,
  0x00, 0xe4, 0x0f, 0x08, 0x0c, 0x72, 0x00, 0x03, 0xb9, 0x00, 0x00, 0x00,
  0x70, 0x62, 0xf8, 0x03, 0x00, 0xe4, 0x0f, 0x00, 0x10, 0x7a, 0xb9, 0xb9,
  0x00, 0xef, 0x00, 0x00, 0xff, 0xe0, 0xff, 0x07, 0x00, 0xc4, 0x0f, 0x00,
  0x10, 0x7a, 0xc3, 0xcc, 0x00, 0xef, 0x00, 0x00, 0xff, 0xe0, 0xff, 0x07,
  0x00, 0xe4, 0x0f, 0x00, 0x10, 0x68, 0xed, 0xcb, 0x01, 0x00, 0x00, 0x00,
  0xff, 0xe0, 0xff, 0x07, 0x00, 0xe4, 0x0f, 0x00, 0x45, 0x72, 0xb9, 0x00,
  0xb9, 0x00, 0x00, 0x00, 0x00, 0x14, 0x20, 0x00, 0x00, 0xe4, 0x0f, 0x00,
  0x45, 0x72, 0xcb, 0x00, 0xc3, 0x00, 0x00, 0x00, 0x00, 0x14, 0x20, 0x00,
  0x00, 0xe4, 0x0f, 0x00, 0x45, 0x62, 0xed, 0x00, 0xed, 0x00, 0x00, 0x00,
  0x00, 0x14, 0x20, 0x00, 0x00, 0xe2, 0x0f, 0x00, 0x20, 0x72, 0xb9, 0xea,
  0xb9, 0x00, 0x00, 0x00, 0x00, 0x00, 0x41, 0x00, 0x00, 0xe2, 0x0f, 0x00,
  0x08, 0x78, 0xc1, 0xc1, 0xff, 0xff, 0x7f, 0xff, 0x00, 0x00, 0x80, 0x01,
  0x00, 0xc4, 0x0f, 0x00, 0x08, 0x78, 0xc3, 0xec, 0xff, 0xff, 0x7f, 0xff,
  0x00, 0x00, 0x00, 0x01, 0x00, 0xe2, 0x0f, 0x00, 0x23, 0x7a, 0xc4, 0xc4,
  0x00, 0xed, 0x00, 0x00, 0xb9, 0x00, 0x01, 0x00, 0x00, 0xe2, 0x0f, 0x10,
  0x0c, 0x72, 0x00, 0x00, 0xcc, 0x00, 0x00, 0x00, 0x70, 0x62, 0xf6, 0x03,
  0x00, 0xe2, 0x0f, 0x08, 0x23, 0x7a, 0xc6, 0xc6, 0x00, 0xed, 0x00, 0x00,
  0xb9, 0x00, 0x01, 0x00, 0x00, 0xe2, 0x0f, 0x00, 0x0c, 0x72, 0x00, 0x03,
  0xcc, 0x00, 0x00, 0x00, 0x70, 0x62, 0xf4, 0x03, 0x00, 0xe2, 0x0f, 0x00,
  0x20, 0x72, 0xcc, 0xea, 0xcb, 0x00, 0x00, 0x00, 0x00, 0x00, 0x41, 0x00,
  0x00, 0xe2, 0x0f, 0x04, 0x20, 0x62, 0xea, 0xea, 0xed, 0x00, 0x00, 0x00,
  0x00, 0x00, 0x41, 0x00, 0x00, 0xe2, 0x0f, 0x00, 0x24, 0x74, 0xcb, 0xff,
  0xff, 0xff, 0x7f, 0xff, 0xff, 0x00, 0x8e, 0x07, 0x00, 0xe2, 0x0f, 0x00,
  0x08, 0x78, 0xc4, 0xc4, 0xff, 0xff, 0x7f, 0xff, 0x00, 0x00, 0x80, 0x02,
  0x00, 0xe2, 0x0f, 0x00, 0x23, 0x7a, 0xc5, 0xc5, 0x00, 0xed, 0x00, 0x00,
  0xcc, 0x00, 0x01, 0x00, 0x00, 0xe2, 0x0f, 0x10, 0x23, 0x7a, 0xc7, 0xc7,
  0x00, 0xed, 0x00, 0x00, 0xcc, 0x00, 0x01, 0x00, 0x00, 0xe2, 0x0f, 0x00,
  0x23, 0x6a, 0xcb, 0xbb, 0x00, 0xed, 0x00, 0x00, 0xea, 0x00, 0x01, 0x00,
  0x00, 0xe2, 0x0f, 0x00, 0x08, 0x78, 0xc6, 0xc6, 0xff, 0xff, 0x7f, 0xff,
  0x00, 0x00, 0x00, 0x02, 0x00, 0xe2, 0x0f, 0x00, 0x24, 0x72, 0xb9, 0xff,
  0xff, 0x00, 0x00, 0x00, 0xeb, 0x00, 0x8e, 0x07, 0x00, 0xe2, 0x0f, 0x00,
  0x08, 0x78, 0xc5, 0xc5, 0xff, 0xff, 0x7f, 0xff, 0x00, 0x00, 0x80, 0x01,
  0x00, 0xe2, 0x0f, 0x00, 0x24, 0x72, 0xbb, 0xff, 0xff, 0x00, 0x00, 0x00,
  0xcb, 0x00, 0x8e, 0x07, 0x00, 0xe2, 0x0f, 0x00, 0x08, 0x78, 0xc7, 0xc7,
  0xff, 0xff, 0x7f, 0xff, 0x00, 0x00, 0x00, 0x01, 0x00, 0xe2, 0x0f, 0x00,
  0x47, 0x79, 0x00, 0x00, 0x60, 0x02, 0x00, 0x00, 0x00, 0x00, 0x80, 0x03,
  0x00, 0xea, 0x0f, 0x00, 0x10, 0x78, 0xcb, 0xcc, 0x08, 0x00, 0x00, 0x00,
  0xff, 0xe0, 0xff, 0x07, 0x00, 0xe4, 0x0f, 0x04, 0x10, 0x78, 0xea, 0xcc,
  0x09, 0x00, 0x00, 0x00, 0xff, 0xe0, 0xff, 0x07, 0x00, 0xc4, 0x0f, 0x00,
  0x0c, 0x72, 0x00, 0x00, 0xcb, 0x00, 0x00, 0x00, 0x70, 0x62, 0xfc, 0x03,
  0x00, 0xe4, 0x0f, 0x0c, 0x0c, 0x72, 0x00, 0x03, 0xcb, 0x00, 0x00, 0x00,
  0x70, 0x62, 0xfa, 0x03, 0x00, 0xe4, 0x0f, 0x04, 0x0c, 0x72, 0x00, 0x00,
  0xea, 0x00, 0x00, 0x00, 0x70, 0x62, 0xf4, 0x03, 0x00, 0xe4, 0x0f, 0x08,
  0x0c, 0x72, 0x00, 0x03, 0xea, 0x00, 0x00, 0x00, 0x70, 0x62, 0xf8, 0x03,
  0x00, 0xe4, 0x0f, 0x00, 0x10, 0x78, 0xcb, 0xcc, 0x10, 0x00, 0x00, 0x00,
  0xff, 0xe0, 0xff, 0x07, 0x00, 0xe4, 0x0f, 0x04, 0x10, 0x78, 0xea, 0xcc,
  0x11, 0x00, 0x00, 0x00, 0xff, 0xe0, 0xff, 0x07, 0x00, 0xc4, 0x0f, 0x00,
  0x08, 0x78, 0xe8, 0xe8, 0xff, 0xff, 0x7f, 0xff, 0x00, 0x00, 0x00, 0x03,
  0x00, 0xe4, 0x0f, 0x00, 0x08, 0x78, 0xbe, 0xbe, 0xff, 0xff, 0x7f, 0xff,
  0x00, 0x00, 0x80, 0x02, 0x00, 0xe4, 0x0f, 0x00, 0x0c, 0x72, 0x00, 0x00,
  0xcb, 0x00, 0x00, 0x00, 0x70, 0x62, 0xf6, 0x03, 0x00, 0xe4, 0x0f, 0x0c,
  0x0c, 0x72, 0x00, 0x03, 0xcb, 0x00, 0x00, 0x00, 0x70, 0x62, 0xfc, 0x03,
  0x00, 0xe4, 0x0f, 0x00, 0x0c, 0x72, 0x00, 0x00, 0xea, 0x00, 0x00, 0x00,
  0x70, 0x62, 0xfa, 0x03, 0x00, 0xe4, 0x0f, 0x00, 0x08, 0x78, 0xe9, 0xe9,
  0xff, 0xff, 0x7f, 0xff, 0x00, 0x00, 0x00, 0x01, 0x00, 0xc4, 0x0f, 0x00,
  0x08, 0x78, 0xbf, 0xbf, 0xff, 0xff, 0x7f, 0xff, 0x00, 0x00, 0x00, 0x02,
  0x00, 0xe4, 0x0f, 0x00, 0x08, 0x78, 0xc0, 0xc0, 0xff, 0xff, 0x7f, 0xff,
  0x00, 0x00, 0x80, 0x01, 0x00, 0xe4, 0x0f, 0x00, 0x08, 0x78, 0xc2, 0xc2,
  0xff, 0xff, 0x7f, 0xff, 0x00, 0x00, 0x00, 0x03, 0x00, 0xe4, 0x0f, 0x00,
  0x08, 0x78, 0xc1, 0xc1, 0xff, 0xff, 0x7f, 0xff, 0x00, 0x00, 0x80, 0x02,
  0x00, 0xe4, 0x0f, 0x00, 0x0c, 0x72, 0x00, 0x03, 0xea, 0x00, 0x00, 0x00,
  0x70, 0x62, 0xf4, 0x03, 0x00, 0xe4, 0x0f, 0x00, 0x0c, 0x72, 0x00, 0x00,
  0xcc, 0x00, 0x00, 0x00, 0x70, 0x42, 0xf8, 0x03, 0x00, 0xc4, 0x0f, 0x00,
  0x0c, 0x72, 0x00, 0x03, 0xcc, 0x00, 0x00, 0x00, 0x70, 0x62, 0xf6, 0x03,
  0x00, 0xe4, 0x0f, 0x0c, 0x0c, 0x72, 0x00, 0x00, 0xcc, 0x00, 0x00, 0x00,
  0x70, 0x62, 0xfc, 0x03, 0x00, 0xe4, 0x0f, 0x08, 0x10, 0x78, 0xcb, 0xcc,
  0x18, 0x00, 0x00, 0x00, 0xff, 0xe0, 0xff, 0x07, 0x00, 0xe4, 0x0f, 0x04,
  0x0c, 0x72, 0x00, 0x03, 0xcc, 0x00, 0x00, 0x00, 0x70, 0x42, 0xfa, 0x03,
  0x00, 0xe4, 0x0f, 0x00, 0x10, 0x78, 0xcc, 0xcc, 0x19, 0x00, 0x00, 0x00,
  0xff, 0xe0, 0xff, 0x07, 0x00, 0xe4, 0x0f, 0x00, 0x08, 0x78, 0xc3, 0xc3,
  0xff, 0xff, 0x7f, 0xff, 0x00, 0x00, 0x00, 0x01, 0x00, 0xc4, 0x0f, 0x00,
  0x08, 0x78, 0xb9, 0xb9, 0xff, 0xff, 0x7f, 0xff, 0x00, 0x00, 0x00, 0x02,
  0x00, 0xe4, 0x0f, 0x00, 0x08, 0x78, 0xba, 0xba, 0xff, 0xff, 0x7f, 0xff,
  0x00, 0x00, 0x80, 0x01, 0x00, 0xe4, 0x0f, 0x00, 0x08, 0x78, 0xb8, 0xb8,
  0xff, 0xff, 0x7f, 0xff, 0x00, 0x00, 0x00, 0x03, 0x00, 0xe4, 0x0f, 0x00,
  0x0c, 0x72, 0x00, 0x00, 0xcb, 0x00, 0x00, 0x00, 0x70, 0x62, 0xf4, 0x03,
  0x00, 0xe4, 0x0f, 0x0c, 0x0c, 0x72, 0x00, 0x03, 0xcb, 0x00, 0x00, 0x00,
  0x70, 0x62, 0xf8, 0x03, 0x00, 0xe4, 0x0f, 0x00, 0x0c, 0x72, 0x00, 0x00,
  0xcc, 0x00, 0x00, 0x00, 0x70, 0x62, 0xf6, 0x03, 0x00, 0xc4, 0x0f, 0x00,
  0x0c, 0x72, 0x00, 0x03, 0xcc, 0x00, 0x00, 0x00, 0x70, 0x62, 0xfc, 0x03,
  0x00, 0xe4, 0x0f, 0x00, 0x08, 0x78, 0xbb, 0xbb, 0xff, 0xff, 0x7f, 0xff,
  0x00, 0x00, 0x80, 0x02, 0x00, 0xe4, 0x0f, 0x00, 0x08, 0x78, 0xc4, 0xc4,
  0xff, 0xff, 0x7f, 0xff, 0x00, 0x00, 0x00, 0x01, 0x00, 0xe4, 0x0f, 0x00,
  0x08, 0x78, 0xc6, 0xc6, 0xff, 0xff, 0x7f, 0xff, 0x00, 0x00, 0x00, 0x02,
  0x00, 0xe4, 0x0f, 0x00, 0x08, 0x78, 0xc5, 0xc5, 0xff, 0xff, 0x7f, 0xff,
  0x00, 0x00, 0x80, 0x01, 0x00, 0xe4, 0x0f, 0x00, 0x08, 0x78, 0xc7, 0xc7,
  0xff, 0xff, 0x7f, 0xff, 0x00, 0x00, 0x00, 0x03, 0x00, 0xc4, 0x0f, 0x00,
  0x09, 0x72, 0xcb, 0xb9, 0xb8, 0x00, 0x00, 0x00, 0x00, 0x00, 0x81, 0x07,
  0x00, 0xe4, 0x0f, 0x00, 0x09, 0x72, 0xeb, 0xbb, 0xba, 0x00, 0x00, 0x00,
  0x00, 0x00, 0x81, 0x07, 0x00, 0xc4, 0x0f, 0x00, 0x09, 0x72, 0xcc, 0xcb,
  0xe8, 0x00, 0x00, 0x00, 0x00, 0x00, 0x81, 0x07, 0x00, 0xe4, 0x0f, 0x00,
  0x09, 0x72, 0xea, 0xeb, 0xbe, 0x00, 0x00, 0x00, 0x00, 0x00, 0x81, 0x07,
  0x00, 0xe4, 0x0f, 0x00, 0x09, 0x72, 0xcb, 0xcc, 0xe9, 0x00, 0x00, 0x00,
  0x00, 0x00, 0x81, 0x07, 0x00, 0xe4, 0x0f, 0x00, 0x09, 0x72, 0xeb, 0xea,
  0xbf, 0x00, 0x00, 0x00, 0x00, 0x00, 0x81, 0x07, 0x00, 0xe4, 0x0f, 0x00,
  0x0c, 0x7c, 0x00, 0xff, 0x04, 0x00, 0x00, 0x00, 0x70, 0x52, 0xf4, 0x0b,
  0x00, 0xe4, 0x0f, 0x00, 0x09, 0x72, 0xcc, 0xcb, 0xc0, 0x00, 0x00, 0x00,
  0x00, 0x00, 0x81, 0x07, 0x00, 0xc4, 0x0f, 0x00, 0x09, 0x72, 0xea, 0xeb,
  0xc2, 0x00, 0x00, 0x00, 0x00, 0x00, 0x81, 0x07, 0x00, 0xe4, 0x0f, 0x00,
  0x09, 0x72, 0xcb, 0xcc, 0xc1, 0x00, 0x00, 0x00, 0x00, 0x00, 0x81, 0x07,
  0x00, 0xe4, 0x0f, 0x00, 0x09, 0x72, 0xeb, 0xea, 0xc3, 0x00, 0x00, 0x00,
  0x00, 0x00, 0x81, 0x07, 0x00, 0xe4, 0x0f, 0x00, 0x09, 0x72, 0xcc, 0xcb,
  0xc4, 0x00, 0x00, 0x00, 0x00, 0x00, 0x81, 0x07, 0x00, 0xe4, 0x0f, 0x00,
  0x09, 0x72, 0xea, 0xeb, 0xc6, 0x00, 0x00, 0x00, 0x00, 0x00, 0x81, 0x07,
  0x00, 0xe4, 0x0f, 0x00, 0x09, 0x72, 0xec, 0xcc, 0xc5, 0x00, 0x00, 0x00,
  0x00, 0x00, 0x81, 0x07, 0x00, 0xc4, 0x0f, 0x00, 0x09, 0x72, 0xed, 0xea,
  0xc7, 0x00, 0x00, 0x00, 0x00, 0x00, 0x81, 0x07, 0x00, 0xe2, 0x0f, 0x00,
  0x47, 0xa9, 0x00, 0x00, 0xf0, 0x0a, 0x00, 0x00, 0x00, 0x00, 0x80, 0x03,
  0x00, 0xea, 0x0f, 0x00, 0x89, 0x7f, 0xcb, 0xec, 0x00, 0x1f, 0x20, 0x0c,
  0x00, 0x00, 0x0e, 0x00, 0x00, 0x68, 0x0e, 0x00, 0x89, 0x7f, 0xeb, 0xed,
  0x00, 0x1f, 0x20, 0x0c, 0x00, 0x00, 0x0e, 0x00, 0x00, 0xa2, 0x0e, 0x00,
  0x09, 0x72, 0xcc, 0xec, 0xcb, 0x00, 0x00, 0x00, 0x00, 0x00, 0x81, 0x07,
  0x00, 0xe4, 0x2f, 0x00, 0x09, 0x72, 0xeb, 0xed, 0xeb, 0x00, 0x00, 0x00,
  0x00, 0x00, 0x81, 0x07, 0x00, 0xc6, 0x4f, 0x00, 0x89, 0x7f, 0xcb, 0xcc,
  0x00, 0x1f, 0x40, 0x0c, 0x00, 0x00, 0x0e, 0x00, 0x00, 0x68, 0x0e, 0x00,
  0x89, 0x7f, 0xec, 0xeb, 0x00, 0x1f, 0x40, 0x0c, 0x00, 0x00, 0x0e, 0x00,
  0x00, 0xa2, 0x0e, 0x00, 0x09, 0x72, 0xcb, 0xcc, 0xcb, 0x00, 0x00, 0x00,
  0x00, 0x00, 0x81, 0x07, 0x00, 0xc8, 0x2f, 0x00, 0x09, 0x72, 0xcb, 0xcb,
  0xbc, 0x00, 0x00, 0x00, 0x00, 0x00, 0x81, 0x07, 0x00, 0xe4, 0x0f, 0x00,
  0x09, 0x72, 0xec, 0xeb, 0xec, 0x00, 0x00, 0x00, 0x00, 0x00, 0x81, 0x07,
  0x00, 0xc6, 0x4f, 0x00, 0x21, 0x74, 0xea, 0xcb, 0x18, 0x72, 0xb1, 0xc0,
  0x00, 0x00, 0x01, 0x00, 0x00, 0xe2, 0x0f, 0x04, 0x09, 0x72, 0xcc, 0xec,
  0xbd, 0x00, 0x00, 0x00, 0x00, 0x00, 0x81, 0x07, 0x00, 0xe2, 0x0f, 0x00,
  0x21, 0x72, 0xbc, 0xcb, 0xbc, 0x00, 0x00, 0x00, 0x00, 0x01, 0x01, 0x00,
  0x00, 0xe4, 0x0f, 0x00, 0x21, 0x72, 0xb8, 0xea, 0xb8, 0x00, 0x00, 0x00,
  0x00, 0x01, 0x01, 0x00, 0x00, 0xe2, 0x0f, 0x04, 0x21, 0x72, 0xb9, 0xea,
  0xb9, 0x00, 0x00, 0x00, 0x00, 0x01, 0x01, 0x00, 0x00, 0xe2, 0x0f, 0x04,
  0x21, 0x72, 0xe8, 0xea, 0xe8, 0x00, 0x00, 0x00, 0x00, 0x01, 0x01, 0x00,
  0x00, 0xe2, 0x0f, 0x04, 0x21, 0x72, 0xe9, 0xea, 0xe9, 0x00, 0x00, 0x00,
  0x00, 0x01, 0x01, 0x00, 0x00, 0xe2, 0x0f, 0x00, 0x20, 0x78, 0xb8, 0xb8,
  0x3b, 0xaa, 0xb8, 0x3f, 0x00, 0x00, 0x41, 0x00, 0x00, 0xe2, 0x0f, 0x00,
  0x20, 0x78, 0xb9, 0xb9, 0x3b, 0xaa, 0xb8, 0x3f, 0x00, 0x00, 0x41, 0x00,
  0x00, 0xe2, 0x0f, 0x00, 0x21, 0x72, 0xc0, 0xea, 0xc0, 0x00, 0x00, 0x00,
  0x00, 0x01, 0x01, 0x00, 0x00, 0xe2, 0x0f, 0x04, 0x21, 0x72, 0xc1, 0xea,
  0xc1, 0x00, 0x00, 0x00, 0x00, 0x01, 0x01, 0x00, 0x00, 0xe2, 0x0f, 0x04,
  0x21, 0x72, 0xc4, 0xea, 0xc4, 0x00, 0x00, 0x00, 0x00, 0x01, 0x01, 0x00,
  0x00, 0xe2, 0x0f, 0x04, 0x21, 0x72, 0xc5, 0xea, 0xc5, 0x00, 0x00, 0x00,
  0x00, 0x01, 0x01, 0x00, 0x00, 0xe2, 0x0f, 0x00, 0x21, 0x74, 0xea, 0xcc,
  0x18, 0x72, 0xb1, 0xc0, 0x00, 0x00, 0x01, 0x00, 0x00, 0xe2, 0x0f, 0x00,
  0x20, 0x78, 0xe8, 0xe8, 0x3b, 0xaa, 0xb8, 0x3f, 0x00, 0x00, 0x41, 0x00,
  0x00, 0xe2, 0x0f, 0x00, 0x20, 0x78, 0xe9, 0xe9, 0x3b, 0xaa, 0xb8, 0x3f,
  0x00, 0x00, 0x41, 0x00, 0x00, 0xe2, 0x0f, 0x00, 0x20, 0x78, 0xc0, 0xc0,
  0x3b, 0xaa, 0xb8, 0x3f, 0x00, 0x00, 0x41, 0x00, 0x00, 0xe2, 0x0f, 0x00,
  0x20, 0x78, 0xc1, 0xc1, 0x3b, 0xaa, 0xb8, 0x3f, 0x00, 0x00, 0x41, 0x00,
  0x00, 0xe2, 0x0f, 0x00, 0x21, 0x72, 0xba, 0xea, 0xba, 0x00, 0x00, 0x00,
  0x00, 0x01, 0x01, 0x00, 0x00, 0xe2, 0x0f, 0x04, 0x21, 0x72, 0xbb, 0xea,
  0xbb, 0x00, 0x00, 0x00, 0x00, 0x01, 0x01, 0x00, 0x00, 0xe2, 0x0f, 0x00,
  0x08, 0x73, 0xb8, 0x00, 0xb8, 0x00, 0x00, 0x00, 0x00, 0x08, 0x00, 0x00,
  0x00, 0xe2, 0x0f, 0x00, 0x20, 0x78, 0xc4, 0xc4, 0x3b, 0xaa, 0xb8, 0x3f,
  0x00, 0x00, 0x41, 0x00, 0x00, 0xe2, 0x0f, 0x00, 0x20, 0x78, 0xc5, 0xc5,
  0x3b, 0xaa, 0xb8, 0x3f, 0x00, 0x00, 0x41, 0x00, 0x00, 0xe2, 0x0f, 0x00,
  0x20, 0x78, 0xba, 0xba, 0x3b, 0xaa, 0xb8, 0x3f, 0x00, 0x00, 0x41, 0x00,
  0x00, 0xe2, 0x0f, 0x00, 0x20, 0x78, 0xbb, 0xbb, 0x3b, 0xaa, 0xb8, 0x3f,
  0x00, 0x00, 0x41, 0x00, 0x00, 0xe2, 0x0f, 0x00, 0x21, 0x72, 0xc2, 0xea,
  0xc2, 0x00, 0x00, 0x00, 0x00, 0x01, 0x01, 0x00, 0x00, 0xe2, 0x0f, 0x04,
  0x21, 0x72, 0xc3, 0xea, 0xc3, 0x00, 0x00, 0x00, 0x00, 0x01, 0x01, 0x00,
  0x00, 0xe2, 0x0f, 0x04, 0x21, 0x72, 0xbe, 0xea, 0xbe, 0x00, 0x00, 0x00,
  0x00, 0x01, 0x01, 0x00, 0x00, 0xe2, 0x0f, 0x00, 0x08, 0x73, 0xb9, 0x00,
  0xb9, 0x00, 0x00, 0x00, 0x00, 0x08, 0x00, 0x00, 0x00, 0x62, 0x0e, 0x00,
  0x20, 0x78, 0xc2, 0xc2, 0x3b, 0xaa, 0xb8, 0x3f, 0x00, 0x00, 0x41, 0x00,
  0x00, 0xe2, 0x0f, 0x00, 0x20, 0x78, 0xc3, 0xc3, 0x3b, 0xaa, 0xb8, 0x3f,
  0x00, 0x00, 0x41, 0x00, 0x00, 0xe2, 0x0f, 0x00, 0x21, 0x72, 0xbf, 0xea,
  0xbf, 0x00, 0x00, 0x00, 0x00, 0x01, 0x01, 0x00, 0x00, 0xe2, 0x0f, 0x00,
  0x20, 0x78, 0xbe, 0xbe, 0x3b, 0xaa, 0xb8, 0x3f, 0x00, 0x00, 0x41, 0x00,
  0x00, 0xe2, 0x0f, 0x00, 0x21, 0x72, 0xc6, 0xea, 0xc6, 0x00, 0x00, 0x00,
  0x00, 0x01, 0x01, 0x00, 0x00, 0xe2, 0x0f, 0x04, 0x21, 0x72, 0xc7, 0xea,
  0xc7, 0x00, 0x00, 0x00, 0x00, 0x01, 0x01, 0x00, 0x00, 0xe2, 0x0f, 0x00,
  0x20, 0x78, 0xbf, 0xbf, 0x3b, 0xaa, 0xb8, 0x3f, 0x00, 0x00, 0x41, 0x00,
  0x00, 0xe2, 0x0f, 0x00, 0x08, 0x73, 0xe8, 0x00, 0xe8, 0x00, 0x00, 0x00,
  0x00, 0x08, 0x00, 0x00, 0x00, 0xe2, 0x0f, 0x00, 0x20, 0x78, 0xc6, 0xc6,
  0x3b, 0xaa, 0xb8, 0x3f, 0x00, 0x00, 0x41, 0x00, 0x00, 0xe2, 0x0f, 0x00,
  0x20, 0x78, 0xc7, 0xc7, 0x3b, 0xaa, 0xb8, 0x3f, 0x00, 0x00, 0x41, 0x00,
  0x00, 0xe2, 0x0f, 0x00, 0x21, 0x72, 0xbd, 0xcc, 0xbd, 0x00, 0x00, 0x00,
  0x00, 0x01, 0x01, 0x00, 0x00, 0xe2, 0x0f, 0x00, 0x20, 0x78, 0xbc, 0xbc,
  0x3b, 0xaa, 0xb8, 0x3f, 0x00, 0x00, 0x41, 0x00, 0x00, 0xc6, 0x0f, 0x00,
  0x20, 0x78, 0xbd, 0xbd, 0x3b, 0xaa, 0xb8, 0x3f, 0x00, 0x00, 0x41, 0x00,
  0x00, 0xe2, 0x0f, 0x00, 0x08, 0x73, 0xe9, 0x00, 0xe9, 0x00, 0x00, 0x00,
  0x00, 0x08, 0x00, 0x00, 0x00, 0xa2, 0x0e, 0x00, 0x21, 0x72, 0xeb, 0xb8,
  0xb9, 0x00, 0x00, 0x00, 0x00, 0x00, 0x01, 0x00, 0x00, 0xc8, 0x2f, 0x00,
  0x21, 0x72, 0xeb, 0xff, 0xeb, 0x00, 0x00, 0x00, 0x00, 0x00, 0x01, 0x00,
  0x00, 0xc6, 0x0f, 0x00, 0x08, 0x73, 0xc0, 0x00, 0xc0, 0x00, 0x00, 0x00,
  0x00, 0x08, 0x00, 0x00, 0x00, 0xf0, 0x0f, 0x00, 0x08, 0x73, 0xc1, 0x00,
  0xc1, 0x00, 0x00, 0x00, 0x00, 0x08, 0x00, 0x00, 0x00, 0x62, 0x0e, 0x00,
  0x21, 0x72, 0xea, 0xe8, 0xe9, 0x00, 0x00, 0x00, 0x00, 0x00, 0x01, 0x00,
  0x00, 0xc8, 0x4f, 0x00, 0x21, 0x72, 0xea, 0xff, 0xea, 0x00, 0x00, 0x00,
  0x00, 0x00, 0x01, 0x00, 0x00, 0xc6, 0x0f, 0x00, 0x08, 0x73, 0xc4, 0x00,
  0xc4, 0x00, 0x00, 0x00, 0x00, 0x08, 0x00, 0x00, 0x00, 0xf0, 0x0f, 0x00,
  0x08, 0x73, 0xc5, 0x00, 0xc5, 0x00, 0x00, 0x00, 0x00, 0x08, 0x00, 0x00,
  0x00, 0xa2, 0x0e, 0x00, 0x21, 0x72, 0xec, 0xc0, 0xc1, 0x00, 0x00, 0x00,
  0x00, 0x00, 0x01, 0x00, 0x00, 0xc8, 0x2f, 0x00, 0x21, 0x72, 0xeb, 0xeb,
  0xec, 0x00, 0x00, 0x00, 0x00, 0x00, 0x01, 0x00, 0x00, 0xc6, 0x0f, 0x00,
  0x08, 0x73, 0xba, 0x00, 0xba, 0x00, 0x00, 0x00, 0x00, 0x08, 0x00, 0x00,
  0x00, 0xf0, 0x0f, 0x00, 0x08, 0x73, 0xbb, 0x00, 0xbb, 0x00, 0x00, 0x00,
  0x00, 0x08, 0x00, 0x00, 0x00, 0x62, 0x0e, 0x00, 0x21, 0x72, 0xed, 0xc4,
  0xc5, 0x00, 0x00, 0x00, 0x00, 0x00, 0x01, 0x00, 0x00, 0xc8, 0x4f, 0x00,
  0x21, 0x72, 0xea, 0xea, 0xed, 0x00, 0x00, 0x00, 0x00, 0x00, 0x01, 0x00,
  0x00, 0xc6, 0x0f, 0x00, 0x08, 0x73, 0xc2, 0x00, 0xc2, 0x00, 0x00, 0x00,
  0x00, 0x08, 0x00, 0x00, 0x00, 0xe2, 0x0f, 0x00, 0x21, 0x72, 0xea, 0xeb,
  0xea, 0x00, 0x00, 0x00, 0x00, 0x00, 0x01, 0x00, 0x00, 0xca, 0x0f, 0x00,
  0x89, 0x7f, 0xeb, 0xea, 0x00, 0x1f, 0x20, 0x0c, 0x00, 0x00, 0x0e, 0x00,
  0x00, 0xa4, 0x0e, 0x00, 0x08, 0x73, 0xc3, 0x00, 0xc3, 0x00, 0x00, 0x00,
  0x00, 0x08, 0x00, 0x00, 0x00, 0xe2, 0x0e, 0x00, 0x21, 0x72, 0xec, 0xba,
  0xbb, 0x00, 0x00, 0x00, 0x00, 0x00, 0x01, 0x00, 0x00, 0xc8, 0x2f, 0x00,
  0x21, 0x72, 0xec, 0xff, 0xec, 0x00, 0x00, 0x00, 0x00, 0x00, 0x01, 0x00,
  0x00, 0xc6, 0x0f, 0x00, 0x08, 0x73, 0xbe, 0x00, 0xbe, 0x00, 0x00, 0x00,
  0x00, 0x08, 0x00, 0x00, 0x00, 0xf0, 0x0f, 0x00, 0x08, 0x73, 0xbf, 0x00,
  0xbf, 0x00, 0x00, 0x00, 0x00, 0x08, 0x00, 0x00, 0x00, 0x62, 0x0e, 0x00,
  0x21, 0x72, 0xed, 0xc2, 0xc3, 0x00, 0x00, 0x00, 0x00, 0x00, 0x01, 0x00,
  0x00, 0xc8, 0x8f, 0x00, 0x21, 0x72, 0xed, 0xec, 0xed, 0x00, 0x00, 0x00,
  0x00, 0x00, 0x01, 0x00, 0x00, 0xe2, 0x0f, 0x00, 0x21, 0x72, 0xeb, 0xea,
  0xeb, 0x00, 0x00, 0x00, 0x00, 0x00, 0x01, 0x00, 0x00, 0xe4, 0x4f, 0x00,
  0x08, 0x73, 0xc6, 0x00, 0xc6, 0x00, 0x00, 0x00, 0x00, 0x08, 0x00, 0x00,
  0x00, 0xe6, 0x0f, 0x00, 0x89, 0x7f, 0xee, 0xeb, 0x00, 0x1f, 0x40, 0x0c,
  0x00, 0x00, 0x0e, 0x00, 0x00, 0xea, 0x0f, 0x00, 0x08, 0x73, 0xc7, 0x00,
  0xc7, 0x00, 0x00, 0x00, 0x00, 0x08, 0x00, 0x00, 0x00, 0xa2, 0x0e, 0x00,
  0x21, 0x72, 0xec, 0xbe, 0xbf, 0x00, 0x00, 0x00, 0x00, 0x00, 0x01, 0x00,
  0x00, 0xc8, 0x2f, 0x00, 0x21, 0x72, 0xec, 0xff, 0xec, 0x00, 0x00, 0x00,
  0x00, 0x00, 0x01, 0x00, 0x00, 0xc6, 0x0f, 0x00, 0x08, 0x73, 0xbc, 0x00,
  0xbc, 0x00, 0x00, 0x00, 0x00, 0x08, 0x00, 0x00, 0x00, 0x62, 0x0e, 0x00,
  0x21, 0x72, 0xef, 0xc6, 0xc7, 0x00, 0x00, 0x00, 0x00, 0x00, 0x01, 0x00,
  0x00, 0xce, 0x4f, 0x00, 0x08, 0x73, 0xbd, 0x00, 0xbd, 0x00, 0x00, 0x00,
  0x00, 0x08, 0x00, 0x00, 0x00, 0xa2, 0x0e, 0x00, 0x21, 0x72, 0xec, 0xec,
  0xef, 0x00, 0x00, 0x00, 0x00, 0x00, 0x01, 0x00, 0x00, 0xc8, 0x0f, 0x00,
  0x21, 0x72, 0xec, 0xed, 0xec, 0x00, 0x00, 0x00, 0x00, 0x00, 0x01, 0x00,
  0x00, 0xe2, 0x0f, 0x00, 0x20, 0x72, 0x2c, 0x2c, 0xbc, 0x00, 0x00, 0x00,
  0x00, 0x00, 0x41, 0x00, 0x00, 0xe2, 0x2f, 0x08, 0x20, 0x72, 0x2d, 0x2d,
  0xbc, 0x00, 0x00, 0x00, 0x00, 0x00, 0x41, 0x00, 0x00, 0xe2, 0x0f, 0x08,
  0x20, 0x72, 0x30, 0x30, 0xbc, 0x00, 0x00, 0x00, 0x00, 0x00, 0x41, 0x00,
  0x00, 0xe2, 0x0f, 0x08, 0x20, 0x72, 0x31, 0x31, 0xbc, 0x00, 0x00, 0x00,
  0x00, 0x00, 0x41, 0x00, 0x00, 0xe2, 0x0f, 0x08, 0x89, 0x7f, 0xed, 0xec,
  0x00, 0x1f, 0x20, 0x0c, 0x00, 0x00, 0x0e, 0x00, 0x00, 0x62, 0x0e, 0x00,
  0x20, 0x72, 0x34, 0x34, 0xbc, 0x00, 0x00, 0x00, 0x00, 0x00, 0x41, 0x00,
  0x00, 0xe2, 0x0f, 0x08, 0x20, 0x72, 0x35, 0x35, 0xbc, 0x00, 0x00, 0x00,
  0x00, 0x00, 0x41, 0x00, 0x00, 0xe2, 0x0f, 0x08, 0x20, 0x72, 0x38, 0x38,
  0xbc, 0x00, 0x00, 0x00, 0x00, 0x00, 0x41, 0x00, 0x00, 0xe2, 0x0f, 0x08,
  0x20, 0x72, 0x39, 0x39, 0xbc, 0x00, 0x00, 0x00, 0x00, 0x00, 0x41, 0x00,
  0x00, 0xe2, 0x0f, 0x08, 0x20, 0x72, 0x3c, 0x3c, 0xbc, 0x00, 0x00, 0x00,
  0x00, 0x00, 0x41, 0x00, 0x00, 0xe2, 0x0f, 0x08, 0x20, 0x72, 0x3d, 0x3d,
  0xbc, 0x00, 0x00, 0x00, 0x00, 0x00, 0x41, 0x00, 0x00, 0xe2, 0x0f, 0x08,
  0x20, 0x72, 0x40, 0x40, 0xbc, 0x00, 0x00, 0x00, 0x00, 0x00, 0x41, 0x00,
  0x00, 0xe2, 0x0f, 0x08, 0x20, 0x72, 0x41, 0x41, 0xbc, 0x00, 0x00, 0x00,
  0x00, 0x00, 0x41, 0x00, 0x00, 0xe2, 0x0f, 0x08, 0x20, 0x72, 0x44, 0x44,
  0xbc, 0x00, 0x00, 0x00, 0x00, 0x00, 0x41, 0x00, 0x00, 0xe2, 0x0f, 0x08,
  0x20, 0x72, 0x45, 0x45, 0xbc, 0x00, 0x00, 0x00, 0x00, 0x00, 0x41, 0x00,
  0x00, 0xe2, 0x0f, 0x08, 0x20, 0x72, 0x48, 0x48, 0xbc, 0x00, 0x00, 0x00,
  0x00, 0x00, 0x41, 0x00, 0x00, 0xe2, 0x0f, 0x08, 0x20, 0x72, 0x49, 0x49,
  0xbc, 0x00, 0x00, 0x00, 0x00, 0x00, 0x41, 0x00, 0x00, 0xe2, 0x0f, 0x08,
  0x20, 0x72, 0x4c, 0x4c, 0xbc, 0x00, 0x00, 0x00, 0x00, 0x00, 0x41, 0x00,
  0x00, 0xe2, 0x0f, 0x08, 0x20, 0x72, 0x4d, 0x4d, 0xbc, 0x00, 0x00, 0x00,
  0x00, 0x00, 0x41, 0x00, 0x00, 0xe2, 0x0f, 0x08, 0x20, 0x72, 0x50, 0x50,
  0xbc, 0x00, 0x00, 0x00, 0x00, 0x00, 0x41, 0x00, 0x00, 0xe2, 0x0f, 0x08,
  0x20, 0x72, 0x51, 0x51, 0xbc, 0x00, 0x00, 0x00, 0x00, 0x00, 0x41, 0x00,
  0x00, 0xe2, 0x0f, 0x08, 0x20, 0x72, 0x54, 0x54, 0xbc, 0x00, 0x00, 0x00,
  0x00, 0x00, 0x41, 0x00, 0x00, 0xe2, 0x0f, 0x08, 0x20, 0x72, 0x55, 0x55,
  0xbc, 0x00, 0x00, 0x00, 0x00, 0x00, 0x41, 0x00, 0x00, 0xe2, 0x0f, 0x08,
  0x20, 0x72, 0x58, 0x58, 0xbc, 0x00, 0x00, 0x00, 0x00, 0x00, 0x41, 0x00,
  0x00, 0xe2, 0x0f, 0x08, 0x20, 0x72, 0x59, 0x59, 0xbc, 0x00, 0x00, 0x00,
  0x00, 0x00, 0x41, 0x00, 0x00, 0xe2, 0x0f, 0x08, 0x20, 0x72, 0x5c, 0x5c,
  0xbc, 0x00, 0x00, 0x00, 0x00, 0x00, 0x41, 0x00, 0x00, 0xe2, 0x0f, 0x08,
  0x20, 0x72, 0x5d, 0x5d, 0xbc, 0x00, 0x00, 0x00, 0x00, 0x00, 0x41, 0x00,
  0x00, 0xe2, 0x0f, 0x08, 0x20, 0x72, 0x60, 0x60, 0xbc, 0x00, 0x00, 0x00,
  0x00, 0x00, 0x41, 0x00, 0x00, 0xe2, 0x0f, 0x08, 0x21, 0x72, 0xef, 0xec,
  0xed, 0x00, 0x00, 0x00, 0x00, 0x00, 0x01, 0x00, 0x00, 0xe2, 0x2f, 0x00,
  0x21, 0x72, 0xed, 0xeb, 0xee, 0x00, 0x00, 0x00, 0x00, 0x00, 0x01, 0x00,
  0x00, 0xe2, 0x0f, 0x00, 0x20, 0x72, 0x61, 0x61, 0xbc, 0x00, 0x00, 0x00,
  0x00, 0x00, 0x41, 0x00, 0x00, 0xe2, 0x0f, 0x08, 0x20, 0x72, 0xa0, 0xa0,
  0xbc, 0x00, 0x00, 0x00, 0x00, 0x00, 0x41, 0x00, 0x00, 0xe2, 0x0f, 0x08,
  0x20, 0x72, 0xa1, 0xa1, 0xbc, 0x00, 0x00, 0x00, 0x00, 0x00, 0x41, 0x00,
  0x00, 0xe2, 0x0f, 0x08, 0x89, 0x7f, 0xf0, 0xef, 0x00, 0x1f, 0x40, 0x0c,
  0x00, 0x00, 0x0e, 0x00, 0x00, 0x62, 0x0e, 0x00, 0x23, 0x72, 0xcd, 0xbc,
  0xcd, 0x00, 0x00, 0x00, 0xed, 0x00, 0x01, 0x00, 0x00, 0xe2, 0x0f, 0x00,
  0x20, 0x72, 0xa4, 0xa4, 0xbc, 0x00, 0x00, 0x00, 0x00, 0x00, 0x41, 0x00,
  0x00, 0xe2, 0x0f, 0x08, 0x20, 0x72, 0xa5, 0xa5, 0xbc, 0x00, 0x00, 0x00,
  0x00, 0x00, 0x41, 0x00, 0x00, 0xe2, 0x0f, 0x08, 0x20, 0x72, 0xa8, 0xa8,
  0xbc, 0x00, 0x00, 0x00, 0x00, 0x00, 0x41, 0x00, 0x00, 0xe2, 0x0f, 0x08,
  0x20, 0x72, 0xa9, 0xa9, 0xbc, 0x00, 0x00, 0x00, 0x00, 0x00, 0x41, 0x00,
  0x00, 0xe2, 0x0f, 0x08, 0x20, 0x72, 0xac, 0xac, 0xbc, 0x00, 0x00, 0x00,
  0x00, 0x00, 0x41, 0x00, 0x00, 0xe2, 0x0f, 0x08, 0x20, 0x72, 0xad, 0xad,
  0xbc, 0x00, 0x00, 0x00, 0x00, 0x00, 0x41, 0x00, 0x00, 0xe2, 0x0f, 0x08,
  0x20, 0x72, 0xb0, 0xb0, 0xbc, 0x00, 0x00, 0x00, 0x00, 0x00, 0x41, 0x00,
  0x00, 0xe2, 0x0f, 0x08, 0x20, 0x72, 0xb1, 0xb1, 0xbc, 0x00, 0x00, 0x00,
  0x00, 0x00, 0x41, 0x00, 0x00, 0xe2, 0x0f, 0x08, 0x20, 0x72, 0xb4, 0xb4,
  0xbc, 0x00, 0x00, 0x00, 0x00, 0x00, 0x41, 0x00, 0x00, 0xe2, 0x0f, 0x08,
  0x20, 0x72, 0xb5, 0xb5, 0xbc, 0x00, 0x00, 0x00, 0x00, 0x00, 0x41, 0x00,
  0x00, 0xe2, 0x0f, 0x00, 0x20, 0x72, 0x2e, 0x2e, 0xbd, 0x00, 0x00, 0x00,
  0x00, 0x00, 0x41, 0x00, 0x00, 0xe2, 0x4f, 0x08, 0x20, 0x72, 0x2f, 0x2f,
  0xbd, 0x00, 0x00, 0x00, 0x00, 0x00, 0x41, 0x00, 0x00, 0xe2, 0x0f, 0x08,
  0x20, 0x72, 0x32, 0x32, 0xbd, 0x00, 0x00, 0x00, 0x00, 0x00, 0x41, 0x00,
  0x00, 0xe2, 0x0f, 0x08, 0x20, 0x72, 0x33, 0x33, 0xbd, 0x00, 0x00, 0x00,
  0x00, 0x00, 0x41, 0x00, 0x00, 0xe2, 0x0f, 0x08, 0x20, 0x72, 0x36, 0x36,
  0xbd, 0x00, 0x00, 0x00, 0x00, 0x00, 0x41, 0x00, 0x00, 0xe2, 0x0f, 0x08,
  0x20, 0x72, 0x37, 0x37, 0xbd, 0x00, 0x00, 0x00, 0x00, 0x00, 0x41, 0x00,
  0x00, 0xe2, 0x0f, 0x08, 0x20, 0x72, 0x3a, 0x3a, 0xbd, 0x00, 0x00, 0x00,
  0x00, 0x00, 0x41, 0x00, 0x00, 0xe2, 0x0f, 0x08, 0x20, 0x72, 0x3b, 0x3b,
  0xbd, 0x00, 0x00, 0x00, 0x00, 0x00, 0x41, 0x00, 0x00, 0xe2, 0x0f, 0x08,
  0x20, 0x72, 0x3e, 0x3e, 0xbd, 0x00, 0x00, 0x00, 0x00, 0x00, 0x41, 0x00,
  0x00, 0xe2, 0x0f, 0x08, 0x20, 0x72, 0x3f, 0x3f, 0xbd, 0x00, 0x00, 0x00,
  0x00, 0x00, 0x41, 0x00, 0x00, 0xe2, 0x0f, 0x08, 0x20, 0x72, 0x42, 0x42,
  0xbd, 0x00, 0x00, 0x00, 0x00, 0x00, 0x41, 0x00, 0x00, 0xe2, 0x0f, 0x08,
  0x20, 0x72, 0x43, 0x43, 0xbd, 0x00, 0x00, 0x00, 0x00, 0x00, 0x41, 0x00,
  0x00, 0xe2, 0x0f, 0x08, 0x21, 0x72, 0xf0, 0xef, 0xf0, 0x00, 0x00, 0x00,
  0x00, 0x00, 0x01, 0x00, 0x00, 0xe2, 0x2f, 0x00, 0x20, 0x72, 0x46, 0x46,
  0xbd, 0x00, 0x00, 0x00, 0x00, 0x00, 0x41, 0x00, 0x00, 0xe2, 0x0f, 0x08,
  0x20, 0x72, 0x47, 0x47, 0xbd, 0x00, 0x00, 0x00, 0x00, 0x00, 0x41, 0x00,
  0x00, 0xe2, 0x0f, 0x08, 0x20, 0x72, 0x4a, 0x4a, 0xbd, 0x00, 0x00, 0x00,
  0x00, 0x00, 0x41, 0x00, 0x00, 0xe2, 0x0f, 0x08, 0x23, 0x72, 0xce, 0xbd,
  0xce, 0x00, 0x00, 0x00, 0xf0, 0x00, 0x01, 0x00, 0x00, 0xe2, 0x0f, 0x00,
  0x20, 0x72, 0x4b, 0x4b, 0xbd, 0x00, 0x00, 0x00, 0x00, 0x00, 0x41, 0x00,
  0x00, 0xe2, 0x0f, 0x08, 0x20, 0x72, 0x4e, 0x4e, 0xbd, 0x00, 0x00, 0x00,
  0x00, 0x00, 0x41, 0x00, 0x00, 0xe2, 0x0f, 0x08, 0x20, 0x72, 0x4f, 0x4f,
  0xbd, 0x00, 0x00, 0x00, 0x00, 0x00, 0x41, 0x00, 0x00, 0xe2, 0x0f, 0x08,
  0x20, 0x72, 0x52, 0x52, 0xbd, 0x00, 0x00, 0x00, 0x00, 0x00, 0x41, 0x00,
  0x00, 0xe2, 0x0f, 0x08, 0x20, 0x72, 0x53, 0x53, 0xbd, 0x00, 0x00, 0x00,
  0x00, 0x00, 0x41, 0x00, 0x00, 0xe2, 0x0f, 0x08, 0x20, 0x72, 0x56, 0x56,
  0xbd, 0x00, 0x00, 0x00, 0x00, 0x00, 0x41, 0x00, 0x00, 0xe2, 0x0f, 0x08,
  0x20, 0x72, 0x57, 0x57, 0xbd, 0x00, 0x00, 0x00, 0x00, 0x00, 0x41, 0x00,
  0x00, 0xe2, 0x0f, 0x08, 0x20, 0x72, 0x5a, 0x5a, 0xbd, 0x00, 0x00, 0x00,
  0x00, 0x00, 0x41, 0x00, 0x00, 0xe2, 0x0f, 0x08, 0x20, 0x72, 0x5b, 0x5b,
  0xbd, 0x00, 0x00, 0x00, 0x00, 0x00, 0x41, 0x00, 0x00, 0xe2, 0x0f, 0x08,
  0x20, 0x72, 0x5e, 0x5e, 0xbd, 0x00, 0x00, 0x00, 0x00, 0x00, 0x41, 0x00,
  0x00, 0xe2, 0x0f, 0x08, 0x20, 0x72, 0x5f, 0x5f, 0xbd, 0x00, 0x00, 0x00,
  0x00, 0x00, 0x41, 0x00, 0x00, 0xe2, 0x0f, 0x08, 0x20, 0x72, 0x62, 0x62,
  0xbd, 0x00, 0x00, 0x00, 0x00, 0x00, 0x41, 0x00, 0x00, 0xe2, 0x0f, 0x08,
  0x20, 0x72, 0x63, 0x63, 0xbd, 0x00, 0x00, 0x00, 0x00, 0x00, 0x41, 0x00,
  0x00, 0xe2, 0x0f, 0x08, 0x20, 0x72, 0xa2, 0xa2, 0xbd, 0x00, 0x00, 0x00,
  0x00, 0x00, 0x41, 0x00, 0x00, 0xe2, 0x0f, 0x08, 0x20, 0x72, 0xa3, 0xa3,
  0xbd, 0x00, 0x00, 0x00, 0x00, 0x00, 0x41, 0x00, 0x00, 0xe2, 0x0f, 0x08,
  0x20, 0x72, 0xa6, 0xa6, 0xbd, 0x00, 0x00, 0x00, 0x00, 0x00, 0x41, 0x00,
  0x00, 0xe2, 0x0f, 0x08, 0x20, 0x72, 0xa7, 0xa7, 0xbd, 0x00, 0x00, 0x00,
  0x00, 0x00, 0x41, 0x00, 0x00, 0xe2, 0x0f, 0x08, 0x20, 0x72, 0xaa, 0xaa,
  0xbd, 0x00, 0x00, 0x00, 0x00, 0x00, 0x41, 0x00, 0x00, 0xe2, 0x0f, 0x08,
  0x20, 0x72, 0xab, 0xab, 0xbd, 0x00, 0x00, 0x00, 0x00, 0x00, 0x41, 0x00,
  0x00, 0xe2, 0x0f, 0x08, 0x20, 0x72, 0xae, 0xae, 0xbd, 0x00, 0x00, 0x00,
  0x00, 0x00, 0x41, 0x00, 0x00, 0xe2, 0x0f, 0x08, 0x20, 0x72, 0xaf, 0xaf,
  0xbd, 0x00, 0x00, 0x00, 0x00, 0x00, 0x41, 0x00, 0x00, 0xe2, 0x0f, 0x08,
  0x20, 0x72, 0xb2, 0xb2, 0xbd, 0x00, 0x00, 0x00, 0x00, 0x00, 0x41, 0x00,
  0x00, 0xe2, 0x0f, 0x08, 0x20, 0x72, 0xb3, 0xb3, 0xbd, 0x00, 0x00, 0x00,
  0x00, 0x00, 0x41, 0x00, 0x00, 0xe2, 0x0f, 0x08, 0x20, 0x72, 0xb6, 0xb6,
  0xbd, 0x00, 0x00, 0x00, 0x00, 0x00, 0x41, 0x00, 0x00, 0xe2, 0x0f, 0x08,
  0x20, 0x72, 0xb7, 0xb7, 0xbd, 0x00, 0x00, 0x00, 0x00, 0x00, 0x41, 0x00,
  0x00, 0xe2, 0x0f, 0x00, 0x47, 0x79, 0x00, 0x00, 0x40, 0x05, 0x00, 0x00,
  0x00, 0x00, 0x80, 0x03, 0x00, 0xea, 0x0f, 0x00, 0x89, 0x7f, 0xbc, 0xec,
  0x00, 0x1f, 0x20, 0x0c, 0x00, 0x00, 0x0e, 0x00, 0x00, 0x68, 0x0e, 0x00,
  0x89, 0x7f, 0xcc, 0xed, 0x00, 0x1f, 0x20, 0x0c, 0x00, 0x00, 0x0e, 0x00,
  0x00, 0xa2, 0x0e, 0x00, 0x09, 0x72, 0xbd, 0xec, 0xbc, 0x00, 0x00, 0x00,
  0x00, 0x00, 0x81, 0x07, 0x00, 0xc4, 0x2f, 0x00, 0x09, 0x72, 0xcc, 0xed,
  0xcc, 0x00, 0x00, 0x00, 0x00, 0x00, 0x81, 0x07, 0x00, 0xc6, 0x4f, 0x00,
  0x89, 0x7f, 0xbc, 0xbd, 0x00, 0x1f, 0x40, 0x0c, 0x00, 0x00, 0x0e, 0x00,
  0x00, 0x68, 0x0e, 0x00, 0x89, 0x7f, 0xcd, 0xcc, 0x00, 0x1f, 0x40, 0x0c,
  0x00, 0x00, 0x0e, 0x00, 0x00, 0xa2, 0x0e, 0x00, 0x09, 0x72, 0xcb, 0xbd,
  0xbc, 0x00, 0x00, 0x00, 0x00, 0x00, 0x81, 0x07, 0x00, 0xe4, 0x2f, 0x00,
  0x09, 0x72, 0xcc, 0xcc, 0xcd, 0x00, 0x00, 0x00, 0x00, 0x00, 0x81, 0x07,
  0x00, 0xc6, 0x4f, 0x00, 0x21, 0x74, 0xbc, 0xcb, 0x18, 0x72, 0xb1, 0xc0,
  0x00, 0x00, 0x01, 0x00, 0x00, 0xc8, 0x0f, 0x00, 0x21, 0x72, 0xb8, 0xbc,
  0xb8, 0x00, 0x00, 0x00, 0x00, 0x01, 0x01, 0x00, 0x00, 0xe2, 0x0f, 0x04,
  0x21, 0x72, 0xb9, 0xbc, 0xb9, 0x00, 0x00, 0x00, 0x00, 0x01, 0x01, 0x00,
  0x00, 0xe2, 0x0f, 0x04, 0x21, 0x72, 0xc0, 0xbc, 0xc0, 0x00, 0x00, 0x00,
  0x00, 0x01, 0x01, 0x00, 0x00, 0xe2, 0x0f, 0x04, 0x21, 0x72, 0xc1, 0xbc,
  0xc1, 0x00, 0x00, 0x00, 0x00, 0x01, 0x01, 0x00, 0x00, 0xe2, 0x0f, 0x00,
  0x20, 0x78, 0xb8, 0xb8, 0x3b, 0xaa, 0xb8, 0x3f, 0x00, 0x00, 0x41, 0x00,
  0x00, 0xe2, 0x0f, 0x00, 0x20, 0x78, 0xb9, 0xb9, 0x3b, 0xaa, 0xb8, 0x3f,
  0x00, 0x00, 0x41, 0x00, 0x00, 0xe2, 0x0f, 0x00, 0x21, 0x74, 0xbd, 0xcc,
  0x18, 0x72, 0xb1, 0xc0, 0x00, 0x00, 0x01, 0x00, 0x00, 0xe2, 0x0f, 0x00,
  0x20, 0x78, 0xc0, 0xc0, 0x3b, 0xaa, 0xb8, 0x3f, 0x00, 0x00, 0x41, 0x00,
  0x00, 0xe2, 0x0f, 0x00, 0x20, 0x78, 0xc1, 0xc1, 0x3b, 0xaa, 0xb8, 0x3f,
  0x00, 0x00, 0x41, 0x00, 0x00, 0xe2, 0x0f, 0x00, 0x21, 0x72, 0xe8, 0xbc,
  0xe8, 0x00, 0x00, 0x00, 0x00, 0x01, 0x01, 0x00, 0x00, 0xe2, 0x0f, 0x04,
  0x21, 0x72, 0xe9, 0xbc, 0xe9, 0x00, 0x00, 0x00, 0x00, 0x01, 0x01, 0x00,
  0x00, 0xe2, 0x0f, 0x00, 0x21, 0x72, 0xba, 0xbd, 0xba, 0x00, 0x00, 0x00,
  0x00, 0x01, 0x01, 0x00, 0x00, 0xe2, 0x0f, 0x04, 0x21, 0x72, 0xbb, 0xbd,
  0xbb, 0x00, 0x00, 0x00, 0x00, 0x01, 0x01, 0x00, 0x00, 0xe2, 0x0f, 0x04,
  0x21, 0x72, 0xbe, 0xbd, 0xbe, 0x00, 0x00, 0x00, 0x00, 0x01, 0x01, 0x00,
  0x00, 0xe2, 0x0f, 0x04, 0x21, 0x72, 0xbf, 0xbd, 0xbf, 0x00, 0x00, 0x00,
  0x00, 0x01, 0x01, 0x00, 0x00, 0xe2, 0x0f, 0x00, 0x08, 0x73, 0xb8, 0x00,
  0xb8, 0x00, 0x00, 0x00, 0x00, 0x08, 0x00, 0x00, 0x00, 0xe2, 0x0f, 0x00,
  0x20, 0x78, 0xe8, 0xe8, 0x3b, 0xaa, 0xb8, 0x3f, 0x00, 0x00, 0x41, 0x00,
  0x00, 0xe2, 0x0f, 0x00, 0x20, 0x78, 0xe9, 0xe9, 0x3b, 0xaa, 0xb8, 0x3f,
  0x00, 0x00, 0x41, 0x00, 0x00, 0xe2, 0x0f, 0x00, 0x21, 0x72, 0xc4, 0xbc,
  0xc4, 0x00, 0x00, 0x00, 0x00, 0x01, 0x01, 0x00, 0x00, 0xe2, 0x0f, 0x00,
  0x20, 0x78, 0xba, 0xba, 0x3b, 0xaa, 0xb8, 0x3f, 0x00, 0x00, 0x41, 0x00,
  0x00, 0xe2, 0x0f, 0x00, 0x20, 0x78, 0xbb, 0xbb, 0x3b, 0xaa, 0xb8, 0x3f,
  0x00, 0x00, 0x41, 0x00, 0x00, 0xe2, 0x0f, 0x00, 0x20, 0x78, 0xbe, 0xbe,
  0x3b, 0xaa, 0xb8, 0x3f, 0x00, 0x00, 0x41, 0x00, 0x00, 0xe2, 0x0f, 0x00,
  0x20, 0x78, 0xbf, 0xbf, 0x3b, 0xaa, 0xb8, 0x3f, 0x00, 0x00, 0x41, 0x00,
  0x00, 0xe2, 0x0f, 0x00, 0x08, 0x73, 0xb9, 0x00, 0xb9, 0x00, 0x00, 0x00,
  0x00, 0x08, 0x00, 0x00, 0x00, 0xe2, 0x0f, 0x00, 0x21, 0x72, 0xc2, 0xbd,
  0xc2, 0x00, 0x00, 0x00, 0x00, 0x01, 0x01, 0x00, 0x00, 0xe2, 0x0f, 0x04,
  0x21, 0x72, 0xc3, 0xbd, 0xc3, 0x00, 0x00, 0x00, 0x00, 0x01, 0x01, 0x00,
  0x00, 0xe2, 0x0f, 0x04, 0x21, 0x72, 0xc6, 0xbd, 0xc6, 0x00, 0x00, 0x00,
  0x00, 0x01, 0x01, 0x00, 0x00, 0xe2, 0x0f, 0x04, 0x21, 0x72, 0xbc, 0xbc,
  0xc5, 0x00, 0x00, 0x00, 0x00, 0x01, 0x01, 0x00, 0x00, 0xe2, 0x0f, 0x00,
  0x21, 0x72, 0xbd, 0xbd, 0xc7, 0x00, 0x00, 0x00, 0x00, 0x01, 0x01, 0x00,
  0x00, 0xe2, 0x0f, 0x00, 0x20, 0x78, 0xc4, 0xc4, 0x3b, 0xaa, 0xb8, 0x3f,
  0x00, 0x00, 0x41, 0x00, 0x00, 0xe2, 0x0f, 0x00, 0x20, 0x78, 0xc2, 0xc2,
  0x3b, 0xaa, 0xb8, 0x3f, 0x00, 0x00, 0x41, 0x00, 0x00, 0xe2, 0x0f, 0x00,
  0x08, 0x73, 0xc0, 0x00, 0xc0, 0x00, 0x00, 0x00, 0x00, 0x08, 0x00, 0x00,
  0x00, 0xe2, 0x0f, 0x00, 0x20, 0x78, 0xc3, 0xc3, 0x3b, 0xaa, 0xb8, 0x3f,
  0x00, 0x00, 0x41, 0x00, 0x00, 0xe2, 0x0f, 0x00, 0x20, 0x78, 0xc6, 0xc6,
  0x3b, 0xaa, 0xb8, 0x3f, 0x00, 0x00, 0x41, 0x00, 0x00, 0xe2, 0x0f, 0x00,
  0x20, 0x78, 0xbc, 0xbc, 0x3b, 0xaa, 0xb8, 0x3f, 0x00, 0x00, 0x41, 0x00,
  0x00, 0xe2, 0x0f, 0x00, 0x20, 0x78, 0xbd, 0xbd, 0x3b, 0xaa, 0xb8, 0x3f,
  0x00, 0x00, 0x41, 0x00, 0x00, 0xc8, 0x0f, 0x00, 0x08, 0x73, 0xc1, 0x00,
  0xc1, 0x00, 0x00, 0x00, 0x00, 0x08, 0x00, 0x00, 0x00, 0x70, 0x0e, 0x00,
  0x08, 0x73, 0xe8, 0x00, 0xe8, 0x00, 0x00, 0x00, 0x00, 0x08, 0x00, 0x00,
  0x00, 0xf0, 0x0f, 0x00, 0x08, 0x73, 0xe9, 0x00, 0xe9, 0x00, 0x00, 0x00,
  0x00, 0x08, 0x00, 0x00, 0x00, 0xe2, 0x0f, 0x00, 0x21, 0x72, 0xcd, 0xc0,
  0xc1, 0x00, 0x00, 0x00, 0x00, 0x00, 0x01, 0x00, 0x00, 0xce, 0x2f, 0x00,
  0x08, 0x73, 0xba, 0x00, 0xba, 0x00, 0x00, 0x00, 0x00, 0x08, 0x00, 0x00,
  0x00, 0xf0, 0x0f, 0x00, 0x08, 0x73, 0xbb, 0x00, 0xbb, 0x00, 0x00, 0x00,
  0x00, 0x08, 0x00, 0x00, 0x00, 0x70, 0x0e, 0x00, 0x08, 0x73, 0xbe, 0x00,
  0xbe, 0x00, 0x00, 0x00, 0x00, 0x08, 0x00, 0x00, 0x00, 0xf0, 0x0f, 0x00,
  0x08, 0x73, 0xbf, 0x00, 0xbf, 0x00, 0x00, 0x00, 0x00, 0x08, 0x00, 0x00,
  0x00, 0xa2, 0x0e, 0x00, 0x21, 0x72, 0xce, 0xba, 0xbb, 0x00, 0x00, 0x00,
  0x00, 0x00, 0x01, 0x00, 0x00, 0xc8, 0x2f, 0x00, 0x21, 0x72, 0xce, 0xff,
  0xce, 0x00, 0x00, 0x00, 0x00, 0x00, 0x01, 0x00, 0x00, 0xc6, 0x0f, 0x00,
  0x08, 0x73, 0xc4, 0x00, 0xc4, 0x00, 0x00, 0x00, 0x00, 0x08, 0x00, 0x00,
  0x00, 0xf0, 0x0f, 0x00, 0x08, 0x73, 0xc5, 0x00, 0xbc, 0x00, 0x00, 0x00,
  0x00, 0x08, 0x00, 0x00, 0x00, 0xe2, 0x02, 0x00, 0x21, 0x72, 0xea, 0xbe,
  0xbf, 0x00, 0x00, 0x00, 0x00, 0x00, 0x01, 0x00, 0x00, 0xc8, 0x4f, 0x00,
  0x21, 0x72, 0xea, 0xff, 0xea, 0x00, 0x00, 0x00, 0x00, 0x00, 0x01, 0x00,
  0x00, 0xc6, 0x0f, 0x00, 0x08, 0x73, 0xc2, 0x00, 0xc2, 0x00, 0x00, 0x00,
  0x00, 0x08, 0x00, 0x00, 0x00, 0xe2, 0x0f, 0x00, 0x21, 0x72, 0xbc, 0xb8,
  0xb9, 0x00, 0x00, 0x00, 0x00, 0x00, 0x01, 0x00, 0x00, 0xc8, 0x2f, 0x00,
  0x21, 0x72, 0xbc, 0xff, 0xbc, 0x00, 0x00, 0x00, 0x00, 0x00, 0x01, 0x00,
  0x00, 0xc6, 0x0f, 0x00, 0x08, 0x73, 0xc3, 0x00, 0xc3, 0x00, 0x00, 0x00,
  0x00, 0x08, 0x00, 0x00, 0x00, 0x62, 0x0e, 0x00, 0x21, 0x72, 0xcd, 0xbc,
  0xcd, 0x00, 0x00, 0x00, 0x00, 0x00, 0x01, 0x00, 0x00, 0xe2, 0x0f, 0x00,
  0x21, 0x72, 0xbc, 0xe8, 0xe9, 0x00, 0x00, 0x00, 0x00, 0x00, 0x01, 0x00,
  0x00, 0xe2, 0x0f, 0x00, 0x21, 0x72, 0xeb, 0xc4, 0xc5, 0x00, 0x00, 0x00,
  0x00, 0x00, 0x01, 0x00, 0x00, 0xc6, 0x8f, 0x00, 0x21, 0x72, 0xbc, 0xff,
  0xbc, 0x00, 0x00, 0x00, 0x00, 0x00, 0x01, 0x00, 0x00, 0xe4, 0x0f, 0x00,
  0x08, 0x73, 0xc6, 0x00, 0xc6, 0x00, 0x00, 0x00, 0x00, 0x08, 0x00, 0x00,
  0x00, 0xe4, 0x0f, 0x00, 0x21, 0x72, 0xbc, 0xbc, 0xeb, 0x00, 0x00, 0x00,
  0x00, 0x00, 0x01, 0x00, 0x00, 0xc8, 0x0f, 0x00, 0x21, 0x72, 0xbc, 0xcd,
  0xbc, 0x00, 0x00, 0x00, 0x00, 0x00, 0x01, 0x00, 0x00, 0xe4, 0x0f, 0x00,
  0x08, 0x73, 0xc7, 0x00, 0xbd, 0x00, 0x00, 0x00, 0x00, 0x08, 0x00, 0x00,
  0x00, 0xa2, 0x0e, 0x00, 0x21, 0x72, 0xed, 0xc2, 0xc3, 0x00, 0x00, 0x00,
  0x00, 0x00, 0x01, 0x00, 0x00, 0xe4, 0x2f, 0x00, 0x89, 0x7f, 0xcd, 0xbc,
  0x00, 0x1f, 0x20, 0x0c, 0x00, 0x00, 0x0e, 0x00, 0x00, 0x64, 0x0e, 0x00,
  0x21, 0x72, 0xce, 0xce, 0xed, 0x00, 0x00, 0x00, 0x00, 0x00, 0x01, 0x00,
  0x00, 0xe2, 0x0f, 0x00, 0x21, 0x72, 0xbd, 0xc6, 0xc7, 0x00, 0x00, 0x00,
  0x00, 0x00, 0x01, 0x00, 0x00, 0xc8, 0x4f, 0x00, 0x21, 0x72, 0xbd, 0xea,
  0xbd, 0x00, 0x00, 0x00, 0x00, 0x00, 0x01, 0x00, 0x00, 0xc8, 0x0f, 0x00,
  0x21, 0x72, 0xbd, 0xce, 0xbd, 0x00, 0x00, 0x00, 0x00, 0x00, 0x01, 0x00,
  0x00, 0xe2, 0x0f, 0x00, 0x21, 0x72, 0xea, 0xbc, 0xcd, 0x00, 0x00, 0x00,
  0x00, 0x00, 0x01, 0x00, 0x00, 0xc8, 0x2f, 0x00, 0x89, 0x7f, 0xce, 0xbd,
  0x00, 0x1f, 0x20, 0x0c, 0x00, 0x00, 0x0e, 0x00, 0x00, 0x68, 0x0e, 0x00,
  0x89, 0x7f, 0xcd, 0xea, 0x00, 0x1f, 0x40, 0x0c, 0x00, 0x00, 0x0e, 0x00,
  0x00, 0xa2, 0x0e, 0x00, 0x21, 0x72, 0xeb, 0xbd, 0xce, 0x00, 0x00, 0x00,
  0x00, 0x00, 0x01, 0x00, 0x00, 0xe2, 0x2f, 0x00, 0x21, 0x72, 0xcd, 0xea,
  0xcd, 0x00, 0x00, 0x00, 0x00, 0x00, 0x01, 0x00, 0x00, 0xc8, 0x4f, 0x00,
  0x89, 0x7f, 0xce, 0xeb, 0x00, 0x1f, 0x40, 0x0c, 0x00, 0x00, 0x0e, 0x00,
  0x00, 0x64, 0x0e, 0x00, 0x21, 0x72, 0xce, 0xeb, 0xce, 0x00, 0x00, 0x00,
  0x00, 0x00, 0x01, 0x00, 0x00, 0xe4, 0x2f, 0x00, 0x20, 0x7a, 0xe9, 0xe9,
  0x00, 0xde, 0x00, 0x00, 0x00, 0x00, 0x41, 0x00, 0x00, 0xe2, 0x0f, 0x00,
  0x20, 0x7a, 0xe8, 0xe8, 0x00, 0xde, 0x00, 0x00, 0x00, 0x00, 0x41, 0x00,
  0x00, 0xe2, 0x0f, 0x00, 0x20, 0x7a, 0xbf, 0xbf, 0x00, 0xde, 0x00, 0x00,
  0x00, 0x00, 0x41, 0x00, 0x00, 0xe2, 0x0f, 0x00, 0x20, 0x7a, 0xbe, 0xbe,
  0x00, 0xde, 0x00, 0x00, 0x00, 0x00, 0x41, 0x00, 0x00, 0xe2, 0x0f, 0x00,
  0x20, 0x7a, 0xc5, 0xc5, 0x00, 0xde, 0x00, 0x00, 0x00, 0x00, 0x41, 0x00,
  0x00, 0xe2, 0x0f, 0x00, 0x20, 0x7a, 0xc4, 0xc4, 0x00, 0xde, 0x00, 0x00,
  0x00, 0x00, 0x41, 0x00, 0x00, 0xe2, 0x0f, 0x00, 0x20, 0x7a, 0xc7, 0xc7,
  0x00, 0xde, 0x00, 0x00, 0x00, 0x00, 0x41, 0x00, 0x00, 0xe2, 0x0f, 0x00,
  0x20, 0x7a, 0xc6, 0xc6, 0x00, 0xde, 0x00, 0x00, 0x00, 0x00, 0x41, 0x00,
  0x00, 0xe2, 0x0f, 0x00, 0x20, 0x7a, 0xb9, 0xb9, 0x00, 0xde, 0x00, 0x00,
  0x00, 0x00, 0x41, 0x00, 0x00, 0xe2, 0x0f, 0x00, 0x20, 0x7a, 0xb8, 0xb8,
  0x00, 0xde, 0x00, 0x00, 0x00, 0x00, 0x41, 0x00, 0x00, 0xe2, 0x0f, 0x00,
  0x3e, 0x72, 0xe8, 0xe9, 0xe8, 0x00, 0x00, 0x00, 0xff, 0x70, 0x80, 0x04,
  0x00, 0xe2, 0x0f, 0x00, 0x20, 0x7a, 0xbb, 0xbb, 0x00, 0xde, 0x00, 0x00,
  0x00, 0x00, 0x41, 0x00, 0x00, 0xe2, 0x0f, 0x00, 0x20, 0x7a, 0xba, 0xba,
  0x00, 0xde, 0x00, 0x00, 0x00, 0x00, 0x41, 0x00, 0x00, 0xe2, 0x0f, 0x00,
  0x3e, 0x72, 0xbe, 0xbf, 0xbe, 0x00, 0x00, 0x00, 0xff, 0x70, 0x80, 0x04,
  0x00, 0xe2, 0x0f, 0x00, 0x20, 0x7a, 0xc1, 0xc1, 0x00, 0xde, 0x00, 0x00,
  0x00, 0x00, 0x41, 0x00, 0x00, 0xe2, 0x0f, 0x00, 0x20, 0x7a, 0xc0, 0xc0,
  0x00, 0xde, 0x00, 0x00, 0x00, 0x00, 0x41, 0x00, 0x00, 0xe2, 0x0f, 0x00,
  0x20, 0x7a, 0xc3, 0xc3, 0x00, 0xde, 0x00, 0x00, 0x00, 0x00, 0x41, 0x00,
  0x00, 0xe2, 0x0f, 0x00, 0x20, 0x7a, 0xc2, 0xc2, 0x00, 0xde, 0x00, 0x00,
  0x00, 0x00, 0x41, 0x00, 0x00, 0xe2, 0x0f, 0x00, 0x3e, 0x72, 0xc4, 0xc5,
  0xc4, 0x00, 0x00, 0x00, 0xff, 0x70, 0x80, 0x04, 0x00, 0xc4, 0x0f, 0x00,
  0x3e, 0x72, 0xc6, 0xc7, 0xc6, 0x00, 0x00, 0x00, 0xff, 0x70, 0x80, 0x04,
  0x00, 0xe4, 0x0f, 0x00, 0x3e, 0x72, 0xb8, 0xb9, 0xb8, 0x00, 0x00, 0x00,
  0xe8, 0x70, 0x80, 0x04, 0x00, 0xe4, 0x0f, 0x00, 0x3e, 0x72, 0xb9, 0xbb,
  0xba, 0x00, 0x00, 0x00, 0xbe, 0x70, 0x80, 0x04, 0x00, 0xe4, 0x0f, 0x00,
  0x3e, 0x72, 0xba, 0xc1, 0xc0, 0x00, 0x00, 0x00, 0xc4, 0x70, 0x80, 0x04,
  0x00, 0xe4, 0x0f, 0x00, 0x3e, 0x72, 0xbb, 0xc3, 0xc2, 0x00, 0x00, 0x00,
  0xc6, 0x70, 0x80, 0x04, 0x00, 0xe2, 0x0f, 0x00, 0x47, 0x19, 0x00, 0x00,
  0xc0, 0x00, 0x00, 0x00, 0x00, 0x00, 0x80, 0x03, 0x00, 0xec, 0x0f, 0x00,
  0x1a, 0x79, 0x00, 0x00, 0x00, 0x80, 0x00, 0x00, 0x00, 0x00, 0x00, 0x00,
  0x00, 0xc8, 0x0f, 0x00, 0x1d, 0x7b, 0x00, 0x00, 0x00, 0x00, 0x00, 0x00,
  0x00, 0x00, 0x01, 0x00, 0x00, 0xec, 0x0f, 0x00, 0x3b, 0x78, 0x78, 0xde,
  0x00, 0x00, 0x40, 0x00, 0x00, 0x02, 0x00, 0x00, 0x00, 0xa8, 0x02, 0x00,
  0x3b, 0x78, 0x7c, 0xde, 0x00, 0x00, 0x50, 0x00, 0x00, 0x02, 0x00, 0x00,
  0x00, 0xe8, 0x02, 0x00, 0x3b, 0x78, 0x80, 0xdc, 0x00, 0x00, 0x40, 0x00,
  0x00, 0x02, 0x00, 0x00, 0x00, 0x28, 0x03, 0x00, 0x3b, 0x78, 0x84, 0xdc,
  0x00, 0x00, 0x50, 0x00, 0x00, 0x02, 0x00, 0x00, 0x00, 0x68, 0x02, 0x00,
  0x3b, 0x78, 0x88, 0xdb, 0x00, 0x00, 0x40, 0x00, 0x00, 0x02, 0x00, 0x00,
  0x00, 0x68, 0x02, 0x00, 0x3b, 0x78, 0x8c, 0xdb, 0x00, 0x00, 0x50, 0x00,
  0x00, 0x02, 0x00, 0x00, 0x00, 0x68, 0x02, 0x00, 0x3b, 0x78, 0x90, 0xda,
  0x00, 0x00, 0x40, 0x00, 0x00, 0x02, 0x00, 0x00, 0x00, 0x68, 0x02, 0x00,
  0x3b, 0x78, 0x94, 0xda, 0x00, 0x00, 0x50, 0x00, 0x00, 0x02, 0x00, 0x00,
  0x00, 0x68, 0x02, 0x00, 0x3b, 0x78, 0x98, 0xde, 0x00, 0x80, 0x40, 0x00,
  0x00, 0x02, 0x00, 0x00, 0x00, 0x68, 0x02, 0x00, 0x3b, 0x78, 0x9c, 0xde,
  0x00, 0x80, 0x50, 0x00, 0x00, 0x02, 0x00, 0x00, 0x00, 0x64, 0x02, 0x00,
  0x7a, 0x72, 0x2c, 0xb8, 0x04, 0x00, 0x00, 0x00, 0x2c, 0x2c, 0x00, 0x00,
  0x00, 0xf6, 0x0f, 0x04, 0x90, 0xf2, 0x3f, 0x3f, 0x3f, 0x00, 0x00, 0x00,
  0x3f, 0xe0, 0xff, 0x0f, 0x00, 0xea, 0x0f, 0x00, 0x7a, 0x72, 0x30, 0xb8,
  0x06, 0x00, 0x00, 0x00, 0x30, 0x2c, 0x00, 0x00, 0x00, 0xf6, 0x0f, 0x04,
  0x90, 0xf2, 0x3f, 0x3f, 0x3f, 0x00, 0x00, 0x00, 0x3f, 0xe0, 0xff, 0x0f,
  0x00, 0xea, 0x0f, 0x00, 0x7a, 0x72, 0x34, 0xb8, 0x08, 0x00, 0x00, 0x00,
  0x34, 0x2c, 0x00, 0x00, 0x00, 0xf6, 0x0f, 0x04, 0x90, 0xf2, 0x3f, 0x3f,
  0x3f, 0x00, 0x00, 0x00, 0x3f, 0xe0, 0xff, 0x0f, 0x00, 0xea, 0x0f, 0x00,
  0x7a, 0x72, 0x38, 0xb8, 0x0a, 0x00, 0x00, 0x00, 0x38, 0x2c, 0x00, 0x00,
  0x00, 0xf6, 0x0f, 0x04, 0x90, 0xf2, 0x3f, 0x3f, 0x3f, 0x00, 0x00, 0x00,
  0x3f, 0xe0, 0xff, 0x0f, 0x00, 0xea, 0x0f, 0x00, 0x7a, 0x72, 0x3c, 0xb8,
  0x0c, 0x00, 0x00, 0x00, 0x3c, 0x2c, 0x00, 0x00, 0x00, 0xf6, 0x0f, 0x04,
  0x90, 0xf2, 0x3f, 0x3f, 0x3f, 0x00, 0x00, 0x00, 0x3f, 0xe0, 0xff, 0x0f,
  0x00, 0xea, 0x0f, 0x00, 0x7a, 0x72, 0x40, 0xb8, 0x0e, 0x00, 0x00, 0x00,
  0x40, 0x2c, 0x00, 0x00, 0x00, 0xf6, 0x0f, 0x04, 0x90, 0xf2, 0x3f, 0x3f,
  0x3f, 0x00, 0x00, 0x00, 0x3f, 0xe0, 0xff, 0x0f, 0x00, 0xea, 0x0f, 0x00,
  0x7a, 0x72, 0x44, 0xb8, 0x10, 0x00, 0x00, 0x00, 0x44, 0x2c, 0x00, 0x00,
  0x00, 0xf6, 0x0f, 0x04, 0x90, 0xf2, 0x3f, 0x3f, 0x3f, 0x00, 0x00, 0x00,
  0x3f, 0xe0, 0xff, 0x0f, 0x00, 0xea, 0x0f, 0x00, 0x7a, 0x72, 0x48, 0xb8,
  0x12, 0x00, 0x00, 0x00, 0x48, 0x2c, 0x00, 0x00, 0x00, 0xf6, 0x0f, 0x04,
  0x90, 0xf2, 0x3f, 0x3f, 0x3f, 0x00, 0x00, 0x00, 0x3f, 0xe0, 0xff, 0x0f,
  0x00, 0xea, 0x0f, 0x00, 0x7a, 0x72, 0x4c, 0xb8, 0x14, 0x00, 0x00, 0x00,
  0x4c, 0x2c, 0x00, 0x00, 0x00, 0xf6, 0x0f, 0x04, 0x90, 0xf2, 0x3f, 0x3f,
  0x3f, 0x00, 0x00, 0x00, 0x3f, 0xe0, 0xff, 0x0f, 0x00, 0xea, 0x0f, 0x00,
  0x7a, 0x72, 0x50, 0xb8, 0x16, 0x00, 0x00, 0x00, 0x50, 0x2c, 0x00, 0x00,
  0x00, 0xf6, 0x0f, 0x04, 0x90, 0xf2, 0x3f, 0x3f, 0x3f, 0x00, 0x00, 0x00,
  0x3f, 0xe0, 0xff, 0x0f, 0x00, 0xea, 0x0f, 0x00, 0x7a, 0x72, 0x54, 0xb8,
  0x18, 0x00, 0x00, 0x00, 0x54, 0x2c, 0x00, 0x00, 0x00, 0xf6, 0x0f, 0x04,
  0x90, 0xf2, 0x3f, 0x3f, 0x3f, 0x00, 0x00, 0x00, 0x3f, 0xe0, 0xff, 0x0f,
  0x00, 0xea, 0x0f, 0x00, 0x7a, 0x72, 0x58, 0xb8, 0x1a, 0x00, 0x00, 0x00,
  0x58, 0x2c, 0x00, 0x00, 0x00, 0xf6, 0x0f, 0x04, 0x90, 0xf2, 0x3f, 0x3f,
  0x3f, 0x00, 0x00, 0x00, 0x3f, 0xe0, 0xff, 0x0f, 0x00, 0xea, 0x0f, 0x00,
  0x7a, 0x72, 0x5c, 0xb8, 0x1c, 0x00, 0x00, 0x00, 0x5c, 0x2c, 0x00, 0x00,
  0x00, 0xf6, 0x0f, 0x04, 0x90, 0xf2, 0x3f, 0x3f, 0x3f, 0x00, 0x00, 0x00,
  0x3f, 0xe0, 0xff, 0x0f, 0x00, 0xea, 0x0f, 0x00, 0x7a, 0x72, 0x60, 0xb8,
  0x1e, 0x00, 0x00, 0x00, 0x60, 0x2c, 0x00, 0x00, 0x00, 0xf6, 0x0f, 0x04,
  0x90, 0xf2, 0x3f, 0x3f, 0x3f, 0x00, 0x00, 0x00, 0x3f, 0xe0, 0xff, 0x0f,
  0x00, 0xea, 0x0f, 0x00, 0x7a, 0x72, 0xa0, 0xb8, 0x20, 0x00, 0x00, 0x00,
  0xa0, 0x2c, 0x00, 0x00, 0x00, 0xf6, 0x0f, 0x04, 0x90, 0xf2, 0x3f, 0x3f,
  0x3f, 0x00, 0x00, 0x00, 0x3f, 0xe0, 0xff, 0x0f, 0x00, 0xea, 0x0f, 0x00,
  0x7a, 0x72, 0xa4, 0xb8, 0x22, 0x00, 0x00, 0x00, 0xa4, 0x2c, 0x00, 0x00,
  0x00, 0xf6, 0x0f, 0x04, 0x90, 0xf2, 0x3f, 0x3f, 0x3f, 0x00, 0x00, 0x00,
  0x3f, 0xe0, 0xff, 0x0f, 0x00, 0xea, 0x0f, 0x00, 0x7a, 0x72, 0xa8, 0xb8,
  0x24, 0x00, 0x00, 0x00, 0xa8, 0x2c, 0x00, 0x00, 0x00, 0xf6, 0x0f, 0x04,
  0x90, 0xf2, 0x3f, 0x3f, 0x3f, 0x00, 0x00, 0x00, 0x3f, 0xe0, 0xff, 0x0f,
  0x00, 0xea, 0x0f, 0x00, 0x7a, 0x72, 0xac, 0xb8, 0x26, 0x00, 0x00, 0x00,
  0xac, 0x2c, 0x00, 0x00, 0x00, 0xf6, 0x0f, 0x04, 0x90, 0xf2, 0x3f, 0x3f,
  0x3f, 0x00, 0x00, 0x00, 0x3f, 0xe0, 0xff, 0x0f, 0x00, 0xea, 0x0f, 0x00,
  0x7a, 0x72, 0xb0, 0xb8, 0x28, 0x00, 0x00, 0x00, 0xb0, 0x2c, 0x00, 0x00,
  0x00, 0xf6, 0x0f, 0x04, 0x90, 0xf2, 0x3f, 0x3f, 0x3f, 0x00, 0x00, 0x00,
  0x3f, 0xe0, 0xff, 0x0f, 0x00, 0xea, 0x0f, 0x00, 0x7a, 0x72, 0xb4, 0xb8,
  0x2a, 0x00, 0x00, 0x00, 0xb4, 0x2c, 0x00, 0x00, 0x00, 0xe2, 0x0f, 0x00,
  0x90, 0xf2, 0x3f, 0x3f, 0x3f, 0x00, 0x00, 0x00, 0x3f, 0xe0, 0xff, 0x0f,
  0x00, 0xe8, 0x0f, 0x00, 0x47, 0x19, 0x00, 0x00, 0xc0, 0x03, 0x00, 0x00,
  0x00, 0x00, 0x80, 0x03, 0x00, 0xf6, 0x0f, 0x00, 0x3b, 0x78, 0x06, 0xdd,
  0x00, 0x00, 0x60, 0x00, 0x00, 0x41, 0x00, 0x00, 0x00, 0x28, 0x0f, 0x00,
  0x3b, 0x78, 0x08, 0xdd, 0x00, 0x00, 0x70, 0x00, 0x00, 0x41, 0x00, 0x00,
  0x00, 0xe8, 0x0e, 0x00, 0x3b, 0x78, 0x0a, 0xd9, 0x00, 0x00, 0x60, 0x00,
  0x00, 0x41, 0x00, 0x00, 0x00, 0xa8, 0x0e, 0x00, 0x3b, 0x78, 0x0c, 0xd9,
  0x00, 0x00, 0x70, 0x00, 0x00, 0x41, 0x00, 0x00, 0x00, 0x68, 0x0e, 0x00,
  0x3b, 0x78, 0x0e, 0xd8, 0x00, 0x00, 0x60, 0x00, 0x00, 0x41, 0x00, 0x00,
  0x00, 0x68, 0x0e, 0x00, 0x3b, 0x78, 0x10, 0xd8, 0x00, 0x00, 0x70, 0x00,
  0x00, 0x41, 0x00, 0x00, 0x00, 0x68, 0x0e, 0x00, 0x3b, 0x78, 0x12, 0xd7,
  0x00, 0x00, 0x60, 0x00, 0x00, 0x41, 0x00, 0x00, 0x00, 0x68, 0x0e, 0x00,
  0x3b, 0x78, 0x14, 0xd7, 0x00, 0x00, 0x70, 0x00, 0x00, 0x41, 0x00, 0x00,
  0x00, 0x68, 0x0e, 0x00, 0x3b, 0x78, 0x16, 0xd6, 0x00, 0x00, 0x60, 0x00,
  0x00, 0x41, 0x00, 0x00, 0x00, 0x68, 0x0e, 0x00, 0x3b, 0x78, 0x18, 0xd6,
  0x00, 0x00, 0x70, 0x00, 0x00, 0x41, 0x00, 0x00, 0x00, 0x68, 0x0e, 0x00,
  0x3b, 0x78, 0x1a, 0xd5, 0x00, 0x00, 0x60, 0x00, 0x00, 0x41, 0x00, 0x00,
  0x00, 0x62, 0x0e, 0x00, 0x16, 0x78, 0x04, 0x06, 0x20, 0x64, 0x00, 0x00,
  0x07, 0x00, 0x00, 0x00, 0x00, 0xc4, 0x0f, 0x01, 0x16, 0x78, 0x06, 0x06,
  0x31, 0x75, 0x00, 0x00, 0x07, 0x00, 0x00, 0x00, 0x00, 0xe2, 0x0f, 0x00,
  0x3b, 0x78, 0x1c, 0xd5, 0x00, 0x00, 0x70, 0x00, 0x00, 0x41, 0x00, 0x00,
  0x00, 0x22, 0x0f, 0x00, 0x16, 0x78, 0x05, 0x08, 0x20, 0x64, 0x00, 0x00,
  0x09, 0x00, 0x00, 0x00, 0x00, 0xe4, 0x8f, 0x14, 0x16, 0x78, 0x07, 0x08,
  0x31, 0x75, 0x00, 0x00, 0x09, 0x00, 0x00, 0x00, 0x00, 0xe2, 0x0f, 0x00,
  0x3b, 0x78, 0x1e, 0xd4, 0x00, 0x00, 0x60, 0x00, 0x00, 0x41, 0x00, 0x00,
  0x00, 0xe2, 0x0e, 0x00, 0x16, 0x78, 0x08, 0x0a, 0x20, 0x64, 0x00, 0x00,
  0x0b, 0x00, 0x00, 0x00, 0x00, 0xe4, 0x4f, 0x14, 0x16, 0x78, 0x0a, 0x0a,
  0x31, 0x75, 0x00, 0x00, 0x0b, 0x00, 0x00, 0x00, 0x00, 0xe2, 0x0f, 0x00,
  0x3b, 0x78, 0x20, 0xd4, 0x00, 0x00, 0x70, 0x00, 0x00, 0x41, 0x00, 0x00,
  0x00, 0xa2, 0x0e, 0x00, 0x16, 0x78, 0x09, 0x0c, 0x20, 0x64, 0x00, 0x00,
  0x0d, 0x00, 0x00, 0x00, 0x00, 0xc4, 0x2f, 0x00, 0x16, 0x78, 0x0b, 0x0c,
  0x31, 0x75, 0x00, 0x00, 0x0d, 0x00, 0x00, 0x00, 0x00, 0xe2, 0x0f, 0x00,
  0x3b, 0x78, 0x22, 0xd3, 0x00, 0x00, 0x60, 0x00, 0x00, 0x41, 0x00, 0x00,
  0x00, 0x62, 0x0e, 0x00, 0x16, 0x78, 0x0c, 0x0e, 0x20, 0x64, 0x00, 0x00,
  0x0f, 0x00, 0x00, 0x00, 0x00, 0xe4, 0x0f, 0x14, 0x16, 0x78, 0x0e, 0x0e,
  0x31, 0x75, 0x00, 0x00, 0x0f, 0x00, 0x00, 0x00, 0x00, 0xe2, 0x0f, 0x00,
  0x3b, 0x78, 0x24, 0xd3, 0x00, 0x00, 0x70, 0x00, 0x00, 0x41, 0x00, 0x00,
  0x00, 0x62, 0x0e, 0x00, 0x16, 0x78, 0x0d, 0x10, 0x20, 0x64, 0x00, 0x00,
  0x11, 0x00, 0x00, 0x00, 0x00, 0xe4, 0x0f, 0x14, 0x16, 0x78, 0x0f, 0x10,
  0x31, 0x75, 0x00, 0x00, 0x11, 0x00, 0x00, 0x00, 0x00, 0xe2, 0x0f, 0x00,
  0x3b, 0x78, 0x26, 0xd2, 0x00, 0x00, 0x60, 0x00, 0x00, 0x41, 0x00, 0x00,
  0x00, 0x62, 0x0e, 0x00, 0x16, 0x78, 0x10, 0x12, 0x20, 0x64, 0x00, 0x00,
  0x13, 0x00, 0x00, 0x00, 0x00, 0xc4, 0x0f, 0x00, 0x16, 0x78, 0x12, 0x12,
  0x31, 0x75, 0x00, 0x00, 0x13, 0x00, 0x00, 0x00, 0x00, 0xe2, 0x0f, 0x00,
  0x3b, 0x78, 0x28, 0xd2, 0x00, 0x00, 0x70, 0x00, 0x00, 0x41, 0x00, 0x00,
  0x00, 0x62, 0x0e, 0x00, 0x16, 0x78, 0x11, 0x14, 0x20, 0x64, 0x00, 0x00,
  0x15, 0x00, 0x00, 0x00, 0x00, 0xe4, 0x0f, 0x14, 0x16, 0x78, 0x13, 0x14,
  0x31, 0x75, 0x00, 0x00, 0x15, 0x00, 0x00, 0x00, 0x00, 0xe2, 0x0f, 0x00,
  0x3b, 0x78, 0x2a, 0xd1, 0x00, 0x00, 0x60, 0x00, 0x00, 0x41, 0x00, 0x00,
  0x00, 0x62, 0x0e, 0x00, 0x16, 0x78, 0x14, 0x16, 0x20, 0x64, 0x00, 0x00,
  0x17, 0x00, 0x00, 0x00, 0x00, 0xe4, 0x0f, 0x14, 0x16, 0x78, 0x16, 0x16,
  0x31, 0x75, 0x00, 0x00, 0x17, 0x00, 0x00, 0x00, 0x00, 0xe2, 0x0f, 0x00,
  0x3b, 0x78, 0xb8, 0xd1, 0x00, 0x00, 0x70, 0x00, 0x00, 0x41, 0x00, 0x00,
  0x00, 0x62, 0x0e, 0x00, 0x16, 0x78, 0x15, 0x18, 0x20, 0x64, 0x00, 0x00,
  0x19, 0x00, 0x00, 0x00, 0x00, 0xc4, 0x0f, 0x00, 0x16, 0x78, 0x17, 0x18,
  0x31, 0x75, 0x00, 0x00, 0x19, 0x00, 0x00, 0x00, 0x00, 0xe4, 0x0f, 0x00,
  0x16, 0x78, 0x18, 0x1a, 0x20, 0x64, 0x00, 0x00, 0x1b, 0x00, 0x00, 0x00,
  0x00, 0xe4, 0x0f, 0x14, 0x16, 0x78, 0x1a, 0x1a, 0x31, 0x75, 0x00, 0x00,
  0x1b, 0x00, 0x00, 0x00, 0x00, 0xe4, 0x0f, 0x00, 0x16, 0x78, 0x19, 0x1c,
  0x20, 0x64, 0x00, 0x00, 0x1d, 0x00, 0x00, 0x00, 0x00, 0xe4, 0x0f, 0x15,
  0x16, 0x78, 0x1b, 0x1c, 0x31, 0x75, 0x00, 0x00, 0x1d, 0x00, 0x00, 0x00,
  0x00, 0xe4, 0x0f, 0x00, 0x16, 0x78, 0x1c, 0x1e, 0x20, 0x64, 0x00, 0x00,
  0x1f, 0x00, 0x00, 0x00, 0x00, 0xc4, 0x8f, 0x00, 0x16, 0x78, 0x1e, 0x1e,
  0x31, 0x75, 0x00, 0x00, 0x1f, 0x00, 0x00, 0x00, 0x00, 0xe4, 0x0f, 0x00,
  0x16, 0x78, 0x1d, 0x20, 0x20, 0x64, 0x00, 0x00, 0x21, 0x00, 0x00, 0x00,
  0x00, 0xe4, 0x4f, 0x14, 0x16, 0x78, 0x1f, 0x20, 0x31, 0x75, 0x00, 0x00,
  0x21, 0x00, 0x00, 0x00, 0x00, 0xe4, 0x0f, 0x00, 0x16, 0x78, 0x20, 0x22,
  0x20, 0x64, 0x00, 0x00, 0x23, 0x00, 0x00, 0x00, 0x00, 0xe4, 0x2f, 0x14,
  0x16, 0x78, 0x22, 0x22, 0x31, 0x75, 0x00, 0x00, 0x23, 0x00, 0x00, 0x00,
  0x00, 0xe4, 0x0f, 0x00, 0x16, 0x78, 0x21, 0x24, 0x20, 0x64, 0x00, 0x00,
  0x25, 0x00, 0x00, 0x00, 0x00, 0xc4, 0x0f, 0x00, 0x16, 0x78, 0x23, 0x24,
  0x31, 0x75, 0x00, 0x00, 0x25, 0x00, 0x00, 0x00, 0x00, 0xe4, 0x0f, 0x00,
  0x16, 0x78, 0x24, 0x26, 0x20, 0x64, 0x00, 0x00, 0x27, 0x00, 0x00, 0x00,
  0x00, 0xe4, 0x0f, 0x14, 0x16, 0x78, 0x26, 0x26, 0x31, 0x75, 0x00, 0x00,
  0x27, 0x00, 0x00, 0x00, 0x00, 0xe4, 0x0f, 0x00, 0x16, 0x78, 0x25, 0x28,
  0x20, 0x64, 0x00, 0x00, 0x29, 0x00, 0x00, 0x00, 0x00, 0xe4, 0x0f, 0x14,
  0x16, 0x78, 0x27, 0x28, 0x31, 0x75, 0x00, 0x00, 0x29, 0x00, 0x00, 0x00,
  0x00, 0xe4, 0x0f, 0x00, 0x16, 0x78, 0x28, 0x2a, 0x20, 0x64, 0x00, 0x00,
  0x2b, 0x00, 0x00, 0x00, 0x00, 0xc4, 0x0f, 0x00, 0x16, 0x78, 0x2a, 0x2a,
  0x31, 0x75, 0x00, 0x00, 0x2b, 0x00, 0x00, 0x00, 0x00, 0xe4, 0x0f, 0x00,
  0x16, 0x78, 0x29, 0xb8, 0x20, 0x64, 0x00, 0x00, 0xb9, 0x00, 0x00, 0x00,
  0x00, 0xe4, 0x0f, 0x14, 0x16, 0x78, 0x2b, 0xb8, 0x31, 0x75, 0x00, 0x00,
  0xb9, 0x00, 0x00, 0x00, 0x00, 0xe4, 0x0f, 0x00, 0x8c, 0x72, 0x00, 0x0c,
  0x11, 0x00, 0x00, 0x00, 0x70, 0x62, 0xf0, 0x0b, 0x00, 0xe4, 0x0f, 0x00,
  0x82, 0x7c, 0x04, 0x00, 0x0c, 0x00, 0x00, 0x00, 0x00, 0x00, 0x00, 0x08,
  0x00, 0xc8, 0x0f, 0x00, 0x1c, 0x78, 0x00, 0x00, 0x00, 0x00, 0x00, 0x00,
  0x08, 0xf0, 0xf2, 0x03, 0x00, 0xda, 0x0f, 0x00, 0x44, 0x19, 0x00, 0x00,
  0x10, 0x00, 0x00, 0x00, 0x00, 0x00, 0xc0, 0x03, 0x00, 0xe2, 0x0f, 0x00,
  0x47, 0x79, 0x00, 0x00, 0x00, 0xd0, 0xff, 0xff, 0xff, 0xff, 0x83, 0x03,
  0x00, 0xea, 0x0f, 0x00, 0x21, 0x72, 0x00, 0xcb, 0xd0, 0x00, 0x00, 0x00,
  0x00, 0x01, 0x01, 0x00, 0x00, 0xe2, 0x4f, 0x13, 0x21, 0x72, 0xd0, 0xcc,
  0xd0, 0x00, 0x00, 0x00, 0x00, 0x01, 0x01, 0x00, 0x00, 0xe2, 0x0f, 0x00,
  0x19, 0x79, 0x07, 0x00, 0x00, 0x00, 0x00, 0x00, 0x00, 0x21, 0x00, 0x00,
  0x00, 0xa2, 0x0e, 0x00, 0x02, 0x78, 0x2b, 0x00, 0x00, 0x00, 0x80, 0x3f,
  0x00, 0x0f, 0x00, 0x00, 0x00, 0xe2, 0x0f, 0x00, 0x20, 0x78, 0x02, 0x00,
  0x3b, 0xaa, 0xb8, 0x3f, 0x00, 0x00, 0x41, 0x00, 0x00, 0xe2, 0x0f, 0x00,
  0x20, 0x78, 0xd0, 0xd0, 0x3b, 0xaa, 0xb8, 0x3f, 0x00, 0x00, 0x41, 0x00,
  0x00, 0xe2, 0x0f, 0x00, 0x19, 0x79, 0x00, 0x00, 0x00, 0x00, 0x00, 0x00,
  0x00, 0x21, 0x00, 0x00, 0x00, 0x22, 0x0f, 0x00, 0xc3, 0x79, 0x04, 0x00,
  0x00, 0x00, 0x00, 0x00, 0x00, 0x26, 0x00, 0x00, 0x00, 0xe2, 0x0e, 0x00,
  0xb9, 0x7a, 0x08, 0x00, 0x00, 0xd3, 0x00, 0x00, 0x00, 0x08, 0x00, 0x00,
  0x00, 0xe2, 0x0f, 0x00, 0x08, 0x73, 0x03, 0x00, 0xd0, 0x00, 0x00, 0x00,
  0x00, 0x08, 0x00, 0x00, 0x00, 0x62, 0x0e, 0x00, 0x1d, 0x7b, 0x00, 0x00,
  0x00, 0x00, 0x00, 0x00, 0x00, 0x00, 0x01, 0x00, 0x00, 0xec, 0x0f, 0x00,
  0x45, 0x79, 0x00, 0x00, 0x40, 0x33, 0x00, 0x00, 0x00, 0x00, 0x80, 0x03,
  0x00, 0xe2, 0x0f, 0x00, 0x08, 0x73, 0x02, 0x00, 0x02, 0x00, 0x00, 0x00,
  0x00, 0x08, 0x00, 0x00, 0x00, 0xe2, 0x0e, 0x00, 0x23, 0x78, 0xce, 0x03,
  0x00, 0x00, 0x80, 0x43, 0xce, 0x00, 0x01, 0x00, 0x00, 0xe2, 0x2f, 0x00,
  0x19, 0x78, 0x08, 0xff, 0x1f, 0x00, 0x00, 0x00, 0x07, 0x14, 0x01, 0x00,
  0x00, 0xc4, 0x4f, 0x00, 0x12, 0x78, 0x06, 0x00, 0x60, 0x00, 0x00, 0x00,
  0xff, 0xc0, 0x8e, 0x07, 0x00, 0xe2, 0x0f, 0x05, 0xa4, 0x72, 0x07, 0x07,
  0x08, 0x00, 0x00, 0x00, 0x04, 0x02, 0x8e, 0x0f, 0x00, 0xe2, 0x8f, 0x00,
  0x12, 0x78, 0x03, 0x00, 0x1c, 0x00, 0x00, 0x00, 0xff, 0xc0, 0x8e, 0x07,
  0x00, 0xe2, 0x0f, 0x00, 0x23, 0x78, 0xcd, 0x02, 0x00, 0x00, 0x80, 0x43,
  0xcd, 0x00, 0x01, 0x00, 0x00, 0xe2, 0x0f, 0x00, 0x19, 0x78, 0x02, 0xff,
  0x01, 0x00, 0x00, 0x00, 0x06, 0x16, 0x01, 0x00, 0x00, 0xe2, 0x0f, 0x00,
  0xb9, 0x7a, 0x04, 0x00, 0x00, 0xd8, 0x00, 0x00, 0x00, 0x08, 0x00, 0x00,
  0x00, 0xe2, 0x0f, 0x00, 0x12, 0x78, 0x05, 0x00, 0x07, 0x00, 0x00, 0x00,
  0xff, 0xc0, 0x8e, 0x07, 0x00, 0xe2, 0x0f, 0x04, 0xa4, 0x72, 0x04, 0x07,
  0x04, 0x00, 0x00, 0x00, 0x3f, 0x02, 0x8e, 0x0f, 0x00, 0xe2, 0x0f, 0x00,
  0x0b, 0x72, 0x00, 0xcd, 0xff, 0x00, 0x00, 0x00, 0x00, 0x50, 0xf1, 0x03,
  0x00, 0xe4, 0x0f, 0x00, 0x11, 0x72, 0x03, 0x03, 0x02, 0x00, 0x00, 0x00,
  0xff, 0xf0, 0x8f, 0x07, 0x00, 0xe2, 0x0f, 0x00, 0x24, 0x74, 0x02, 0xff,
  0x00, 0x00, 0x80, 0x3f, 0xff, 0x00, 0x8e, 0x07, 0x00, 0xe2, 0x0f, 0x00,
  0x12, 0x78, 0x04, 0x00, 0x80, 0x00, 0x00, 0x00, 0xff, 0xc0, 0x8e, 0x07,
  0x00, 0xe2, 0x0f, 0x00, 0x99, 0x78, 0x08, 0x3f, 0x1f, 0x00, 0x00, 0x00,
  0x04, 0x14, 0x01, 0x08, 0x00, 0xe2, 0x0f, 0x00, 0x11, 0x72, 0x65, 0x08,
  0x07, 0x00, 0x00, 0x00, 0xff, 0x30, 0x8f, 0x07, 0x00, 0xc4, 0x0f, 0x00,
  0x11, 0x72, 0x04, 0x04, 0x05, 0x00, 0x00, 0x00, 0xff, 0xe8, 0x8f, 0x07,
  0x00, 0xe4, 0x0f, 0x00, 0x12, 0x78, 0x06, 0x65, 0xc0, 0xff, 0xff, 0xff,
  0xff, 0xc0, 0x8e, 0x07, 0x00, 0xc6, 0x0f, 0x00, 0x08, 0x03, 0x2b, 0x00,
  0xcd, 0x00, 0x00, 0x00, 0x00, 0x10, 0x00, 0x00, 0x00, 0x62, 0x0e, 0x00,
  0x0b, 0x72, 0x00, 0xce, 0xff, 0x00, 0x00, 0x00, 0x00, 0x50, 0xf1, 0x03,
  0x00, 0xe2, 0x0f, 0x00, 0x24, 0x78, 0x64, 0x03, 0x40, 0x00, 0x00, 0x00,
  0x04, 0x02, 0x8e, 0x07, 0x00, 0xe4, 0x0f, 0x00, 0x24, 0x78, 0x66, 0x07,
  0x01, 0x00, 0x00, 0x00, 0x06, 0x0a, 0x8e, 0x07, 0x00, 0xc6, 0x0f, 0x00,
  0x19, 0x78, 0x03, 0x64, 0x04, 0x00, 0x00, 0x00, 0xff, 0x06, 0x00, 0x00,
  0x00, 0xc8, 0x0f, 0x00, 0x12, 0x78, 0x03, 0x03, 0x40, 0x00, 0x00, 0x00,
  0xff, 0x3c, 0x8e, 0x07, 0x00, 0xc6, 0x0f, 0x00, 0x08, 0x03, 0x02, 0x00,
  0xce, 0x00, 0x00, 0x00, 0x00, 0x10, 0x00, 0x00, 0x00, 0xa2, 0x0e, 0x00,
  0x20, 0x72, 0x04, 0x2b, 0x2c, 0x00, 0x00, 0x00, 0x00, 0x00, 0x41, 0x00,
  0x00, 0xe2, 0x2f, 0x04, 0x20, 0x72, 0x06, 0x2b, 0x2d, 0x00, 0x00, 0x00,
  0x00, 0x00, 0x41, 0x00, 0x00, 0xe2, 0x0f, 0x04, 0x20, 0x72, 0x05, 0x2b,
  0x30, 0x00, 0x00, 0x00, 0x00, 0x00, 0x41, 0x00, 0x00, 0xe2, 0x0f, 0x04,
  0x20, 0x72, 0x07, 0x2b, 0x31, 0x00, 0x00, 0x00, 0x00, 0x00, 0x41, 0x00,
  0x00, 0xe2, 0x0f, 0x04, 0x20, 0x72, 0x08, 0x2b, 0x34, 0x00, 0x00, 0x00,
  0x00, 0x00, 0x41, 0x00, 0x00, 0xe2, 0x0f, 0x04, 0x20, 0x72, 0x0a, 0x2b,
  0x35, 0x00, 0x00, 0x00, 0x00, 0x00, 0x41, 0x00, 0x00, 0xe2, 0x0f, 0x04,
  0x20, 0x72, 0x09, 0x2b, 0x38, 0x00, 0x00, 0x00, 0x00, 0x00, 0x41, 0x00,
  0x00, 0xe2, 0x0f, 0x04, 0x20, 0x72, 0x0b, 0x2b, 0x39, 0x00, 0x00, 0x00,
  0x00, 0x00, 0x41, 0x00, 0x00, 0xe2, 0x0f, 0x04, 0x20, 0x72, 0x0c, 0x2b,
  0x3c, 0x00, 0x00, 0x00, 0x00, 0x00, 0x41, 0x00, 0x00, 0xe2, 0x0f, 0x04,
  0x20, 0x72, 0x0e, 0x2b, 0x3d, 0x00, 0x00, 0x00, 0x00, 0x00, 0x41, 0x00,
  0x00, 0xe2, 0x0f, 0x04, 0x20, 0x72, 0x0d, 0x2b, 0x40, 0x00, 0x00, 0x00,
  0x00, 0x00, 0x41, 0x00, 0x00, 0xe2, 0x0f, 0x04, 0x20, 0x72, 0x0f, 0x2b,
  0x41, 0x00, 0x00, 0x00, 0x00, 0x00, 0x41, 0x00, 0x00, 0xe2, 0x0f, 0x04,
  0x20, 0x72, 0x10, 0x2b, 0x44, 0x00, 0x00, 0x00, 0x00, 0x00, 0x41, 0x00,
  0x00, 0xe2, 0x0f, 0x04, 0x20, 0x72, 0x12, 0x2b, 0x45, 0x00, 0x00, 0x00,
  0x00, 0x00, 0x41, 0x00, 0x00, 0xe2, 0x0f, 0x04, 0x20, 0x72, 0x2c, 0x02,
  0x2e, 0x00, 0x00, 0x00, 0x00, 0x00, 0x41, 0x00, 0x00, 0xe2, 0x4f, 0x04,
  0x20, 0x72, 0x2e, 0x02, 0x2f, 0x00, 0x00, 0x00, 0x00, 0x00, 0x41, 0x00,
  0x00, 0xe2, 0x0f, 0x04, 0x20, 0x72, 0x2d, 0x02, 0x32, 0x00, 0x00, 0x00,
  0x00, 0x00, 0x41, 0x00, 0x00, 0xe2, 0x0f, 0x04, 0x20, 0x72, 0x2f, 0x02,
  0x33, 0x00, 0x00, 0x00, 0x00, 0x00, 0x41, 0x00, 0x00, 0xe2, 0x0f, 0x04,
  0x20, 0x72, 0x30, 0x02, 0x36, 0x00, 0x00, 0x00, 0x00, 0x00, 0x41, 0x00,
  0x00, 0xe2, 0x0f, 0x04, 0x20, 0x72, 0x32, 0x02, 0x37, 0x00, 0x00, 0x00,
  0x00, 0x00, 0x41, 0x00, 0x00, 0xe2, 0x0f, 0x04, 0x20, 0x72, 0x31, 0x02,
  0x3a, 0x00, 0x00, 0x00, 0x00, 0x00, 0x41, 0x00, 0x00, 0xe2, 0x0f, 0x04,
  0x20, 0x72, 0x33, 0x02, 0x3b, 0x00, 0x00, 0x00, 0x00, 0x00, 0x41, 0x00,
  0x00, 0xe2, 0x0f, 0x04, 0x20, 0x72, 0x34, 0x02, 0x3e, 0x00, 0x00, 0x00,
  0x00, 0x00, 0x41, 0x00, 0x00, 0xe2, 0x0f, 0x04, 0x20, 0x72, 0x36, 0x02,
  0x3f, 0x00, 0x00, 0x00, 0x00, 0x00, 0x41, 0x00, 0x00, 0xe2, 0x0f, 0x04,
  0x20, 0x72, 0x11, 0x2b, 0x48, 0x00, 0x00, 0x00, 0x00, 0x00, 0x41, 0x00,
  0x00, 0xe2, 0x0f, 0x04, 0x20, 0x72, 0x13, 0x2b, 0x49, 0x00, 0x00, 0x00,
  0x00, 0x00, 0x41, 0x00, 0x00, 0xe2, 0x0f, 0x04, 0x20, 0x72, 0x14, 0x2b,
  0x4c, 0x00, 0x00, 0x00, 0x00, 0x00, 0x41, 0x00, 0x00, 0xe2, 0x0f, 0x04,
  0x20, 0x72, 0x16, 0x2b, 0x4d, 0x00, 0x00, 0x00, 0x00, 0x00, 0x41, 0x00,
  0x00, 0xe2, 0x0f, 0x04, 0x20, 0x72, 0x15, 0x2b, 0x50, 0x00, 0x00, 0x00,
  0x00, 0x00, 0x41, 0x00, 0x00, 0xe2, 0x0f, 0x04, 0x20, 0x72, 0x17, 0x2b,
  0x51, 0x00, 0x00, 0x00, 0x00, 0x00, 0x41, 0x00, 0x00, 0xe2, 0x0f, 0x04,
  0x20, 0x72, 0x35, 0x02, 0x42, 0x00, 0x00, 0x00, 0x00, 0x00, 0x41, 0x00,
  0x00, 0xe2, 0x0f, 0x04, 0x20, 0x72, 0x37, 0x02, 0x43, 0x00, 0x00, 0x00,
  0x00, 0x00, 0x41, 0x00, 0x00, 0xe2, 0x0f, 0x04, 0x20, 0x72, 0x38, 0x02,
  0x46, 0x00, 0x00, 0x00, 0x00, 0x00, 0x41, 0x00, 0x00, 0xe2, 0x0f, 0x04,
  0x20, 0x72, 0x3a, 0x02, 0x47, 0x00, 0x00, 0x00, 0x00, 0x00, 0x41, 0x00,
  0x00, 0xe2, 0x0f, 0x04, 0x20, 0x72, 0x39, 0x02, 0x4a, 0x00, 0x00, 0x00,
  0x00, 0x00, 0x41, 0x00, 0x00, 0xe2, 0x0f, 0x04, 0x20, 0x72, 0x3b, 0x02,
  0x4b, 0x00, 0x00, 0x00, 0x00, 0x00, 0x41, 0x00, 0x00, 0xe2, 0x0f, 0x04,
  0x20, 0x72, 0x3c, 0x02, 0x4e, 0x00, 0x00, 0x00, 0x00, 0x00, 0x41, 0x00,
  0x00, 0xe2, 0x0f, 0x04, 0x20, 0x72, 0x3e, 0x02, 0x4f, 0x00, 0x00, 0x00,
  0x00, 0x00, 0x41, 0x00, 0x00, 0xe2, 0x0f, 0x04, 0x20, 0x72, 0x3d, 0x02,
  0x52, 0x00, 0x00, 0x00, 0x00, 0x00, 0x41, 0x00, 0x00, 0xe2, 0x0f, 0x04,
  0x20, 0x72, 0x3f, 0x02, 0x53, 0x00, 0x00, 0x00, 0x00, 0x00, 0x41, 0x00,
  0x00, 0xe2, 0x0f, 0x04, 0x20, 0x72, 0x40, 0x02, 0x56, 0x00, 0x00, 0x00,
  0x00, 0x00, 0x41, 0x00, 0x00, 0xe2, 0x0f, 0x04, 0x20, 0x72, 0x42, 0x02,
  0x57, 0x00, 0x00, 0x00, 0x00, 0x00, 0x41, 0x00, 0x00, 0xe2, 0x0f, 0x04,
  0x20, 0x72, 0x41, 0x02, 0x5a, 0x00, 0x00, 0x00, 0x00, 0x00, 0x41, 0x00,
  0x00, 0xe2, 0x0f, 0x04, 0x20, 0x72, 0x43, 0x02, 0x5b, 0x00, 0x00, 0x00,
  0x00, 0x00, 0x41, 0x00, 0x00, 0xe2, 0x0f, 0x04, 0x20, 0x72, 0x44, 0x02,
  0x5e, 0x00, 0x00, 0x00, 0x00, 0x00, 0x41, 0x00, 0x00, 0xe2, 0x0f, 0x04,
  0x20, 0x72, 0x46, 0x02, 0x5f, 0x00, 0x00, 0x00, 0x00, 0x00, 0x41, 0x00,
  0x00, 0xe2, 0x0f, 0x04, 0x20, 0x72, 0x45, 0x02, 0x62, 0x00, 0x00, 0x00,
  0x00, 0x00, 0x41, 0x00, 0x00, 0xe2, 0x0f, 0x04, 0x20, 0x72, 0x47, 0x02,
  0x63, 0x00, 0x00, 0x00, 0x00, 0x00, 0x41, 0x00, 0x00, 0xe2, 0x0f, 0x04,
  0x20, 0x72, 0x48, 0x02, 0xa2, 0x00, 0x00, 0x00, 0x00, 0x00, 0x41, 0x00,
  0x00, 0xe2, 0x0f, 0x04, 0x20, 0x72, 0x4a, 0x02, 0xa3, 0x00, 0x00, 0x00,
  0x00, 0x00, 0x41, 0x00, 0x00, 0xe2, 0x0f, 0x04, 0x20, 0x72, 0x49, 0x02,
  0xa6, 0x00, 0x00, 0x00, 0x00, 0x00, 0x41, 0x00, 0x00, 0xe2, 0x0f, 0x04,
  0x20, 0x72, 0x4b, 0x02, 0xa7, 0x00, 0x00, 0x00, 0x00, 0x00, 0x41, 0x00,
  0x00, 0xe2, 0x0f, 0x04, 0x20, 0x72, 0x4c, 0x02, 0xaa, 0x00, 0x00, 0x00,
  0x00, 0x00, 0x41, 0x00, 0x00, 0xe2, 0x0f, 0x04, 0x20, 0x72, 0x4e, 0x02,
  0xab, 0x00, 0x00, 0x00, 0x00, 0x00, 0x41, 0x00, 0x00, 0xe2, 0x0f, 0x04,
  0x20, 0x72, 0x4d, 0x02, 0xae, 0x00, 0x00, 0x00, 0x00, 0x00, 0x41, 0x00,
  0x00, 0xe2, 0x0f, 0x04, 0x20, 0x72, 0x4f, 0x02, 0xaf, 0x00, 0x00, 0x00,
  0x00, 0x00, 0x41, 0x00, 0x00, 0xe2, 0x0f, 0x04, 0x20, 0x72, 0x50, 0x02,
  0xb2, 0x00, 0x00, 0x00, 0x00, 0x00, 0x41, 0x00, 0x00, 0xe2, 0x0f, 0x04,
  0x20, 0x72, 0x52, 0x02, 0xb3, 0x00, 0x00, 0x00, 0x00, 0x00, 0x41, 0x00,
  0x00, 0xe2, 0x0f, 0x04, 0x20, 0x72, 0x51, 0x02, 0xb6, 0x00, 0x00, 0x00,
  0x00, 0x00, 0x41, 0x00, 0x00, 0xe2, 0x0f, 0x04, 0x20, 0x72, 0x53, 0x02,
  0xb7, 0x00, 0x00, 0x00, 0x00, 0x00, 0x41, 0x00, 0x00, 0xe2, 0x0f, 0x00,
  0x19, 0x78, 0x02, 0xff, 0x06, 0x00, 0x00, 0x00, 0x65, 0x14, 0x01, 0x00,
  0x00, 0xe2, 0x0f, 0x00, 0x88, 0x73, 0x00, 0x64, 0x04, 0x00, 0x00, 0x00,
  0x00, 0xcc, 0x00, 0x00, 0x00, 0xe2, 0x03, 0x00, 0x20, 0x72, 0x18, 0x2b,
  0x54, 0x00, 0x00, 0x00, 0x00, 0x00, 0x41, 0x00, 0x00, 0xe2, 0x0f, 0x04,
  0x20, 0x72, 0x1a, 0x2b, 0x55, 0x00, 0x00, 0x00, 0x00, 0x00, 0x41, 0x00,
  0x00, 0xe2, 0x0f, 0x04, 0x10, 0x7c, 0x02, 0x02, 0x05, 0x00, 0x00, 0x00,
  0xff, 0xe0, 0xff, 0x0f, 0x00, 0xe2, 0x0f, 0x00, 0x20, 0x72, 0x19, 0x2b,
  0x58, 0x00, 0x00, 0x00, 0x00, 0x00, 0x41, 0x00, 0x00, 0xe2, 0x0f, 0x04,
  0x20, 0x72, 0x1b, 0x2b, 0x59, 0x00, 0x00, 0x00, 0x00, 0x00, 0x41, 0x00,
  0x00, 0xe2, 0x0f, 0x04, 0x88, 0x73, 0x00, 0x64, 0x2c, 0x00, 0x20, 0x00,
  0x00, 0xcc, 0x00, 0x00, 0x00, 0xe2, 0x0f, 0x00, 0x20, 0x72, 0x1c, 0x2b,
  0x5c, 0x00, 0x00, 0x00, 0x00, 0x00, 0x41, 0x00, 0x00, 0xe2, 0x0f, 0x04,
  0x20, 0x72, 0x1e, 0x2b, 0x5d, 0x00, 0x00, 0x00, 0x00, 0x00, 0x41, 0x00,
  0x00, 0xe2, 0x0f, 0x04, 0x20, 0x72, 0x1d, 0x2b, 0x60, 0x00, 0x00, 0x00,
  0x00, 0x00, 0x41, 0x00, 0x00, 0xe2, 0x0f, 0x04, 0x20, 0x72, 0x1f, 0x2b,
  0x61, 0x00, 0x00, 0x00, 0x00, 0x00, 0x41, 0x00, 0x00, 0xe2, 0x0f, 0x04,
  0x88, 0x73, 0x00, 0x03, 0x08, 0x00, 0x00, 0x00, 0x00, 0x0c, 0x00, 0x00,
  0x00, 0xe2, 0x0f, 0x00, 0x20, 0x72, 0x20, 0x2b, 0xa0, 0x00, 0x00, 0x00,
  0x00, 0x00, 0x41, 0x00, 0x00, 0xe2, 0x0f, 0x04, 0x20, 0x72, 0x22, 0x2b,
  0xa1, 0x00, 0x00, 0x00, 0x00, 0x00, 0x41, 0x00, 0x00, 0xe2, 0x0f, 0x04,
  0x20, 0x72, 0x21, 0x2b, 0xa4, 0x00, 0x00, 0x00, 0x00, 0x00, 0x41, 0x00,
  0x00, 0xe2, 0x0f, 0x04, 0x88, 0x73, 0x00, 0x03, 0x30, 0x00, 0x20, 0x00,
  0x00, 0x0c, 0x00, 0x00, 0x00, 0xe2, 0x0f, 0x00, 0x24, 0x78, 0x04, 0x66,
  0x04, 0x00, 0x00, 0x00, 0xff, 0x00, 0x8e, 0x07, 0x00, 0xe2, 0x2f, 0x00,
  0x20, 0x72, 0x23, 0x2b, 0xa5, 0x00, 0x00, 0x00, 0x00, 0x00, 0x41, 0x00,
  0x00, 0xe2, 0x0f, 0x04, 0x19, 0x78, 0x06, 0xff, 0x1f, 0x00, 0x00, 0x00,
  0x02, 0x14, 0x01, 0x00, 0x00, 0xe2, 0x0f, 0x00, 0x88, 0x73, 0x00, 0x64,
  0x0c, 0x80, 0x00, 0x00, 0x00, 0xcc, 0x00, 0x00, 0x00, 0xe2, 0x0f, 0x00,
  0x20, 0x72, 0x24, 0x2b, 0xa8, 0x00, 0x00, 0x00, 0x00, 0x00, 0x41, 0x00,
  0x00, 0xe2, 0x0f, 0x04, 0x19, 0x78, 0x05, 0xff, 0x1f, 0x00, 0x00, 0x00,
  0x04, 0x14, 0x01, 0x00, 0x00, 0xe2, 0x0f, 0x10, 0x20, 0x72, 0x26, 0x2b,
  0xa9, 0x00, 0x00, 0x00, 0x00, 0x00, 0x41, 0x00, 0x00, 0xe2, 0x0f, 0x04,
  0x88, 0x73, 0x00, 0x64, 0x34, 0x80, 0x20, 0x00, 0x00, 0xcc, 0x00, 0x00,
  0x00, 0xe2, 0x0f, 0x00, 0x20, 0x72, 0x25, 0x2b, 0xac, 0x00, 0x00, 0x00,
  0x00, 0x00, 0x41, 0x00, 0x00, 0xe2, 0x0f, 0x04, 0x20, 0x72, 0x27, 0x2b,
  0xad, 0x00, 0x00, 0x00, 0x00, 0x00, 0x41, 0x00, 0x00, 0xe2, 0x0f, 0x04,
  0x20, 0x72, 0x28, 0x2b, 0xb0, 0x00, 0x00, 0x00, 0x00, 0x00, 0x41, 0x00,
  0x00, 0xe2, 0x0f, 0x04, 0x20, 0x72, 0x2a, 0x2b, 0xb1, 0x00, 0x00, 0x00,
  0x00, 0x00, 0x41, 0x00, 0x00, 0xe2, 0x0f, 0x04, 0x20, 0x72, 0x29, 0x2b,
  0xb4, 0x00, 0x00, 0x00, 0x00, 0x00, 0x41, 0x00, 0x00, 0xe2, 0x0f, 0x04,
  0x88, 0x73, 0x00, 0x03, 0x10, 0x80, 0x00, 0x00, 0x00, 0x0c, 0x00, 0x00,
  0x00, 0xe2, 0x0f, 0x00, 0x20, 0x72, 0x2b, 0x2b, 0xb5, 0x00, 0x00, 0x00,
  0x00, 0x00, 0x41, 0x00, 0x00, 0xe2, 0x0f, 0x00, 0x0c, 0x7c, 0x00, 0x02,
  0x06, 0x00, 0x00, 0x00, 0x70, 0x62, 0xf0, 0x0b, 0x00, 0xe2, 0x0f, 0x00,
  0x24, 0x7a, 0x07, 0x06, 0x00, 0x84, 0x00, 0x00, 0xff, 0x02, 0x8e, 0x07,
  0x00, 0xe2, 0x0f, 0x00, 0x88, 0x73, 0x00, 0x03, 0x38, 0x80, 0x20, 0x00,
  0x00, 0x0c, 0x00, 0x00, 0x00, 0xe2, 0x0f, 0x00, 0x25, 0x7a, 0x04, 0x02,
  0x00, 0x84, 0x00, 0x00, 0x04, 0x00, 0x8e, 0x07, 0x00, 0xc6, 0x0f, 0x00,
  0x88, 0x73, 0x00, 0x64, 0x14, 0x00, 0x01, 0x00, 0x00, 0xcc, 0x00, 0x00,
  0x00, 0xe2, 0x0f, 0x00, 0x24, 0x7a, 0x07, 0x02, 0x00, 0x85, 0x00, 0x00,
  0x07, 0x02, 0x8e, 0x07, 0x00, 0xc6, 0x0f, 0x00, 0x88, 0x73, 0x00, 0x64,
  0x3c, 0x00, 0x21, 0x00, 0x00, 0xcc, 0x00, 0x00, 0x00, 0xe8, 0x0f, 0x00,
  0x88, 0x73, 0x00, 0x03, 0x18, 0x00, 0x01, 0x00, 0x00, 0x0c, 0x00, 0x00,
  0x00, 0xe8, 0x0f, 0x00, 0x88, 0x73, 0x00, 0x03, 0x40, 0x00, 0x21, 0x00,
  0x00, 0x0c, 0x00, 0x00, 0x00, 0xe8, 0x0f, 0x00, 0x88, 0x73, 0x00, 0x64,
  0x1c, 0x80, 0x01, 0x00, 0x00, 0xcc, 0x00, 0x00, 0x00, 0xe8, 0x0f, 0x00,
  0x88, 0x73, 0x00, 0x64, 0x44, 0x80, 0x21, 0x00, 0x00, 0xcc, 0x00, 0x00,
  0x00, 0xe8, 0x0f, 0x00, 0x88, 0x73, 0x00, 0x03, 0x20, 0x80, 0x01, 0x00,
  0x00, 0x0c, 0x00, 0x00, 0x00, 0xe8, 0x0f, 0x00, 0x88, 0x73, 0x00, 0x03,
  0x48, 0x80, 0x21, 0x00, 0x00, 0x0c, 0x00, 0x00, 0x00, 0xe8, 0x0f, 0x00,
  0x88, 0x73, 0x00, 0x64, 0x24, 0x00, 0x02, 0x00, 0x00, 0xcc, 0x00, 0x00,
  0x00, 0xe8, 0x0f, 0x00, 0x88, 0x73, 0x00, 0x64, 0x4c, 0x00, 0x22, 0x00,
  0x00, 0xcc, 0x00, 0x00, 0x00, 0xe8, 0x03, 0x00, 0x88, 0x73, 0x00, 0x03,
  0x28, 0x00, 0x02, 0x00, 0x00, 0x0c, 0x00, 0x00, 0x00, 0xe8, 0x05, 0x00,
  0x88, 0x73, 0x00, 0x03, 0x50, 0x00, 0x22, 0x00, 0x00, 0x0c, 0x00, 0x00,
  0x00, 0xe8, 0x05, 0x00, 0x88, 0x73, 0x00, 0x64, 0x54, 0x80, 0x02, 0x00,
  0x00, 0xcc, 0x00, 0x00, 0x00, 0xe8, 0x05, 0x00, 0x88, 0x73, 0x00, 0x64,
  0x54, 0x80, 0x22, 0x00, 0x00, 0xcc, 0x00, 0x00, 0x00, 0xe2, 0x05, 0x00,
  0x10, 0x7c, 0x4c, 0x04, 0x04, 0x00, 0x00, 0x00, 0xff, 0xe0, 0xf3, 0x0f,
  0x00, 0xc6, 0x2f, 0x00, 0x88, 0x73, 0x00, 0x03, 0x54, 0x80, 0x02, 0x00,
  0x00, 0x0c, 0x00, 0x00, 0x00, 0xe2, 0x05, 0x00, 0x10, 0x7c, 0x4d, 0x05,
  0x08, 0x00, 0x00, 0x00, 0x07, 0xe4, 0xff, 0x08, 0x00, 0xc6, 0x0f, 0x00,
  0x88, 0x73, 0x00, 0x03, 0x54, 0x80, 0x22, 0x00, 0x00, 0x0c, 0x00, 0x00,
  0x00, 0xe8, 0x05, 0x00, 0x88, 0x73, 0x00, 0x64, 0x54, 0x00, 0x03, 0x00,
  0x00, 0xcc, 0x00, 0x00, 0x00, 0xe8, 0x05, 0x00, 0x88, 0x73, 0x00, 0x64,
  0x54, 0x00, 0x23, 0x00, 0x00, 0xcc, 0x00, 0x00, 0x00, 0xe8, 0x05, 0x00,
  0x88, 0x73, 0x00, 0x03, 0x54, 0x00, 0x03, 0x00, 0x00, 0x0c, 0x00, 0x00,
  0x00, 0xe8, 0x05, 0x00, 0x88, 0x73, 0x00, 0x03, 0x54, 0x00, 0x23, 0x00,
  0x00, 0x0c, 0x00, 0x00, 0x00, 0xe8, 0x05, 0x00, 0x88, 0x73, 0x00, 0x64,
  0x54, 0x80, 0x03, 0x00, 0x00, 0xcc, 0x00, 0x00, 0x00, 0xe8, 0x05, 0x00,
  0x88, 0x73, 0x00, 0x64, 0x54, 0x80, 0x23, 0x00, 0x00, 0xcc, 0x00, 0x00,
  0x00, 0xe8, 0x05, 0x00, 0x88, 0x73, 0x00, 0x03, 0x54, 0x80, 0x03, 0x00,
  0x00, 0x0c, 0x00, 0x00, 0x00, 0xe8, 0x05, 0x00, 0x88, 0x73, 0x00, 0x03,
  0x54, 0x80, 0x23, 0x00, 0x00, 0x0c, 0x00, 0x00, 0x00, 0xe8, 0x05, 0x00,
  0x1d, 0x7b, 0x00, 0x00, 0x00, 0x00, 0x00, 0x00, 0x00, 0x00, 0x01, 0x00,
  0x00, 0xec, 0x0f, 0x00, 0x47, 0x09, 0x00, 0x00, 0xc0, 0x29, 0x00, 0x00,
  0x00, 0x00, 0x80, 0x03, 0x00, 0xea, 0x0f, 0x00, 0x84, 0x79, 0x04, 0xca,
  0x00, 0x00, 0x00, 0x00, 0x00, 0xcc, 0x00, 0x00, 0x00, 0x62, 0x0e, 0x00,
  0xb9, 0x7a, 0x08, 0x00, 0x00, 0xd8, 0x00, 0x00, 0x00, 0x08, 0x00, 0x00,
  0x00, 0xc4, 0x0f, 0x00, 0x99, 0x78, 0x04, 0x3f, 0x1f, 0x00, 0x00, 0x00,
  0x08, 0x14, 0x01, 0x08, 0x00, 0xc8, 0x0f, 0x00, 0x91, 0x72, 0x04, 0x04,
  0x08, 0x00, 0x00, 0x00, 0x3f, 0x10, 0x8f, 0x0f, 0x00, 0xc8, 0x0f, 0x00,
  0x99, 0x78, 0x04, 0x3f, 0x02, 0x00, 0x00, 0x00, 0x04, 0x14, 0x01, 0x08,
  0x00, 0xcc, 0x0f, 0x00, 0x0c, 0x7c, 0x00, 0x66, 0x04, 0x00, 0x00, 0x00,
  0x70, 0x62, 0xf0, 0x0b, 0x00, 0xe2, 0x0f, 0x00, 0x20, 0x7c, 0x08, 0x06,
  0x14, 0x00, 0x00, 0x00, 0x00, 0x00, 0x41, 0x08, 0x00, 0xe2, 0x2f, 0x00,
  0x20, 0x7c, 0x07, 0x07, 0x14, 0x00, 0x00, 0x00, 0x00, 0x00, 0x41, 0x08,
  0x00, 0xe2, 0x0f, 0x00, 0x20, 0x7c, 0x03, 0x04, 0x14, 0x00, 0x00, 0x00,
  0x00, 0x00, 0x41, 0x08, 0x00, 0xe2, 0x4f, 0x00, 0x20, 0x7c, 0x06, 0x05,
  0x14, 0x00, 0x00, 0x00, 0x00, 0x00, 0x41, 0x08, 0x00, 0xd2, 0x0f, 0x00,
  0x10, 0x8a, 0x04, 0x4c, 0x00, 0x78, 0x00, 0x00, 0xff, 0xe0, 0xf3, 0x07,
  0x00, 0xe4, 0x0f, 0x00, 0x3e, 0x72, 0x07, 0x07, 0x08, 0x00, 0x00, 0x00,
  0xff, 0x70, 0x80, 0x04, 0x00, 0xe4, 0x0f, 0x00, 0x10, 0x8a, 0x05, 0x4d,
  0x00, 0x79, 0x00, 0x00, 0xff, 0xe4, 0xff, 0x00, 0x00, 0xe4, 0x0f, 0x00,
  0x3e, 0x72, 0x07, 0x06, 0x03, 0x00, 0x00, 0x00, 0x07, 0x70, 0x80, 0x04,
  0x00, 0xe4, 0x0f, 0x00, 0x10, 0x78, 0x03, 0x02, 0x02, 0x00, 0x00, 0x00,
  0xff, 0xe0, 0xff, 0x07, 0x00, 0xc6, 0x0f, 0x00, 0x86, 0x89, 0x00, 0x04,
  0x07, 0x00, 0x00, 0x00, 0x0e, 0x19, 0x10, 0x0c, 0x00, 0xe2, 0x03, 0x00,
  0x0c, 0x7c, 0x00, 0x03, 0x06, 0x00, 0x00, 0x00, 0x70, 0x62, 0xf2, 0x0b,
  0x00, 0xda, 0x0f, 0x00, 0x47, 0x19, 0x00, 0x00, 0xa0, 0x28, 0x00, 0x00,
  0x00, 0x00, 0x80, 0x03, 0x00, 0xea, 0x0f, 0x00, 0x84, 0x79, 0x04, 0xca,
  0x00, 0x00, 0x08, 0x00, 0x00, 0xcc, 0x00, 0x00, 0x00, 0x62, 0x2e, 0x00,
  0x24, 0x86, 0x03, 0xff, 0x00, 0x84, 0x00, 0x00, 0xff, 0x00, 0x8e, 0x07,
  0x00, 0xe4, 0x0f, 0x00, 0x24, 0x86, 0x0a, 0xff, 0x00, 0x85, 0x00, 0x00,
  0xff, 0x00, 0x8e, 0x07, 0x00, 0xc6, 0x0f, 0x00, 0x11, 0x82, 0x09, 0x03,
  0x4c, 0x00, 0x00, 0x00, 0xff, 0x08, 0x82, 0x07, 0x00, 0xc8, 0x0f, 0x00,
  0x11, 0x82, 0x0a, 0x03, 0x4d, 0x00, 0x00, 0x00, 0x0a, 0x0c, 0x8f, 0x00,
  0x00, 0xe2, 0x0f, 0x00, 0x20, 0x7c, 0x08, 0x06, 0x14, 0x00, 0x00, 0x00,
  0x00, 0x00, 0x41, 0x08, 0x00, 0xe2, 0x2f, 0x00, 0x20, 0x7c, 0x07, 0x07,
  0x14, 0x00, 0x00, 0x00, 0x00, 0x00, 0x41, 0x08, 0x00, 0xe2, 0x0f, 0x00,
  0x20, 0x7c, 0x03, 0x04, 0x14, 0x00, 0x00, 0x00, 0x00, 0x00, 0x41, 0x08,
  0x00, 0xe2, 0x0f, 0x00, 0x20, 0x7c, 0x06, 0x05, 0x14, 0x00, 0x00, 0x00,
  0x00, 0x00, 0x41, 0x08, 0x00, 0xe2, 0x0f, 0x00, 0x10, 0x8a, 0x04, 0x09,
  0x00, 0x78, 0x00, 0x00, 0xff, 0xe0, 0xf3, 0x07, 0x00, 0xe4, 0x0f, 0x00,
  0x3e, 0x72, 0x07, 0x07, 0x08, 0x00, 0x00, 0x00, 0xff, 0x70, 0x80, 0x04,
  0x00, 0xe4, 0x0f, 0x00, 0x10, 0x8a, 0x05, 0x0a, 0x00, 0x79, 0x00, 0x00,
  0xff, 0xe4, 0xff, 0x00, 0x00, 0xe4, 0x0f, 0x00, 0x3e, 0x72, 0x07, 0x06,
  0x03, 0x00, 0x00, 0x00, 0x07, 0x70, 0x80, 0x04, 0x00, 0xc4, 0x0f, 0x00,
  0x10, 0x78, 0x03, 0x02, 0x04, 0x00, 0x00, 0x00, 0xff, 0xe0, 0xff, 0x07,
  0x00, 0xc6, 0x0f, 0x00, 0x86, 0x89, 0x00, 0x04, 0x07, 0x00, 0x00, 0x00,
  0x0e, 0x19, 0x10, 0x0c, 0x00, 0xe2, 0x03, 0x00, 0x0c, 0x7c, 0x00, 0x03,
  0x06, 0x00, 0x00, 0x00, 0x70, 0x62, 0xf2, 0x0b, 0x00, 0xda, 0x0f, 0x00,
  0x47, 0x19, 0x00, 0x00, 0x90, 0x27, 0x00, 0x00, 0x00, 0x00, 0x80, 0x03,
  0x00, 0xea, 0x0f, 0x00, 0x84, 0x79, 0x04, 0xca, 0x00, 0x00, 0x10, 0x00,
  0x00, 0xcc, 0x00, 0x00, 0x00, 0x62, 0x2e, 0x00, 0x02, 0x8a, 0x03, 0x00,
  0x00, 0x84, 0x00, 0x00, 0x00, 0x0f, 0x00, 0x00, 0x00, 0xe2, 0x0f, 0x00,
  0x24, 0x86, 0x0a, 0xff, 0x00, 0x85, 0x00, 0x00, 0xff, 0x00, 0x8e, 0x07,
  0x00, 0xc6, 0x0f, 0x00, 0x11, 0x82, 0x09, 0x03, 0x4c, 0x00, 0x00, 0x00,
  0xff, 0x10, 0x82, 0x07, 0x00, 0xc8, 0x0f, 0x00, 0x11, 0x82, 0x0a, 0x03,
  0x4d, 0x00, 0x00, 0x00, 0x0a, 0x14, 0x8f, 0x00, 0x00, 0xe2, 0x0f, 0x00,
  0x20, 0x7c, 0x08, 0x06, 0x14, 0x00, 0x00, 0x00, 0x00, 0x00, 0x41, 0x08,
  0x00, 0xe2, 0x2f, 0x00, 0x20, 0x7c, 0x07, 0x07, 0x14, 0x00, 0x00, 0x00,
  0x00, 0x00, 0x41, 0x08, 0x00, 0xe2, 0x0f, 0x00, 0x20, 0x7c, 0x03, 0x04,
  0x14, 0x00, 0x00, 0x00, 0x00, 0x00, 0x41, 0x08, 0x00, 0xe2, 0x0f, 0x00,
  0x20, 0x7c, 0x06, 0x05, 0x14, 0x00, 0x00, 0x00, 0x00, 0x00, 0x41, 0x08,
  0x00, 0xe2, 0x0f, 0x00, 0x10, 0x8a, 0x04, 0x09, 0x00, 0x78, 0x00, 0x00,
  0xff, 0xe0, 0xf3, 0x07, 0x00, 0xe4, 0x0f, 0x00, 0x3e, 0x72, 0x07, 0x07,
  0x08, 0x00, 0x00, 0x00, 0xff, 0x70, 0x80, 0x04, 0x00, 0xe4, 0x0f, 0x00,
  0x10, 0x8a, 0x05, 0x0a, 0x00, 0x79, 0x00, 0x00, 0xff, 0xe4, 0xff, 0x00,
  0x00, 0xe4, 0x0f, 0x00, 0x3e, 0x72, 0x07, 0x06, 0x03, 0x00, 0x00, 0x00,
  0x07, 0x70, 0x80, 0x04, 0x00, 0xc4, 0x0f, 0x00, 0x10, 0x78, 0x03, 0x02,
  0x06, 0x00, 0x00, 0x00, 0xff, 0xe0, 0xff, 0x07, 0x00, 0xc6, 0x0f, 0x00,
  0x86, 0x89, 0x00, 0x04, 0x07, 0x00, 0x00, 0x00, 0x0e, 0x19, 0x10, 0x0c,
  0x00, 0xe2, 0x03, 0x00, 0x0c, 0x7c, 0x00, 0x03, 0x06, 0x00, 0x00, 0x00,
  0x70, 0x62, 0xf2, 0x0b, 0x00, 0xda, 0x0f, 0x00, 0x47, 0x19, 0x00, 0x00,
  0x80, 0x26, 0x00, 0x00, 0x00, 0x00, 0x80, 0x03, 0x00, 0xea, 0x0f, 0x00,
  0x84, 0x79, 0x78, 0xca, 0x00, 0x00, 0x20, 0x00, 0x00, 0xcc, 0x00, 0x00,
  0x00, 0xa2, 0x22, 0x00, 0x10, 0x78, 0x03, 0x02, 0x08, 0x00, 0x00, 0x00,
  0xff, 0xe0, 0xff, 0x07, 0x00, 0xe2, 0x0f, 0x00, 0x45, 0x79, 0x01, 0x00,
  0xc0, 0x02, 0x00, 0x00, 0x00, 0x00, 0x80, 0x03, 0x00, 0xe4, 0x0f, 0x00,
  0x84, 0x79, 0x70, 0xca, 0x00, 0x00, 0x28, 0x00, 0x00, 0xcc, 0x00, 0x00,
  0x00, 0xe2, 0x02, 0x00, 0x0c, 0x7c, 0x00, 0x03, 0x06, 0x00, 0x00, 0x00,
  0x70, 0x62, 0xf2, 0x0b, 0x00, 0xc6, 0x0f, 0x00, 0x84, 0x79, 0x6c, 0xca,
  0x00, 0x00, 0x30, 0x00, 0x00, 0xcc, 0x00, 0x00, 0x00, 0x28, 0x03, 0x00,
  0x84, 0x79, 0x68, 0xca, 0x00, 0x00, 0x38, 0x00, 0x00, 0xcc, 0x00, 0x00,
  0x00, 0x68, 0x02, 0x00, 0x84, 0x79, 0x64, 0xca, 0x00, 0x00, 0x40, 0x00,
  0x00, 0xcc, 0x00, 0x00, 0x00, 0x68, 0x02, 0x00, 0x84, 0x79, 0x60, 0xca,
  0x00, 0x00, 0x48, 0x00, 0x00, 0xcc, 0x00, 0x00, 0x00, 0x68, 0x02, 0x00,
  0x84, 0x79, 0x5c, 0xca, 0x00, 0x00, 0x50, 0x00, 0x00, 0xcc, 0x00, 0x00,
  0x00, 0x68, 0x02, 0x00, 0x84, 0x79, 0x58, 0xca, 0x00, 0x00, 0x58, 0x00,
  0x00, 0xcc, 0x00, 0x00, 0x00, 0x68, 0x02, 0x00, 0x84, 0x79, 0x54, 0xca,
  0x00, 0x00, 0x60, 0x00, 0x00, 0xcc, 0x00, 0x00, 0x00, 0x68, 0x02, 0x00,
  0x84, 0x79, 0x50, 0xca, 0x00, 0x00, 0x68, 0x00, 0x00, 0xcc, 0x00, 0x00,
  0x00, 0x68, 0x02, 0x00, 0x84, 0x79, 0x48, 0xca, 0x00, 0x00, 0x70, 0x00,
  0x00, 0xcc, 0x00, 0x00, 0x00, 0x68, 0x02, 0x00, 0x84, 0x79, 0x44, 0xca,
  0x00, 0x00, 0x78, 0x00, 0x00, 0xcc, 0x00, 0x00, 0x00, 0x68, 0x02, 0x00,
  0x84, 0x79, 0x40, 0xca, 0x00, 0x00, 0x80, 0x00, 0x00, 0xcc, 0x00, 0x00,
  0x00, 0x68, 0x02, 0x00, 0x84, 0x79, 0x3c, 0xca, 0x00, 0x00, 0x88, 0x00,
  0x00, 0xcc, 0x00, 0x00, 0x00, 0x68, 0x02, 0x00, 0x84, 0x79, 0x38, 0xca,
  0x00, 0x00, 0x90, 0x00, 0x00, 0xcc, 0x00, 0x00, 0x00, 0x68, 0x02, 0x00,
  0x84, 0x79, 0x04, 0xca, 0x00, 0x00, 0x98, 0x00, 0x00, 0xcc, 0x00, 0x00,
  0x00, 0x68, 0x02, 0x00, 0x84, 0x79, 0x08, 0xca, 0x00, 0x00, 0xa0, 0x00,
  0x00, 0xcc, 0x00, 0x00, 0x00, 0x68, 0x02, 0x00, 0x84, 0x79, 0x0c, 0xca,
  0x00, 0x00, 0xa8, 0x00, 0x00, 0xcc, 0x00, 0x00, 0x00, 0x68, 0x02, 0x00,
  0x84, 0x79, 0x10, 0xca, 0x00, 0x00, 0xb0, 0x00, 0x00, 0xcc, 0x00, 0x00,
  0x00, 0x68, 0x02, 0x00, 0x84, 0x79, 0x14, 0xca, 0x00, 0x00, 0xb8, 0x00,
  0x00, 0xcc, 0x00, 0x00, 0x00, 0x68, 0x02, 0x00, 0x84, 0x79, 0x18, 0xca,
  0x00, 0x00, 0xc0, 0x00, 0x00, 0xcc, 0x00, 0x00, 0x00, 0x68, 0x02, 0x00,
  0x84, 0x79, 0x1c, 0xca, 0x00, 0x00, 0xc8, 0x00, 0x00, 0xcc, 0x00, 0x00,
  0x00, 0x68, 0x02, 0x00, 0x84, 0x79, 0x20, 0xca, 0x00, 0x00, 0xd0, 0x00,
  0x00, 0xcc, 0x00, 0x00, 0x00, 0x68, 0x02, 0x00, 0x84, 0x79, 0x24, 0xca,
  0x00, 0x00, 0xd8, 0x00, 0x00, 0xcc, 0x00, 0x00, 0x00, 0x68, 0x02, 0x00,
  0x84, 0x79, 0x28, 0xca, 0x00, 0x00, 0xe0, 0x00, 0x00, 0xcc, 0x00, 0x00,
  0x00, 0x68, 0x02, 0x00, 0x84, 0x79, 0x2c, 0xca, 0x00, 0x00, 0xe8, 0x00,
  0x00, 0xcc, 0x00, 0x00, 0x00, 0x68, 0x02, 0x00, 0x84, 0x79, 0x30, 0xca,
  0x00, 0x00, 0xf0, 0x00, 0x00, 0xcc, 0x00, 0x00, 0x00, 0x68, 0x02, 0x00,
  0x84, 0x79, 0x34, 0xca, 0x00, 0x00, 0xf8, 0x00, 0x00, 0xcc, 0x00, 0x00,
  0x00, 0x68, 0x02, 0x00, 0x84, 0x79, 0x74, 0xca, 0x00, 0x00, 0x18, 0x00,
  0x00, 0xcc, 0x00, 0x00, 0x00, 0x62, 0x02, 0x00, 0x47, 0x09, 0x00, 0x00,
  0xd0, 0x00, 0x00, 0x00, 0x00, 0x00, 0x80, 0x03, 0x00, 0xea, 0x0f, 0x00,
  0x24, 0x76, 0x4f, 0xff, 0x00, 0x84, 0x00, 0x00, 0xff, 0x00, 0x8e, 0x07,
  0x00, 0xe2, 0xcf, 0x01, 0x20, 0x7c, 0x76, 0x76, 0x14, 0x00, 0x00, 0x00,
  0x00, 0x00, 0x41, 0x08, 0x00, 0xe2, 0x2f, 0x00, 0x24, 0x76, 0x03, 0xff,
  0x00, 0x85, 0x00, 0x00, 0xff, 0x00, 0x8e, 0x07, 0x00, 0xe2, 0x0f, 0x00,
  0x20, 0x7c, 0x77, 0x77, 0x14, 0x00, 0x00, 0x00, 0x00, 0x00, 0x41, 0x08,
  0x00, 0xe2, 0x0f, 0x00, 0x25, 0x78, 0x4e, 0x4f, 0x06, 0x00, 0x00, 0x00,
  0x4c, 0x00, 0x8e, 0x07, 0x00, 0xe2, 0x0f, 0x00, 0x20, 0x7c, 0x74, 0x74,
  0x14, 0x00, 0x00, 0x00, 0x00, 0x00, 0x41, 0x08, 0x00, 0xe2, 0x0f, 0x00,
  0x20, 0x7c, 0x75, 0x75, 0x14, 0x00, 0x00, 0x00, 0x00, 0x00, 0x41, 0x08,
  0x00, 0xc4, 0x0f, 0x00, 0x24, 0x78, 0x03, 0x03, 0x06, 0x00, 0x00, 0x00,
  0xff, 0x02, 0x8e, 0x07, 0x00, 0xe2, 0x0f, 0x00, 0x10, 0x7a, 0x4e, 0x4e,
  0x00, 0x78, 0x00, 0x00, 0xff, 0xe0, 0xf5, 0x07, 0x00, 0xe4, 0x0f, 0x00,
  0x3e, 0x72, 0x76, 0x77, 0x76, 0x00, 0x00, 0x00, 0xff, 0x70, 0x80, 0x04,
  0x00, 0xe4, 0x0f, 0x00, 0x10, 0x7a, 0x4f, 0x4f, 0x00, 0x79, 0x00, 0x00,
  0x03, 0xe4, 0x7f, 0x01, 0x00, 0xe4, 0x0f, 0x00, 0x3e, 0x72, 0x75, 0x75,
  0x74, 0x00, 0x00, 0x00, 0x76, 0x70, 0x80, 0x04, 0x00, 0xca, 0x0f, 0x00,
  0x86, 0x79, 0x00, 0x4e, 0x75, 0x00, 0x00, 0x00, 0x0e, 0x19, 0x10, 0x0c,
  0x00, 0xe4, 0x03, 0x00, 0x41, 0x79, 0x01, 0x00, 0x00, 0x00, 0x00, 0x00,
  0x00, 0x00, 0x80, 0x03, 0x00, 0xea, 0xcf, 0x01, 0x47, 0x19, 0x00, 0x00,
  0x80, 0x23, 0x00, 0x00, 0x00, 0x00, 0x80, 0x03, 0x00, 0xea, 0x0f, 0x00,
  0x02, 0x8a, 0x03, 0x00, 0x00, 0x84, 0x00, 0x00, 0x00, 0x0f, 0x00, 0x00,
  0x00, 0xe2, 0x0f, 0x00, 0x24, 0x86, 0x4f, 0xff, 0x00, 0x85, 0x00, 0x00,
  0xff, 0x00, 0x8e, 0x07, 0x00, 0xe2, 0x2f, 0x00, 0x20, 0x7c, 0x7a, 0x7a,
  0x14, 0x00, 0x00, 0x00, 0x00, 0x00, 0x41, 0x08, 0x00, 0xe2, 0x0f, 0x00,
  0x20, 0x7c, 0x7b, 0x7b, 0x14, 0x00, 0x00, 0x00, 0x00, 0x00, 0x41, 0x08,
  0x00, 0xe2, 0x0f, 0x00, 0x11, 0x82, 0x4e, 0x03, 0x4c, 0x00, 0x00, 0x00,
  0xff, 0x18, 0x82, 0x07, 0x00, 0xe2, 0x0f, 0x00, 0x20, 0x7c, 0x78, 0x78,
  0x14, 0x00, 0x00, 0x00, 0x00, 0x00, 0x41, 0x08, 0x00, 0xe2, 0x0f, 0x00,
  0x20, 0x7c, 0x79, 0x79, 0x14, 0x00, 0x00, 0x00, 0x00, 0x00, 0x41, 0x08,
  0x00, 0xe4, 0x0f, 0x00, 0x11, 0x82, 0x03, 0x03, 0x4d, 0x00, 0x00, 0x00,
  0x4f, 0x1c, 0x8f, 0x00, 0x00, 0xe4, 0x0f, 0x00, 0x10, 0x8a, 0x4e, 0x4e,
  0x00, 0x78, 0x00, 0x00, 0xff, 0xe0, 0xf3, 0x07, 0x00, 0xc4, 0x0f, 0x00,
  0x3e, 0x72, 0x7a, 0x7b, 0x7a, 0x00, 0x00, 0x00, 0xff, 0x70, 0x80, 0x04,
  0x00, 0xe4, 0x0f, 0x00, 0x10, 0x8a, 0x4f, 0x03, 0x00, 0x79, 0x00, 0x00,
  0xff, 0xe4, 0xff, 0x00, 0x00, 0xe4, 0x0f, 0x00, 0x3e, 0x72, 0x79, 0x79,
  0x78, 0x00, 0x00, 0x00, 0x7a, 0x70, 0x80, 0x04, 0x00, 0xe4, 0x0f, 0x00,
  0x10, 0x78, 0x03, 0x02, 0x0a, 0x00, 0x00, 0x00, 0xff, 0xe0, 0xff, 0x07,
  0x00, 0xc6, 0x0f, 0x00, 0x86, 0x89, 0x00, 0x4e, 0x79, 0x00, 0x00, 0x00,
  0x0e, 0x19, 0x10, 0x0c, 0x00, 0xe2, 0x03, 0x00, 0x0c, 0x7c, 0x00, 0x03,
  0x06, 0x00, 0x00, 0x00, 0x70, 0x62, 0xf2, 0x0b, 0x00, 0xda, 0x0f, 0x00,
  0x47, 0x19, 0x00, 0x00, 0x80, 0x22, 0x00, 0x00, 0x00, 0x00, 0x80, 0x03,
  0x00, 0xea, 0x0f, 0x00, 0x10, 0x78, 0x03, 0x02, 0x0c, 0x00, 0x00, 0x00,
  0xff, 0xe0, 0xff, 0x07, 0x00, 0xe2, 0x2f, 0x00, 0x45, 0x79, 0x01, 0x00,
  0x20, 0x01, 0x00, 0x00, 0x00, 0x00, 0x80, 0x03, 0x00, 0xe6, 0x0f, 0x00,
  0x0c, 0x7c, 0x00, 0x03, 0x06, 0x00, 0x00, 0x00, 0x70, 0x62, 0xf2, 0x0b,
  0x00, 0xe2, 0x0f, 0x00, 0x47, 0x09, 0x00, 0x00, 0xf0, 0x00, 0x00, 0x00,
  0x00, 0x00, 0x80, 0x03, 0x00, 0xee, 0x0f, 0x00, 0x02, 0x72, 0x4e, 0x00,
  0x4c, 0x00, 0x00, 0x00, 0x00, 0x0f, 0x00, 0x00, 0x00, 0xe2, 0x0f, 0x00,
  0x24, 0x76, 0x03, 0xff, 0x00, 0x84, 0x00, 0x00, 0xff, 0x00, 0x8e, 0x07,
  0x00, 0xe2, 0x0f, 0x00, 0x20, 0x7c, 0x72, 0x72, 0x14, 0x00, 0x00, 0x00,
  0x00, 0x00, 0x41, 0x08, 0x00, 0xe2, 0x0f, 0x00, 0x24, 0x72, 0x4f, 0xff,
  0xff, 0x00, 0x00, 0x00, 0x4d, 0x00, 0x8e, 0x07, 0x00, 0xe2, 0x0f, 0x00,
  0x20, 0x7c, 0x73, 0x73, 0x14, 0x00, 0x00, 0x00, 0x00, 0x00, 0x41, 0x08,
  0x00, 0xe2, 0x0f, 0x00, 0x24, 0x76, 0x74, 0xff, 0x00, 0x85, 0x00, 0x00,
  0xff, 0x00, 0x8e, 0x07, 0x00, 0xe2, 0x0f, 0x00, 0x20, 0x7c, 0x70, 0x70,
  0x14, 0x00, 0x00, 0x00, 0x00, 0x00, 0x41, 0x08, 0x00, 0xe2, 0x0f, 0x00,
  0x25, 0x78, 0x4e, 0x03, 0x0a, 0x00, 0x00, 0x00, 0x4e, 0x00, 0x8e, 0x07,
  0x00, 0xe2, 0x0f, 0x00, 0x20, 0x7c, 0x71, 0x71, 0x14, 0x00, 0x00, 0x00,
  0x00, 0x00, 0x41, 0x08, 0x00, 0xe2, 0x0f, 0x00, 0x3e, 0x72, 0x72, 0x73,
  0x72, 0x00, 0x00, 0x00, 0xff, 0x70, 0x80, 0x04, 0x00, 0xc4, 0x0f, 0x00,
  0x24, 0x78, 0x03, 0x74, 0x0a, 0x00, 0x00, 0x00, 0xff, 0x02, 0x8e, 0x07,
  0x00, 0xe2, 0x0f, 0x00, 0x10, 0x7a, 0x4e, 0x4e, 0x00, 0x78, 0x00, 0x00,
  0xff, 0xe0, 0xf5, 0x07, 0x00, 0xe4, 0x0f, 0x00, 0x3e, 0x72, 0x71, 0x71,
  0x70, 0x00, 0x00, 0x00, 0x72, 0x70, 0x80, 0x04, 0x00, 0xe4, 0x0f, 0x00,
  0x10, 0x7a, 0x4f, 0x4f, 0x00, 0x79, 0x00, 0x00, 0x03, 0xe4, 0x7f, 0x01,
  0x00, 0xca, 0x0f, 0x00, 0x86, 0x79, 0x00, 0x4e, 0x71, 0x00, 0x00, 0x00,
  0x0e, 0x19, 0x10, 0x0c, 0x00, 0xe8, 0x03, 0x00, 0x41, 0x79, 0x01, 0x00,
  0x00, 0x00, 0x00, 0x00, 0x00, 0x00, 0x80, 0x03, 0x00, 0xea, 0x0f, 0x00,
  0x47, 0x19, 0x00, 0x00, 0x30, 0x21, 0x00, 0x00, 0x00, 0x00, 0x80, 0x03,
  0x00, 0xea, 0x0f, 0x00, 0x10, 0x78, 0x03, 0x02, 0x0e, 0x00, 0x00, 0x00,
  0xff, 0xe0, 0xff, 0x07, 0x00, 0xe2, 0x0f, 0x00, 0x45, 0x79, 0x01, 0x00,
  0x20, 0x01, 0x00, 0x00, 0x00, 0x00, 0x80, 0x03, 0x00, 0xe6, 0x0f, 0x00,
  0x0c, 0x7c, 0x00, 0x03, 0x06, 0x00, 0x00, 0x00, 0x70, 0x62, 0xf2, 0x0b,
  0x00, 0xe2, 0x0f, 0x00, 0x47, 0x09, 0x00, 0x00, 0xf0, 0x00, 0x00, 0x00,
  0x00, 0x00, 0x80, 0x03, 0x00, 0xee, 0x0f, 0x00, 0x02, 0x72, 0x4e, 0x00,
  0x4c, 0x00, 0x00, 0x00, 0x00, 0x0f, 0x00, 0x00, 0x00, 0xe2, 0x2f, 0x00,
  0x24, 0x76, 0x03, 0xff, 0x00, 0x84, 0x00, 0x00, 0xff, 0x00, 0x8e, 0x07,
  0x00, 0xe2, 0x0f, 0x00, 0x20, 0x7c, 0x6e, 0x6e, 0x14, 0x00, 0x00, 0x00,
  0x00, 0x00, 0x41, 0x08, 0x00, 0xe2, 0x0f, 0x00, 0x24, 0x72, 0x4f, 0xff,
  0xff, 0x00, 0x00, 0x00, 0x4d, 0x00, 0x8e, 0x07, 0x00, 0xe2, 0x0f, 0x00,
  0x20, 0x7c, 0x6f, 0x6f, 0x14, 0x00, 0x00, 0x00, 0x00, 0x00, 0x41, 0x08,
  0x00, 0xe2, 0x0f, 0x00, 0x24, 0x76, 0x70, 0xff, 0x00, 0x85, 0x00, 0x00,
  0xff, 0x00, 0x8e, 0x07, 0x00, 0xe2, 0x0f, 0x00, 0x20, 0x7c, 0x6c, 0x6c,
  0x14, 0x00, 0x00, 0x00, 0x00, 0x00, 0x41, 0x08, 0x00, 0xe2, 0x0f, 0x00,
  0x25, 0x78, 0x4e, 0x03, 0x0c, 0x00, 0x00, 0x00, 0x4e, 0x00, 0x8e, 0x07,
  0x00, 0xe2, 0x0f, 0x00, 0x20, 0x7c, 0x6d, 0x6d, 0x14, 0x00, 0x00, 0x00,
  0x00, 0x00, 0x41, 0x08, 0x00, 0xe2, 0x0f, 0x00, 0x3e, 0x72, 0x6e, 0x6f,
  0x6e, 0x00, 0x00, 0x00, 0xff, 0x70, 0x80, 0x04, 0x00, 0xc4, 0x0f, 0x00,
  0x24, 0x78, 0x03, 0x70, 0x0c, 0x00, 0x00, 0x00, 0xff, 0x02, 0x8e, 0x07,
  0x00, 0xe2, 0x0f, 0x00, 0x10, 0x7a, 0x4e, 0x4e, 0x00, 0x78, 0x00, 0x00,
  0xff, 0xe0, 0xf5, 0x07, 0x00, 0xe4, 0x0f, 0x00, 0x3e, 0x72, 0x6d, 0x6d,
  0x6c, 0x00, 0x00, 0x00, 0x6e, 0x70, 0x80, 0x04, 0x00, 0xe4, 0x0f, 0x00,
  0x10, 0x7a, 0x4f, 0x4f, 0x00, 0x79, 0x00, 0x00, 0x03, 0xe4, 0x7f, 0x01,
  0x00, 0xca, 0x0f, 0x00, 0x86, 0x79, 0x00, 0x4e, 0x6d, 0x00, 0x00, 0x00,
  0x0e, 0x19, 0x10, 0x0c, 0x00, 0xe8, 0x03, 0x00, 0x41, 0x79, 0x01, 0x00,
  0x00, 0x00, 0x00, 0x00, 0x00, 0x00, 0x80, 0x03, 0x00, 0xea, 0x0f, 0x00,
  0x47, 0x19, 0x00, 0x00, 0xe0, 0x1f, 0x00, 0x00, 0x00, 0x00, 0x80, 0x03,
  0x00, 0xea, 0x0f, 0x00, 0x10, 0x78, 0x03, 0x02, 0x10, 0x00, 0x00, 0x00,
  0xff, 0xe0, 0xff, 0x07, 0x00, 0xe2, 0x0f, 0x00, 0x45, 0x79, 0x01, 0x00,
  0x20, 0x01, 0x00, 0x00, 0x00, 0x00, 0x80, 0x03, 0x00, 0xe6, 0x0f, 0x00,
  0x0c, 0x7c, 0x00, 0x03, 0x06, 0x00, 0x00, 0x00, 0x70, 0x62, 0xf2, 0x0b,
  0x00, 0xe2, 0x0f, 0x00, 0x47, 0x09, 0x00, 0x00, 0xf0, 0x00, 0x00, 0x00,
  0x00, 0x00, 0x80, 0x03, 0x00, 0xee, 0x0f, 0x00, 0x02, 0x72, 0x4e, 0x00,
  0x4c, 0x00, 0x00, 0x00, 0x00, 0x0f, 0x00, 0x00, 0x00, 0xe2, 0x2f, 0x00,
  0x24, 0x76, 0x03, 0xff, 0x00, 0x84, 0x00, 0x00, 0xff, 0x00, 0x8e, 0x07,
  0x00, 0xe2, 0x0f, 0x00, 0x20, 0x7c, 0x6a, 0x6a, 0x14, 0x00, 0x00, 0x00,
  0x00, 0x00, 0x41, 0x08, 0x00, 0xe2, 0x0f, 0x00, 0x24, 0x72, 0x4f, 0xff,
  0xff, 0x00, 0x00, 0x00, 0x4d, 0x00, 0x8e, 0x07, 0x00, 0xe2, 0x0f, 0x00,
  0x20, 0x7c, 0x6b, 0x6b, 0x14, 0x00, 0x00, 0x00, 0x00, 0x00, 0x41, 0x08,
  0x00, 0xe2, 0x0f, 0x00, 0x24, 0x76, 0x6c, 0xff, 0x00, 0x85, 0x00, 0x00,
  0xff, 0x00, 0x8e, 0x07, 0x00, 0xe2, 0x0f, 0x00, 0x20, 0x7c, 0x68, 0x68,
  0x14, 0x00, 0x00, 0x00, 0x00, 0x00, 0x41, 0x08, 0x00, 0xe2, 0x0f, 0x00,
  0x25, 0x78, 0x4e, 0x03, 0x0e, 0x00, 0x00, 0x00, 0x4e, 0x00, 0x8e, 0x07,
  0x00, 0xe2, 0x0f, 0x00, 0x20, 0x7c, 0x69, 0x69, 0x14, 0x00, 0x00, 0x00,
  0x00, 0x00, 0x41, 0x08, 0x00, 0xe2, 0x0f, 0x00, 0x3e, 0x72, 0x6a, 0x6b,
  0x6a, 0x00, 0x00, 0x00, 0xff, 0x70, 0x80, 0x04, 0x00, 0xc4, 0x0f, 0x00,
  0x24, 0x78, 0x03, 0x6c, 0x0e, 0x00, 0x00, 0x00, 0xff, 0x02, 0x8e, 0x07,
  0x00, 0xe2, 0x0f, 0x00, 0x10, 0x7a, 0x4e, 0x4e, 0x00, 0x78, 0x00, 0x00,
  0xff, 0xe0, 0xf5, 0x07, 0x00, 0xe4, 0x0f, 0x00, 0x3e, 0x72, 0x69, 0x69,
  0x68, 0x00, 0x00, 0x00, 0x6a, 0x70, 0x80, 0x04, 0x00, 0xe4, 0x0f, 0x00,
  0x10, 0x7a, 0x4f, 0x4f, 0x00, 0x79, 0x00, 0x00, 0x03, 0xe4, 0x7f, 0x01,
  0x00, 0xca, 0x0f, 0x00, 0x86, 0x79, 0x00, 0x4e, 0x69, 0x00, 0x00, 0x00,
  0x0e, 0x19, 0x10, 0x0c, 0x00, 0xe8, 0x03, 0x00, 0x41, 0x79, 0x01, 0x00,
  0x00, 0x00, 0x00, 0x00, 0x00, 0x00, 0x80, 0x03, 0x00, 0xea, 0x0f, 0x00,
  0x47, 0x19, 0x00, 0x00, 0x90, 0x1e, 0x00, 0x00, 0x00, 0x00, 0x80, 0x03,
  0x00, 0xea, 0x0f, 0x00, 0x24, 0x86, 0x03, 0xff, 0x00, 0x84, 0x00, 0x00,
  0xff, 0x00, 0x8e, 0x07, 0x00, 0xe2, 0x0f, 0x00, 0x20, 0x7c, 0x66, 0x66,
  0x14, 0x00, 0x00, 0x00, 0x00, 0x00, 0x41, 0x08, 0x00, 0xe2, 0x0f, 0x00,
  0x24, 0x86, 0x4f, 0xff, 0x00, 0x85, 0x00, 0x00, 0xff, 0x00, 0x8e, 0x07,
  0x00, 0xe2, 0x2f, 0x00, 0x20, 0x7c, 0x67, 0x67, 0x14, 0x00, 0x00, 0x00,
  0x00, 0x00, 0x41, 0x08, 0x00, 0xe2, 0x0f, 0x00, 0x20, 0x7c, 0x64, 0x64,
  0x14, 0x00, 0x00, 0x00, 0x00, 0x00, 0x41, 0x08, 0x00, 0xe2, 0x0f, 0x00,
  0x11, 0x82, 0x4e, 0x03, 0x4c, 0x00, 0x00, 0x00, 0xff, 0x20, 0x82, 0x07,
  0x00, 0xe2, 0x0f, 0x00, 0x20, 0x7c, 0x65, 0x65, 0x14, 0x00, 0x00, 0x00,
  0x00, 0x00, 0x41, 0x08, 0x00, 0xe4, 0x0f, 0x00, 0x3e, 0x72, 0x66, 0x67,
  0x66, 0x00, 0x00, 0x00, 0xff, 0x70, 0x80, 0x04, 0x00, 0xe4, 0x0f, 0x00,
  0x11, 0x82, 0x03, 0x03, 0x4d, 0x00, 0x00, 0x00, 0x4f, 0x24, 0x8f, 0x00,
  0x00, 0xc4, 0x0f, 0x00, 0x10, 0x8a, 0x4e, 0x4e, 0x00, 0x78, 0x00, 0x00,
  0xff, 0xe0, 0xf3, 0x07, 0x00, 0xe4, 0x0f, 0x00, 0x3e, 0x72, 0x65, 0x65,
  0x64, 0x00, 0x00, 0x00, 0x66, 0x70, 0x80, 0x04, 0x00, 0xe4, 0x0f, 0x00,
  0x10, 0x8a, 0x4f, 0x03, 0x00, 0x79, 0x00, 0x00, 0xff, 0xe4, 0xff, 0x00,
  0x00, 0xe4, 0x0f, 0x00, 0x10, 0x78, 0x03, 0x02, 0x12, 0x00, 0x00, 0x00,
  0xff, 0xe0, 0xff, 0x07, 0x00, 0xc6, 0x0f, 0x00, 0x86, 0x89, 0x00, 0x4e,
  0x65, 0x00, 0x00, 0x00, 0x0e, 0x19, 0x10, 0x0c, 0x00, 0xe2, 0x03, 0x00,
  0x0c, 0x7c, 0x00, 0x03, 0x06, 0x00, 0x00, 0x00, 0x70, 0x62, 0xf2, 0x0b,
  0x00, 0xda, 0x0f, 0x00, 0x47, 0x19, 0x00, 0x00, 0x90, 0x1d, 0x00, 0x00,
  0x00, 0x00, 0x80, 0x03, 0x00, 0xea, 0x0f, 0x00, 0x10, 0x78, 0x03, 0x02,
  0x14, 0x00, 0x00, 0x00, 0xff, 0xe0, 0xff, 0x07, 0x00, 0xe2, 0x2f, 0x00,
  0x45, 0x79, 0x01, 0x00, 0x20, 0x01, 0x00, 0x00, 0x00, 0x00, 0x80, 0x03,
  0x00, 0xe6, 0x0f, 0x00, 0x0c, 0x7c, 0x00, 0x03, 0x06, 0x00, 0x00, 0x00,
  0x70, 0x62, 0xf2, 0x0b, 0x00, 0xe2, 0x0f, 0x00, 0x47, 0x09, 0x00, 0x00,
  0xf0, 0x00, 0x00, 0x00, 0x00, 0x00, 0x80, 0x03, 0x00, 0xee, 0x0f, 0x00,
  0x02, 0x7a, 0x03, 0x00, 0x00, 0x84, 0x00, 0x00, 0x00, 0x0f, 0x00, 0x00,
  0x00, 0xe2, 0x0f, 0x00, 0x24, 0x72, 0x4e, 0xff, 0xff, 0x00, 0x00, 0x00,
  0x4c, 0x00, 0x8e, 0x07, 0x00, 0xe2, 0x0f, 0x00, 0x20, 0x7c, 0x62, 0x62,
  0x14, 0x00, 0x00, 0x00, 0x00, 0x00, 0x41, 0x08, 0x00, 0xe2, 0x0f, 0x00,
  0x24, 0x72, 0x4f, 0xff, 0xff, 0x00, 0x00, 0x00, 0x4d, 0x00, 0x8e, 0x07,
  0x00, 0xe2, 0x0f, 0x00, 0x20, 0x7c, 0x63, 0x63, 0x14, 0x00, 0x00, 0x00,
  0x00, 0x00, 0x41, 0x08, 0x00, 0xe2, 0x0f, 0x00, 0x24, 0x76, 0x64, 0xff,
  0x00, 0x85, 0x00, 0x00, 0xff, 0x00, 0x8e, 0x07, 0x00, 0xe2, 0x0f, 0x00,
  0x20, 0x7c, 0x60, 0x60, 0x14, 0x00, 0x00, 0x00, 0x00, 0x00, 0x41, 0x08,
  0x00, 0xe2, 0x0f, 0x00, 0x25, 0x78, 0x4e, 0x03, 0x12, 0x00, 0x00, 0x00,
  0x4e, 0x00, 0x8e, 0x07, 0x00, 0xe2, 0x0f, 0x00, 0x20, 0x7c, 0x61, 0x61,
  0x14, 0x00, 0x00, 0x00, 0x00, 0x00, 0x41, 0x08, 0x00, 0xe2, 0x0f, 0x00,
  0x3e, 0x72, 0x62, 0x63, 0x62, 0x00, 0x00, 0x00, 0xff, 0x70, 0x80, 0x04,
  0x00, 0xc4, 0x0f, 0x00, 0x24, 0x78, 0x03, 0x64, 0x12, 0x00, 0x00, 0x00,
  0xff, 0x02, 0x8e, 0x07, 0x00, 0xe2, 0x0f, 0x00, 0x10, 0x7a, 0x4e, 0x4e,
  0x00, 0x78, 0x00, 0x00, 0xff, 0xe0, 0xf5, 0x07, 0x00, 0xe4, 0x0f, 0x00,
  0x3e, 0x72, 0x61, 0x61, 0x60, 0x00, 0x00, 0x00, 0x62, 0x70, 0x80, 0x04,
  0x00, 0xe4, 0x0f, 0x00, 0x10, 0x7a, 0x4f, 0x4f, 0x00, 0x79, 0x00, 0x00,
  0x03, 0xe4, 0x7f, 0x01, 0x00, 0xca, 0x0f, 0x00, 0x86, 0x79, 0x00, 0x4e,
  0x61, 0x00, 0x00, 0x00, 0x0e, 0x19, 0x10, 0x0c, 0x00, 0xe8, 0x03, 0x00,
  0x41, 0x79, 0x01, 0x00, 0x00, 0x00, 0x00, 0x00, 0x00, 0x00, 0x80, 0x03,
  0x00, 0xea, 0x0f, 0x00, 0x47, 0x19, 0x00, 0x00, 0x40, 0x1c, 0x00, 0x00,
  0x00, 0x00, 0x80, 0x03, 0x00, 0xea, 0x0f, 0x00, 0x10, 0x78, 0x03, 0x02,
  0x16, 0x00, 0x00, 0x00, 0xff, 0xe0, 0xff, 0x07, 0x00, 0xe2, 0x0f, 0x00,
  0x45, 0x79, 0x01, 0x00, 0x20, 0x01, 0x00, 0x00, 0x00, 0x00, 0x80, 0x03,
  0x00, 0xe6, 0x0f, 0x00, 0x0c, 0x7c, 0x00, 0x03, 0x06, 0x00, 0x00, 0x00,
  0x70, 0x62, 0xf2, 0x0b, 0x00, 0xe2, 0x0f, 0x00, 0x47, 0x09, 0x00, 0x00,
  0xf0, 0x00, 0x00, 0x00, 0x00, 0x00, 0x80, 0x03, 0x00, 0xee, 0x0f, 0x00,
  0x02, 0x7a, 0x03, 0x00, 0x00, 0x84, 0x00, 0x00, 0x00, 0x0f, 0x00, 0x00,
  0x00, 0xe2, 0x0f, 0x00, 0x24, 0x72, 0x4e, 0xff, 0xff, 0x00, 0x00, 0x00,
  0x4c, 0x00, 0x8e, 0x07, 0x00, 0xe2, 0x2f, 0x00, 0x20, 0x7c, 0x5e, 0x5e,
  0x14, 0x00, 0x00, 0x00, 0x00, 0x00, 0x41, 0x08, 0x00, 0xe2, 0x0f, 0x00,
  0x24, 0x72, 0x4f, 0xff, 0xff, 0x00, 0x00, 0x00, 0x4d, 0x00, 0x8e, 0x07,
  0x00, 0xe2, 0x0f, 0x00, 0x20, 0x7c, 0x5f, 0x5f, 0x14, 0x00, 0x00, 0x00,
  0x00, 0x00, 0x41, 0x08, 0x00, 0xe2, 0x0f, 0x00, 0x24, 0x76, 0x60, 0xff,
  0x00, 0x85, 0x00, 0x00, 0xff, 0x00, 0x8e, 0x07, 0x00, 0xe2, 0x0f, 0x00,
  0x20, 0x7c, 0x5c, 0x5c, 0x14, 0x00, 0x00, 0x00, 0x00, 0x00, 0x41, 0x08,
  0x00, 0xe2, 0x0f, 0x00, 0x25, 0x78, 0x4e, 0x03, 0x14, 0x00, 0x00, 0x00,
  0x4e, 0x00, 0x8e, 0x07, 0x00, 0xe2, 0x0f, 0x00, 0x20, 0x7c, 0x5d, 0x5d,
  0x14, 0x00, 0x00, 0x00, 0x00, 0x00, 0x41, 0x08, 0x00, 0xe2, 0x0f, 0x00,
  0x3e, 0x72, 0x5e, 0x5f, 0x5e, 0x00, 0x00, 0x00, 0xff, 0x70, 0x80, 0x04,
  0x00, 0xc4, 0x0f, 0x00, 0x24, 0x78, 0x03, 0x60, 0x14, 0x00, 0x00, 0x00,
  0xff, 0x02, 0x8e, 0x07, 0x00, 0xe2, 0x0f, 0x00, 0x10, 0x7a, 0x4e, 0x4e,
  0x00, 0x78, 0x00, 0x00, 0xff, 0xe0, 0xf5, 0x07, 0x00, 0xe4, 0x0f, 0x00,
  0x3e, 0x72, 0x5d, 0x5d, 0x5c, 0x00, 0x00, 0x00, 0x5e, 0x70, 0x80, 0x04,
  0x00, 0xe4, 0x0f, 0x00, 0x10, 0x7a, 0x4f, 0x4f, 0x00, 0x79, 0x00, 0x00,
  0x03, 0xe4, 0x7f, 0x01, 0x00, 0xca, 0x0f, 0x00, 0x86, 0x79, 0x00, 0x4e,
  0x5d, 0x00, 0x00, 0x00, 0x0e, 0x19, 0x10, 0x0c, 0x00, 0xe8, 0x03, 0x00,
  0x41, 0x79, 0x01, 0x00, 0x00, 0x00, 0x00, 0x00, 0x00, 0x00, 0x80, 0x03,
  0x00, 0xea, 0x0f, 0x00, 0x47, 0x19, 0x00, 0x00, 0xf0, 0x1a, 0x00, 0x00,
  0x00, 0x00, 0x80, 0x03, 0x00, 0xea, 0x0f, 0x00, 0x10, 0x78, 0x03, 0x02,
  0x18, 0x00, 0x00, 0x00, 0xff, 0xe0, 0xff, 0x07, 0x00, 0xe2, 0x0f, 0x00,
  0x45, 0x79, 0x01, 0x00, 0x20, 0x01, 0x00, 0x00, 0x00, 0x00, 0x80, 0x03,
  0x00, 0xe6, 0x0f, 0x00, 0x0c, 0x7c, 0x00, 0x03, 0x06, 0x00, 0x00, 0x00,
  0x70, 0x62, 0xf2, 0x0b, 0x00, 0xe2, 0x0f, 0x00, 0x47, 0x09, 0x00, 0x00,
  0xf0, 0x00, 0x00, 0x00, 0x00, 0x00, 0x80, 0x03, 0x00, 0xee, 0x0f, 0x00,
  0x02, 0x7a, 0x03, 0x00, 0x00, 0x84, 0x00, 0x00, 0x00, 0x0f, 0x00, 0x00,
  0x00, 0xe2, 0x0f, 0x00, 0x24, 0x72, 0x4e, 0xff, 0xff, 0x00, 0x00, 0x00,
  0x4c, 0x00, 0x8e, 0x07, 0x00, 0xe2, 0x2f, 0x00, 0x20, 0x7c, 0x5a, 0x5a,
  0x14, 0x00, 0x00, 0x00, 0x00, 0x00, 0x41, 0x08, 0x00, 0xe2, 0x0f, 0x00,
  0x24, 0x72, 0x4f, 0xff, 0xff, 0x00, 0x00, 0x00, 0x4d, 0x00, 0x8e, 0x07,
  0x00, 0xe2, 0x0f, 0x00, 0x20, 0x7c, 0x5b, 0x5b, 0x14, 0x00, 0x00, 0x00,
  0x00, 0x00, 0x41, 0x08, 0x00, 0xe2, 0x0f, 0x00, 0x24, 0x76, 0x5c, 0xff,
  0x00, 0x85, 0x00, 0x00, 0xff, 0x00, 0x8e, 0x07, 0x00, 0xe2, 0x0f, 0x00,
  0x20, 0x7c, 0x58, 0x58, 0x14, 0x00, 0x00, 0x00, 0x00, 0x00, 0x41, 0x08,
  0x00, 0xe2, 0x0f, 0x00, 0x25, 0x78, 0x4e, 0x03, 0x16, 0x00, 0x00, 0x00,
  0x4e, 0x00, 0x8e, 0x07, 0x00, 0xe2, 0x0f, 0x00, 0x20, 0x7c, 0x59, 0x59,
  0x14, 0x00, 0x00, 0x00, 0x00, 0x00, 0x41, 0x08, 0x00, 0xe2, 0x0f, 0x00,
  0x3e, 0x72, 0x5a, 0x5b, 0x5a, 0x00, 0x00, 0x00, 0xff, 0x70, 0x80, 0x04,
  0x00, 0xc4, 0x0f, 0x00, 0x24, 0x78, 0x03, 0x5c, 0x16, 0x00, 0x00, 0x00,
  0xff, 0x02, 0x8e, 0x07, 0x00, 0xe2, 0x0f, 0x00, 0x10, 0x7a, 0x4e, 0x4e,
  0x00, 0x78, 0x00, 0x00, 0xff, 0xe0, 0xf5, 0x07, 0x00, 0xe4, 0x0f, 0x00,
  0x3e, 0x72, 0x59, 0x59, 0x58, 0x00, 0x00, 0x00, 0x5a, 0x70, 0x80, 0x04,
  0x00, 0xe4, 0x0f, 0x00, 0x10, 0x7a, 0x4f, 0x4f, 0x00, 0x79, 0x00, 0x00,
  0x03, 0xe4, 0x7f, 0x01, 0x00, 0xca, 0x0f, 0x00, 0x86, 0x79, 0x00, 0x4e,
  0x59, 0x00, 0x00, 0x00, 0x0e, 0x19, 0x10, 0x0c, 0x00, 0xe8, 0x03, 0x00,
  0x41, 0x79, 0x01, 0x00, 0x00, 0x00, 0x00, 0x00, 0x00, 0x00, 0x80, 0x03,
  0x00, 0xea, 0x0f, 0x00, 0x47, 0x19, 0x00, 0x00, 0xa0, 0x19, 0x00, 0x00,
  0x00, 0x00, 0x80, 0x03, 0x00, 0xea, 0x0f, 0x00, 0x10, 0x78, 0x03, 0x02,
  0x1a, 0x00, 0x00, 0x00, 0xff, 0xe0, 0xff, 0x07, 0x00, 0xe2, 0x0f, 0x00,
  0x45, 0x79, 0x01, 0x00, 0x20, 0x01, 0x00, 0x00, 0x00, 0x00, 0x80, 0x03,
  0x00, 0xe6, 0x0f, 0x00, 0x0c, 0x7c, 0x00, 0x03, 0x06, 0x00, 0x00, 0x00,
  0x70, 0x62, 0xf2, 0x0b, 0x00, 0xe2, 0x0f, 0x00, 0x47, 0x09, 0x00, 0x00,
  0xf0, 0x00, 0x00, 0x00, 0x00, 0x00, 0x80, 0x03, 0x00, 0xee, 0x0f, 0x00,
  0x02, 0x7a, 0x03, 0x00, 0x00, 0x84, 0x00, 0x00, 0x00, 0x0f, 0x00, 0x00,
  0x00, 0xe2, 0x0f, 0x00, 0x24, 0x72, 0x4e, 0xff, 0xff, 0x00, 0x00, 0x00,
  0x4c, 0x00, 0x8e, 0x07, 0x00, 0xe2, 0x2f, 0x00, 0x20, 0x7c, 0x56, 0x56,
  0x14, 0x00, 0x00, 0x00, 0x00, 0x00, 0x41, 0x08, 0x00, 0xe2, 0x0f, 0x00,
  0x24, 0x72, 0x4f, 0xff, 0xff, 0x00, 0x00, 0x00, 0x4d, 0x00, 0x8e, 0x07,
  0x00, 0xe2, 0x0f, 0x00, 0x20, 0x7c, 0x57, 0x57, 0x14, 0x00, 0x00, 0x00,
  0x00, 0x00, 0x41, 0x08, 0x00, 0xe2, 0x0f, 0x00, 0x24, 0x76, 0x58, 0xff,
  0x00, 0x85, 0x00, 0x00, 0xff, 0x00, 0x8e, 0x07, 0x00, 0xe2, 0x0f, 0x00,
  0x20, 0x7c, 0x54, 0x54, 0x14, 0x00, 0x00, 0x00, 0x00, 0x00, 0x41, 0x08,
  0x00, 0xe2, 0x0f, 0x00, 0x25, 0x78, 0x4e, 0x03, 0x18, 0x00, 0x00, 0x00,
  0x4e, 0x00, 0x8e, 0x07, 0x00, 0xe2, 0x0f, 0x00, 0x20, 0x7c, 0x55, 0x55,
  0x14, 0x00, 0x00, 0x00, 0x00, 0x00, 0x41, 0x08, 0x00, 0xe2, 0x0f, 0x00,
  0x3e, 0x72, 0x56, 0x57, 0x56, 0x00, 0x00, 0x00, 0xff, 0x70, 0x80, 0x04,
  0x00, 0xc4, 0x0f, 0x00, 0x24, 0x78, 0x03, 0x58, 0x18, 0x00, 0x00, 0x00,
  0xff, 0x02, 0x8e, 0x07, 0x00, 0xe2, 0x0f, 0x00, 0x10, 0x7a, 0x4e, 0x4e,
  0x00, 0x78, 0x00, 0x00, 0xff, 0xe0, 0xf5, 0x07, 0x00, 0xe4, 0x0f, 0x00,
  0x3e, 0x72, 0x55, 0x55, 0x54, 0x00, 0x00, 0x00, 0x56, 0x70, 0x80, 0x04,
  0x00, 0xe4, 0x0f, 0x00, 0x10, 0x7a, 0x4f, 0x4f, 0x00, 0x79, 0x00, 0x00,
  0x03, 0xe4, 0x7f, 0x01, 0x00, 0xca, 0x0f, 0x00, 0x86, 0x79, 0x00, 0x4e,
  0x55, 0x00, 0x00, 0x00, 0x0e, 0x19, 0x10, 0x0c, 0x00, 0xe8, 0x03, 0x00,
  0x41, 0x79, 0x01, 0x00, 0x00, 0x00, 0x00, 0x00, 0x00, 0x00, 0x80, 0x03,
  0x00, 0xea, 0x0f, 0x00, 0x47, 0x19, 0x00, 0x00, 0x50, 0x18, 0x00, 0x00,
  0x00, 0x00, 0x80, 0x03, 0x00, 0xea, 0x0f, 0x00, 0x10, 0x78, 0x03, 0x02,
  0x1c, 0x00, 0x00, 0x00, 0xff, 0xe0, 0xff, 0x07, 0x00, 0xe2, 0x0f, 0x00,
  0x45, 0x79, 0x01, 0x00, 0x20, 0x01, 0x00, 0x00, 0x00, 0x00, 0x80, 0x03,
  0x00, 0xe6, 0x0f, 0x00, 0x0c, 0x7c, 0x00, 0x03, 0x06, 0x00, 0x00, 0x00,
  0x70, 0x62, 0xf2, 0x0b, 0x00, 0xe2, 0x0f, 0x00, 0x47, 0x09, 0x00, 0x00,
  0xf0, 0x00, 0x00, 0x00, 0x00, 0x00, 0x80, 0x03, 0x00, 0xee, 0x0f, 0x00,
  0x02, 0x7a, 0x03, 0x00, 0x00, 0x84, 0x00, 0x00, 0x00, 0x0f, 0x00, 0x00,
  0x00, 0xe2, 0x0f, 0x00, 0x24, 0x72, 0x4e, 0xff, 0xff, 0x00, 0x00, 0x00,
  0x4c, 0x00, 0x8e, 0x07, 0x00, 0xe2, 0x2f, 0x00, 0x20, 0x7c, 0x52, 0x52,
  0x14, 0x00, 0x00, 0x00, 0x00, 0x00, 0x41, 0x08, 0x00, 0xe2, 0x0f, 0x00,
  0x24, 0x72, 0x4f, 0xff, 0xff, 0x00, 0x00, 0x00, 0x4d, 0x00, 0x8e, 0x07,
  0x00, 0xe2, 0x0f, 0x00, 0x20, 0x7c, 0x53, 0x53, 0x14, 0x00, 0x00, 0x00,
  0x00, 0x00, 0x41, 0x08, 0x00, 0xe2, 0x0f, 0x00, 0x24, 0x76, 0x54, 0xff,
  0x00, 0x85, 0x00, 0x00, 0xff, 0x00, 0x8e, 0x07, 0x00, 0xe2, 0x0f, 0x00,
  0x20, 0x7c, 0x50, 0x50, 0x14, 0x00, 0x00, 0x00, 0x00, 0x00, 0x41, 0x08,
  0x00, 0xe2, 0x0f, 0x00, 0x25, 0x78, 0x4e, 0x03, 0x1a, 0x00, 0x00, 0x00,
  0x4e, 0x00, 0x8e, 0x07, 0x00, 0xe2, 0x0f, 0x00, 0x20, 0x7c, 0x51, 0x51,
  0x14, 0x00, 0x00, 0x00, 0x00, 0x00, 0x41, 0x08, 0x00, 0xe2, 0x0f, 0x00,
  0x3e, 0x72, 0x52, 0x53, 0x52, 0x00, 0x00, 0x00, 0xff, 0x70, 0x80, 0x04,
  0x00, 0xc4, 0x0f, 0x00, 0x24, 0x78, 0x03, 0x54, 0x1a, 0x00, 0x00, 0x00,
  0xff, 0x02, 0x8e, 0x07, 0x00, 0xe2, 0x0f, 0x00, 0x10, 0x7a, 0x4e, 0x4e,
  0x00, 0x78, 0x00, 0x00, 0xff, 0xe0, 0xf5, 0x07, 0x00, 0xe4, 0x0f, 0x00,
  0x3e, 0x72, 0x51, 0x51, 0x50, 0x00, 0x00, 0x00, 0x52, 0x70, 0x80, 0x04,
  0x00, 0xe4, 0x0f, 0x00, 0x10, 0x7a, 0x4f, 0x4f, 0x00, 0x79, 0x00, 0x00,
  0x03, 0xe4, 0x7f, 0x01, 0x00, 0xca, 0x0f, 0x00, 0x86, 0x79, 0x00, 0x4e,
  0x51, 0x00, 0x00, 0x00, 0x0e, 0x19, 0x10, 0x0c, 0x00, 0xe8, 0x03, 0x00,
  0x41, 0x79, 0x01, 0x00, 0x00, 0x00, 0x00, 0x00, 0x00, 0x00, 0x80, 0x03,
  0x00, 0xea, 0x0f, 0x00, 0x47, 0x19, 0x00, 0x00, 0x00, 0x17, 0x00, 0x00,
  0x00, 0x00, 0x80, 0x03, 0x00, 0xea, 0x0f, 0x00, 0x10, 0x78, 0x03, 0x02,
  0x1e, 0x00, 0x00, 0x00, 0xff, 0xe0, 0xff, 0x07, 0x00, 0xe2, 0x0f, 0x00,
  0x45, 0x79, 0x01, 0x00, 0x20, 0x01, 0x00, 0x00, 0x00, 0x00, 0x80, 0x03,
  0x00, 0xe6, 0x0f, 0x00, 0x0c, 0x7c, 0x00, 0x03, 0x06, 0x00, 0x00, 0x00,
  0x70, 0x62, 0xf2, 0x0b, 0x00, 0xe2, 0x0f, 0x00, 0x47, 0x09, 0x00, 0x00,
  0xf0, 0x00, 0x00, 0x00, 0x00, 0x00, 0x80, 0x03, 0x00, 0xee, 0x0f, 0x00,
  0x02, 0x7a, 0x03, 0x00, 0x00, 0x84, 0x00, 0x00, 0x00, 0x0f, 0x00, 0x00,
  0x00, 0xe2, 0x0f, 0x00, 0x24, 0x72, 0x4e, 0xff, 0xff, 0x00, 0x00, 0x00,
  0x4c, 0x00, 0x8e, 0x07, 0x00, 0xe2, 0x2f, 0x00, 0x20, 0x7c, 0x50, 0x4a,
  0x14, 0x00, 0x00, 0x00, 0x00, 0x00, 0x41, 0x08, 0x00, 0xe2, 0x0f, 0x00,
  0x24, 0x72, 0x4f, 0xff, 0xff, 0x00, 0x00, 0x00, 0x4d, 0x00, 0x8e, 0x07,
  0x00, 0xe2, 0x0f, 0x00, 0x20, 0x7c, 0x4b, 0x4b, 0x14, 0x00, 0x00, 0x00,
  0x00, 0x00, 0x41, 0x08, 0x00, 0xe2, 0x0f, 0x00, 0x24, 0x76, 0x51, 0xff,
  0x00, 0x85, 0x00, 0x00, 0xff, 0x00, 0x8e, 0x07, 0x00, 0xe2, 0x0f, 0x00,
  0x20, 0x7c, 0x4a, 0x49, 0x14, 0x00, 0x00, 0x00, 0x00, 0x00, 0x41, 0x08,
  0x00, 0xe2, 0x0f, 0x00, 0x25, 0x78, 0x4e, 0x03, 0x1c, 0x00, 0x00, 0x00,
  0x4e, 0x00, 0x8e, 0x07, 0x00, 0xe2, 0x0f, 0x00, 0x20, 0x7c, 0x03, 0x48,
  0x14, 0x00, 0x00, 0x00, 0x00, 0x00, 0x41, 0x08, 0x00, 0xe2, 0x0f, 0x00,
  0x3e, 0x72, 0x4b, 0x4b, 0x50, 0x00, 0x00, 0x00, 0xff, 0x70, 0x80, 0x04,
  0x00, 0xc4, 0x0f, 0x00, 0x24, 0x78, 0x49, 0x51, 0x1c, 0x00, 0x00, 0x00,
  0xff, 0x02, 0x8e, 0x07, 0x00, 0xe2, 0x0f, 0x00, 0x10, 0x7a, 0x48, 0x4e,
  0x00, 0x78, 0x00, 0x00, 0xff, 0xe0, 0xf5, 0x07, 0x00, 0xe4, 0x0f, 0x00,
  0x3e, 0x72, 0x03, 0x4a, 0x03, 0x00, 0x00, 0x00, 0x4b, 0x70, 0x80, 0x04,
  0x00, 0xe4, 0x0f, 0x00, 0x10, 0x7a, 0x49, 0x4f, 0x00, 0x79, 0x00, 0x00,
  0x49, 0xe4, 0x7f, 0x01, 0x00, 0xca, 0x0f, 0x00, 0x86, 0x79, 0x00, 0x48,
  0x03, 0x00, 0x00, 0x00, 0x0e, 0x19, 0x10, 0x0c, 0x00, 0xe8, 0x03, 0x00,
  0x41, 0x79, 0x01, 0x00, 0x00, 0x00, 0x00, 0x00, 0x00, 0x00, 0x80, 0x03,
  0x00, 0xea, 0x0f, 0x00, 0x47, 0x19, 0x00, 0x00, 0xb0, 0x15, 0x00, 0x00,
  0x00, 0x00, 0x80, 0x03, 0x00, 0xea, 0x0f, 0x00, 0x10, 0x78, 0x03, 0x02,
  0x20, 0x00, 0x00, 0x00, 0xff, 0xe0, 0xff, 0x07, 0x00, 0xe2, 0x2f, 0x00,
  0x45, 0x79, 0x01, 0x00, 0x20, 0x01, 0x00, 0x00, 0x00, 0x00, 0x80, 0x03,
  0x00, 0xe6, 0x0f, 0x00, 0x0c, 0x7c, 0x00, 0x03, 0x06, 0x00, 0x00, 0x00,
  0x70, 0x62, 0xf2, 0x0b, 0x00, 0xe2, 0x0f, 0x00, 0x47, 0x09, 0x00, 0x00,
  0xf0, 0x00, 0x00, 0x00, 0x00, 0x00, 0x80, 0x03, 0x00, 0xee, 0x0f, 0x00,
  0x02, 0x7a, 0x03, 0x00, 0x00, 0x84, 0x00, 0x00, 0x00, 0x0f, 0x00, 0x00,
  0x00, 0xe2, 0x0f, 0x00, 0x24, 0x72, 0x48, 0xff, 0xff, 0x00, 0x00, 0x00,
  0x4c, 0x00, 0x8e, 0x07, 0x00, 0xe2, 0x0f, 0x00, 0x20, 0x7c, 0x4a, 0x46,
  0x14, 0x00, 0x00, 0x00, 0x00, 0x00, 0x41, 0x08, 0x00, 0xe2, 0x0f, 0x00,
  0x24, 0x72, 0x49, 0xff, 0xff, 0x00, 0x00, 0x00, 0x4d, 0x00, 0x8e, 0x07,
  0x00, 0xe2, 0x0f, 0x00, 0x20, 0x7c, 0x47, 0x47, 0x14, 0x00, 0x00, 0x00,
  0x00, 0x00, 0x41, 0x08, 0x00, 0xe2, 0x0f, 0x00, 0x24, 0x76, 0x4b, 0xff,
  0x00, 0x85, 0x00, 0x00, 0xff, 0x00, 0x8e, 0x07, 0x00, 0xe2, 0x0f, 0x00,
  0x20, 0x7c, 0x46, 0x45, 0x14, 0x00, 0x00, 0x00, 0x00, 0x00, 0x41, 0x08,
  0x00, 0xe2, 0x0f, 0x00, 0x25, 0x78, 0x48, 0x03, 0x1e, 0x00, 0x00, 0x00,
  0x48, 0x00, 0x8e, 0x07, 0x00, 0xe2, 0x0f, 0x00, 0x20, 0x7c, 0x03, 0x44,
  0x14, 0x00, 0x00, 0x00, 0x00, 0x00, 0x41, 0x08, 0x00, 0xe2, 0x0f, 0x00,
  0x3e, 0x72, 0x47, 0x47, 0x4a, 0x00, 0x00, 0x00, 0xff, 0x70, 0x80, 0x04,
  0x00, 0xc4, 0x0f, 0x00, 0x24, 0x78, 0x45, 0x4b, 0x1e, 0x00, 0x00, 0x00,
  0xff, 0x02, 0x8e, 0x07, 0x00, 0xe2, 0x0f, 0x00, 0x10, 0x7a, 0x44, 0x48,
  0x00, 0x78, 0x00, 0x00, 0xff, 0xe0, 0xf5, 0x07, 0x00, 0xe4, 0x0f, 0x00,
  0x3e, 0x72, 0x03, 0x46, 0x03, 0x00, 0x00, 0x00, 0x47, 0x70, 0x80, 0x04,
  0x00, 0xe4, 0x0f, 0x00, 0x10, 0x7a, 0x45, 0x49, 0x00, 0x79, 0x00, 0x00,
  0x45, 0xe4, 0x7f, 0x01, 0x00, 0xca, 0x0f, 0x00, 0x86, 0x79, 0x00, 0x44,
  0x03, 0x00, 0x00, 0x00, 0x0e, 0x19, 0x10, 0x0c, 0x00, 0xe8, 0x03, 0x00,
  0x41, 0x79, 0x01, 0x00, 0x00, 0x00, 0x00, 0x00, 0x00, 0x00, 0x80, 0x03,
  0x00, 0xea, 0x0f, 0x00, 0x47, 0x19, 0x00, 0x00, 0x60, 0x14, 0x00, 0x00,
  0x00, 0x00, 0x80, 0x03, 0x00, 0xea, 0x0f, 0x00, 0x02, 0x8a, 0x47, 0x00,
  0x00, 0x84, 0x00, 0x00, 0x00, 0x0f, 0x00, 0x00, 0x00, 0xe2, 0x0f, 0x00,
  0x24, 0x86, 0x46, 0xff, 0x00, 0x85, 0x00, 0x00, 0xff, 0x00, 0x8e, 0x07,
  0x00, 0xe2, 0x0f, 0x00, 0x20, 0x7c, 0x44, 0x42, 0x14, 0x00, 0x00, 0x00,
  0x00, 0x00, 0x41, 0x08, 0x00, 0xe2, 0x2f, 0x00, 0x20, 0x7c, 0x43, 0x43,
  0x14, 0x00, 0x00, 0x00, 0x00, 0x00, 0x41, 0x08, 0x00, 0xe2, 0x0f, 0x00,
  0x11, 0x82, 0x45, 0x47, 0x4c, 0x00, 0x00, 0x00, 0xff, 0x28, 0x82, 0x07,
  0x00, 0xe2, 0x0f, 0x00, 0x20, 0x7c, 0x42, 0x41, 0x14, 0x00, 0x00, 0x00,
  0x00, 0x00, 0x41, 0x08, 0x00, 0xe2, 0x0f, 0x00, 0x20, 0x7c, 0x03, 0x40,
  0x14, 0x00, 0x00, 0x00, 0x00, 0x00, 0x41, 0x08, 0x00, 0xe4, 0x0f, 0x00,
  0x11, 0x82, 0x41, 0x47, 0x4d, 0x00, 0x00, 0x00, 0x46, 0x2c, 0x8f, 0x00,
  0x00, 0xe4, 0x0f, 0x00, 0x10, 0x8a, 0x40, 0x45, 0x00, 0x78, 0x00, 0x00,
  0xff, 0xe0, 0xf3, 0x07, 0x00, 0xc4, 0x0f, 0x00, 0x3e, 0x72, 0x43, 0x43,
  0x44, 0x00, 0x00, 0x00, 0xff, 0x70, 0x80, 0x04, 0x00, 0xe4, 0x0f, 0x00,
  0x10, 0x8a, 0x41, 0x41, 0x00, 0x79, 0x00, 0x00, 0xff, 0xe4, 0xff, 0x00,
  0x00, 0xe4, 0x0f, 0x00, 0x3e, 0x72, 0x43, 0x42, 0x03, 0x00, 0x00, 0x00,
  0x43, 0x70, 0x80, 0x04, 0x00, 0xe4, 0x0f, 0x00, 0x10, 0x78, 0x03, 0x02,
  0x22, 0x00, 0x00, 0x00, 0xff, 0xe0, 0xff, 0x07, 0x00, 0xc6, 0x0f, 0x00,
  0x86, 0x89, 0x00, 0x40, 0x43, 0x00, 0x00, 0x00, 0x0e, 0x19, 0x10, 0x0c,
  0x00, 0xe2, 0x03, 0x00, 0x0c, 0x7c, 0x00, 0x03, 0x06, 0x00, 0x00, 0x00,
  0x70, 0x62, 0xf2, 0x0b, 0x00, 0xda, 0x0f, 0x00, 0x47, 0x19, 0x00, 0x00,
  0x60, 0x13, 0x00, 0x00, 0x00, 0x00, 0x80, 0x03, 0x00, 0xea, 0x0f, 0x00,
  0x10, 0x78, 0x03, 0x02, 0x24, 0x00, 0x00, 0x00, 0xff, 0xe0, 0xff, 0x07,
  0x00, 0xe2, 0x2f, 0x00, 0x45, 0x79, 0x01, 0x00, 0x20, 0x01, 0x00, 0x00,
  0x00, 0x00, 0x80, 0x03, 0x00, 0xe6, 0x0f, 0x00, 0x0c, 0x7c, 0x00, 0x03,
  0x06, 0x00, 0x00, 0x00, 0x70, 0x62, 0xf2, 0x0b, 0x00, 0xe2, 0x0f, 0x00,
  0x47, 0x09, 0x00, 0x00, 0xf0, 0x00, 0x00, 0x00, 0x00, 0x00, 0x80, 0x03,
  0x00, 0xee, 0x0f, 0x00, 0x02, 0x72, 0x40, 0x00, 0x4c, 0x00, 0x00, 0x00,
  0x00, 0x0f, 0x00, 0x00, 0x00, 0xe2, 0x0f, 0x00, 0x24, 0x76, 0x03, 0xff,
  0x00, 0x84, 0x00, 0x00, 0xff, 0x00, 0x8e, 0x07, 0x00, 0xe2, 0x0f, 0x00,
  0x20, 0x7c, 0x42, 0x3e, 0x14, 0x00, 0x00, 0x00, 0x00, 0x00, 0x41, 0x08,
  0x00, 0xe2, 0x0f, 0x00, 0x24, 0x72, 0x41, 0xff, 0xff, 0x00, 0x00, 0x00,
  0x4d, 0x00, 0x8e, 0x07, 0x00, 0xe2, 0x0f, 0x00, 0x20, 0x7c, 0x3f, 0x3f,
  0x14, 0x00, 0x00, 0x00, 0x00, 0x00, 0x41, 0x08, 0x00, 0xe2, 0x0f, 0x00,
  0x24, 0x76, 0x43, 0xff, 0x00, 0x85, 0x00, 0x00, 0xff, 0x00, 0x8e, 0x07,
  0x00, 0xe2, 0x0f, 0x00, 0x20, 0x7c, 0x3e, 0x3d, 0x14, 0x00, 0x00, 0x00,
  0x00, 0x00, 0x41, 0x08, 0x00, 0xe2, 0x0f, 0x00, 0x25, 0x78, 0x40, 0x03,
  0x22, 0x00, 0x00, 0x00, 0x40, 0x00, 0x8e, 0x07, 0x00, 0xe2, 0x0f, 0x00,
  0x20, 0x7c, 0x03, 0x3c, 0x14, 0x00, 0x00, 0x00, 0x00, 0x00, 0x41, 0x08,
  0x00, 0xe2, 0x0f, 0x00, 0x3e, 0x72, 0x3f, 0x3f, 0x42, 0x00, 0x00, 0x00,
  0xff, 0x70, 0x80, 0x04, 0x00, 0xc4, 0x0f, 0x00, 0x24, 0x78, 0x3d, 0x43,
  0x22, 0x00, 0x00, 0x00, 0xff, 0x02, 0x8e, 0x07, 0x00, 0xe2, 0x0f, 0x00,
  0x10, 0x7a, 0x3c, 0x40, 0x00, 0x78, 0x00, 0x00, 0xff, 0xe0, 0xf5, 0x07,
  0x00, 0xe4, 0x0f, 0x00, 0x3e, 0x72, 0x03, 0x3e, 0x03, 0x00, 0x00, 0x00,
  0x3f, 0x70, 0x80, 0x04, 0x00, 0xe4, 0x0f, 0x00, 0x10, 0x7a, 0x3d, 0x41,
  0x00, 0x79, 0x00, 0x00, 0x3d, 0xe4, 0x7f, 0x01, 0x00, 0xca, 0x0f, 0x00,
  0x86, 0x79, 0x00, 0x3c, 0x03, 0x00, 0x00, 0x00, 0x0e, 0x19, 0x10, 0x0c,
  0x00, 0xe8, 0x03, 0x00, 0x41, 0x79, 0x01, 0x00, 0x00, 0x00, 0x00, 0x00,
  0x00, 0x00, 0x80, 0x03, 0x00, 0xea, 0x0f, 0x00, 0x47, 0x19, 0x00, 0x00,
  0x10, 0x12, 0x00, 0x00, 0x00, 0x00, 0x80, 0x03, 0x00, 0xea, 0x0f, 0x00,
  0x10, 0x78, 0x03, 0x02, 0x26, 0x00, 0x00, 0x00, 0xff, 0xe0, 0xff, 0x07,
  0x00, 0xe2, 0x2f, 0x00, 0x45, 0x79, 0x01, 0x00, 0x20, 0x01, 0x00, 0x00,
  0x00, 0x00, 0x80, 0x03, 0x00, 0xe6, 0x0f, 0x00, 0x0c, 0x7c, 0x00, 0x03,
  0x06, 0x00, 0x00, 0x00, 0x70, 0x62, 0xf2, 0x0b, 0x00, 0xe2, 0x0f, 0x00,
  0x47, 0x09, 0x00, 0x00, 0xf0, 0x00, 0x00, 0x00, 0x00, 0x00, 0x80, 0x03,
  0x00, 0xee, 0x0f, 0x00, 0x02, 0x72, 0x3c, 0x00, 0x4c, 0x00, 0x00, 0x00,
  0x00, 0x0f, 0x00, 0x00, 0x00, 0xe2, 0x0f, 0x00, 0x24, 0x76, 0x03, 0xff,
  0x00, 0x84, 0x00, 0x00, 0xff, 0x00, 0x8e, 0x07, 0x00, 0xe2, 0x0f, 0x00,
  0x20, 0x7c, 0x3e, 0x3a, 0x14, 0x00, 0x00, 0x00, 0x00, 0x00, 0x41, 0x08,
  0x00, 0xe2, 0x0f, 0x00, 0x24, 0x72, 0x3d, 0xff, 0xff, 0x00, 0x00, 0x00,
  0x4d, 0x00, 0x8e, 0x07, 0x00, 0xe2, 0x0f, 0x00, 0x20, 0x7c, 0x3b, 0x3b,
  0x14, 0x00, 0x00, 0x00, 0x00, 0x00, 0x41, 0x08, 0x00, 0xe2, 0x0f, 0x00,
  0x24, 0x76, 0x3f, 0xff, 0x00, 0x85, 0x00, 0x00, 0xff, 0x00, 0x8e, 0x07,
  0x00, 0xe2, 0x0f, 0x00, 0x20, 0x7c, 0x3a, 0x39, 0x14, 0x00, 0x00, 0x00,
  0x00, 0x00, 0x41, 0x08, 0x00, 0xe2, 0x0f, 0x00, 0x25, 0x78, 0x3c, 0x03,
  0x24, 0x00, 0x00, 0x00, 0x3c, 0x00, 0x8e, 0x07, 0x00, 0xe2, 0x0f, 0x00,
  0x20, 0x7c, 0x03, 0x38, 0x14, 0x00, 0x00, 0x00, 0x00, 0x00, 0x41, 0x08,
  0x00, 0xe2, 0x0f, 0x00, 0x3e, 0x72, 0x3b, 0x3b, 0x3e, 0x00, 0x00, 0x00,
  0xff, 0x70, 0x80, 0x04, 0x00, 0xc4, 0x0f, 0x00, 0x24, 0x78, 0x39, 0x3f,
  0x24, 0x00, 0x00, 0x00, 0xff, 0x02, 0x8e, 0x07, 0x00, 0xe2, 0x0f, 0x00,
  0x10, 0x7a, 0x38, 0x3c, 0x00, 0x78, 0x00, 0x00, 0xff, 0xe0, 0xf5, 0x07,
  0x00, 0xe4, 0x0f, 0x00, 0x3e, 0x72, 0x03, 0x3a, 0x03, 0x00, 0x00, 0x00,
  0x3b, 0x70, 0x80, 0x04, 0x00, 0xe4, 0x0f, 0x00, 0x10, 0x7a, 0x39, 0x3d,
  0x00, 0x79, 0x00, 0x00, 0x39, 0xe4, 0x7f, 0x01, 0x00, 0xca, 0x0f, 0x00,
  0x86, 0x79, 0x00, 0x38, 0x03, 0x00, 0x00, 0x00, 0x0e, 0x19, 0x10, 0x0c,
  0x00, 0xe8, 0x03, 0x00, 0x41, 0x79, 0x01, 0x00, 0x00, 0x00, 0x00, 0x00,
  0x00, 0x00, 0x80, 0x03, 0x00, 0xea, 0x0f, 0x00, 0x47, 0x19, 0x00, 0x00,
  0xc0, 0x10, 0x00, 0x00, 0x00, 0x00, 0x80, 0x03, 0x00, 0xea, 0x0f, 0x00,
  0x10, 0x78, 0x03, 0x02, 0x28, 0x00, 0x00, 0x00, 0xff, 0xe0, 0xff, 0x07,
  0x00, 0xe2, 0x2f, 0x00, 0x45, 0x79, 0x01, 0x00, 0x20, 0x01, 0x00, 0x00,
  0x00, 0x00, 0x80, 0x03, 0x00, 0xe6, 0x0f, 0x00, 0x0c, 0x7c, 0x00, 0x03,
  0x06, 0x00, 0x00, 0x00, 0x70, 0x62, 0xf2, 0x0b, 0x00, 0xe2, 0x0f, 0x00,
  0x47, 0x09, 0x00, 0x00, 0xf0, 0x00, 0x00, 0x00, 0x00, 0x00, 0x80, 0x03,
  0x00, 0xee, 0x0f, 0x00, 0x02, 0x72, 0x38, 0x00, 0x4c, 0x00, 0x00, 0x00,
  0x00, 0x0f, 0x00, 0x00, 0x00, 0xe2, 0x0f, 0x00, 0x24, 0x76, 0x03, 0xff,
  0x00, 0x84, 0x00, 0x00, 0xff, 0x00, 0x8e, 0x07, 0x00, 0xe2, 0x0f, 0x00,
  0x20, 0x7c, 0x3a, 0x06, 0x14, 0x00, 0x00, 0x00, 0x00, 0x00, 0x41, 0x08,
  0x00, 0xe2, 0x0f, 0x00, 0x24, 0x72, 0x39, 0xff, 0xff, 0x00, 0x00, 0x00,
  0x4d, 0x00, 0x8e, 0x07, 0x00, 0xe2, 0x0f, 0x00, 0x20, 0x7c, 0x07, 0x07,
  0x14, 0x00, 0x00, 0x00, 0x00, 0x00, 0x41, 0x08, 0x00, 0xe2, 0x0f, 0x00,
  0x24, 0x76, 0x3b, 0xff, 0x00, 0x85, 0x00, 0x00, 0xff, 0x00, 0x8e, 0x07,
  0x00, 0xe2, 0x0f, 0x00, 0x20, 0x7c, 0x06, 0x05, 0x14, 0x00, 0x00, 0x00,
  0x00, 0x00, 0x41, 0x08, 0x00, 0xe2, 0x0f, 0x00, 0x25, 0x78, 0x38, 0x03,
  0x26, 0x00, 0x00, 0x00, 0x38, 0x00, 0x8e, 0x07, 0x00, 0xe2, 0x0f, 0x00,
  0x20, 0x7c, 0x03, 0x04, 0x14, 0x00, 0x00, 0x00, 0x00, 0x00, 0x41, 0x08,
  0x00, 0xe2, 0x0f, 0x00, 0x3e, 0x72, 0x07, 0x07, 0x3a, 0x00, 0x00, 0x00,
  0xff, 0x70, 0x80, 0x04, 0x00, 0xc4, 0x0f, 0x00, 0x24, 0x78, 0x05, 0x3b,
  0x26, 0x00, 0x00, 0x00, 0xff, 0x02, 0x8e, 0x07, 0x00, 0xe2, 0x0f, 0x00,
  0x10, 0x7a, 0x04, 0x38, 0x00, 0x78, 0x00, 0x00, 0xff, 0xe0, 0xf5, 0x07,
  0x00, 0xe4, 0x0f, 0x00, 0x3e, 0x72, 0x03, 0x06, 0x03, 0x00, 0x00, 0x00,
  0x07, 0x70, 0x80, 0x04, 0x00, 0xe4, 0x0f, 0x00, 0x10, 0x7a, 0x05, 0x39,
  0x00, 0x79, 0x00, 0x00, 0x05, 0xe4, 0x7f, 0x01, 0x00, 0xca, 0x0f, 0x00,
  0x86, 0x79, 0x00, 0x04, 0x03, 0x00, 0x00, 0x00, 0x0e, 0x19, 0x10, 0x0c,
  0x00, 0xe8, 0x03, 0x00, 0x41, 0x79, 0x01, 0x00, 0x00, 0x00, 0x00, 0x00,
  0x00, 0x00, 0x80, 0x03, 0x00, 0xea, 0x0f, 0x00, 0x47, 0x19, 0x00, 0x00,
  0x70, 0x0f, 0x00, 0x00, 0x00, 0x00, 0x80, 0x03, 0x00, 0xea, 0x0f, 0x00,
  0x10, 0x78, 0x03, 0x02, 0x2a, 0x00, 0x00, 0x00, 0xff, 0xe0, 0xff, 0x07,
  0x00, 0xe2, 0x2f, 0x00, 0x45, 0x79, 0x01, 0x00, 0x20, 0x01, 0x00, 0x00,
  0x00, 0x00, 0x80, 0x03, 0x00, 0xe6, 0x0f, 0x00, 0x0c, 0x7c, 0x00, 0x03,
  0x06, 0x00, 0x00, 0x00, 0x70, 0x62, 0xf2, 0x0b, 0x00, 0xe2, 0x0f, 0x00,
  0x47, 0x09, 0x00, 0x00, 0xf0, 0x00, 0x00, 0x00, 0x00, 0x00, 0x80, 0x03,
  0x00, 0xee, 0x0f, 0x00, 0x02, 0x72, 0x04, 0x00, 0x4c, 0x00, 0x00, 0x00,
  0x00, 0x0f, 0x00, 0x00, 0x00, 0xe2, 0x0f, 0x00, 0x24, 0x76, 0x03, 0xff,
  0x00, 0x84, 0x00, 0x00, 0xff, 0x00, 0x8e, 0x07, 0x00, 0xe2, 0x0f, 0x00,
  0x20, 0x7c, 0x0a, 0x0a, 0x14, 0x00, 0x00, 0x00, 0x00, 0x00, 0x41, 0x08,
  0x00, 0xe2, 0x0f, 0x00, 0x24, 0x72, 0x05, 0xff, 0xff, 0x00, 0x00, 0x00,
  0x4d, 0x00, 0x8e, 0x07, 0x00, 0xe2, 0x0f, 0x00, 0x20, 0x7c, 0x0b, 0x0b,
  0x14, 0x00, 0x00, 0x00, 0x00, 0x00, 0x41, 0x08, 0x00, 0xe2, 0x0f, 0x00,
  0x24, 0x76, 0x06, 0xff, 0x00, 0x85, 0x00, 0x00, 0xff, 0x00, 0x8e, 0x07,
  0x00, 0xe2, 0x0f, 0x00, 0x20, 0x7c, 0x08, 0x08, 0x14, 0x00, 0x00, 0x00,
  0x00, 0x00, 0x41, 0x08, 0x00, 0xe2, 0x0f, 0x00, 0x25, 0x78, 0x04, 0x03,
  0x28, 0x00, 0x00, 0x00, 0x04, 0x00, 0x8e, 0x07, 0x00, 0xe2, 0x0f, 0x00,
  0x20, 0x7c, 0x09, 0x09, 0x14, 0x00, 0x00, 0x00, 0x00, 0x00, 0x41, 0x08,
  0x00, 0xe2, 0x0f, 0x00, 0x3e, 0x72, 0x0a, 0x0b, 0x0a, 0x00, 0x00, 0x00,
  0xff, 0x70, 0x80, 0x04, 0x00, 0xc4, 0x0f, 0x00, 0x24, 0x78, 0x03, 0x06,
  0x28, 0x00, 0x00, 0x00, 0xff, 0x02, 0x8e, 0x07, 0x00, 0xe2, 0x0f, 0x00,
  0x10, 0x7a, 0x04, 0x04, 0x00, 0x78, 0x00, 0x00, 0xff, 0xe0, 0xf5, 0x07,
  0x00, 0xe4, 0x0f, 0x00, 0x3e, 0x72, 0x09, 0x09, 0x08, 0x00, 0x00, 0x00,
  0x0a, 0x70, 0x80, 0x04, 0x00, 0xe4, 0x0f, 0x00, 0x10, 0x7a, 0x05, 0x05,
  0x00, 0x79, 0x00, 0x00, 0x03, 0xe4, 0x7f, 0x01, 0x00, 0xca, 0x0f, 0x00,
  0x86, 0x79, 0x00, 0x04, 0x09, 0x00, 0x00, 0x00, 0x0e, 0x19, 0x10, 0x0c,
  0x00, 0xe8, 0x03, 0x00, 0x41, 0x79, 0x01, 0x00, 0x00, 0x00, 0x00, 0x00,
  0x00, 0x00, 0x80, 0x03, 0x00, 0xea, 0x0f, 0x00, 0x47, 0x19, 0x00, 0x00,
  0x20, 0x0e, 0x00, 0x00, 0x00, 0x00, 0x80, 0x03, 0x00, 0xea, 0x0f, 0x00,
  0x10, 0x78, 0x03, 0x02, 0x2c, 0x00, 0x00, 0x00, 0xff, 0xe0, 0xff, 0x07,
  0x00, 0xe2, 0x0f, 0x00, 0x45, 0x79, 0x01, 0x00, 0x20, 0x01, 0x00, 0x00,
  0x00, 0x00, 0x80, 0x03, 0x00, 0xe6, 0x0f, 0x00, 0x0c, 0x7c, 0x00, 0x03,
  0x06, 0x00, 0x00, 0x00, 0x70, 0x62, 0xf2, 0x0b, 0x00, 0xe2, 0x0f, 0x00,
  0x47, 0x09, 0x00, 0x00, 0xf0, 0x00, 0x00, 0x00, 0x00, 0x00, 0x80, 0x03,
  0x00, 0xee, 0x0f, 0x00, 0x02, 0x72, 0x04, 0x00, 0x4c, 0x00, 0x00, 0x00,
  0x00, 0x0f, 0x00, 0x00, 0x00, 0xe2, 0x2f, 0x00, 0x24, 0x76, 0x03, 0xff,
  0x00, 0x84, 0x00, 0x00, 0xff, 0x00, 0x8e, 0x07, 0x00, 0xe2, 0x0f, 0x00,
  0x20, 0x7c, 0x0e, 0x0e, 0x14, 0x00, 0x00, 0x00, 0x00, 0x00, 0x41, 0x08,
  0x00, 0xe2, 0x0f, 0x00, 0x24, 0x72, 0x05, 0xff, 0xff, 0x00, 0x00, 0x00,
  0x4d, 0x00, 0x8e, 0x07, 0x00, 0xe2, 0x0f, 0x00, 0x20, 0x7c, 0x0f, 0x0f,
  0x14, 0x00, 0x00, 0x00, 0x00, 0x00, 0x41, 0x08, 0x00, 0xe2, 0x0f, 0x00,
  0x24, 0x76, 0x06, 0xff, 0x00, 0x85, 0x00, 0x00, 0xff, 0x00, 0x8e, 0x07,
  0x00, 0xe2, 0x0f, 0x00, 0x20, 0x7c, 0x0c, 0x0c, 0x14, 0x00, 0x00, 0x00,
  0x00, 0x00, 0x41, 0x08, 0x00, 0xe2, 0x0f, 0x00, 0x25, 0x78, 0x04, 0x03,
  0x2a, 0x00, 0x00, 0x00, 0x04, 0x00, 0x8e, 0x07, 0x00, 0xe2, 0x0f, 0x00,
  0x20, 0x7c, 0x0d, 0x0d, 0x14, 0x00, 0x00, 0x00, 0x00, 0x00, 0x41, 0x08,
  0x00, 0xe2, 0x0f, 0x00, 0x3e, 0x72, 0x0e, 0x0f, 0x0e, 0x00, 0x00, 0x00,
  0xff, 0x70, 0x80, 0x04, 0x00, 0xc4, 0x0f, 0x00, 0x24, 0x78, 0x03, 0x06,
  0x2a, 0x00, 0x00, 0x00, 0xff, 0x02, 0x8e, 0x07, 0x00, 0xe2, 0x0f, 0x00,
  0x10, 0x7a, 0x04, 0x04, 0x00, 0x78, 0x00, 0x00, 0xff, 0xe0, 0xf5, 0x07,
  0x00, 0xe4, 0x0f, 0x00, 0x3e, 0x72, 0x0d, 0x0d, 0x0c, 0x00, 0x00, 0x00,
  0x0e, 0x70, 0x80, 0x04, 0x00, 0xe4, 0x0f, 0x00, 0x10, 0x7a, 0x05, 0x05,
  0x00, 0x79, 0x00, 0x00, 0x03, 0xe4, 0x7f, 0x01, 0x00, 0xca, 0x0f, 0x00,
  0x86, 0x79, 0x00, 0x04, 0x0d, 0x00, 0x00, 0x00, 0x0e, 0x19, 0x10, 0x0c,
  0x00, 0xe8, 0x03, 0x00, 0x41, 0x79, 0x01, 0x00, 0x00, 0x00, 0x00, 0x00,
  0x00, 0x00, 0x80, 0x03, 0x00, 0xea, 0x0f, 0x00, 0x47, 0x19, 0x00, 0x00,
  0xd0, 0x0c, 0x00, 0x00, 0x00, 0x00, 0x80, 0x03, 0x00, 0xea, 0x0f, 0x00,
  0x10, 0x78, 0x03, 0x02, 0x2e, 0x00, 0x00, 0x00, 0xff, 0xe0, 0xff, 0x07,
  0x00, 0xe2, 0x0f, 0x00, 0x45, 0x79, 0x01, 0x00, 0x20, 0x01, 0x00, 0x00,
  0x00, 0x00, 0x80, 0x03, 0x00, 0xe6, 0x0f, 0x00, 0x0c, 0x7c, 0x00, 0x03,
  0x06, 0x00, 0x00, 0x00, 0x70, 0x62, 0xf2, 0x0b, 0x00, 0xe2, 0x0f, 0x00,
  0x47, 0x09, 0x00, 0x00, 0xf0, 0x00, 0x00, 0x00, 0x00, 0x00, 0x80, 0x03,
  0x00, 0xee, 0x0f, 0x00, 0x02, 0x72, 0x04, 0x00, 0x4c, 0x00, 0x00, 0x00,
  0x00, 0x0f, 0x00, 0x00, 0x00, 0xe2, 0x2f, 0x00, 0x24, 0x76, 0x03, 0xff,
  0x00, 0x84, 0x00, 0x00, 0xff, 0x00, 0x8e, 0x07, 0x00, 0xe2, 0x0f, 0x00,
  0x20, 0x7c, 0x12, 0x12, 0x14, 0x00, 0x00, 0x00, 0x00, 0x00, 0x41, 0x08,
  0x00, 0xe2, 0x0f, 0x00, 0x24, 0x72, 0x05, 0xff, 0xff, 0x00, 0x00, 0x00,
  0x4d, 0x00, 0x8e, 0x07, 0x00, 0xe2, 0x0f, 0x00, 0x20, 0x7c, 0x13, 0x13,
  0x14, 0x00, 0x00, 0x00, 0x00, 0x00, 0x41, 0x08, 0x00, 0xe2, 0x0f, 0x00,
  0x24, 0x76, 0x06, 0xff, 0x00, 0x85, 0x00, 0x00, 0xff, 0x00, 0x8e, 0x07,
  0x00, 0xe2, 0x0f, 0x00, 0x20, 0x7c, 0x10, 0x10, 0x14, 0x00, 0x00, 0x00,
  0x00, 0x00, 0x41, 0x08, 0x00, 0xe2, 0x0f, 0x00, 0x25, 0x78, 0x04, 0x03,
  0x2c, 0x00, 0x00, 0x00, 0x04, 0x00, 0x8e, 0x07, 0x00, 0xe2, 0x0f, 0x00,
  0x20, 0x7c, 0x11, 0x11, 0x14, 0x00, 0x00, 0x00, 0x00, 0x00, 0x41, 0x08,
  0x00, 0xe2, 0x0f, 0x00, 0x3e, 0x72, 0x12, 0x13, 0x12, 0x00, 0x00, 0x00,
  0xff, 0x70, 0x80, 0x04, 0x00, 0xc4, 0x0f, 0x00, 0x24, 0x78, 0x03, 0x06,
  0x2c, 0x00, 0x00, 0x00, 0xff, 0x02, 0x8e, 0x07, 0x00, 0xe2, 0x0f, 0x00,
  0x10, 0x7a, 0x04, 0x04, 0x00, 0x78, 0x00, 0x00, 0xff, 0xe0, 0xf5, 0x07,
  0x00, 0xe4, 0x0f, 0x00, 0x3e, 0x72, 0x11, 0x11, 0x10, 0x00, 0x00, 0x00,
  0x12, 0x70, 0x80, 0x04, 0x00, 0xe4, 0x0f, 0x00, 0x10, 0x7a, 0x05, 0x05,
  0x00, 0x79, 0x00, 0x00, 0x03, 0xe4, 0x7f, 0x01, 0x00, 0xca, 0x0f, 0x00,
  0x86, 0x79, 0x00, 0x04, 0x11, 0x00, 0x00, 0x00, 0x0e, 0x19, 0x10, 0x0c,
  0x00, 0xe8, 0x03, 0x00, 0x41, 0x79, 0x01, 0x00, 0x00, 0x00, 0x00, 0x00,
  0x00, 0x00, 0x80, 0x03, 0x00, 0xea, 0x0f, 0x00, 0x47, 0x19, 0x00, 0x00,
  0x80, 0x0b, 0x00, 0x00, 0x00, 0x00, 0x80, 0x03, 0x00, 0xea, 0x0f, 0x00,
  0x10, 0x78, 0x03, 0x02, 0x30, 0x00, 0x00, 0x00, 0xff, 0xe0, 0xff, 0x07,
  0x00, 0xe2, 0x0f, 0x00, 0x45, 0x79, 0x01, 0x00, 0x20, 0x01, 0x00, 0x00,
  0x00, 0x00, 0x80, 0x03, 0x00, 0xe6, 0x0f, 0x00, 0x0c, 0x7c, 0x00, 0x03,
  0x06, 0x00, 0x00, 0x00, 0x70, 0x62, 0xf2, 0x0b, 0x00, 0xe2, 0x0f, 0x00,
  0x47, 0x09, 0x00, 0x00, 0xf0, 0x00, 0x00, 0x00, 0x00, 0x00, 0x80, 0x03,
  0x00, 0xee, 0x0f, 0x00, 0x02, 0x72, 0x04, 0x00, 0x4c, 0x00, 0x00, 0x00,
  0x00, 0x0f, 0x00, 0x00, 0x00, 0xe2, 0x2f, 0x00, 0x24, 0x76, 0x03, 0xff,
  0x00, 0x84, 0x00, 0x00, 0xff, 0x00, 0x8e, 0x07, 0x00, 0xe2, 0x0f, 0x00,
  0x20, 0x7c, 0x16, 0x16, 0x14, 0x00, 0x00, 0x00, 0x00, 0x00, 0x41, 0x08,
  0x00, 0xe2, 0x0f, 0x00, 0x24, 0x72, 0x05, 0xff, 0xff, 0x00, 0x00, 0x00,
  0x4d, 0x00, 0x8e, 0x07, 0x00, 0xe2, 0x0f, 0x00, 0x20, 0x7c, 0x17, 0x17,
  0x14, 0x00, 0x00, 0x00, 0x00, 0x00, 0x41, 0x08, 0x00, 0xe2, 0x0f, 0x00,
  0x24, 0x76, 0x06, 0xff, 0x00, 0x85, 0x00, 0x00, 0xff, 0x00, 0x8e, 0x07,
  0x00, 0xe2, 0x0f, 0x00, 0x20, 0x7c, 0x14, 0x14, 0x14, 0x00, 0x00, 0x00,
  0x00, 0x00, 0x41, 0x08, 0x00, 0xe2, 0x0f, 0x00, 0x25, 0x78, 0x04, 0x03,
  0x2e, 0x00, 0x00, 0x00, 0x04, 0x00, 0x8e, 0x07, 0x00, 0xe2, 0x0f, 0x00,
  0x20, 0x7c, 0x15, 0x15, 0x14, 0x00, 0x00, 0x00, 0x00, 0x00, 0x41, 0x08,
  0x00, 0xe2, 0x0f, 0x00, 0x3e, 0x72, 0x16, 0x17, 0x16, 0x00, 0x00, 0x00,
  0xff, 0x70, 0x80, 0x04, 0x00, 0xc4, 0x0f, 0x00, 0x24, 0x78, 0x03, 0x06,
  0x2e, 0x00, 0x00, 0x00, 0xff, 0x02, 0x8e, 0x07, 0x00, 0xe2, 0x0f, 0x00,
  0x10, 0x7a, 0x04, 0x04, 0x00, 0x78, 0x00, 0x00, 0xff, 0xe0, 0xf5, 0x07,
  0x00, 0xe4, 0x0f, 0x00, 0x3e, 0x72, 0x15, 0x15, 0x14, 0x00, 0x00, 0x00,
  0x16, 0x70, 0x80, 0x04, 0x00, 0xe4, 0x0f, 0x00, 0x10, 0x7a, 0x05, 0x05,
  0x00, 0x79, 0x00, 0x00, 0x03, 0xe4, 0x7f, 0x01, 0x00, 0xca, 0x0f, 0x00,
  0x86, 0x79, 0x00, 0x04, 0x15, 0x00, 0x00, 0x00, 0x0e, 0x19, 0x10, 0x0c,
  0x00, 0xe8, 0x03, 0x00, 0x41, 0x79, 0x01, 0x00, 0x00, 0x00, 0x00, 0x00,
  0x00, 0x00, 0x80, 0x03, 0x00, 0xea, 0x0f, 0x00, 0x47, 0x19, 0x00, 0x00,
  0x30, 0x0a, 0x00, 0x00, 0x00, 0x00, 0x80, 0x03, 0x00, 0xea, 0x0f, 0x00,
  0x10, 0x78, 0x03, 0x02, 0x32, 0x00, 0x00, 0x00, 0xff, 0xe0, 0xff, 0x07,
  0x00, 0xe2, 0x0f, 0x00, 0x45, 0x79, 0x01, 0x00, 0x20, 0x01, 0x00, 0x00,
  0x00, 0x00, 0x80, 0x03, 0x00, 0xe6, 0x0f, 0x00, 0x0c, 0x7c, 0x00, 0x03,
  0x06, 0x00, 0x00, 0x00, 0x70, 0x62, 0xf2, 0x0b, 0x00, 0xe2, 0x0f, 0x00,
  0x47, 0x09, 0x00, 0x00, 0xf0, 0x00, 0x00, 0x00, 0x00, 0x00, 0x80, 0x03,
  0x00, 0xee, 0x0f, 0x00, 0x02, 0x72, 0x04, 0x00, 0x4c, 0x00, 0x00, 0x00,
  0x00, 0x0f, 0x00, 0x00, 0x00, 0xe2, 0x2f, 0x00, 0x24, 0x76, 0x03, 0xff,
  0x00, 0x84, 0x00, 0x00, 0xff, 0x00, 0x8e, 0x07, 0x00, 0xe2, 0x0f, 0x00,
  0x20, 0x7c, 0x1a, 0x1a, 0x14, 0x00, 0x00, 0x00, 0x00, 0x00, 0x41, 0x08,
  0x00, 0xe2, 0x0f, 0x00, 0x24, 0x72, 0x05, 0xff, 0xff, 0x00, 0x00, 0x00,
  0x4d, 0x00, 0x8e, 0x07, 0x00, 0xe2, 0x0f, 0x00, 0x20, 0x7c, 0x1b, 0x1b,
  0x14, 0x00, 0x00, 0x00, 0x00, 0x00, 0x41, 0x08, 0x00, 0xe2, 0x0f, 0x00,
  0x24, 0x76, 0x06, 0xff, 0x00, 0x85, 0x00, 0x00, 0xff, 0x00, 0x8e, 0x07,
  0x00, 0xe2, 0x0f, 0x00, 0x20, 0x7c, 0x18, 0x18, 0x14, 0x00, 0x00, 0x00,
  0x00, 0x00, 0x41, 0x08, 0x00, 0xe2, 0x0f, 0x00, 0x25, 0x78, 0x04, 0x03,
  0x30, 0x00, 0x00, 0x00, 0x04, 0x00, 0x8e, 0x07, 0x00, 0xe2, 0x0f, 0x00,
  0x20, 0x7c, 0x19, 0x19, 0x14, 0x00, 0x00, 0x00, 0x00, 0x00, 0x41, 0x08,
  0x00, 0xe2, 0x0f, 0x00, 0x3e, 0x72, 0x1a, 0x1b, 0x1a, 0x00, 0x00, 0x00,
  0xff, 0x70, 0x80, 0x04, 0x00, 0xc4, 0x0f, 0x00, 0x24, 0x78, 0x03, 0x06,
  0x30, 0x00, 0x00, 0x00, 0xff, 0x02, 0x8e, 0x07, 0x00, 0xe2, 0x0f, 0x00,
  0x10, 0x7a, 0x04, 0x04, 0x00, 0x78, 0x00, 0x00, 0xff, 0xe0, 0xf5, 0x07,
  0x00, 0xe4, 0x0f, 0x00, 0x3e, 0x72, 0x19, 0x19, 0x18, 0x00, 0x00, 0x00,
  0x1a, 0x70, 0x80, 0x04, 0x00, 0xe4, 0x0f, 0x00, 0x10, 0x7a, 0x05, 0x05,
  0x00, 0x79, 0x00, 0x00, 0x03, 0xe4, 0x7f, 0x01, 0x00, 0xca, 0x0f, 0x00,
  0x86, 0x79, 0x00, 0x04, 0x19, 0x00, 0x00, 0x00, 0x0e, 0x19, 0x10, 0x0c,
  0x00, 0xe8, 0x03, 0x00, 0x41, 0x79, 0x01, 0x00, 0x00, 0x00, 0x00, 0x00,
  0x00, 0x00, 0x80, 0x03, 0x00, 0xea, 0x0f, 0x00, 0x47, 0x19, 0x00, 0x00,
  0xe0, 0x08, 0x00, 0x00, 0x00, 0x00, 0x80, 0x03, 0x00, 0xea, 0x0f, 0x00,
  0x10, 0x78, 0x03, 0x02, 0x34, 0x00, 0x00, 0x00, 0xff, 0xe0, 0xff, 0x07,
  0x00, 0xe2, 0x0f, 0x00, 0x45, 0x79, 0x01, 0x00, 0x20, 0x01, 0x00, 0x00,
  0x00, 0x00, 0x80, 0x03, 0x00, 0xe6, 0x0f, 0x00, 0x0c, 0x7c, 0x00, 0x03,
  0x06, 0x00, 0x00, 0x00, 0x70, 0x62, 0xf2, 0x0b, 0x00, 0xe2, 0x0f, 0x00,
  0x47, 0x09, 0x00, 0x00, 0xf0, 0x00, 0x00, 0x00, 0x00, 0x00, 0x80, 0x03,
  0x00, 0xee, 0x0f, 0x00, 0x02, 0x72, 0x04, 0x00, 0x4c, 0x00, 0x00, 0x00,
  0x00, 0x0f, 0x00, 0x00, 0x00, 0xe2, 0x2f, 0x00, 0x24, 0x76, 0x03, 0xff,
  0x00, 0x84, 0x00, 0x00, 0xff, 0x00, 0x8e, 0x07, 0x00, 0xe2, 0x0f, 0x00,
  0x20, 0x7c, 0x1e, 0x1e, 0x14, 0x00, 0x00, 0x00, 0x00, 0x00, 0x41, 0x08,
  0x00, 0xe2, 0x0f, 0x00, 0x24, 0x72, 0x05, 0xff, 0xff, 0x00, 0x00, 0x00,
  0x4d, 0x00, 0x8e, 0x07, 0x00, 0xe2, 0x0f, 0x00, 0x20, 0x7c, 0x1f, 0x1f,
  0x14, 0x00, 0x00, 0x00, 0x00, 0x00, 0x41, 0x08, 0x00, 0xe2, 0x0f, 0x00,
  0x24, 0x76, 0x06, 0xff, 0x00, 0x85, 0x00, 0x00, 0xff, 0x00, 0x8e, 0x07,
  0x00, 0xe2, 0x0f, 0x00, 0x20, 0x7c, 0x1c, 0x1c, 0x14, 0x00, 0x00, 0x00,
  0x00, 0x00, 0x41, 0x08, 0x00, 0xe2, 0x0f, 0x00, 0x25, 0x78, 0x04, 0x03,
  0x32, 0x00, 0x00, 0x00, 0x04, 0x00, 0x8e, 0x07, 0x00, 0xe2, 0x0f, 0x00,
  0x20, 0x7c, 0x1d, 0x1d, 0x14, 0x00, 0x00, 0x00, 0x00, 0x00, 0x41, 0x08,
  0x00, 0xe2, 0x0f, 0x00, 0x3e, 0x72, 0x1e, 0x1f, 0x1e, 0x00, 0x00, 0x00,
  0xff, 0x70, 0x80, 0x04, 0x00, 0xc4, 0x0f, 0x00, 0x24, 0x78, 0x03, 0x06,
  0x32, 0x00, 0x00, 0x00, 0xff, 0x02, 0x8e, 0x07, 0x00, 0xe2, 0x0f, 0x00,
  0x10, 0x7a, 0x04, 0x04, 0x00, 0x78, 0x00, 0x00, 0xff, 0xe0, 0xf5, 0x07,
  0x00, 0xe4, 0x0f, 0x00, 0x3e, 0x72, 0x1d, 0x1d, 0x1c, 0x00, 0x00, 0x00,
  0x1e, 0x70, 0x80, 0x04, 0x00, 0xe4, 0x0f, 0x00, 0x10, 0x7a, 0x05, 0x05,
  0x00, 0x79, 0x00, 0x00, 0x03, 0xe4, 0x7f, 0x01, 0x00, 0xca, 0x0f, 0x00,
  0x86, 0x79, 0x00, 0x04, 0x1d, 0x00, 0x00, 0x00, 0x0e, 0x19, 0x10, 0x0c,
  0x00, 0xe8, 0x03, 0x00, 0x41, 0x79, 0x01, 0x00, 0x00, 0x00, 0x00, 0x00,
  0x00, 0x00, 0x80, 0x03, 0x00, 0xea, 0x0f, 0x00, 0x47, 0x19, 0x00, 0x00,
  0x90, 0x07, 0x00, 0x00, 0x00, 0x00, 0x80, 0x03, 0x00, 0xea, 0x0f, 0x00,
  0x10, 0x78, 0x03, 0x02, 0x36, 0x00, 0x00, 0x00, 0xff, 0xe0, 0xff, 0x07,
  0x00, 0xe2, 0x0f, 0x00, 0x45, 0x79, 0x01, 0x00, 0x20, 0x01, 0x00, 0x00,
  0x00, 0x00, 0x80, 0x03, 0x00, 0xe6, 0x0f, 0x00, 0x0c, 0x7c, 0x00, 0x03,
  0x06, 0x00, 0x00, 0x00, 0x70, 0x62, 0xf2, 0x0b, 0x00, 0xe2, 0x0f, 0x00,
  0x47, 0x09, 0x00, 0x00, 0xf0, 0x00, 0x00, 0x00, 0x00, 0x00, 0x80, 0x03,
  0x00, 0xee, 0x0f, 0x00, 0x02, 0x72, 0x04, 0x00, 0x4c, 0x00, 0x00, 0x00,
  0x00, 0x0f, 0x00, 0x00, 0x00, 0xe2, 0x2f, 0x00, 0x24, 0x76, 0x03, 0xff,
  0x00, 0x84, 0x00, 0x00, 0xff, 0x00, 0x8e, 0x07, 0x00, 0xe2, 0x0f, 0x00,
  0x20, 0x7c, 0x22, 0x22, 0x14, 0x00, 0x00, 0x00, 0x00, 0x00, 0x41, 0x08,
  0x00, 0xe2, 0x0f, 0x00, 0x24, 0x72, 0x05, 0xff, 0xff, 0x00, 0x00, 0x00,
  0x4d, 0x00, 0x8e, 0x07, 0x00, 0xe2, 0x0f, 0x00, 0x20, 0x7c, 0x23, 0x23,
  0x14, 0x00, 0x00, 0x00, 0x00, 0x00, 0x41, 0x08, 0x00, 0xe2, 0x0f, 0x00,
  0x24, 0x76, 0x06, 0xff, 0x00, 0x85, 0x00, 0x00, 0xff, 0x00, 0x8e, 0x07,
  0x00, 0xe2, 0x0f, 0x00, 0x20, 0x7c, 0x20, 0x20, 0x14, 0x00, 0x00, 0x00,
  0x00, 0x00, 0x41, 0x08, 0x00, 0xe2, 0x0f, 0x00, 0x25, 0x78, 0x04, 0x03,
  0x34, 0x00, 0x00, 0x00, 0x04, 0x00, 0x8e, 0x07, 0x00, 0xe2, 0x0f, 0x00,
  0x20, 0x7c, 0x21, 0x21, 0x14, 0x00, 0x00, 0x00, 0x00, 0x00, 0x41, 0x08,
  0x00, 0xe2, 0x0f, 0x00, 0x3e, 0x72, 0x22, 0x23, 0x22, 0x00, 0x00, 0x00,
  0xff, 0x70, 0x80, 0x04, 0x00, 0xc4, 0x0f, 0x00, 0x24, 0x78, 0x03, 0x06,
  0x34, 0x00, 0x00, 0x00, 0xff, 0x02, 0x8e, 0x07, 0x00, 0xe2, 0x0f, 0x00,
  0x10, 0x7a, 0x04, 0x04, 0x00, 0x78, 0x00, 0x00, 0xff, 0xe0, 0xf5, 0x07,
  0x00, 0xe4, 0x0f, 0x00, 0x3e, 0x72, 0x21, 0x21, 0x20, 0x00, 0x00, 0x00,
  0x22, 0x70, 0x80, 0x04, 0x00, 0xe4, 0x0f, 0x00, 0x10, 0x7a, 0x05, 0x05,
  0x00, 0x79, 0x00, 0x00, 0x03, 0xe4, 0x7f, 0x01, 0x00, 0xca, 0x0f, 0x00,
  0x86, 0x79, 0x00, 0x04, 0x21, 0x00, 0x00, 0x00, 0x0e, 0x19, 0x10, 0x0c,
  0x00, 0xe8, 0x03, 0x00, 0x41, 0x79, 0x01, 0x00, 0x00, 0x00, 0x00, 0x00,
  0x00, 0x00, 0x80, 0x03, 0x00, 0xea, 0x0f, 0x00, 0x47, 0x19, 0x00, 0x00,
  0x40, 0x06, 0x00, 0x00, 0x00, 0x00, 0x80, 0x03, 0x00, 0xea, 0x0f, 0x00,
  0x10, 0x78, 0x03, 0x02, 0x38, 0x00, 0x00, 0x00, 0xff, 0xe0, 0xff, 0x07,
  0x00, 0xe2, 0x0f, 0x00, 0x45, 0x79, 0x01, 0x00, 0x20, 0x01, 0x00, 0x00,
  0x00, 0x00, 0x80, 0x03, 0x00, 0xe6, 0x0f, 0x00, 0x0c, 0x7c, 0x00, 0x03,
  0x06, 0x00, 0x00, 0x00, 0x70, 0x62, 0xf2, 0x0b, 0x00, 0xe2, 0x0f, 0x00,
  0x47, 0x09, 0x00, 0x00, 0xf0, 0x00, 0x00, 0x00, 0x00, 0x00, 0x80, 0x03,
  0x00, 0xee, 0x0f, 0x00, 0x02, 0x72, 0x04, 0x00, 0x4c, 0x00, 0x00, 0x00,
  0x00, 0x0f, 0x00, 0x00, 0x00, 0xe2, 0x2f, 0x00, 0x24, 0x76, 0x03, 0xff,
  0x00, 0x84, 0x00, 0x00, 0xff, 0x00, 0x8e, 0x07, 0x00, 0xe2, 0x0f, 0x00,
  0x20, 0x7c, 0x26, 0x26, 0x14, 0x00, 0x00, 0x00, 0x00, 0x00, 0x41, 0x08,
  0x00, 0xe2, 0x0f, 0x00, 0x24, 0x72, 0x05, 0xff, 0xff, 0x00, 0x00, 0x00,
  0x4d, 0x00, 0x8e, 0x07, 0x00, 0xe2, 0x0f, 0x00, 0x20, 0x7c, 0x27, 0x27,
  0x14, 0x00, 0x00, 0x00, 0x00, 0x00, 0x41, 0x08, 0x00, 0xe2, 0x0f, 0x00,
  0x24, 0x76, 0x06, 0xff, 0x00, 0x85, 0x00, 0x00, 0xff, 0x00, 0x8e, 0x07,
  0x00, 0xe2, 0x0f, 0x00, 0x20, 0x7c, 0x24, 0x24, 0x14, 0x00, 0x00, 0x00,
  0x00, 0x00, 0x41, 0x08, 0x00, 0xe2, 0x0f, 0x00, 0x25, 0x78, 0x04, 0x03,
  0x36, 0x00, 0x00, 0x00, 0x04, 0x00, 0x8e, 0x07, 0x00, 0xe2, 0x0f, 0x00,
  0x20, 0x7c, 0x25, 0x25, 0x14, 0x00, 0x00, 0x00, 0x00, 0x00, 0x41, 0x08,
  0x00, 0xe2, 0x0f, 0x00, 0x3e, 0x72, 0x26, 0x27, 0x26, 0x00, 0x00, 0x00,
  0xff, 0x70, 0x80, 0x04, 0x00, 0xc4, 0x0f, 0x00, 0x24, 0x78, 0x03, 0x06,
  0x36, 0x00, 0x00, 0x00, 0xff, 0x02, 0x8e, 0x07, 0x00, 0xe2, 0x0f, 0x00,
  0x10, 0x7a, 0x04, 0x04, 0x00, 0x78, 0x00, 0x00, 0xff, 0xe0, 0xf5, 0x07,
  0x00, 0xe4, 0x0f, 0x00, 0x3e, 0x72, 0x25, 0x25, 0x24, 0x00, 0x00, 0x00,
  0x26, 0x70, 0x80, 0x04, 0x00, 0xe4, 0x0f, 0x00, 0x10, 0x7a, 0x05, 0x05,
  0x00, 0x79, 0x00, 0x00, 0x03, 0xe4, 0x7f, 0x01, 0x00, 0xca, 0x0f, 0x00,
  0x86, 0x79, 0x00, 0x04, 0x25, 0x00, 0x00, 0x00, 0x0e, 0x19, 0x10, 0x0c,
  0x00, 0xe8, 0x03, 0x00, 0x41, 0x79, 0x01, 0x00, 0x00, 0x00, 0x00, 0x00,
  0x00, 0x00, 0x80, 0x03, 0x00, 0xea, 0x0f, 0x00, 0x47, 0x19, 0x00, 0x00,
  0xf0, 0x04, 0x00, 0x00, 0x00, 0x00, 0x80, 0x03, 0x00, 0xea, 0x0f, 0x00,
  0x10, 0x78, 0x03, 0x02, 0x3a, 0x00, 0x00, 0x00, 0xff, 0xe0, 0xff, 0x07,
  0x00, 0xe2, 0x0f, 0x00, 0x45, 0x79, 0x01, 0x00, 0x20, 0x01, 0x00, 0x00,
  0x00, 0x00, 0x80, 0x03, 0x00, 0xe6, 0x0f, 0x00, 0x0c, 0x7c, 0x00, 0x03,
  0x06, 0x00, 0x00, 0x00, 0x70, 0x62, 0xf2, 0x0b, 0x00, 0xe2, 0x0f, 0x00,
  0x47, 0x09, 0x00, 0x00, 0xf0, 0x00, 0x00, 0x00, 0x00, 0x00, 0x80, 0x03,
  0x00, 0xee, 0x0f, 0x00, 0x02, 0x72, 0x04, 0x00, 0x4c, 0x00, 0x00, 0x00,
  0x00, 0x0f, 0x00, 0x00, 0x00, 0xe2, 0x2f, 0x00, 0x24, 0x76, 0x03, 0xff,
  0x00, 0x84, 0x00, 0x00, 0xff, 0x00, 0x8e, 0x07, 0x00, 0xe2, 0x0f, 0x00,
  0x20, 0x7c, 0x2a, 0x2a, 0x14, 0x00, 0x00, 0x00, 0x00, 0x00, 0x41, 0x08,
  0x00, 0xe2, 0x0f, 0x00, 0x24, 0x72, 0x05, 0xff, 0xff, 0x00, 0x00, 0x00,
  0x4d, 0x00, 0x8e, 0x07, 0x00, 0xe2, 0x0f, 0x00, 0x20, 0x7c, 0x2b, 0x2b,
  0x14, 0x00, 0x00, 0x00, 0x00, 0x00, 0x41, 0x08, 0x00, 0xe2, 0x0f, 0x00,
  0x24, 0x76, 0x06, 0xff, 0x00, 0x85, 0x00, 0x00, 0xff, 0x00, 0x8e, 0x07,
  0x00, 0xe2, 0x0f, 0x00, 0x20, 0x7c, 0x28, 0x28, 0x14, 0x00, 0x00, 0x00,
  0x00, 0x00, 0x41, 0x08, 0x00, 0xe2, 0x0f, 0x00, 0x25, 0x78, 0x04, 0x03,
  0x38, 0x00, 0x00, 0x00, 0x04, 0x00, 0x8e, 0x07, 0x00, 0xe2, 0x0f, 0x00,
  0x20, 0x7c, 0x29, 0x29, 0x14, 0x00, 0x00, 0x00, 0x00, 0x00, 0x41, 0x08,
  0x00, 0xe2, 0x0f, 0x00, 0x3e, 0x72, 0x2a, 0x2b, 0x2a, 0x00, 0x00, 0x00,
  0xff, 0x70, 0x80, 0x04, 0x00, 0xc4, 0x0f, 0x00, 0x24, 0x78, 0x03, 0x06,
  0x38, 0x00, 0x00, 0x00, 0xff, 0x02, 0x8e, 0x07, 0x00, 0xe2, 0x0f, 0x00,
  0x10, 0x7a, 0x04, 0x04, 0x00, 0x78, 0x00, 0x00, 0xff, 0xe0, 0xf5, 0x07,
  0x00, 0xe4, 0x0f, 0x00, 0x3e, 0x72, 0x29, 0x29, 0x28, 0x00, 0x00, 0x00,
  0x2a, 0x70, 0x80, 0x04, 0x00, 0xe4, 0x0f, 0x00, 0x10, 0x7a, 0x05, 0x05,
  0x00, 0x79, 0x00, 0x00, 0x03, 0xe4, 0x7f, 0x01, 0x00, 0xca, 0x0f, 0x00,
  0x86, 0x79, 0x00, 0x04, 0x29, 0x00, 0x00, 0x00, 0x0e, 0x19, 0x10, 0x0c,
  0x00, 0xe8, 0x03, 0x00, 0x41, 0x79, 0x01, 0x00, 0x00, 0x00, 0x00, 0x00,
  0x00, 0x00, 0x80, 0x03, 0x00, 0xea, 0x0f, 0x00, 0x47, 0x19, 0x00, 0x00,
  0xa0, 0x03, 0x00, 0x00, 0x00, 0x00, 0x80, 0x03, 0x00, 0xea, 0x0f, 0x00,
  0x10, 0x78, 0x03, 0x02, 0x3c, 0x00, 0x00, 0x00, 0xff, 0xe0, 0xff, 0x07,
  0x00, 0xe2, 0x0f, 0x00, 0x45, 0x79, 0x01, 0x00, 0x20, 0x01, 0x00, 0x00,
  0x00, 0x00, 0x80, 0x03, 0x00, 0xe6, 0x0f, 0x00, 0x0c, 0x7c, 0x00, 0x03,
  0x06, 0x00, 0x00, 0x00, 0x70, 0x62, 0xf2, 0x0b, 0x00, 0xe2, 0x0f, 0x00,
  0x47, 0x09, 0x00, 0x00, 0xf0, 0x00, 0x00, 0x00, 0x00, 0x00, 0x80, 0x03,
  0x00, 0xee, 0x0f, 0x00, 0x02, 0x72, 0x04, 0x00, 0x4c, 0x00, 0x00, 0x00,
  0x00, 0x0f, 0x00, 0x00, 0x00, 0xe2, 0x2f, 0x00, 0x24, 0x76, 0x03, 0xff,
  0x00, 0x84, 0x00, 0x00, 0xff, 0x00, 0x8e, 0x07, 0x00, 0xe2, 0x0f, 0x00,
  0x20, 0x7c, 0x2e, 0x2e, 0x14, 0x00, 0x00, 0x00, 0x00, 0x00, 0x41, 0x08,
  0x00, 0xe2, 0x0f, 0x00, 0x24, 0x72, 0x05, 0xff, 0xff, 0x00, 0x00, 0x00,
  0x4d, 0x00, 0x8e, 0x07, 0x00, 0xe2, 0x0f, 0x00, 0x20, 0x7c, 0x2f, 0x2f,
  0x14, 0x00, 0x00, 0x00, 0x00, 0x00, 0x41, 0x08, 0x00, 0xe2, 0x0f, 0x00,
  0x24, 0x76, 0x06, 0xff, 0x00, 0x85, 0x00, 0x00, 0xff, 0x00, 0x8e, 0x07,
  0x00, 0xe2, 0x0f, 0x00, 0x20, 0x7c, 0x2c, 0x2c, 0x14, 0x00, 0x00, 0x00,
  0x00, 0x00, 0x41, 0x08, 0x00, 0xe2, 0x0f, 0x00, 0x25, 0x78, 0x04, 0x03,
  0x3a, 0x00, 0x00, 0x00, 0x04, 0x00, 0x8e, 0x07, 0x00, 0xe2, 0x0f, 0x00,
  0x20, 0x7c, 0x2d, 0x2d, 0x14, 0x00, 0x00, 0x00, 0x00, 0x00, 0x41, 0x08,
  0x00, 0xe2, 0x0f, 0x00, 0x3e, 0x72, 0x2e, 0x2f, 0x2e, 0x00, 0x00, 0x00,
  0xff, 0x70, 0x80, 0x04, 0x00, 0xc4, 0x0f, 0x00, 0x24, 0x78, 0x03, 0x06,
  0x3a, 0x00, 0x00, 0x00, 0xff, 0x02, 0x8e, 0x07, 0x00, 0xe2, 0x0f, 0x00,
  0x10, 0x7a, 0x04, 0x04, 0x00, 0x78, 0x00, 0x00, 0xff, 0xe0, 0xf5, 0x07,
  0x00, 0xe4, 0x0f, 0x00, 0x3e, 0x72, 0x2d, 0x2d, 0x2c, 0x00, 0x00, 0x00,
  0x2e, 0x70, 0x80, 0x04, 0x00, 0xe4, 0x0f, 0x00, 0x10, 0x7a, 0x05, 0x05,
  0x00, 0x79, 0x00, 0x00, 0x03, 0xe4, 0x7f, 0x01, 0x00, 0xca, 0x0f, 0x00,
  0x86, 0x79, 0x00, 0x04, 0x2d, 0x00, 0x00, 0x00, 0x0e, 0x19, 0x10, 0x0c,
  0x00, 0xe8, 0x03, 0x00, 0x41, 0x79, 0x01, 0x00, 0x00, 0x00, 0x00, 0x00,
  0x00, 0x00, 0x80, 0x03, 0x00, 0xea, 0x0f, 0x00, 0x47, 0x19, 0x00, 0x00,
  0x50, 0x02, 0x00, 0x00, 0x00, 0x00, 0x80, 0x03, 0x00, 0xea, 0x0f, 0x00,
  0x10, 0x78, 0x02, 0x02, 0x3e, 0x00, 0x00, 0x00, 0xff, 0xe0, 0xff, 0x07,
  0x00, 0xe2, 0x0f, 0x00, 0x45, 0x79, 0x01, 0x00, 0x20, 0x01, 0x00, 0x00,
  0x00, 0x00, 0x80, 0x03, 0x00, 0xe6, 0x0f, 0x00, 0x0c, 0x7c, 0x00, 0x02,
  0x06, 0x00, 0x00, 0x00, 0x70, 0x62, 0xf2, 0x0b, 0x00, 0xe2, 0x0f, 0x00,
  0x47, 0x09, 0x00, 0x00, 0xf0, 0x00, 0x00, 0x00, 0x00, 0x00, 0x80, 0x03,
  0x00, 0xee, 0x0f, 0x00, 0x02, 0x72, 0x02, 0x00, 0x4c, 0x00, 0x00, 0x00,
  0x00, 0x0f, 0x00, 0x00, 0x00, 0xe2, 0x0f, 0x00, 0x24, 0x76, 0x05, 0xff,
  0x00, 0x84, 0x00, 0x00, 0xff, 0x00, 0x8e, 0x07, 0x00, 0xe2, 0x2f, 0x00,
  0x20, 0x7c, 0x32, 0x32, 0x14, 0x00, 0x00, 0x00, 0x00, 0x00, 0x41, 0x08,
  0x00, 0xe2, 0x0f, 0x00, 0x24, 0x72, 0x03, 0xff, 0xff, 0x00, 0x00, 0x00,
  0x4d, 0x00, 0x8e, 0x07, 0x00, 0xe2, 0x0f, 0x00, 0x20, 0x7c, 0x33, 0x33,
  0x14, 0x00, 0x00, 0x00, 0x00, 0x00, 0x41, 0x08, 0x00, 0xe2, 0x0f, 0x00,
  0x24, 0x76, 0x04, 0xff, 0x00, 0x85, 0x00, 0x00, 0xff, 0x00, 0x8e, 0x07,
  0x00, 0xe2, 0x0f, 0x00, 0x20, 0x7c, 0x30, 0x30, 0x14, 0x00, 0x00, 0x00,
  0x00, 0x00, 0x41, 0x08, 0x00, 0xe2, 0x0f, 0x00, 0x25, 0x78, 0x02, 0x05,
  0x3c, 0x00, 0x00, 0x00, 0x02, 0x00, 0x8e, 0x07, 0x00, 0xe2, 0x0f, 0x00,
  0x20, 0x7c, 0x31, 0x31, 0x14, 0x00, 0x00, 0x00, 0x00, 0x00, 0x41, 0x08,
  0x00, 0xe2, 0x0f, 0x00, 0x3e, 0x72, 0x32, 0x33, 0x32, 0x00, 0x00, 0x00,
  0xff, 0x70, 0x80, 0x04, 0x00, 0xc4, 0x0f, 0x00, 0x24, 0x78, 0x05, 0x04,
  0x3c, 0x00, 0x00, 0x00, 0xff, 0x02, 0x8e, 0x07, 0x00, 0xe2, 0x0f, 0x00,
  0x10, 0x7a, 0x02, 0x02, 0x00, 0x78, 0x00, 0x00, 0xff, 0xe0, 0xf5, 0x07,
  0x00, 0xe4, 0x0f, 0x00, 0x3e, 0x72, 0x31, 0x31, 0x30, 0x00, 0x00, 0x00,
  0x32, 0x70, 0x80, 0x04, 0x00, 0xe4, 0x0f, 0x00, 0x10, 0x7a, 0x03, 0x03,
  0x00, 0x79, 0x00, 0x00, 0x05, 0xe4, 0x7f, 0x01, 0x00, 0xca, 0x0f, 0x00,
  0x86, 0x79, 0x00, 0x02, 0x31, 0x00, 0x00, 0x00, 0x0e, 0x19, 0x10, 0x0c,
  0x00, 0xe8, 0x03, 0x00, 0x41, 0x79, 0x01, 0x00, 0x00, 0x00, 0x00, 0x00,
  0x00, 0x00, 0x80, 0x03, 0x00, 0xea, 0x0f, 0x00, 0x47, 0x19, 0x00, 0x00,
  0x00, 0x01, 0x00, 0x00, 0x00, 0x00, 0x80, 0x03, 0x00, 0xea, 0x0f, 0x00,
  0x47, 0x09, 0x00, 0x00, 0xf0, 0x00, 0x00, 0x00, 0x00, 0x00, 0x80, 0x03,
  0x00, 0xea, 0x0f, 0x00, 0x02, 0x72, 0x02, 0x00, 0x4c, 0x00, 0x00, 0x00,
  0x00, 0x0f, 0x00, 0x00, 0x00, 0xe2, 0x2f, 0x00, 0x24, 0x76, 0x05, 0xff,
  0x00, 0x84, 0x00, 0x00, 0xff, 0x00, 0x8e, 0x07, 0x00, 0xe2, 0x0f, 0x00,
  0x20, 0x7c, 0x36, 0x36, 0x14, 0x00, 0x00, 0x00, 0x00, 0x00, 0x41, 0x08,
  0x00, 0xe2, 0x0f, 0x00, 0x24, 0x72, 0x03, 0xff, 0xff, 0x00, 0x00, 0x00,
  0x4d, 0x00, 0x8e, 0x07, 0x00, 0xe2, 0x0f, 0x00, 0x20, 0x7c, 0x37, 0x37,
  0x14, 0x00, 0x00, 0x00, 0x00, 0x00, 0x41, 0x08, 0x00, 0xe2, 0x0f, 0x00,
  0x24, 0x76, 0x04, 0xff, 0x00, 0x85, 0x00, 0x00, 0xff, 0x00, 0x8e, 0x07,
  0x00, 0xe2, 0x0f, 0x00, 0x20, 0x7c, 0x34, 0x34, 0x14, 0x00, 0x00, 0x00,
  0x00, 0x00, 0x41, 0x08, 0x00, 0xe2, 0x0f, 0x00, 0x25, 0x78, 0x02, 0x05,
  0x3e, 0x00, 0x00, 0x00, 0x02, 0x00, 0x8e, 0x07, 0x00, 0xe2, 0x0f, 0x00,
  0x20, 0x7c, 0x35, 0x35, 0x14, 0x00, 0x00, 0x00, 0x00, 0x00, 0x41, 0x08,
  0x00, 0xe2, 0x0f, 0x00, 0x3e, 0x72, 0x36, 0x37, 0x36, 0x00, 0x00, 0x00,
  0xff, 0x70, 0x80, 0x04, 0x00, 0xe4, 0x0f, 0x00, 0x24, 0x78, 0x05, 0x04,
  0x3e, 0x00, 0x00, 0x00, 0xff, 0x02, 0x8e, 0x07, 0x00, 0xe2, 0x0f, 0x00,
  0x10, 0x7a, 0x02, 0x02, 0x00, 0x78, 0x00, 0x00, 0xff, 0xe0, 0xf1, 0x07,
  0x00, 0xc4, 0x0f, 0x00, 0x3e, 0x72, 0x35, 0x35, 0x34, 0x00, 0x00, 0x00,
  0x36, 0x70, 0x80, 0x04, 0x00, 0xe4, 0x0f, 0x00, 0x10, 0x7a, 0x03, 0x03,
  0x00, 0x79, 0x00, 0x00, 0x05, 0xe4, 0x7f, 0x00, 0x00, 0xca, 0x0f, 0x00,
  0x86, 0x79, 0x00, 0x02, 0x35, 0x00, 0x00, 0x00, 0x0e, 0x19, 0x10, 0x0c,
  0x00, 0xe8, 0x03, 0x00, 0x41, 0x79, 0x00, 0x00, 0x00, 0x00, 0x00, 0x00,
  0x00, 0x00, 0x80, 0x03, 0x00, 0xea, 0x2f, 0x00, 0x0c, 0x7a, 0x00, 0xff,
  0x00, 0x7a, 0x00, 0x00, 0x70, 0x50, 0xf0, 0x03, 0x00, 0xc8, 0x0f, 0x00,
  0x0c, 0x7a, 0x00, 0xff, 0x00, 0x7b, 0x00, 0x00, 0x00, 0x53, 0xf0, 0x03,
  0x00, 0xda, 0x0f, 0x00, 0x4d, 0x89, 0x00, 0x00, 0x00, 0x00, 0x00, 0x00,
  0x00, 0x00, 0x80, 0x03, 0x00, 0xea, 0x0f, 0x00, 0x12, 0x78, 0xff, 0x00,
  0x83, 0xff, 0xff, 0xff, 0xff, 0xc0, 0x80, 0x07, 0x00, 0xe4, 0x0f, 0x00,
  0x02, 0x7c, 0x07, 0x00, 0x07, 0x00, 0x00, 0x00, 0x00, 0x0f, 0x00, 0x08,
  0x00, 0xd6, 0x0f, 0x00, 0x4d, 0x09, 0x00, 0x00, 0x00, 0x00, 0x00, 0x00,
  0x00, 0x00, 0x80, 0x03, 0x00, 0xea, 0x0f, 0x00, 0x19, 0x79, 0x06, 0x00,
  0x00, 0x00, 0x00, 0x00, 0x00, 0x25, 0x00, 0x00, 0x00, 0x62, 0x0e, 0x00,
  0x19, 0x78, 0x02, 0xff, 0x01, 0x00, 0x00, 0x00, 0x00, 0x16, 0x01, 0x00,
  0x00, 0xe4, 0x0f, 0x00, 0x12, 0x78, 0x00, 0x00, 0x1f, 0x00, 0x00, 0x00,
  0xff, 0xc0, 0x8e, 0x07, 0x00, 0xe4, 0x0f, 0x00, 0x12, 0x78, 0x03, 0x02,
  0x30, 0x00, 0x00, 0x00, 0xff, 0xc0, 0x8e, 0x07, 0x00, 0xc8, 0x4f, 0x00,
  0x11, 0x72, 0x05, 0x00, 0x03, 0x00, 0x00, 0x00, 0xff, 0xf0, 0x8f, 0x07,
  0x00, 0xca, 0x0f, 0x00, 0x25, 0x7a, 0x02, 0x05, 0x00, 0x86, 0x00, 0x00,
  0xff, 0x00, 0x8e, 0x07, 0x00, 0xc8, 0x0f, 0x00, 0x24, 0x7a, 0x03, 0x05,
  0x00, 0x87, 0x00, 0x00, 0x03, 0x02, 0x8e, 0x07, 0x00, 0xe4, 0x0f, 0x00,
  0x24, 0x78, 0x00, 0x06, 0x40, 0x00, 0x00, 0x00, 0x05, 0x02, 0x8e, 0x07,
  0x00, 0xe4, 0x2f, 0x00, 0x25, 0x78, 0x04, 0x07, 0x08, 0x00, 0x00, 0x00,
  0x02, 0x02, 0x8e, 0x07, 0x00, 0xc6, 0x0f, 0x00, 0x0c, 0x7c, 0x00, 0x00,
  0x06, 0x00, 0x00, 0x00, 0x70, 0x62, 0xf0, 0x0b, 0x00, 0xe4, 0x0f, 0x04,
  0x10, 0x78, 0x00, 0x00, 0x08, 0x00, 0x00, 0x00, 0xff, 0xe0, 0xff, 0x07,
  0x00, 0xd6, 0x0f, 0x00, 0x24, 0x8a, 0x06, 0x06, 0x00, 0x86, 0x00, 0x00,
  0xff, 0x02, 0x8e, 0x07, 0x00, 0xc8, 0x0f, 0x00, 0x24, 0x88, 0x03, 0x06,
  0x40, 0x00, 0x00, 0x00, 0xff, 0x00, 0x8e, 0x07, 0x00, 0xca, 0x0f, 0x00,
  0x19, 0x88, 0x07, 0xff, 0x1f, 0x00, 0x00, 0x00, 0x03, 0x14, 0x01, 0x00,
  0x00, 0xe4, 0x0f, 0x10, 0x10, 0x8a, 0x02, 0x04, 0x00, 0x7a, 0x00, 0x00,
  0x03, 0xe0, 0xa3, 0x07, 0x00, 0xc8, 0x0f, 0x00, 0x10, 0x8a, 0x03, 0x05,
  0x00, 0x7b, 0x00, 0x00, 0x07, 0x44, 0xfe, 0x00, 0x00, 0xe4, 0x0f, 0x00,
  0x0c, 0x7c, 0x00, 0x00, 0x06, 0x00, 0x00, 0x00, 0x70, 0x62, 0xf2, 0x0b,
  0x00, 0xc6, 0x0f, 0x00, 0x86, 0x89, 0x00, 0x02, 0xcb, 0x00, 0x00, 0x00,
  0x0e, 0x19, 0x10, 0x0c, 0x00, 0xe8, 0x03, 0x00, 0x86, 0x89, 0x00, 0x02,
  0xcd, 0x04, 0x00, 0x00, 0x0e, 0x19, 0x10, 0x0c, 0x00, 0xec, 0x03, 0x00,
  0x4d, 0x19, 0x00, 0x00, 0x00, 0x00, 0x00, 0x00, 0x00, 0x00, 0x80, 0x03,
  0x00, 0xea, 0x0f, 0x00, 0x90, 0x78, 0x04, 0x05, 0x08, 0x00, 0x00, 0x00,
  0x3f, 0xe0, 0xff, 0x0f, 0x00, 0xe4, 0x0f, 0x00, 0xb9, 0x7a, 0x06, 0x00,
  0x00, 0x86, 0x00, 0x00, 0x00, 0x08, 0x00, 0x00, 0x00, 0xc4, 0x0f, 0x00,
  0xa4, 0x72, 0x04, 0x04, 0x06, 0x00, 0x00, 0x00, 0x3f, 0x02, 0x8e, 0x0f,
  0x00, 0xc8, 0x0f, 0x00, 0x99, 0x78, 0x06, 0x3f, 0x1f, 0x00, 0x00, 0x00,
  0x04, 0x14, 0x01, 0x08, 0x00, 0xe4, 0x0f, 0x00, 0x02, 0x7c, 0x03, 0x00,
  0x04, 0x00, 0x00, 0x00, 0x00, 0x0f, 0x00, 0x08, 0x00, 0xc8, 0x2f, 0x00,
  0x10, 0x7a, 0x02, 0x04, 0x00, 0x7a, 0x00, 0x00, 0x03, 0xe0, 0x91, 0x07,
  0x00, 0xe2, 0x0f, 0x00, 0x24, 0x7e, 0x03, 0xff, 0x06, 0x00, 0x00, 0x00,
  0xff, 0x00, 0x8e, 0x0f, 0x00, 0xca, 0x0f, 0x00, 0x10, 0x7a, 0x03, 0x05,
  0x00, 0x7b, 0x00, 0x00, 0x03, 0x24, 0x7e, 0x00, 0x00, 0xca, 0x0f, 0x00,
  0x86, 0x79, 0x00, 0x02, 0xcc, 0x00, 0x00, 0x00, 0x0e, 0x19, 0x10, 0x0c,
  0x00, 0xe8, 0x0f, 0x00, 0x86, 0x79, 0x00, 0x02, 0xce, 0x04, 0x00, 0x00,
  0x0e, 0x19, 0x10, 0x0c, 0x00, 0xe2, 0x0f, 0x00, 0x4d, 0x79, 0x00, 0x00,
  0x00, 0x00, 0x00, 0x00, 0x00, 0x00, 0x80, 0x03, 0x00, 0xea, 0x0f, 0x00,
  0x47, 0x79, 0x00, 0x00, 0xf0, 0xff, 0xff, 0xff, 0xff, 0xff, 0x83, 0x03,
  0x00, 0xc0, 0x0f, 0x00, 0x18, 0x79, 0x00, 0x00, 0x00, 0x00, 0x00, 0x00,
  0x00, 0x00, 0x00, 0x00, 0x00, 0xc0, 0x0f, 0x00, 0x18, 0x79, 0x00, 0x00,
  0x00, 0x00, 0x00, 0x00, 0x00, 0x00, 0x00, 0x00, 0x00, 0xc0, 0x0f, 0x00,
  0x18, 0x79, 0x00, 0x00, 0x00, 0x00, 0x00, 0x00, 0x00, 0x00, 0x00, 0x00,
  0x00, 0xc0, 0x0f, 0x00, 0x18, 0x79, 0x00, 0x00, 0x00, 0x00, 0x00, 0x00,
  0x00, 0x00, 0x00, 0x00, 0x00, 0xc0, 0x0f, 0x00, 0x18, 0x79, 0x00, 0x00,
  0x00, 0x00, 0x00, 0x00, 0x00, 0x00, 0x00, 0x00, 0x00, 0xc0, 0x0f, 0x00,
  0x18, 0x79, 0x00, 0x00, 0x00, 0x00, 0x00, 0x00, 0x00, 0x00, 0x00, 0x00,
  0x00, 0xc0, 0x0f, 0x00, 0x18, 0x79, 0x00, 0x00, 0x00, 0x00, 0x00, 0x00,
  0x00, 0x00, 0x00, 0x00, 0x00, 0xc0, 0x0f, 0x00, 0x18, 0x79, 0x00, 0x00,
  0x00, 0x00, 0x00, 0x00, 0x00, 0x00, 0x00, 0x00, 0x00, 0xc0, 0x0f, 0x00,
  0x18, 0x79, 0x00, 0x00, 0x00, 0x00, 0x00, 0x00, 0x00, 0x00, 0x00, 0x00,
  0x00, 0xc0, 0x0f, 0x00, 0x18, 0x79, 0x00, 0x00, 0x00, 0x00, 0x00, 0x00,
  0x00, 0x00, 0x00, 0x00, 0x00, 0xc0, 0x0f, 0x00, 0x00, 0x00, 0x00, 0x00,
  0x00, 0x00, 0x00, 0x00, 0x00, 0x00, 0x00, 0x00, 0x00, 0x00, 0x00, 0x00,
  0x00, 0x00, 0x00, 0x00, 0x00, 0x00, 0x00, 0x00, 0x00, 0x00, 0x00, 0x00,
  0x00, 0x00, 0x00, 0x00, 0x00, 0x00, 0x00, 0x00, 0x00, 0x00, 0x00, 0x00,
  0x00, 0x00, 0x00, 0x00, 0x00, 0x00, 0x00, 0x00, 0x00, 0x00, 0x00, 0x00,
  0x00, 0x00, 0x00, 0x00, 0x00, 0x00, 0x00, 0x00, 0x00, 0x00, 0x00, 0x00,
  0x01, 0x00, 0x00, 0x00, 0x03, 0x00, 0x00, 0x00, 0x00, 0x00, 0x00, 0x00,
  0x00, 0x00, 0x00, 0x00, 0x00, 0x00, 0x00, 0x00, 0x00, 0x00, 0x00, 0x00,
  0x40, 0x00, 0x00, 0x00, 0x00, 0x00, 0x00, 0x00, 0x74, 0x06, 0x00, 0x00,
  0x00, 0x00, 0x00, 0x00, 0x00, 0x00, 0x00, 0x00, 0x00, 0x00, 0x00, 0x00,
  0x01, 0x00, 0x00, 0x00, 0x00, 0x00, 0x00, 0x00, 0x00, 0x00, 0x00, 0x00,
  0x00, 0x00, 0x00, 0x00, 0x0b, 0x00, 0x00, 0x00, 0x03, 0x00, 0x00, 0x00,
  0x00, 0x00, 0x00, 0x00, 0x00, 0x00, 0x00, 0x00, 0x00, 0x00, 0x00, 0x00,
  0x00, 0x00, 0x00, 0x00, 0xb4, 0x06, 0x00, 0x00, 0x00, 0x00, 0x00, 0x00,
  0x79, 0x07, 0x00, 0x00, 0x00, 0x00, 0x00, 0x00, 0x00, 0x00, 0x00, 0x00,
  0x00, 0x00, 0x00, 0x00, 0x01, 0x00, 0x00, 0x00, 0x00, 0x00, 0x00, 0x00,
  0x00, 0x00, 0x00, 0x00, 0x00, 0x00, 0x00, 0x00, 0x13, 0x00, 0x00, 0x00,
  0x02, 0x00, 0x00, 0x00, 0x00, 0x00, 0x00, 0x00, 0x00, 0x00, 0x00, 0x00,
  0x00, 0x00, 0x00, 0x00, 0x00, 0x00, 0x00, 0x00, 0x30, 0x0e, 0x00, 0x00,
  0x00, 0x00, 0x00, 0x00, 0x68, 0x01, 0x00, 0x00, 0x00, 0x00, 0x00, 0x00,
  0x02, 0x00, 0x00, 0x00, 0x0c, 0x00, 0x00, 0x00, 0x08, 0x00, 0x00, 0x00,
  0x00, 0x00, 0x00, 0x00, 0x18, 0x00, 0x00, 0x00, 0x00, 0x00, 0x00, 0x00,
  0x19, 0x06, 0x00, 0x00, 0x01, 0x00, 0x00, 0x00, 0x00, 0x00, 0x00, 0x00,
  0x00, 0x00, 0x00, 0x00, 0x00, 0x00, 0x00, 0x00, 0x00, 0x00, 0x00, 0x00,
  0x98, 0x0f, 0x00, 0x00, 0x00, 0x00, 0x00, 0x00, 0x50, 0x01, 0x00, 0x00,
  0x00, 0x00, 0x00, 0x00, 0x00, 0x00, 0x00, 0x00, 0x00, 0x00, 0x00, 0x00,
  0x01, 0x00, 0x00, 0x00, 0x00, 0x00, 0x00, 0x00, 0x00, 0x00, 0x00, 0x00,
  0x00, 0x00, 0x00, 0x00, 0x29, 0x00, 0x00, 0x00, 0x07, 0x00, 0x00, 0x00,
  0x00, 0x00, 0x00, 0x02, 0x00, 0x00, 0x00, 0x00, 0x00, 0x00, 0x00, 0x00,
  0x00, 0x00, 0x00, 0x00, 0xe8, 0x10, 0x00, 0x00, 0x00, 0x00, 0x00, 0x00,
  0xa8, 0x00, 0x00, 0x00, 0x00, 0x00, 0x00, 0x00, 0x00, 0x00, 0x00, 0x00,
  0x00, 0x00, 0x00, 0x00, 0x04, 0x00, 0x00, 0x00, 0x00, 0x00, 0x00, 0x00,
  0x00, 0x00, 0x00, 0x00, 0x00, 0x00, 0x00, 0x00, 0x39, 0x00, 0x00, 0x00,
  0x07, 0x00, 0x00, 0x00, 0x00, 0x00, 0x00, 0x01, 0x00, 0x00, 0x00, 0x00,
  0x00, 0x00, 0x00, 0x00, 0x00, 0x00, 0x00, 0x00, 0x90, 0x11, 0x00, 0x00,
  0x00, 0x00, 0x00, 0x00, 0x20, 0x00, 0x00, 0x00, 0x00, 0x00, 0x00, 0x00,
  0x05, 0x00, 0x00, 0x00, 0x00, 0x00, 0x00, 0x00, 0x04, 0x00, 0x00, 0x00,
  0x00, 0x00, 0x00, 0x00, 0x00, 0x00, 0x00, 0x00, 0x00, 0x00, 0x00, 0x00,
  0x49, 0x00, 0x00, 0x00, 0x00, 0x00, 0x00, 0x70, 0x00, 0x00, 0x00, 0x00,
  0x00, 0x00, 0x00, 0x00, 0x00, 0x00, 0x00, 0x00, 0x00, 0x00, 0x00, 0x00,
  0xb0, 0x11, 0x00, 0x00, 0x00, 0x00, 0x00, 0x00, 0x6c, 0x00, 0x00, 0x00,
  0x00, 0x00, 0x00, 0x00, 0x03, 0x00, 0x00, 0x00, 0x00, 0x00, 0x00, 0x00,
  0x04, 0x00, 0x00, 0x00, 0x00, 0x00, 0x00, 0x00, 0x00, 0x00, 0x00, 0x00,
  0x00, 0x00, 0x00, 0x00, 0xac, 0x00, 0x00, 0x00, 0x00, 0x00, 0x00, 0x70,
  0x40, 0x00, 0x00, 0x00, 0x00, 0x00, 0x00, 0x00, 0x00, 0x00, 0x00, 0x00,
  0x00, 0x00, 0x00, 0x00, 0x1c, 0x12, 0x00, 0x00, 0x00, 0x00, 0x00, 0x00,
  0xe0, 0x00, 0x00, 0x00, 0x00, 0x00, 0x00, 0x00, 0x03, 0x00, 0x00, 0x00,
  0x11, 0x00, 0x00, 0x00, 0x04, 0x00, 0x00, 0x00, 0x00, 0x00, 0x00, 0x00,
  0x00, 0x00, 0x00, 0x00, 0x00, 0x00, 0x00, 0x00, 0x98, 0x02, 0x00, 0x00,
  0x00, 0x00, 0x00, 0x70, 0x40, 0x00, 0x00, 0x00, 0x00, 0x00, 0x00, 0x00,
  0x00, 0x00, 0x00, 0x00, 0x00, 0x00, 0x00, 0x00, 0xfc, 0x12, 0x00, 0x00,
  0x00, 0x00, 0x00, 0x00, 0xe0, 0x00, 0x00, 0x00, 0x00, 0x00, 0x00, 0x00,
  0x03, 0x00, 0x00, 0x00, 0x12, 0x00, 0x00, 0x00, 0x04, 0x00, 0x00, 0x00,
  0x00, 0x00, 0x00, 0x00, 0x00, 0x00, 0x00, 0x00, 0x00, 0x00, 0x00, 0x00,
  0xa9, 0x04, 0x00, 0x00, 0x00, 0x00, 0x00, 0x70, 0x40, 0x00, 0x00, 0x00,
  0x00, 0x00, 0x00, 0x00, 0x00, 0x00, 0x00, 0x00, 0x00, 0x00, 0x00, 0x00,
  0xdc, 0x13, 0x00, 0x00, 0x00, 0x00, 0x00, 0x00, 0xe0, 0x00, 0x00, 0x00,
  0x00, 0x00, 0x00, 0x00, 0x03, 0x00, 0x00, 0x00, 0x13, 0x00, 0x00, 0x00,
  0x04, 0x00, 0x00, 0x00, 0x00, 0x00, 0x00, 0x00, 0x00, 0x00, 0x00, 0x00,
  0x00, 0x00, 0x00, 0x00, 0x49, 0x06, 0x00, 0x00, 0x01, 0x00, 0x00, 0x70,
  0x00, 0x00, 0x00, 0x00, 0x00, 0x00, 0x00, 0x00, 0x00, 0x00, 0x00, 0x00,
  0x00, 0x00, 0x00, 0x00, 0xbc, 0x14, 0x00, 0x00, 0x00, 0x00, 0x00, 0x00,
  0x20, 0x00, 0x00, 0x00, 0x00, 0x00, 0x00, 0x00, 0x03, 0x00, 0x00, 0x00,
  0x00, 0x00, 0x00, 0x00, 0x04, 0x00, 0x00, 0x00, 0x00, 0x00, 0x00, 0x00,
  0x08, 0x00, 0x00, 0x00, 0x00, 0x00, 0x00, 0x00, 0x65, 0x06, 0x00, 0x00,
  0x0b, 0x00, 0x00, 0x70, 0x00, 0x00, 0x00, 0x00, 0x00, 0x00, 0x00, 0x00,
  0x00, 0x00, 0x00, 0x00, 0x00, 0x00, 0x00, 0x00, 0xe0, 0x14, 0x00, 0x00,
  0x00, 0x00, 0x00, 0x00, 0x10, 0x00, 0x00, 0x00, 0x00, 0x00, 0x00, 0x00,
  0x00, 0x00, 0x00, 0x00, 0x00, 0x00, 0x00, 0x00, 0x08, 0x00, 0x00, 0x00,
  0x00, 0x00, 0x00, 0x00, 0x08, 0x00, 0x00, 0x00, 0x00, 0x00, 0x00, 0x00,
  0x26, 0x06, 0x00, 0x00, 0x09, 0x00, 0x00, 0x00, 0x40, 0x00, 0x00, 0x00,
  0x00, 0x00, 0x00, 0x00, 0x00, 0x00, 0x00, 0x00, 0x00, 0x00, 0x00, 0x00,
  0xf0, 0x14, 0x00, 0x00, 0x00, 0x00, 0x00, 0x00, 0x30, 0x00, 0x00, 0x00,
  0x00, 0x00, 0x00, 0x00, 0x03, 0x00, 0x00, 0x00, 0x04, 0x00, 0x00, 0x00,
  0x08, 0x00, 0x00, 0x00, 0x00, 0x00, 0x00, 0x00, 0x10, 0x00, 0x00, 0x00,
  0x00, 0x00, 0x00, 0x00, 0x68, 0x01, 0x00, 0x00, 0x01, 0x00, 0x00, 0x00,
  0x42, 0x00, 0x00, 0x00, 0x00, 0x00, 0x00, 0x00, 0x00, 0x00, 0x00, 0x00,
  0x00, 0x00, 0x00, 0x00, 0x20, 0x15, 0x00, 0x00, 0x00, 0x00, 0x00, 0x00,
  0x40, 0x04, 0x00, 0x00, 0x00, 0x00, 0x00, 0x00, 0x00, 0x00, 0x00, 0x00,
  0x11, 0x00, 0x00, 0x00, 0x04, 0x00, 0x00, 0x00, 0x00, 0x00, 0x00, 0x00,
  0x00, 0x00, 0x00, 0x00, 0x00, 0x00, 0x00, 0x00, 0x70, 0x03, 0x00, 0x00,
  0x01, 0x00, 0x00, 0x00, 0x42, 0x00, 0x00, 0x00, 0x00, 0x00, 0x00, 0x00,
  0x00, 0x00, 0x00, 0x00, 0x00, 0x00, 0x00, 0x00, 0x60, 0x19, 0x00, 0x00,
  0x00, 0x00, 0x00, 0x00, 0x40, 0x04, 0x00, 0x00, 0x00, 0x00, 0x00, 0x00,
  0x00, 0x00, 0x00, 0x00, 0x12, 0x00, 0x00, 0x00, 0x04, 0x00, 0x00, 0x00,
  0x00, 0x00, 0x00, 0x00, 0x00, 0x00, 0x00, 0x00, 0x00, 0x00, 0x00, 0x00,
  0x5b, 0x05, 0x00, 0x00, 0x01, 0x00, 0x00, 0x00, 0x42, 0x00, 0x00, 0x00,
  0x00, 0x00, 0x00, 0x00, 0x00, 0x00, 0x00, 0x00, 0x00, 0x00, 0x00, 0x00,
  0xa0, 0x1d, 0x00, 0x00, 0x00, 0x00, 0x00, 0x00, 0x40, 0x04, 0x00, 0x00,
  0x00, 0x00, 0x00, 0x00, 0x00, 0x00, 0x00, 0x00, 0x13, 0x00, 0x00, 0x00,
  0x04, 0x00, 0x00, 0x00, 0x00, 0x00, 0x00, 0x00, 0x00, 0x00, 0x00, 0x00,
  0x00, 0x00, 0x00, 0x00, 0x52, 0x00, 0x00, 0x00, 0x01, 0x00, 0x00, 0x00,
  0x06, 0x00, 0x00, 0x00, 0x00, 0x00, 0x00, 0x00, 0x00, 0x00, 0x00, 0x00,
  0x00, 0x00, 0x00, 0x00, 0x00, 0x22, 0x00, 0x00, 0x00, 0x00, 0x00, 0x00,
  0x80, 0x86, 0x00, 0x00, 0x00, 0x00, 0x00, 0x00, 0x03, 0x00, 0x00, 0x00,
  0x0c, 0x00, 0x00, 0xfe, 0x80, 0x00, 0x00, 0x00, 0x00, 0x00, 0x00, 0x00,
  0x00, 0x00, 0x00, 0x00, 0x00, 0x00, 0x00, 0x00, 0x30, 0x02, 0x00, 0x00,
  0x01, 0x00, 0x00, 0x00, 0x06, 0x00, 0x00, 0x00, 0x00, 0x00, 0x00, 0x00,
  0x00, 0x00, 0x00, 0x00, 0x00, 0x00, 0x00, 0x00, 0x80, 0xa8, 0x00, 0x00,
  0x00, 0x00, 0x00, 0x00, 0x00, 0x8d, 0x00, 0x00, 0x00, 0x00, 0x00, 0x00,
  0x03, 0x00, 0x00, 0x00, 0x0d, 0x00, 0x00, 0xfe, 0x80, 0x00, 0x00, 0x00,
  0x00, 0x00, 0x00, 0x00, 0x00, 0x00, 0x00, 0x00, 0x00, 0x00, 0x00, 0x00,
  0x54, 0x04, 0x00, 0x00, 0x01, 0x00, 0x00, 0x00, 0x06, 0x00, 0x00, 0x00,
  0x00, 0x00, 0x00, 0x00, 0x00, 0x00, 0x00, 0x00, 0x00, 0x00, 0x00, 0x00,
  0x80, 0x35, 0x01, 0x00, 0x00, 0x00, 0x00, 0x00, 0x80, 0x88, 0x00, 0x00,
  0x00, 0x00, 0x00, 0x00, 0x03, 0x00, 0x00, 0x00, 0x0e, 0x00, 0x00, 0xfc,
  0x80, 0x00, 0x00, 0x00, 0x00, 0x00, 0x00, 0x00, 0x00, 0x00, 0x00, 0x00,
  0x00, 0x00, 0x00, 0x00, 0x09, 0x01, 0x00, 0x00, 0x08, 0x00, 0x00, 0x00,
  0x43, 0x00, 0x00, 0x00, 0x00, 0x00, 0x00, 0x00, 0x00, 0x00, 0x00, 0x00,
  0x00, 0x00, 0x00, 0x00, 0x00, 0xbe, 0x01, 0x00, 0x00, 0x00, 0x00, 0x00,
  0x00, 0x00, 0x00, 0x00, 0x00, 0x00, 0x00, 0x00, 0x00, 0x00, 0x00, 0x00,
  0x11, 0x00, 0x00, 0x00, 0x10, 0x00, 0x00, 0x00, 0x00, 0x00, 0x00, 0x00,
  0x00, 0x00, 0x00, 0x00, 0x00, 0x00, 0x00, 0x00, 0x03, 0x03, 0x00, 0x00,
  0x08, 0x00, 0x00, 0x00, 0x43, 0x00, 0x00, 0x00, 0x00, 0x00, 0x00, 0x00,
  0x00, 0x00, 0x00, 0x00, 0x00, 0x00, 0x00, 0x00, 0x00, 0xbe, 0x01, 0x00,
  0x00, 0x00, 0x00, 0x00, 0x00, 0x00, 0x00, 0x00, 0x00, 0x00, 0x00, 0x00,
  0x00, 0x00, 0x00, 0x00, 0x12, 0x00, 0x00, 0x00, 0x10, 0x00, 0x00, 0x00,
  0x00, 0x00, 0x00, 0x00, 0x00, 0x00, 0x00, 0x00, 0x00, 0x00, 0x00, 0x00,
  0x01, 0x05, 0x00, 0x00, 0x08, 0x00, 0x00, 0x00, 0x43, 0x00, 0x00, 0x00,
  0x00, 0x00, 0x00, 0x00, 0x00, 0x00, 0x00, 0x00, 0x00, 0x00, 0x00, 0x00,
  0x00, 0xbe, 0x01, 0x00, 0x00, 0x00, 0x00, 0x00, 0x00, 0x00, 0x00, 0x00,
  0x00, 0x00, 0x00, 0x00, 0x00, 0x00, 0x00, 0x00, 0x13, 0x00, 0x00, 0x00,
  0x10, 0x00, 0x00, 0x00, 0x00, 0x00, 0x00, 0x00, 0x00, 0x00, 0x00, 0x00,
  0x00, 0x00, 0x00, 0x00, 0x06, 0x00, 0x00, 0x00, 0x05, 0x00, 0x00, 0x00,
  0xc0, 0xc3, 0x01, 0x00, 0x00, 0x00, 0x00, 0x00, 0x00, 0x00, 0x00, 0x00,
  0x00, 0x00, 0x00, 0x00, 0x00, 0x00, 0x00, 0x00, 0x00, 0x00, 0x00, 0x00,
  0xe0, 0x00, 0x00, 0x00, 0x00, 0x00, 0x00, 0x00, 0xe0, 0x00, 0x00, 0x00,
  0x00, 0x00, 0x00, 0x00, 0x08, 0x00, 0x00, 0x00, 0x00, 0x00, 0x00, 0x00,
  0x01, 0x00, 0x00, 0x00, 0x05, 0x00, 0x00, 0x00, 0x20, 0x15, 0x00, 0x00,
  0x00, 0x00, 0x00, 0x00, 0x00, 0x00, 0x00, 0x00, 0x00, 0x00, 0x00, 0x00,
  0x00, 0x00, 0x00, 0x00, 0x00, 0x00, 0x00, 0x00, 0xe0, 0xa8, 0x01, 0x00,
  0x00, 0x00, 0x00, 0x00, 0xe0, 0xa8, 0x01, 0x00, 0x00, 0x00, 0x00, 0x00,
  0x08, 0x00, 0x00, 0x00, 0x00, 0x00, 0x00, 0x00, 0x01, 0x00, 0x00, 0x00,
  0x06, 0x00, 0x00, 0x00, 0x00, 0xbe, 0x01, 0x00, 0x00, 0x00, 0x00, 0x00,
  0x00, 0x00, 0x00, 0x00, 0x00, 0x00, 0x00, 0x00, 0x00, 0x00, 0x00, 0x00,
  0x00, 0x00, 0x00, 0x00, 0x00, 0x00, 0x00, 0x00, 0x00, 0x00, 0x00, 0x00,
  0x00, 0x00, 0x00, 0x00, 0x00, 0x00, 0x00, 0x00, 0x08, 0x00, 0x00, 0x00,
  0x00, 0x00, 0x00, 0x00, 0x01, 0x00, 0x00, 0x00, 0x05, 0x00, 0x00, 0x00,
  0xc0, 0xc3, 0x01, 0x00, 0x00, 0x00, 0x00, 0x00, 0x00, 0x00, 0x00, 0x00,
  0x00, 0x00, 0x00, 0x00, 0x00, 0x00, 0x00, 0x00, 0x00, 0x00, 0x00, 0x00,
  0xe0, 0x00, 0x00, 0x00, 0x00, 0x00, 0x00, 0x00, 0xe0, 0x00, 0x00, 0x00,
  0x00, 0x00, 0x00, 0x00, 0x08, 0x00, 0x00, 0x00, 0x00, 0x00, 0x00, 0x00
};
unsigned int cubin_fmha_v2_flash_attention_e4m3_fp32_64_32_S_q_paged_kv_160_sm89_cu_cubin_len = 115872;

// clang-format on
} // namespace kernels
} // namespace tensorrt_llm
