/*
* SPDX-FileCopyrightText: Copyright (c) 1993-2024 NVIDIA CORPORATION &
* AFFILIATES. All rights reserved. SPDX-License-Identifier: Apache-2.0
*
* Licensed under the Apache License, Version 2.0 (the "License");
* you may not use this file except in compliance with the License.
* You may obtain a copy of the License at
*
* http://www.apache.org/licenses/LICENSE-2.0
*
* Unless required by applicable law or agreed to in writing, software
* distributed under the License is distributed on an "AS IS" BASIS,
* WITHOUT WARRANTIES OR CONDITIONS OF ANY KIND, either express or implied.
* See the License for the specific language governing permissions and
* limitations under the License.
*/

namespace tensorrt_llm
{
namespace kernels
{
// clang-format off
unsigned char cubin_fmha_v2_flash_attention_bf16_64_128_S_qkv_128_alibi_tma_ws_sm90_cu_cubin[] = {
  0x7f, 0x45, 0x4c, 0x46, 0x02, 0x01, 0x01, 0x41, 0x08, 0x00, 0x00, 0x00,
  0x00, 0x00, 0x00, 0x00, 0x02, 0x00, 0xbe, 0x00, 0x01, 0x00, 0x00, 0x00,
  0x00, 0x00, 0x00, 0x00, 0x00, 0x00, 0x00, 0x00, 0x80, 0xed, 0x00, 0x00,
  0x00, 0x00, 0x00, 0x00, 0x80, 0xe8, 0x00, 0x00, 0x00, 0x00, 0x00, 0x00,
  0x04, 0x5a, 0x00, 0x06, 0x40, 0x00, 0x38, 0x00, 0x06, 0x00, 0x40, 0x00,
  0x14, 0x00, 0x01, 0x00, 0x00, 0x2e, 0x73, 0x68, 0x73, 0x74, 0x72, 0x74,
  0x61, 0x62, 0x00, 0x2e, 0x73, 0x74, 0x72, 0x74, 0x61, 0x62, 0x00, 0x2e,
  0x73, 0x79, 0x6d, 0x74, 0x61, 0x62, 0x00, 0x2e, 0x73, 0x79, 0x6d, 0x74,
  0x61, 0x62, 0x5f, 0x73, 0x68, 0x6e, 0x64, 0x78, 0x00, 0x2e, 0x6e, 0x6f,
  0x74, 0x65, 0x2e, 0x6e, 0x76, 0x2e, 0x74, 0x6b, 0x69, 0x6e, 0x66, 0x6f,
  0x00, 0x2e, 0x6e, 0x6f, 0x74, 0x65, 0x2e, 0x6e, 0x76, 0x2e, 0x63, 0x75,
  0x69, 0x6e, 0x66, 0x6f, 0x00, 0x2e, 0x6e, 0x76, 0x2e, 0x69, 0x6e, 0x66,
  0x6f, 0x00, 0x2e, 0x6e, 0x76, 0x2e, 0x63, 0x6f, 0x6d, 0x70, 0x61, 0x74,
  0x00, 0x2e, 0x74, 0x65, 0x78, 0x74, 0x2e, 0x66, 0x6d, 0x68, 0x61, 0x5f,
  0x76, 0x32, 0x5f, 0x66, 0x6c, 0x61, 0x73, 0x68, 0x5f, 0x61, 0x74, 0x74,
  0x65, 0x6e, 0x74, 0x69, 0x6f, 0x6e, 0x5f, 0x62, 0x66, 0x31, 0x36, 0x5f,
  0x36, 0x34, 0x5f, 0x31, 0x32, 0x38, 0x5f, 0x53, 0x5f, 0x71, 0x6b, 0x76,
  0x5f, 0x31, 0x32, 0x38, 0x5f, 0x63, 0x61, 0x75, 0x73, 0x61, 0x6c, 0x5f,
  0x61, 0x6c, 0x69, 0x62, 0x69, 0x5f, 0x74, 0x6d, 0x61, 0x5f, 0x77, 0x73,
  0x5f, 0x73, 0x6d, 0x39, 0x30, 0x5f, 0x6b, 0x65, 0x72, 0x6e, 0x65, 0x6c,
  0x00, 0x2e, 0x6e, 0x76, 0x2e, 0x69, 0x6e, 0x66, 0x6f, 0x2e, 0x66, 0x6d,
  0x68, 0x61, 0x5f, 0x76, 0x32, 0x5f, 0x66, 0x6c, 0x61, 0x73, 0x68, 0x5f,
  0x61, 0x74, 0x74, 0x65, 0x6e, 0x74, 0x69, 0x6f, 0x6e, 0x5f, 0x62, 0x66,
  0x31, 0x36, 0x5f, 0x36, 0x34, 0x5f, 0x31, 0x32, 0x38, 0x5f, 0x53, 0x5f,
  0x71, 0x6b, 0x76, 0x5f, 0x31, 0x32, 0x38, 0x5f, 0x63, 0x61, 0x75, 0x73,
  0x61, 0x6c, 0x5f, 0x61, 0x6c, 0x69, 0x62, 0x69, 0x5f, 0x74, 0x6d, 0x61,
  0x5f, 0x77, 0x73, 0x5f, 0x73, 0x6d, 0x39, 0x30, 0x5f, 0x6b, 0x65, 0x72,
  0x6e, 0x65, 0x6c, 0x00, 0x2e, 0x6e, 0x76, 0x2e, 0x73, 0x68, 0x61, 0x72,
  0x65, 0x64, 0x2e, 0x66, 0x6d, 0x68, 0x61, 0x5f, 0x76, 0x32, 0x5f, 0x66,
  0x6c, 0x61, 0x73, 0x68, 0x5f, 0x61, 0x74, 0x74, 0x65, 0x6e, 0x74, 0x69,
  0x6f, 0x6e, 0x5f, 0x62, 0x66, 0x31, 0x36, 0x5f, 0x36, 0x34, 0x5f, 0x31,
  0x32, 0x38, 0x5f, 0x53, 0x5f, 0x71, 0x6b, 0x76, 0x5f, 0x31, 0x32, 0x38,
  0x5f, 0x63, 0x61, 0x75, 0x73, 0x61, 0x6c, 0x5f, 0x61, 0x6c, 0x69, 0x62,
  0x69, 0x5f, 0x74, 0x6d, 0x61, 0x5f, 0x77, 0x73, 0x5f, 0x73, 0x6d, 0x39,
  0x30, 0x5f, 0x6b, 0x65, 0x72, 0x6e, 0x65, 0x6c, 0x00, 0x2e, 0x6e, 0x76,
  0x2e, 0x73, 0x68, 0x61, 0x72, 0x65, 0x64, 0x2e, 0x72, 0x65, 0x73, 0x65,
  0x72, 0x76, 0x65, 0x64, 0x2e, 0x30, 0x00, 0x2e, 0x6e, 0x76, 0x2e, 0x67,
  0x6c, 0x6f, 0x62, 0x61, 0x6c, 0x00, 0x2e, 0x6e, 0x76, 0x2e, 0x63, 0x6f,
  0x6e, 0x73, 0x74, 0x61, 0x6e, 0x74, 0x34, 0x00, 0x00, 0x00, 0x00, 0x2e,
  0x72, 0x65, 0x6c, 0x2e, 0x74, 0x65, 0x78, 0x74, 0x2e, 0x66, 0x6d, 0x68,
  0x61, 0x5f, 0x76, 0x32, 0x5f, 0x66, 0x6c, 0x61, 0x73, 0x68, 0x5f, 0x61,
  0x74, 0x74, 0x65, 0x6e, 0x74, 0x69, 0x6f, 0x6e, 0x5f, 0x62, 0x66, 0x31,
  0x36, 0x5f, 0x36, 0x34, 0x5f, 0x31, 0x32, 0x38, 0x5f, 0x53, 0x5f, 0x71,
  0x6b, 0x76, 0x5f, 0x31, 0x32, 0x38, 0x5f, 0x63, 0x61, 0x75, 0x73, 0x61,
  0x6c, 0x5f, 0x61, 0x6c, 0x69, 0x62, 0x69, 0x5f, 0x74, 0x6d, 0x61, 0x5f,
  0x77, 0x73, 0x5f, 0x73, 0x6d, 0x39, 0x30, 0x5f, 0x6b, 0x65, 0x72, 0x6e,
  0x65, 0x6c, 0x00, 0x2e, 0x72, 0x65, 0x6c, 0x61, 0x2e, 0x74, 0x65, 0x78,
  0x74, 0x2e, 0x66, 0x6d, 0x68, 0x61, 0x5f, 0x76, 0x32, 0x5f, 0x66, 0x6c,
  0x61, 0x73, 0x68, 0x5f, 0x61, 0x74, 0x74, 0x65, 0x6e, 0x74, 0x69, 0x6f,
  0x6e, 0x5f, 0x62, 0x66, 0x31, 0x36, 0x5f, 0x36, 0x34, 0x5f, 0x31, 0x32,
  0x38, 0x5f, 0x53, 0x5f, 0x71, 0x6b, 0x76, 0x5f, 0x31, 0x32, 0x38, 0x5f,
  0x63, 0x61, 0x75, 0x73, 0x61, 0x6c, 0x5f, 0x61, 0x6c, 0x69, 0x62, 0x69,
  0x5f, 0x74, 0x6d, 0x61, 0x5f, 0x77, 0x73, 0x5f, 0x73, 0x6d, 0x39, 0x30,
  0x5f, 0x6b, 0x65, 0x72, 0x6e, 0x65, 0x6c, 0x00, 0x2e, 0x64, 0x65, 0x62,
  0x75, 0x67, 0x5f, 0x66, 0x72, 0x61, 0x6d, 0x65, 0x00, 0x2e, 0x72, 0x65,
  0x6c, 0x2e, 0x6e, 0x76, 0x2e, 0x63, 0x6f, 0x6e, 0x73, 0x74, 0x61, 0x6e,
  0x74, 0x2e, 0x70, 0x69, 0x63, 0x00, 0x2e, 0x72, 0x65, 0x6c, 0x61, 0x2e,
  0x6e, 0x76, 0x2e, 0x63, 0x6f, 0x6e, 0x73, 0x74, 0x61, 0x6e, 0x74, 0x34,
  0x00, 0x00, 0x00, 0x00, 0x2e, 0x72, 0x65, 0x6c, 0x2e, 0x64, 0x65, 0x62,
  0x75, 0x67, 0x5f, 0x66, 0x72, 0x61, 0x6d, 0x65, 0x00, 0x2e, 0x72, 0x65,
  0x6c, 0x61, 0x2e, 0x64, 0x65, 0x62, 0x75, 0x67, 0x5f, 0x66, 0x72, 0x61,
  0x6d, 0x65, 0x00, 0x2e, 0x6e, 0x76, 0x2e, 0x63, 0x61, 0x6c, 0x6c, 0x67,
  0x72, 0x61, 0x70, 0x68, 0x00, 0x2e, 0x6e, 0x76, 0x2e, 0x70, 0x72, 0x6f,
  0x74, 0x6f, 0x74, 0x79, 0x70, 0x65, 0x00, 0x2e, 0x6e, 0x76, 0x2e, 0x63,
  0x6f, 0x6e, 0x73, 0x74, 0x61, 0x6e, 0x74, 0x30, 0x2e, 0x66, 0x6d, 0x68,
  0x61, 0x5f, 0x76, 0x32, 0x5f, 0x66, 0x6c, 0x61, 0x73, 0x68, 0x5f, 0x61,
  0x74, 0x74, 0x65, 0x6e, 0x74, 0x69, 0x6f, 0x6e, 0x5f, 0x62, 0x66, 0x31,
  0x36, 0x5f, 0x36, 0x34, 0x5f, 0x31, 0x32, 0x38, 0x5f, 0x53, 0x5f, 0x71,
  0x6b, 0x76, 0x5f, 0x31, 0x32, 0x38, 0x5f, 0x63, 0x61, 0x75, 0x73, 0x61,
  0x6c, 0x5f, 0x61, 0x6c, 0x69, 0x62, 0x69, 0x5f, 0x74, 0x6d, 0x61, 0x5f,
  0x77, 0x73, 0x5f, 0x73, 0x6d, 0x39, 0x30, 0x5f, 0x6b, 0x65, 0x72, 0x6e,
  0x65, 0x6c, 0x00, 0x00, 0x00, 0x00, 0x00, 0x00, 0x00, 0x00, 0x00, 0x00,
  0x00, 0x00, 0x00, 0x00, 0x00, 0x00, 0x00, 0x00, 0x00, 0x00, 0x00, 0x00,
  0x00, 0x00, 0x00, 0x00, 0x00, 0x00, 0x00, 0x00, 0x00, 0x00, 0x00, 0x00,
  0x00, 0x00, 0x00, 0x00, 0x00, 0x00, 0x00, 0x00, 0x00, 0x00, 0x00, 0x00,
  0x00, 0x00, 0x00, 0x00, 0x00, 0x00, 0x00, 0x00, 0x00, 0x00, 0x00, 0x00,
  0x00, 0x00, 0x00, 0x00, 0x00, 0x00, 0x00, 0x00, 0x00, 0x00, 0x00, 0x00,
  0x00, 0x00, 0x00, 0x00, 0x00, 0x00, 0x00, 0x00, 0x00, 0x00, 0x00, 0x00,
  0x00, 0x00, 0x00, 0x00, 0x00, 0x00, 0x00, 0x00, 0x00, 0x00, 0x00, 0x00,
  0x00, 0x00, 0x00, 0x00, 0x00, 0x00, 0x00, 0x00, 0x00, 0x00, 0x00, 0x00,
  0x00, 0x00, 0x00, 0x00, 0x00, 0x2e, 0x73, 0x68, 0x73, 0x74, 0x72, 0x74,
  0x61, 0x62, 0x00, 0x2e, 0x73, 0x74, 0x72, 0x74, 0x61, 0x62, 0x00, 0x2e,
  0x73, 0x79, 0x6d, 0x74, 0x61, 0x62, 0x00, 0x2e, 0x73, 0x79, 0x6d, 0x74,
  0x61, 0x62, 0x5f, 0x73, 0x68, 0x6e, 0x64, 0x78, 0x00, 0x2e, 0x6e, 0x6f,
  0x74, 0x65, 0x2e, 0x6e, 0x76, 0x2e, 0x74, 0x6b, 0x69, 0x6e, 0x66, 0x6f,
  0x00, 0x2e, 0x6e, 0x6f, 0x74, 0x65, 0x2e, 0x6e, 0x76, 0x2e, 0x63, 0x75,
  0x69, 0x6e, 0x66, 0x6f, 0x00, 0x2e, 0x6e, 0x76, 0x2e, 0x69, 0x6e, 0x66,
  0x6f, 0x00, 0x2e, 0x6e, 0x76, 0x2e, 0x63, 0x6f, 0x6d, 0x70, 0x61, 0x74,
  0x00, 0x2e, 0x74, 0x65, 0x78, 0x74, 0x2e, 0x66, 0x6d, 0x68, 0x61, 0x5f,
  0x76, 0x32, 0x5f, 0x66, 0x6c, 0x61, 0x73, 0x68, 0x5f, 0x61, 0x74, 0x74,
  0x65, 0x6e, 0x74, 0x69, 0x6f, 0x6e, 0x5f, 0x62, 0x66, 0x31, 0x36, 0x5f,
  0x36, 0x34, 0x5f, 0x31, 0x32, 0x38, 0x5f, 0x53, 0x5f, 0x71, 0x6b, 0x76,
  0x5f, 0x31, 0x32, 0x38, 0x5f, 0x63, 0x61, 0x75, 0x73, 0x61, 0x6c, 0x5f,
  0x61, 0x6c, 0x69, 0x62, 0x69, 0x5f, 0x74, 0x6d, 0x61, 0x5f, 0x77, 0x73,
  0x5f, 0x73, 0x6d, 0x39, 0x30, 0x5f, 0x6b, 0x65, 0x72, 0x6e, 0x65, 0x6c,
  0x00, 0x2e, 0x6e, 0x76, 0x2e, 0x69, 0x6e, 0x66, 0x6f, 0x2e, 0x66, 0x6d,
  0x68, 0x61, 0x5f, 0x76, 0x32, 0x5f, 0x66, 0x6c, 0x61, 0x73, 0x68, 0x5f,
  0x61, 0x74, 0x74, 0x65, 0x6e, 0x74, 0x69, 0x6f, 0x6e, 0x5f, 0x62, 0x66,
  0x31, 0x36, 0x5f, 0x36, 0x34, 0x5f, 0x31, 0x32, 0x38, 0x5f, 0x53, 0x5f,
  0x71, 0x6b, 0x76, 0x5f, 0x31, 0x32, 0x38, 0x5f, 0x63, 0x61, 0x75, 0x73,
  0x61, 0x6c, 0x5f, 0x61, 0x6c, 0x69, 0x62, 0x69, 0x5f, 0x74, 0x6d, 0x61,
  0x5f, 0x77, 0x73, 0x5f, 0x73, 0x6d, 0x39, 0x30, 0x5f, 0x6b, 0x65, 0x72,
  0x6e, 0x65, 0x6c, 0x00, 0x2e, 0x6e, 0x76, 0x2e, 0x73, 0x68, 0x61, 0x72,
  0x65, 0x64, 0x2e, 0x66, 0x6d, 0x68, 0x61, 0x5f, 0x76, 0x32, 0x5f, 0x66,
  0x6c, 0x61, 0x73, 0x68, 0x5f, 0x61, 0x74, 0x74, 0x65, 0x6e, 0x74, 0x69,
  0x6f, 0x6e, 0x5f, 0x62, 0x66, 0x31, 0x36, 0x5f, 0x36, 0x34, 0x5f, 0x31,
  0x32, 0x38, 0x5f, 0x53, 0x5f, 0x71, 0x6b, 0x76, 0x5f, 0x31, 0x32, 0x38,
  0x5f, 0x63, 0x61, 0x75, 0x73, 0x61, 0x6c, 0x5f, 0x61, 0x6c, 0x69, 0x62,
  0x69, 0x5f, 0x74, 0x6d, 0x61, 0x5f, 0x77, 0x73, 0x5f, 0x73, 0x6d, 0x39,
  0x30, 0x5f, 0x6b, 0x65, 0x72, 0x6e, 0x65, 0x6c, 0x00, 0x2e, 0x6e, 0x76,
  0x2e, 0x72, 0x65, 0x73, 0x65, 0x72, 0x76, 0x65, 0x64, 0x53, 0x6d, 0x65,
  0x6d, 0x2e, 0x6f, 0x66, 0x66, 0x73, 0x65, 0x74, 0x30, 0x00, 0x2e, 0x6e,
  0x76, 0x2e, 0x73, 0x68, 0x61, 0x72, 0x65, 0x64, 0x2e, 0x72, 0x65, 0x73,
  0x65, 0x72, 0x76, 0x65, 0x64, 0x2e, 0x30, 0x00, 0x5f, 0x5f, 0x6e, 0x76,
  0x5f, 0x72, 0x65, 0x73, 0x65, 0x72, 0x76, 0x65, 0x64, 0x53, 0x4d, 0x45,
  0x4d, 0x5f, 0x6f, 0x66, 0x66, 0x73, 0x65, 0x74, 0x5f, 0x30, 0x5f, 0x61,
  0x6c, 0x69, 0x61, 0x73, 0x00, 0x2e, 0x6e, 0x76, 0x2e, 0x67, 0x6c, 0x6f,
  0x62, 0x61, 0x6c, 0x00, 0x5f, 0x5a, 0x4e, 0x39, 0x37, 0x5f, 0x49, 0x4e,
  0x54, 0x45, 0x52, 0x4e, 0x41, 0x4c, 0x5f, 0x39, 0x30, 0x62, 0x33, 0x36,
  0x35, 0x35, 0x31, 0x5f, 0x36, 0x36, 0x5f, 0x66, 0x6d, 0x68, 0x61, 0x5f,
  0x76, 0x32, 0x5f, 0x66, 0x6c, 0x61, 0x73, 0x68, 0x5f, 0x61, 0x74, 0x74,
  0x65, 0x6e, 0x74, 0x69, 0x6f, 0x6e, 0x5f, 0x62, 0x66, 0x31, 0x36, 0x5f,
  0x36, 0x34, 0x5f, 0x31, 0x32, 0x38, 0x5f, 0x53, 0x5f, 0x71, 0x6b, 0x76,
  0x5f, 0x31, 0x32, 0x38, 0x5f, 0x61, 0x6c, 0x69, 0x62, 0x69, 0x5f, 0x74,
  0x6d, 0x61, 0x5f, 0x77, 0x73, 0x5f, 0x73, 0x6d, 0x39, 0x30, 0x5f, 0x63,
  0x75, 0x5f, 0x63, 0x35, 0x33, 0x65, 0x31, 0x62, 0x35, 0x37, 0x34, 0x63,
  0x75, 0x64, 0x61, 0x33, 0x73, 0x74, 0x64, 0x33, 0x5f, 0x5f, 0x34, 0x35,
  0x5f, 0x5f, 0x63, 0x70, 0x6f, 0x35, 0x62, 0x65, 0x67, 0x69, 0x6e, 0x45,
  0x00, 0x2e, 0x6e, 0x76, 0x2e, 0x63, 0x6f, 0x6e, 0x73, 0x74, 0x61, 0x6e,
  0x74, 0x34, 0x00, 0x00, 0x00, 0x00, 0x5f, 0x5a, 0x4e, 0x39, 0x37, 0x5f,
  0x49, 0x4e, 0x54, 0x45, 0x52, 0x4e, 0x41, 0x4c, 0x5f, 0x39, 0x30, 0x62,
  0x33, 0x36, 0x35, 0x35, 0x31, 0x5f, 0x36, 0x36, 0x5f, 0x66, 0x6d, 0x68,
  0x61, 0x5f, 0x76, 0x32, 0x5f, 0x66, 0x6c, 0x61, 0x73, 0x68, 0x5f, 0x61,
  0x74, 0x74, 0x65, 0x6e, 0x74, 0x69, 0x6f, 0x6e, 0x5f, 0x62, 0x66, 0x31,
  0x36, 0x5f, 0x36, 0x34, 0x5f, 0x31, 0x32, 0x38, 0x5f, 0x53, 0x5f, 0x71,
  0x6b, 0x76, 0x5f, 0x31, 0x32, 0x38, 0x5f, 0x61, 0x6c, 0x69, 0x62, 0x69,
  0x5f, 0x74, 0x6d, 0x61, 0x5f, 0x77, 0x73, 0x5f, 0x73, 0x6d, 0x39, 0x30,
  0x5f, 0x63, 0x75, 0x5f, 0x63, 0x35, 0x33, 0x65, 0x31, 0x62, 0x35, 0x37,
  0x34, 0x63, 0x75, 0x64, 0x61, 0x33, 0x73, 0x74, 0x64, 0x33, 0x5f, 0x5f,
  0x34, 0x35, 0x5f, 0x5f, 0x63, 0x70, 0x6f, 0x33, 0x65, 0x6e, 0x64, 0x45,
  0x00, 0x5f, 0x5a, 0x4e, 0x39, 0x37, 0x5f, 0x49, 0x4e, 0x54, 0x45, 0x52,
  0x4e, 0x41, 0x4c, 0x5f, 0x39, 0x30, 0x62, 0x33, 0x36, 0x35, 0x35, 0x31,
  0x5f, 0x36, 0x36, 0x5f, 0x66, 0x6d, 0x68, 0x61, 0x5f, 0x76, 0x32, 0x5f,
  0x66, 0x6c, 0x61, 0x73, 0x68, 0x5f, 0x61, 0x74, 0x74, 0x65, 0x6e, 0x74,
  0x69, 0x6f, 0x6e, 0x5f, 0x62, 0x66, 0x31, 0x36, 0x5f, 0x36, 0x34, 0x5f,
  0x31, 0x32, 0x38, 0x5f, 0x53, 0x5f, 0x71, 0x6b, 0x76, 0x5f, 0x31, 0x32,
  0x38, 0x5f, 0x61, 0x6c, 0x69, 0x62, 0x69, 0x5f, 0x74, 0x6d, 0x61, 0x5f,
  0x77, 0x73, 0x5f, 0x73, 0x6d, 0x39, 0x30, 0x5f, 0x63, 0x75, 0x5f, 0x63,
  0x35, 0x33, 0x65, 0x31, 0x62, 0x35, 0x37, 0x34, 0x63, 0x75, 0x64, 0x61,
  0x33, 0x73, 0x74, 0x64, 0x33, 0x5f, 0x5f, 0x34, 0x35, 0x5f, 0x5f, 0x63,
  0x70, 0x6f, 0x36, 0x63, 0x62, 0x65, 0x67, 0x69, 0x6e, 0x45, 0x00, 0x5f,
  0x5a, 0x4e, 0x39, 0x37, 0x5f, 0x49, 0x4e, 0x54, 0x45, 0x52, 0x4e, 0x41,
  0x4c, 0x5f, 0x39, 0x30, 0x62, 0x33, 0x36, 0x35, 0x35, 0x31, 0x5f, 0x36,
  0x36, 0x5f, 0x66, 0x6d, 0x68, 0x61, 0x5f, 0x76, 0x32, 0x5f, 0x66, 0x6c,
  0x61, 0x73, 0x68, 0x5f, 0x61, 0x74, 0x74, 0x65, 0x6e, 0x74, 0x69, 0x6f,
  0x6e, 0x5f, 0x62, 0x66, 0x31, 0x36, 0x5f, 0x36, 0x34, 0x5f, 0x31, 0x32,
  0x38, 0x5f, 0x53, 0x5f, 0x71, 0x6b, 0x76, 0x5f, 0x31, 0x32, 0x38, 0x5f,
  0x61, 0x6c, 0x69, 0x62, 0x69, 0x5f, 0x74, 0x6d, 0x61, 0x5f, 0x77, 0x73,
  0x5f, 0x73, 0x6d, 0x39, 0x30, 0x5f, 0x63, 0x75, 0x5f, 0x63, 0x35, 0x33,
  0x65, 0x31, 0x62, 0x35, 0x37, 0x34, 0x63, 0x75, 0x64, 0x61, 0x33, 0x73,
  0x74, 0x64, 0x33, 0x5f, 0x5f, 0x34, 0x35, 0x5f, 0x5f, 0x63, 0x70, 0x6f,
  0x34, 0x63, 0x65, 0x6e, 0x64, 0x45, 0x00, 0x5f, 0x5a, 0x4e, 0x39, 0x37,
  0x5f, 0x49, 0x4e, 0x54, 0x45, 0x52, 0x4e, 0x41, 0x4c, 0x5f, 0x39, 0x30,
  0x62, 0x33, 0x36, 0x35, 0x35, 0x31, 0x5f, 0x36, 0x36, 0x5f, 0x66, 0x6d,
  0x68, 0x61, 0x5f, 0x76, 0x32, 0x5f, 0x66, 0x6c, 0x61, 0x73, 0x68, 0x5f,
  0x61, 0x74, 0x74, 0x65, 0x6e, 0x74, 0x69, 0x6f, 0x6e, 0x5f, 0x62, 0x66,
  0x31, 0x36, 0x5f, 0x36, 0x34, 0x5f, 0x31, 0x32, 0x38, 0x5f, 0x53, 0x5f,
  0x71, 0x6b, 0x76, 0x5f, 0x31, 0x32, 0x38, 0x5f, 0x61, 0x6c, 0x69, 0x62,
  0x69, 0x5f, 0x74, 0x6d, 0x61, 0x5f, 0x77, 0x73, 0x5f, 0x73, 0x6d, 0x39,
  0x30, 0x5f, 0x63, 0x75, 0x5f, 0x63, 0x35, 0x33, 0x65, 0x31, 0x62, 0x35,
  0x37, 0x34, 0x63, 0x75, 0x64, 0x61, 0x33, 0x73, 0x74, 0x64, 0x33, 0x5f,
  0x5f, 0x34, 0x35, 0x5f, 0x5f, 0x63, 0x70, 0x6f, 0x36, 0x72, 0x62, 0x65,
  0x67, 0x69, 0x6e, 0x45, 0x00, 0x5f, 0x5a, 0x4e, 0x39, 0x37, 0x5f, 0x49,
  0x4e, 0x54, 0x45, 0x52, 0x4e, 0x41, 0x4c, 0x5f, 0x39, 0x30, 0x62, 0x33,
  0x36, 0x35, 0x35, 0x31, 0x5f, 0x36, 0x36, 0x5f, 0x66, 0x6d, 0x68, 0x61,
  0x5f, 0x76, 0x32, 0x5f, 0x66, 0x6c, 0x61, 0x73, 0x68, 0x5f, 0x61, 0x74,
  0x74, 0x65, 0x6e, 0x74, 0x69, 0x6f, 0x6e, 0x5f, 0x62, 0x66, 0x31, 0x36,
  0x5f, 0x36, 0x34, 0x5f, 0x31, 0x32, 0x38, 0x5f, 0x53, 0x5f, 0x71, 0x6b,
  0x76, 0x5f, 0x31, 0x32, 0x38, 0x5f, 0x61, 0x6c, 0x69, 0x62, 0x69, 0x5f,
  0x74, 0x6d, 0x61, 0x5f, 0x77, 0x73, 0x5f, 0x73, 0x6d, 0x39, 0x30, 0x5f,
  0x63, 0x75, 0x5f, 0x63, 0x35, 0x33, 0x65, 0x31, 0x62, 0x35, 0x37, 0x34,
  0x63, 0x75, 0x64, 0x61, 0x33, 0x73, 0x74, 0x64, 0x33, 0x5f, 0x5f, 0x34,
  0x35, 0x5f, 0x5f, 0x63, 0x70, 0x6f, 0x34, 0x72, 0x65, 0x6e, 0x64, 0x45,
  0x00, 0x5f, 0x5a, 0x4e, 0x39, 0x37, 0x5f, 0x49, 0x4e, 0x54, 0x45, 0x52,
  0x4e, 0x41, 0x4c, 0x5f, 0x39, 0x30, 0x62, 0x33, 0x36, 0x35, 0x35, 0x31,
  0x5f, 0x36, 0x36, 0x5f, 0x66, 0x6d, 0x68, 0x61, 0x5f, 0x76, 0x32, 0x5f,
  0x66, 0x6c, 0x61, 0x73, 0x68, 0x5f, 0x61, 0x74, 0x74, 0x65, 0x6e, 0x74,
  0x69, 0x6f, 0x6e, 0x5f, 0x62, 0x66, 0x31, 0x36, 0x5f, 0x36, 0x34, 0x5f,
  0x31, 0x32, 0x38, 0x5f, 0x53, 0x5f, 0x71, 0x6b, 0x76, 0x5f, 0x31, 0x32,
  0x38, 0x5f, 0x61, 0x6c, 0x69, 0x62, 0x69, 0x5f, 0x74, 0x6d, 0x61, 0x5f,
  0x77, 0x73, 0x5f, 0x73, 0x6d, 0x39, 0x30, 0x5f, 0x63, 0x75, 0x5f, 0x63,
  0x35, 0x33, 0x65, 0x31, 0x62, 0x35, 0x37, 0x34, 0x63, 0x75, 0x64, 0x61,
  0x33, 0x73, 0x74, 0x64, 0x33, 0x5f, 0x5f, 0x34, 0x35, 0x5f, 0x5f, 0x63,
  0x70, 0x6f, 0x37, 0x63, 0x72, 0x62, 0x65, 0x67, 0x69, 0x6e, 0x45, 0x00,
  0x5f, 0x5a, 0x4e, 0x39, 0x37, 0x5f, 0x49, 0x4e, 0x54, 0x45, 0x52, 0x4e,
  0x41, 0x4c, 0x5f, 0x39, 0x30, 0x62, 0x33, 0x36, 0x35, 0x35, 0x31, 0x5f,
  0x36, 0x36, 0x5f, 0x66, 0x6d, 0x68, 0x61, 0x5f, 0x76, 0x32, 0x5f, 0x66,
  0x6c, 0x61, 0x73, 0x68, 0x5f, 0x61, 0x74, 0x74, 0x65, 0x6e, 0x74, 0x69,
  0x6f, 0x6e, 0x5f, 0x62, 0x66, 0x31, 0x36, 0x5f, 0x36, 0x34, 0x5f, 0x31,
  0x32, 0x38, 0x5f, 0x53, 0x5f, 0x71, 0x6b, 0x76, 0x5f, 0x31, 0x32, 0x38,
  0x5f, 0x61, 0x6c, 0x69, 0x62, 0x69, 0x5f, 0x74, 0x6d, 0x61, 0x5f, 0x77,
  0x73, 0x5f, 0x73, 0x6d, 0x39, 0x30, 0x5f, 0x63, 0x75, 0x5f, 0x63, 0x35,
  0x33, 0x65, 0x31, 0x62, 0x35, 0x37, 0x34, 0x63, 0x75, 0x64, 0x61, 0x33,
  0x73, 0x74, 0x64, 0x33, 0x5f, 0x5f, 0x34, 0x35, 0x5f, 0x5f, 0x63, 0x70,
  0x6f, 0x35, 0x63, 0x72, 0x65, 0x6e, 0x64, 0x45, 0x00, 0x5f, 0x5a, 0x4e,
  0x39, 0x37, 0x5f, 0x49, 0x4e, 0x54, 0x45, 0x52, 0x4e, 0x41, 0x4c, 0x5f,
  0x39, 0x30, 0x62, 0x33, 0x36, 0x35, 0x35, 0x31, 0x5f, 0x36, 0x36, 0x5f,
  0x66, 0x6d, 0x68, 0x61, 0x5f, 0x76, 0x32, 0x5f, 0x66, 0x6c, 0x61, 0x73,
  0x68, 0x5f, 0x61, 0x74, 0x74, 0x65, 0x6e, 0x74, 0x69, 0x6f, 0x6e, 0x5f,
  0x62, 0x66, 0x31, 0x36, 0x5f, 0x36, 0x34, 0x5f, 0x31, 0x32, 0x38, 0x5f,
  0x53, 0x5f, 0x71, 0x6b, 0x76, 0x5f, 0x31, 0x32, 0x38, 0x5f, 0x61, 0x6c,
  0x69, 0x62, 0x69, 0x5f, 0x74, 0x6d, 0x61, 0x5f, 0x77, 0x73, 0x5f, 0x73,
  0x6d, 0x39, 0x30, 0x5f, 0x63, 0x75, 0x5f, 0x63, 0x35, 0x33, 0x65, 0x31,
  0x62, 0x35, 0x37, 0x34, 0x63, 0x75, 0x64, 0x61, 0x33, 0x73, 0x74, 0x64,
  0x33, 0x5f, 0x5f, 0x34, 0x31, 0x39, 0x70, 0x69, 0x65, 0x63, 0x65, 0x77,
  0x69, 0x73, 0x65, 0x5f, 0x63, 0x6f, 0x6e, 0x73, 0x74, 0x72, 0x75, 0x63,
  0x74, 0x45, 0x00, 0x5f, 0x5a, 0x4e, 0x39, 0x37, 0x5f, 0x49, 0x4e, 0x54,
  0x45, 0x52, 0x4e, 0x41, 0x4c, 0x5f, 0x39, 0x30, 0x62, 0x33, 0x36, 0x35,
  0x35, 0x31, 0x5f, 0x36, 0x36, 0x5f, 0x66, 0x6d, 0x68, 0x61, 0x5f, 0x76,
  0x32, 0x5f, 0x66, 0x6c, 0x61, 0x73, 0x68, 0x5f, 0x61, 0x74, 0x74, 0x65,
  0x6e, 0x74, 0x69, 0x6f, 0x6e, 0x5f, 0x62, 0x66, 0x31, 0x36, 0x5f, 0x36,
  0x34, 0x5f, 0x31, 0x32, 0x38, 0x5f, 0x53, 0x5f, 0x71, 0x6b, 0x76, 0x5f,
  0x31, 0x32, 0x38, 0x5f, 0x61, 0x6c, 0x69, 0x62, 0x69, 0x5f, 0x74, 0x6d,
  0x61, 0x5f, 0x77, 0x73, 0x5f, 0x73, 0x6d, 0x39, 0x30, 0x5f, 0x63, 0x75,
  0x5f, 0x63, 0x35, 0x33, 0x65, 0x31, 0x62, 0x35, 0x37, 0x34, 0x63, 0x75,
  0x64, 0x61, 0x33, 0x73, 0x74, 0x64, 0x36, 0x72, 0x61, 0x6e, 0x67, 0x65,
  0x73, 0x33, 0x5f, 0x5f, 0x34, 0x35, 0x5f, 0x5f, 0x63, 0x70, 0x6f, 0x34,
  0x73, 0x77, 0x61, 0x70, 0x45, 0x00, 0x5f, 0x5a, 0x4e, 0x39, 0x37, 0x5f,
  0x49, 0x4e, 0x54, 0x45, 0x52, 0x4e, 0x41, 0x4c, 0x5f, 0x39, 0x30, 0x62,
  0x33, 0x36, 0x35, 0x35, 0x31, 0x5f, 0x36, 0x36, 0x5f, 0x66, 0x6d, 0x68,
  0x61, 0x5f, 0x76, 0x32, 0x5f, 0x66, 0x6c, 0x61, 0x73, 0x68, 0x5f, 0x61,
  0x74, 0x74, 0x65, 0x6e, 0x74, 0x69, 0x6f, 0x6e, 0x5f, 0x62, 0x66, 0x31,
  0x36, 0x5f, 0x36, 0x34, 0x5f, 0x31, 0x32, 0x38, 0x5f, 0x53, 0x5f, 0x71,
  0x6b, 0x76, 0x5f, 0x31, 0x32, 0x38, 0x5f, 0x61, 0x6c, 0x69, 0x62, 0x69,
  0x5f, 0x74, 0x6d, 0x61, 0x5f, 0x77, 0x73, 0x5f, 0x73, 0x6d, 0x39, 0x30,
  0x5f, 0x63, 0x75, 0x5f, 0x63, 0x35, 0x33, 0x65, 0x31, 0x62, 0x35, 0x37,
  0x34, 0x63, 0x75, 0x64, 0x61, 0x33, 0x73, 0x74, 0x64, 0x36, 0x72, 0x61,
  0x6e, 0x67, 0x65, 0x73, 0x33, 0x5f, 0x5f, 0x34, 0x35, 0x5f, 0x5f, 0x63,
  0x70, 0x6f, 0x39, 0x69, 0x74, 0x65, 0x72, 0x5f, 0x6d, 0x6f, 0x76, 0x65,
  0x45, 0x00, 0x5f, 0x5a, 0x4e, 0x39, 0x37, 0x5f, 0x49, 0x4e, 0x54, 0x45,
  0x52, 0x4e, 0x41, 0x4c, 0x5f, 0x39, 0x30, 0x62, 0x33, 0x36, 0x35, 0x35,
  0x31, 0x5f, 0x36, 0x36, 0x5f, 0x66, 0x6d, 0x68, 0x61, 0x5f, 0x76, 0x32,
  0x5f, 0x66, 0x6c, 0x61, 0x73, 0x68, 0x5f, 0x61, 0x74, 0x74, 0x65, 0x6e,
  0x74, 0x69, 0x6f, 0x6e, 0x5f, 0x62, 0x66, 0x31, 0x36, 0x5f, 0x36, 0x34,
  0x5f, 0x31, 0x32, 0x38, 0x5f, 0x53, 0x5f, 0x71, 0x6b, 0x76, 0x5f, 0x31,
  0x32, 0x38, 0x5f, 0x61, 0x6c, 0x69, 0x62, 0x69, 0x5f, 0x74, 0x6d, 0x61,
  0x5f, 0x77, 0x73, 0x5f, 0x73, 0x6d, 0x39, 0x30, 0x5f, 0x63, 0x75, 0x5f,
  0x63, 0x35, 0x33, 0x65, 0x31, 0x62, 0x35, 0x37, 0x34, 0x63, 0x75, 0x64,
  0x61, 0x33, 0x73, 0x74, 0x64, 0x36, 0x72, 0x61, 0x6e, 0x67, 0x65, 0x73,
  0x33, 0x5f, 0x5f, 0x34, 0x35, 0x5f, 0x5f, 0x63, 0x70, 0x6f, 0x35, 0x62,
  0x65, 0x67, 0x69, 0x6e, 0x45, 0x00, 0x5f, 0x5a, 0x4e, 0x39, 0x37, 0x5f,
  0x49, 0x4e, 0x54, 0x45, 0x52, 0x4e, 0x41, 0x4c, 0x5f, 0x39, 0x30, 0x62,
  0x33, 0x36, 0x35, 0x35, 0x31, 0x5f, 0x36, 0x36, 0x5f, 0x66, 0x6d, 0x68,
  0x61, 0x5f, 0x76, 0x32, 0x5f, 0x66, 0x6c, 0x61, 0x73, 0x68, 0x5f, 0x61,
  0x74, 0x74, 0x65, 0x6e, 0x74, 0x69, 0x6f, 0x6e, 0x5f, 0x62, 0x66, 0x31,
  0x36, 0x5f, 0x36, 0x34, 0x5f, 0x31, 0x32, 0x38, 0x5f, 0x53, 0x5f, 0x71,
  0x6b, 0x76, 0x5f, 0x31, 0x32, 0x38, 0x5f, 0x61, 0x6c, 0x69, 0x62, 0x69,
  0x5f, 0x74, 0x6d, 0x61, 0x5f, 0x77, 0x73, 0x5f, 0x73, 0x6d, 0x39, 0x30,
  0x5f, 0x63, 0x75, 0x5f, 0x63, 0x35, 0x33, 0x65, 0x31, 0x62, 0x35, 0x37,
  0x34, 0x63, 0x75, 0x64, 0x61, 0x33, 0x73, 0x74, 0x64, 0x36, 0x72, 0x61,
  0x6e, 0x67, 0x65, 0x73, 0x33, 0x5f, 0x5f, 0x34, 0x35, 0x5f, 0x5f, 0x63,
  0x70, 0x6f, 0x33, 0x65, 0x6e, 0x64, 0x45, 0x00, 0x5f, 0x5a, 0x4e, 0x39,
  0x37, 0x5f, 0x49, 0x4e, 0x54, 0x45, 0x52, 0x4e, 0x41, 0x4c, 0x5f, 0x39,
  0x30, 0x62, 0x33, 0x36, 0x35, 0x35, 0x31, 0x5f, 0x36, 0x36, 0x5f, 0x66,
  0x6d, 0x68, 0x61, 0x5f, 0x76, 0x32, 0x5f, 0x66, 0x6c, 0x61, 0x73, 0x68,
  0x5f, 0x61, 0x74, 0x74, 0x65, 0x6e, 0x74, 0x69, 0x6f, 0x6e, 0x5f, 0x62,
  0x66, 0x31, 0x36, 0x5f, 0x36, 0x34, 0x5f, 0x31, 0x32, 0x38, 0x5f, 0x53,
  0x5f, 0x71, 0x6b, 0x76, 0x5f, 0x31, 0x32, 0x38, 0x5f, 0x61, 0x6c, 0x69,
  0x62, 0x69, 0x5f, 0x74, 0x6d, 0x61, 0x5f, 0x77, 0x73, 0x5f, 0x73, 0x6d,
  0x39, 0x30, 0x5f, 0x63, 0x75, 0x5f, 0x63, 0x35, 0x33, 0x65, 0x31, 0x62,
  0x35, 0x37, 0x34, 0x63, 0x75, 0x64, 0x61, 0x33, 0x73, 0x74, 0x64, 0x36,
  0x72, 0x61, 0x6e, 0x67, 0x65, 0x73, 0x33, 0x5f, 0x5f, 0x34, 0x35, 0x5f,
  0x5f, 0x63, 0x70, 0x6f, 0x36, 0x63, 0x62, 0x65, 0x67, 0x69, 0x6e, 0x45,
  0x00, 0x5f, 0x5a, 0x4e, 0x39, 0x37, 0x5f, 0x49, 0x4e, 0x54, 0x45, 0x52,
  0x4e, 0x41, 0x4c, 0x5f, 0x39, 0x30, 0x62, 0x33, 0x36, 0x35, 0x35, 0x31,
  0x5f, 0x36, 0x36, 0x5f, 0x66, 0x6d, 0x68, 0x61, 0x5f, 0x76, 0x32, 0x5f,
  0x66, 0x6c, 0x61, 0x73, 0x68, 0x5f, 0x61, 0x74, 0x74, 0x65, 0x6e, 0x74,
  0x69, 0x6f, 0x6e, 0x5f, 0x62, 0x66, 0x31, 0x36, 0x5f, 0x36, 0x34, 0x5f,
  0x31, 0x32, 0x38, 0x5f, 0x53, 0x5f, 0x71, 0x6b, 0x76, 0x5f, 0x31, 0x32,
  0x38, 0x5f, 0x61, 0x6c, 0x69, 0x62, 0x69, 0x5f, 0x74, 0x6d, 0x61, 0x5f,
  0x77, 0x73, 0x5f, 0x73, 0x6d, 0x39, 0x30, 0x5f, 0x63, 0x75, 0x5f, 0x63,
  0x35, 0x33, 0x65, 0x31, 0x62, 0x35, 0x37, 0x34, 0x63, 0x75, 0x64, 0x61,
  0x33, 0x73, 0x74, 0x64, 0x36, 0x72, 0x61, 0x6e, 0x67, 0x65, 0x73, 0x33,
  0x5f, 0x5f, 0x34, 0x35, 0x5f, 0x5f, 0x63, 0x70, 0x6f, 0x34, 0x63, 0x65,
  0x6e, 0x64, 0x45, 0x00, 0x5f, 0x5a, 0x4e, 0x39, 0x37, 0x5f, 0x49, 0x4e,
  0x54, 0x45, 0x52, 0x4e, 0x41, 0x4c, 0x5f, 0x39, 0x30, 0x62, 0x33, 0x36,
  0x35, 0x35, 0x31, 0x5f, 0x36, 0x36, 0x5f, 0x66, 0x6d, 0x68, 0x61, 0x5f,
  0x76, 0x32, 0x5f, 0x66, 0x6c, 0x61, 0x73, 0x68, 0x5f, 0x61, 0x74, 0x74,
  0x65, 0x6e, 0x74, 0x69, 0x6f, 0x6e, 0x5f, 0x62, 0x66, 0x31, 0x36, 0x5f,
  0x36, 0x34, 0x5f, 0x31, 0x32, 0x38, 0x5f, 0x53, 0x5f, 0x71, 0x6b, 0x76,
  0x5f, 0x31, 0x32, 0x38, 0x5f, 0x61, 0x6c, 0x69, 0x62, 0x69, 0x5f, 0x74,
  0x6d, 0x61, 0x5f, 0x77, 0x73, 0x5f, 0x73, 0x6d, 0x39, 0x30, 0x5f, 0x63,
  0x75, 0x5f, 0x63, 0x35, 0x33, 0x65, 0x31, 0x62, 0x35, 0x37, 0x34, 0x63,
  0x75, 0x64, 0x61, 0x33, 0x73, 0x74, 0x64, 0x36, 0x72, 0x61, 0x6e, 0x67,
  0x65, 0x73, 0x33, 0x5f, 0x5f, 0x34, 0x35, 0x5f, 0x5f, 0x63, 0x70, 0x6f,
  0x37, 0x61, 0x64, 0x76, 0x61, 0x6e, 0x63, 0x65, 0x45, 0x00, 0x5f, 0x5a,
  0x4e, 0x39, 0x37, 0x5f, 0x49, 0x4e, 0x54, 0x45, 0x52, 0x4e, 0x41, 0x4c,
  0x5f, 0x39, 0x30, 0x62, 0x33, 0x36, 0x35, 0x35, 0x31, 0x5f, 0x36, 0x36,
  0x5f, 0x66, 0x6d, 0x68, 0x61, 0x5f, 0x76, 0x32, 0x5f, 0x66, 0x6c, 0x61,
  0x73, 0x68, 0x5f, 0x61, 0x74, 0x74, 0x65, 0x6e, 0x74, 0x69, 0x6f, 0x6e,
  0x5f, 0x62, 0x66, 0x31, 0x36, 0x5f, 0x36, 0x34, 0x5f, 0x31, 0x32, 0x38,
  0x5f, 0x53, 0x5f, 0x71, 0x6b, 0x76, 0x5f, 0x31, 0x32, 0x38, 0x5f, 0x61,
  0x6c, 0x69, 0x62, 0x69, 0x5f, 0x74, 0x6d, 0x61, 0x5f, 0x77, 0x73, 0x5f,
  0x73, 0x6d, 0x39, 0x30, 0x5f, 0x63, 0x75, 0x5f, 0x63, 0x35, 0x33, 0x65,
  0x31, 0x62, 0x35, 0x37, 0x34, 0x63, 0x75, 0x64, 0x61, 0x33, 0x73, 0x74,
  0x64, 0x36, 0x72, 0x61, 0x6e, 0x67, 0x65, 0x73, 0x33, 0x5f, 0x5f, 0x34,
  0x35, 0x5f, 0x5f, 0x63, 0x70, 0x6f, 0x39, 0x69, 0x74, 0x65, 0x72, 0x5f,
  0x73, 0x77, 0x61, 0x70, 0x45, 0x00, 0x5f, 0x5a, 0x4e, 0x39, 0x37, 0x5f,
  0x49, 0x4e, 0x54, 0x45, 0x52, 0x4e, 0x41, 0x4c, 0x5f, 0x39, 0x30, 0x62,
  0x33, 0x36, 0x35, 0x35, 0x31, 0x5f, 0x36, 0x36, 0x5f, 0x66, 0x6d, 0x68,
  0x61, 0x5f, 0x76, 0x32, 0x5f, 0x66, 0x6c, 0x61, 0x73, 0x68, 0x5f, 0x61,
  0x74, 0x74, 0x65, 0x6e, 0x74, 0x69, 0x6f, 0x6e, 0x5f, 0x62, 0x66, 0x31,
  0x36, 0x5f, 0x36, 0x34, 0x5f, 0x31, 0x32, 0x38, 0x5f, 0x53, 0x5f, 0x71,
  0x6b, 0x76, 0x5f, 0x31, 0x32, 0x38, 0x5f, 0x61, 0x6c, 0x69, 0x62, 0x69,
  0x5f, 0x74, 0x6d, 0x61, 0x5f, 0x77, 0x73, 0x5f, 0x73, 0x6d, 0x39, 0x30,
  0x5f, 0x63, 0x75, 0x5f, 0x63, 0x35, 0x33, 0x65, 0x31, 0x62, 0x35, 0x37,
  0x34, 0x63, 0x75, 0x64, 0x61, 0x33, 0x73, 0x74, 0x64, 0x36, 0x72, 0x61,
  0x6e, 0x67, 0x65, 0x73, 0x33, 0x5f, 0x5f, 0x34, 0x35, 0x5f, 0x5f, 0x63,
  0x70, 0x6f, 0x34, 0x6e, 0x65, 0x78, 0x74, 0x45, 0x00, 0x5f, 0x5a, 0x4e,
  0x39, 0x37, 0x5f, 0x49, 0x4e, 0x54, 0x45, 0x52, 0x4e, 0x41, 0x4c, 0x5f,
  0x39, 0x30, 0x62, 0x33, 0x36, 0x35, 0x35, 0x31, 0x5f, 0x36, 0x36, 0x5f,
  0x66, 0x6d, 0x68, 0x61, 0x5f, 0x76, 0x32, 0x5f, 0x66, 0x6c, 0x61, 0x73,
  0x68, 0x5f, 0x61, 0x74, 0x74, 0x65, 0x6e, 0x74, 0x69, 0x6f, 0x6e, 0x5f,
  0x62, 0x66, 0x31, 0x36, 0x5f, 0x36, 0x34, 0x5f, 0x31, 0x32, 0x38, 0x5f,
  0x53, 0x5f, 0x71, 0x6b, 0x76, 0x5f, 0x31, 0x32, 0x38, 0x5f, 0x61, 0x6c,
  0x69, 0x62, 0x69, 0x5f, 0x74, 0x6d, 0x61, 0x5f, 0x77, 0x73, 0x5f, 0x73,
  0x6d, 0x39, 0x30, 0x5f, 0x63, 0x75, 0x5f, 0x63, 0x35, 0x33, 0x65, 0x31,
  0x62, 0x35, 0x37, 0x34, 0x63, 0x75, 0x64, 0x61, 0x33, 0x73, 0x74, 0x64,
  0x36, 0x72, 0x61, 0x6e, 0x67, 0x65, 0x73, 0x33, 0x5f, 0x5f, 0x34, 0x35,
  0x5f, 0x5f, 0x63, 0x70, 0x6f, 0x34, 0x70, 0x72, 0x65, 0x76, 0x45, 0x00,
  0x5f, 0x5a, 0x4e, 0x39, 0x37, 0x5f, 0x49, 0x4e, 0x54, 0x45, 0x52, 0x4e,
  0x41, 0x4c, 0x5f, 0x39, 0x30, 0x62, 0x33, 0x36, 0x35, 0x35, 0x31, 0x5f,
  0x36, 0x36, 0x5f, 0x66, 0x6d, 0x68, 0x61, 0x5f, 0x76, 0x32, 0x5f, 0x66,
  0x6c, 0x61, 0x73, 0x68, 0x5f, 0x61, 0x74, 0x74, 0x65, 0x6e, 0x74, 0x69,
  0x6f, 0x6e, 0x5f, 0x62, 0x66, 0x31, 0x36, 0x5f, 0x36, 0x34, 0x5f, 0x31,
  0x32, 0x38, 0x5f, 0x53, 0x5f, 0x71, 0x6b, 0x76, 0x5f, 0x31, 0x32, 0x38,
  0x5f, 0x61, 0x6c, 0x69, 0x62, 0x69, 0x5f, 0x74, 0x6d, 0x61, 0x5f, 0x77,
  0x73, 0x5f, 0x73, 0x6d, 0x39, 0x30, 0x5f, 0x63, 0x75, 0x5f, 0x63, 0x35,
  0x33, 0x65, 0x31, 0x62, 0x35, 0x37, 0x34, 0x63, 0x75, 0x64, 0x61, 0x33,
  0x73, 0x74, 0x64, 0x36, 0x72, 0x61, 0x6e, 0x67, 0x65, 0x73, 0x33, 0x5f,
  0x5f, 0x34, 0x35, 0x5f, 0x5f, 0x63, 0x70, 0x6f, 0x34, 0x64, 0x61, 0x74,
  0x61, 0x45, 0x00, 0x5f, 0x5a, 0x4e, 0x39, 0x37, 0x5f, 0x49, 0x4e, 0x54,
  0x45, 0x52, 0x4e, 0x41, 0x4c, 0x5f, 0x39, 0x30, 0x62, 0x33, 0x36, 0x35,
  0x35, 0x31, 0x5f, 0x36, 0x36, 0x5f, 0x66, 0x6d, 0x68, 0x61, 0x5f, 0x76,
  0x32, 0x5f, 0x66, 0x6c, 0x61, 0x73, 0x68, 0x5f, 0x61, 0x74, 0x74, 0x65,
  0x6e, 0x74, 0x69, 0x6f, 0x6e, 0x5f, 0x62, 0x66, 0x31, 0x36, 0x5f, 0x36,
  0x34, 0x5f, 0x31, 0x32, 0x38, 0x5f, 0x53, 0x5f, 0x71, 0x6b, 0x76, 0x5f,
  0x31, 0x32, 0x38, 0x5f, 0x61, 0x6c, 0x69, 0x62, 0x69, 0x5f, 0x74, 0x6d,
  0x61, 0x5f, 0x77, 0x73, 0x5f, 0x73, 0x6d, 0x39, 0x30, 0x5f, 0x63, 0x75,
  0x5f, 0x63, 0x35, 0x33, 0x65, 0x31, 0x62, 0x35, 0x37, 0x34, 0x63, 0x75,
  0x64, 0x61, 0x33, 0x73, 0x74, 0x64, 0x36, 0x72, 0x61, 0x6e, 0x67, 0x65,
  0x73, 0x33, 0x5f, 0x5f, 0x34, 0x35, 0x5f, 0x5f, 0x63, 0x70, 0x6f, 0x35,
  0x63, 0x64, 0x61, 0x74, 0x61, 0x45, 0x00, 0x5f, 0x5a, 0x4e, 0x39, 0x37,
  0x5f, 0x49, 0x4e, 0x54, 0x45, 0x52, 0x4e, 0x41, 0x4c, 0x5f, 0x39, 0x30,
  0x62, 0x33, 0x36, 0x35, 0x35, 0x31, 0x5f, 0x36, 0x36, 0x5f, 0x66, 0x6d,
  0x68, 0x61, 0x5f, 0x76, 0x32, 0x5f, 0x66, 0x6c, 0x61, 0x73, 0x68, 0x5f,
  0x61, 0x74, 0x74, 0x65, 0x6e, 0x74, 0x69, 0x6f, 0x6e, 0x5f, 0x62, 0x66,
  0x31, 0x36, 0x5f, 0x36, 0x34, 0x5f, 0x31, 0x32, 0x38, 0x5f, 0x53, 0x5f,
  0x71, 0x6b, 0x76, 0x5f, 0x31, 0x32, 0x38, 0x5f, 0x61, 0x6c, 0x69, 0x62,
  0x69, 0x5f, 0x74, 0x6d, 0x61, 0x5f, 0x77, 0x73, 0x5f, 0x73, 0x6d, 0x39,
  0x30, 0x5f, 0x63, 0x75, 0x5f, 0x63, 0x35, 0x33, 0x65, 0x31, 0x62, 0x35,
  0x37, 0x34, 0x63, 0x75, 0x64, 0x61, 0x33, 0x73, 0x74, 0x64, 0x36, 0x72,
  0x61, 0x6e, 0x67, 0x65, 0x73, 0x33, 0x5f, 0x5f, 0x34, 0x35, 0x5f, 0x5f,
  0x63, 0x70, 0x6f, 0x34, 0x73, 0x69, 0x7a, 0x65, 0x45, 0x00, 0x5f, 0x5a,
  0x4e, 0x39, 0x37, 0x5f, 0x49, 0x4e, 0x54, 0x45, 0x52, 0x4e, 0x41, 0x4c,
  0x5f, 0x39, 0x30, 0x62, 0x33, 0x36, 0x35, 0x35, 0x31, 0x5f, 0x36, 0x36,
  0x5f, 0x66, 0x6d, 0x68, 0x61, 0x5f, 0x76, 0x32, 0x5f, 0x66, 0x6c, 0x61,
  0x73, 0x68, 0x5f, 0x61, 0x74, 0x74, 0x65, 0x6e, 0x74, 0x69, 0x6f, 0x6e,
  0x5f, 0x62, 0x66, 0x31, 0x36, 0x5f, 0x36, 0x34, 0x5f, 0x31, 0x32, 0x38,
  0x5f, 0x53, 0x5f, 0x71, 0x6b, 0x76, 0x5f, 0x31, 0x32, 0x38, 0x5f, 0x61,
  0x6c, 0x69, 0x62, 0x69, 0x5f, 0x74, 0x6d, 0x61, 0x5f, 0x77, 0x73, 0x5f,
  0x73, 0x6d, 0x39, 0x30, 0x5f, 0x63, 0x75, 0x5f, 0x63, 0x35, 0x33, 0x65,
  0x31, 0x62, 0x35, 0x37, 0x34, 0x63, 0x75, 0x64, 0x61, 0x33, 0x73, 0x74,
  0x64, 0x36, 0x72, 0x61, 0x6e, 0x67, 0x65, 0x73, 0x33, 0x5f, 0x5f, 0x34,
  0x35, 0x5f, 0x5f, 0x63, 0x70, 0x6f, 0x35, 0x73, 0x73, 0x69, 0x7a, 0x65,
  0x45, 0x00, 0x5f, 0x5a, 0x4e, 0x39, 0x37, 0x5f, 0x49, 0x4e, 0x54, 0x45,
  0x52, 0x4e, 0x41, 0x4c, 0x5f, 0x39, 0x30, 0x62, 0x33, 0x36, 0x35, 0x35,
  0x31, 0x5f, 0x36, 0x36, 0x5f, 0x66, 0x6d, 0x68, 0x61, 0x5f, 0x76, 0x32,
  0x5f, 0x66, 0x6c, 0x61, 0x73, 0x68, 0x5f, 0x61, 0x74, 0x74, 0x65, 0x6e,
  0x74, 0x69, 0x6f, 0x6e, 0x5f, 0x62, 0x66, 0x31, 0x36, 0x5f, 0x36, 0x34,
  0x5f, 0x31, 0x32, 0x38, 0x5f, 0x53, 0x5f, 0x71, 0x6b, 0x76, 0x5f, 0x31,
  0x32, 0x38, 0x5f, 0x61, 0x6c, 0x69, 0x62, 0x69, 0x5f, 0x74, 0x6d, 0x61,
  0x5f, 0x77, 0x73, 0x5f, 0x73, 0x6d, 0x39, 0x30, 0x5f, 0x63, 0x75, 0x5f,
  0x63, 0x35, 0x33, 0x65, 0x31, 0x62, 0x35, 0x37, 0x34, 0x63, 0x75, 0x64,
  0x61, 0x33, 0x73, 0x74, 0x64, 0x36, 0x72, 0x61, 0x6e, 0x67, 0x65, 0x73,
  0x33, 0x5f, 0x5f, 0x34, 0x35, 0x5f, 0x5f, 0x63, 0x70, 0x6f, 0x38, 0x64,
  0x69, 0x73, 0x74, 0x61, 0x6e, 0x63, 0x65, 0x45, 0x00, 0x00, 0x00, 0x00,
  0x00, 0x00, 0x00, 0x00, 0x00, 0x00, 0x00, 0x00, 0x00, 0x00, 0x00, 0x00,
  0x00, 0x00, 0x00, 0x00, 0x00, 0x00, 0x2e, 0x72, 0x65, 0x6c, 0x2e, 0x74,
  0x65, 0x78, 0x74, 0x2e, 0x66, 0x6d, 0x68, 0x61, 0x5f, 0x76, 0x32, 0x5f,
  0x66, 0x6c, 0x61, 0x73, 0x68, 0x5f, 0x61, 0x74, 0x74, 0x65, 0x6e, 0x74,
  0x69, 0x6f, 0x6e, 0x5f, 0x62, 0x66, 0x31, 0x36, 0x5f, 0x36, 0x34, 0x5f,
  0x31, 0x32, 0x38, 0x5f, 0x53, 0x5f, 0x71, 0x6b, 0x76, 0x5f, 0x31, 0x32,
  0x38, 0x5f, 0x63, 0x61, 0x75, 0x73, 0x61, 0x6c, 0x5f, 0x61, 0x6c, 0x69,
  0x62, 0x69, 0x5f, 0x74, 0x6d, 0x61, 0x5f, 0x77, 0x73, 0x5f, 0x73, 0x6d,
  0x39, 0x30, 0x5f, 0x6b, 0x65, 0x72, 0x6e, 0x65, 0x6c, 0x00, 0x2e, 0x72,
  0x65, 0x6c, 0x61, 0x2e, 0x74, 0x65, 0x78, 0x74, 0x2e, 0x66, 0x6d, 0x68,
  0x61, 0x5f, 0x76, 0x32, 0x5f, 0x66, 0x6c, 0x61, 0x73, 0x68, 0x5f, 0x61,
  0x74, 0x74, 0x65, 0x6e, 0x74, 0x69, 0x6f, 0x6e, 0x5f, 0x62, 0x66, 0x31,
  0x36, 0x5f, 0x36, 0x34, 0x5f, 0x31, 0x32, 0x38, 0x5f, 0x53, 0x5f, 0x71,
  0x6b, 0x76, 0x5f, 0x31, 0x32, 0x38, 0x5f, 0x63, 0x61, 0x75, 0x73, 0x61,
  0x6c, 0x5f, 0x61, 0x6c, 0x69, 0x62, 0x69, 0x5f, 0x74, 0x6d, 0x61, 0x5f,
  0x77, 0x73, 0x5f, 0x73, 0x6d, 0x39, 0x30, 0x5f, 0x6b, 0x65, 0x72, 0x6e,
  0x65, 0x6c, 0x00, 0x2e, 0x64, 0x65, 0x62, 0x75, 0x67, 0x5f, 0x66, 0x72,
  0x61, 0x6d, 0x65, 0x00, 0x2e, 0x72, 0x65, 0x6c, 0x2e, 0x6e, 0x76, 0x2e,
  0x63, 0x6f, 0x6e, 0x73, 0x74, 0x61, 0x6e, 0x74, 0x2e, 0x70, 0x69, 0x63,
  0x00, 0x2e, 0x72, 0x65, 0x6c, 0x61, 0x2e, 0x6e, 0x76, 0x2e, 0x63, 0x6f,
  0x6e, 0x73, 0x74, 0x61, 0x6e, 0x74, 0x2e, 0x70, 0x69, 0x63, 0x00, 0x2e,
  0x72, 0x65, 0x6c, 0x2e, 0x64, 0x65, 0x62, 0x75, 0x67, 0x5f, 0x66, 0x72,
  0x61, 0x6d, 0x65, 0x00, 0x2e, 0x72, 0x65, 0x6c, 0x61, 0x2e, 0x64, 0x65,
  0x62, 0x75, 0x67, 0x5f, 0x66, 0x72, 0x61, 0x6d, 0x65, 0x00, 0x2e, 0x6e,
  0x76, 0x2e, 0x63, 0x61, 0x6c, 0x6c, 0x67, 0x72, 0x61, 0x70, 0x68, 0x00,
  0x2e, 0x6e, 0x76, 0x2e, 0x70, 0x72, 0x6f, 0x74, 0x6f, 0x74, 0x79, 0x70,
  0x65, 0x00, 0x66, 0x6d, 0x68, 0x61, 0x5f, 0x76, 0x32, 0x5f, 0x66, 0x6c,
  0x61, 0x73, 0x68, 0x5f, 0x61, 0x74, 0x74, 0x65, 0x6e, 0x74, 0x69, 0x6f,
  0x6e, 0x5f, 0x62, 0x66, 0x31, 0x36, 0x5f, 0x36, 0x34, 0x5f, 0x31, 0x32,
  0x38, 0x5f, 0x53, 0x5f, 0x71, 0x6b, 0x76, 0x5f, 0x31, 0x32, 0x38, 0x5f,
  0x63, 0x61, 0x75, 0x73, 0x61, 0x6c, 0x5f, 0x61, 0x6c, 0x69, 0x62, 0x69,
  0x5f, 0x74, 0x6d, 0x61, 0x5f, 0x77, 0x73, 0x5f, 0x73, 0x6d, 0x39, 0x30,
  0x5f, 0x6b, 0x65, 0x72, 0x6e, 0x65, 0x6c, 0x00, 0x2e, 0x6e, 0x76, 0x2e,
  0x63, 0x6f, 0x6e, 0x73, 0x74, 0x61, 0x6e, 0x74, 0x30, 0x2e, 0x66, 0x6d,
  0x68, 0x61, 0x5f, 0x76, 0x32, 0x5f, 0x66, 0x6c, 0x61, 0x73, 0x68, 0x5f,
  0x61, 0x74, 0x74, 0x65, 0x6e, 0x74, 0x69, 0x6f, 0x6e, 0x5f, 0x62, 0x66,
  0x31, 0x36, 0x5f, 0x36, 0x34, 0x5f, 0x31, 0x32, 0x38, 0x5f, 0x53, 0x5f,
  0x71, 0x6b, 0x76, 0x5f, 0x31, 0x32, 0x38, 0x5f, 0x63, 0x61, 0x75, 0x73,
  0x61, 0x6c, 0x5f, 0x61, 0x6c, 0x69, 0x62, 0x69, 0x5f, 0x74, 0x6d, 0x61,
  0x5f, 0x77, 0x73, 0x5f, 0x73, 0x6d, 0x39, 0x30, 0x5f, 0x6b, 0x65, 0x72,
  0x6e, 0x65, 0x6c, 0x00, 0x00, 0x00, 0x00, 0x00, 0x00, 0x00, 0x00, 0x00,
  0x00, 0x00, 0x00, 0x00, 0x00, 0x00, 0x00, 0x00, 0x00, 0x00, 0x00, 0x00,
  0x00, 0x00, 0x00, 0x00, 0x29, 0x00, 0x00, 0x00, 0x03, 0x00, 0x05, 0x00,
  0x00, 0x00, 0x00, 0x00, 0x00, 0x00, 0x00, 0x00, 0x00, 0x00, 0x00, 0x00,
  0x00, 0x00, 0x00, 0x00, 0x39, 0x00, 0x00, 0x00, 0x03, 0x00, 0x06, 0x00,
  0x00, 0x00, 0x00, 0x00, 0x00, 0x00, 0x00, 0x00, 0x00, 0x00, 0x00, 0x00,
  0x00, 0x00, 0x00, 0x00, 0x5d, 0x00, 0x00, 0x00, 0x03, 0x00, 0x0f, 0x00,
  0x00, 0x00, 0x00, 0x00, 0x00, 0x00, 0x00, 0x00, 0x00, 0x00, 0x00, 0x00,
  0x00, 0x00, 0x00, 0x00, 0x61, 0x01, 0x00, 0x00, 0x21, 0x00, 0x00, 0x00,
  0x00, 0x00, 0x00, 0x00, 0x00, 0x00, 0x00, 0x00, 0x04, 0x00, 0x00, 0x00,
  0x00, 0x00, 0x00, 0x00, 0x90, 0x01, 0x00, 0x00, 0x20, 0xa0, 0x11, 0x00,
  0x00, 0x00, 0x00, 0x00, 0x00, 0x00, 0x00, 0x00, 0x00, 0x00, 0x00, 0x00,
  0x00, 0x00, 0x00, 0x00, 0xb1, 0x01, 0x00, 0x00, 0x03, 0x00, 0x12, 0x00,
  0x00, 0x00, 0x00, 0x00, 0x00, 0x00, 0x00, 0x00, 0x00, 0x00, 0x00, 0x00,
  0x00, 0x00, 0x00, 0x00, 0xbc, 0x01, 0x00, 0x00, 0x01, 0x00, 0x12, 0x00,
  0x06, 0x00, 0x00, 0x00, 0x00, 0x00, 0x00, 0x00, 0x01, 0x00, 0x00, 0x00,
  0x00, 0x00, 0x00, 0x00, 0x3d, 0x02, 0x00, 0x00, 0x03, 0x00, 0x0e, 0x00,
  0x00, 0x00, 0x00, 0x00, 0x00, 0x00, 0x00, 0x00, 0x00, 0x00, 0x00, 0x00,
  0x00, 0x00, 0x00, 0x00, 0x4e, 0x02, 0x00, 0x00, 0x01, 0x00, 0x12, 0x00,
  0x12, 0x00, 0x00, 0x00, 0x00, 0x00, 0x00, 0x00, 0x01, 0x00, 0x00, 0x00,
  0x00, 0x00, 0x00, 0x00, 0xcd, 0x02, 0x00, 0x00, 0x01, 0x00, 0x12, 0x00,
  0x00, 0x00, 0x00, 0x00, 0x00, 0x00, 0x00, 0x00, 0x01, 0x00, 0x00, 0x00,
  0x00, 0x00, 0x00, 0x00, 0x4f, 0x03, 0x00, 0x00, 0x01, 0x00, 0x12, 0x00,
  0x0c, 0x00, 0x00, 0x00, 0x00, 0x00, 0x00, 0x00, 0x01, 0x00, 0x00, 0x00,
  0x00, 0x00, 0x00, 0x00, 0xcf, 0x03, 0x00, 0x00, 0x01, 0x00, 0x12, 0x00,
  0x09, 0x00, 0x00, 0x00, 0x00, 0x00, 0x00, 0x00, 0x01, 0x00, 0x00, 0x00,
  0x00, 0x00, 0x00, 0x00, 0x51, 0x04, 0x00, 0x00, 0x01, 0x00, 0x12, 0x00,
  0x15, 0x00, 0x00, 0x00, 0x00, 0x00, 0x00, 0x00, 0x01, 0x00, 0x00, 0x00,
  0x00, 0x00, 0x00, 0x00, 0xd1, 0x04, 0x00, 0x00, 0x01, 0x00, 0x12, 0x00,
  0x03, 0x00, 0x00, 0x00, 0x00, 0x00, 0x00, 0x00, 0x01, 0x00, 0x00, 0x00,
  0x00, 0x00, 0x00, 0x00, 0x54, 0x05, 0x00, 0x00, 0x01, 0x00, 0x12, 0x00,
  0x0f, 0x00, 0x00, 0x00, 0x00, 0x00, 0x00, 0x00, 0x01, 0x00, 0x00, 0x00,
  0x00, 0x00, 0x00, 0x00, 0xd5, 0x05, 0x00, 0x00, 0x01, 0x00, 0x12, 0x00,
  0x08, 0x00, 0x00, 0x00, 0x00, 0x00, 0x00, 0x00, 0x01, 0x00, 0x00, 0x00,
  0x00, 0x00, 0x00, 0x00, 0x5f, 0x06, 0x00, 0x00, 0x01, 0x00, 0x12, 0x00,
  0x14, 0x00, 0x00, 0x00, 0x00, 0x00, 0x00, 0x00, 0x01, 0x00, 0x00, 0x00,
  0x00, 0x00, 0x00, 0x00, 0xe6, 0x06, 0x00, 0x00, 0x01, 0x00, 0x12, 0x00,
  0x02, 0x00, 0x00, 0x00, 0x00, 0x00, 0x00, 0x00, 0x01, 0x00, 0x00, 0x00,
  0x00, 0x00, 0x00, 0x00, 0x72, 0x07, 0x00, 0x00, 0x01, 0x00, 0x12, 0x00,
  0x0e, 0x00, 0x00, 0x00, 0x00, 0x00, 0x00, 0x00, 0x01, 0x00, 0x00, 0x00,
  0x00, 0x00, 0x00, 0x00, 0xfa, 0x07, 0x00, 0x00, 0x01, 0x00, 0x12, 0x00,
  0x0b, 0x00, 0x00, 0x00, 0x00, 0x00, 0x00, 0x00, 0x01, 0x00, 0x00, 0x00,
  0x00, 0x00, 0x00, 0x00, 0x80, 0x08, 0x00, 0x00, 0x01, 0x00, 0x12, 0x00,
  0x17, 0x00, 0x00, 0x00, 0x00, 0x00, 0x00, 0x00, 0x01, 0x00, 0x00, 0x00,
  0x00, 0x00, 0x00, 0x00, 0x09, 0x09, 0x00, 0x00, 0x01, 0x00, 0x12, 0x00,
  0x05, 0x00, 0x00, 0x00, 0x00, 0x00, 0x00, 0x00, 0x01, 0x00, 0x00, 0x00,
  0x00, 0x00, 0x00, 0x00, 0x90, 0x09, 0x00, 0x00, 0x01, 0x00, 0x12, 0x00,
  0x11, 0x00, 0x00, 0x00, 0x00, 0x00, 0x00, 0x00, 0x01, 0x00, 0x00, 0x00,
  0x00, 0x00, 0x00, 0x00, 0x1a, 0x0a, 0x00, 0x00, 0x01, 0x00, 0x12, 0x00,
  0x07, 0x00, 0x00, 0x00, 0x00, 0x00, 0x00, 0x00, 0x01, 0x00, 0x00, 0x00,
  0x00, 0x00, 0x00, 0x00, 0xa6, 0x0a, 0x00, 0x00, 0x01, 0x00, 0x12, 0x00,
  0x13, 0x00, 0x00, 0x00, 0x00, 0x00, 0x00, 0x00, 0x01, 0x00, 0x00, 0x00,
  0x00, 0x00, 0x00, 0x00, 0x2d, 0x0b, 0x00, 0x00, 0x01, 0x00, 0x12, 0x00,
  0x01, 0x00, 0x00, 0x00, 0x00, 0x00, 0x00, 0x00, 0x01, 0x00, 0x00, 0x00,
  0x00, 0x00, 0x00, 0x00, 0xb4, 0x0b, 0x00, 0x00, 0x01, 0x00, 0x12, 0x00,
  0x0d, 0x00, 0x00, 0x00, 0x00, 0x00, 0x00, 0x00, 0x01, 0x00, 0x00, 0x00,
  0x00, 0x00, 0x00, 0x00, 0x3b, 0x0c, 0x00, 0x00, 0x01, 0x00, 0x12, 0x00,
  0x0a, 0x00, 0x00, 0x00, 0x00, 0x00, 0x00, 0x00, 0x01, 0x00, 0x00, 0x00,
  0x00, 0x00, 0x00, 0x00, 0xc3, 0x0c, 0x00, 0x00, 0x01, 0x00, 0x12, 0x00,
  0x16, 0x00, 0x00, 0x00, 0x00, 0x00, 0x00, 0x00, 0x01, 0x00, 0x00, 0x00,
  0x00, 0x00, 0x00, 0x00, 0x4a, 0x0d, 0x00, 0x00, 0x01, 0x00, 0x12, 0x00,
  0x04, 0x00, 0x00, 0x00, 0x00, 0x00, 0x00, 0x00, 0x01, 0x00, 0x00, 0x00,
  0x00, 0x00, 0x00, 0x00, 0xd2, 0x0d, 0x00, 0x00, 0x01, 0x00, 0x12, 0x00,
  0x10, 0x00, 0x00, 0x00, 0x00, 0x00, 0x00, 0x00, 0x01, 0x00, 0x00, 0x00,
  0x00, 0x00, 0x00, 0x00, 0x00, 0x00, 0x00, 0x00, 0x00, 0x01, 0x00, 0x00,
  0x00, 0x00, 0x00, 0x00, 0x00, 0x00, 0x00, 0x00, 0x00, 0x00, 0x00, 0x00,
  0x00, 0x00, 0x00, 0x00, 0x23, 0x0f, 0x00, 0x00, 0x03, 0x00, 0x04, 0x00,
  0x00, 0x00, 0x00, 0x00, 0x00, 0x00, 0x00, 0x00, 0x00, 0x00, 0x00, 0x00,
  0x00, 0x00, 0x00, 0x00, 0x7e, 0x0f, 0x00, 0x00, 0x03, 0x00, 0x0a, 0x00,
  0x00, 0x00, 0x00, 0x00, 0x00, 0x00, 0x00, 0x00, 0x00, 0x00, 0x00, 0x00,
  0x00, 0x00, 0x00, 0x00, 0x9a, 0x0f, 0x00, 0x00, 0x12, 0x10, 0x0f, 0x00,
  0x00, 0x00, 0x00, 0x00, 0x00, 0x00, 0x00, 0x00, 0x80, 0xc1, 0x00, 0x00,
  0x00, 0x00, 0x00, 0x00, 0xe8, 0x0f, 0x00, 0x00, 0x03, 0x00, 0x13, 0x00,
  0x00, 0x00, 0x00, 0x00, 0x00, 0x00, 0x00, 0x00, 0x00, 0x00, 0x00, 0x00,
  0x00, 0x00, 0x00, 0x00, 0xff, 0xff, 0xff, 0xff, 0x24, 0x00, 0x00, 0x00,
  0x00, 0x00, 0x00, 0x00, 0xff, 0xff, 0xff, 0xff, 0xff, 0xff, 0xff, 0xff,
  0x03, 0x00, 0x04, 0x7c, 0xff, 0xff, 0xff, 0xff, 0x0f, 0x0c, 0x81, 0x80,
  0x80, 0x28, 0x00, 0x08, 0xff, 0x81, 0x80, 0x28, 0x08, 0x81, 0x80, 0x80,
  0x28, 0x00, 0x00, 0x00, 0xff, 0xff, 0xff, 0xff, 0x2c, 0x00, 0x00, 0x00,
  0x00, 0x00, 0x00, 0x00, 0x00, 0x00, 0x00, 0x00, 0x00, 0x00, 0x00, 0x00,
  0x00, 0x00, 0x00, 0x00, 0x00, 0x00, 0x00, 0x00, 0x80, 0xc1, 0x00, 0x00,
  0x00, 0x00, 0x00, 0x00, 0x04, 0x18, 0x00, 0x00, 0x00, 0x0c, 0x81, 0x80,
  0x80, 0x28, 0x00, 0x04, 0x04, 0x30, 0x00, 0x00, 0x00, 0x00, 0x00, 0x00,
  0x0c, 0x00, 0x00, 0x00, 0x90, 0x00, 0x00, 0x00, 0xd0, 0x07, 0x00, 0x00,
  0x4e, 0x56, 0x49, 0x44, 0x49, 0x41, 0x20, 0x43, 0x6f, 0x72, 0x70, 0x00,
  0x02, 0x00, 0x00, 0x00, 0x00, 0x00, 0x00, 0x00, 0x01, 0x00, 0x00, 0x00,
  0x07, 0x00, 0x00, 0x00, 0x36, 0x00, 0x00, 0x00, 0x60, 0x00, 0x00, 0x00,
  0x00, 0x70, 0x74, 0x78, 0x61, 0x73, 0x00, 0x43, 0x75, 0x64, 0x61, 0x20,
  0x63, 0x6f, 0x6d, 0x70, 0x69, 0x6c, 0x61, 0x74, 0x69, 0x6f, 0x6e, 0x20,
  0x74, 0x6f, 0x6f, 0x6c, 0x73, 0x2c, 0x20, 0x72, 0x65, 0x6c, 0x65, 0x61,
  0x73, 0x65, 0x20, 0x31, 0x33, 0x2e, 0x30, 0x2c, 0x20, 0x56, 0x31, 0x33,
  0x2e, 0x30, 0x2e, 0x38, 0x38, 0x00, 0x42, 0x75, 0x69, 0x6c, 0x64, 0x20,
  0x63, 0x75, 0x64, 0x61, 0x5f, 0x31, 0x33, 0x2e, 0x30, 0x2e, 0x72, 0x31,
  0x33, 0x2e, 0x30, 0x2f, 0x63, 0x6f, 0x6d, 0x70, 0x69, 0x6c, 0x65, 0x72,
  0x2e, 0x33, 0x36, 0x34, 0x32, 0x34, 0x37, 0x31, 0x34, 0x5f, 0x30, 0x00,
  0x2d, 0x76, 0x20, 0x20, 0x2d, 0x61, 0x72, 0x63, 0x68, 0x20, 0x73, 0x6d,
  0x5f, 0x39, 0x30, 0x61, 0x20, 0x2d, 0x6d, 0x20, 0x36, 0x34, 0x20, 0x00,
  0x0c, 0x00, 0x00, 0x00, 0x08, 0x00, 0x00, 0x00, 0xe8, 0x03, 0x00, 0x00,
  0x4e, 0x56, 0x49, 0x44, 0x49, 0x41, 0x20, 0x43, 0x6f, 0x72, 0x70, 0x00,
  0x02, 0x00, 0x5a, 0x00, 0x82, 0x00, 0x00, 0x00, 0x04, 0x2f, 0x08, 0x00,
  0x23, 0x00, 0x00, 0x00, 0xa8, 0x00, 0x00, 0x00, 0x04, 0x11, 0x08, 0x00,
  0x23, 0x00, 0x00, 0x00, 0x00, 0x00, 0x00, 0x00, 0x04, 0x12, 0x08, 0x00,
  0x23, 0x00, 0x00, 0x00, 0x00, 0x00, 0x00, 0x00, 0x02, 0x09, 0x01, 0x00,
  0x02, 0x02, 0x04, 0x00, 0x02, 0x05, 0x05, 0x00, 0x03, 0x07, 0x01, 0x01,
  0x02, 0x03, 0x01, 0x00, 0x02, 0x06, 0x01, 0x00, 0x04, 0x0b, 0x08, 0x00,
  0x00, 0x00, 0x00, 0x00, 0x00, 0x00, 0x00, 0x00, 0x04, 0x37, 0x04, 0x00,
  0x82, 0x00, 0x00, 0x00, 0x04, 0x17, 0x0c, 0x00, 0x00, 0x00, 0x00, 0x00,
  0x00, 0x00, 0x30, 0x00, 0x00, 0xf0, 0x01, 0x0b, 0x03, 0x50, 0x00, 0x00,
  0x03, 0x1b, 0xa8, 0x00, 0x02, 0x4c, 0x10, 0x00, 0x03, 0x5f, 0x01, 0x01,
  0x04, 0x31, 0x24, 0x00, 0x20, 0x9a, 0x00, 0x00, 0xb0, 0x9a, 0x00, 0x00,
  0x50, 0xa4, 0x00, 0x00, 0xe0, 0xa4, 0x00, 0x00, 0xd0, 0xa6, 0x00, 0x00,
  0x60, 0xa7, 0x00, 0x00, 0xf0, 0xa7, 0x00, 0x00, 0x20, 0xb7, 0x00, 0x00,
  0xb0, 0xb7, 0x00, 0x00, 0x04, 0x29, 0x50, 0x00, 0xff, 0xff, 0xff, 0xff,
  0xff, 0xff, 0xff, 0xff, 0xff, 0xff, 0xff, 0xff, 0xff, 0xff, 0xff, 0xff,
  0xff, 0xff, 0xff, 0xff, 0xff, 0xff, 0xff, 0xff, 0xff, 0xff, 0xff, 0xff,
  0xff, 0xff, 0xff, 0xff, 0xff, 0xff, 0xff, 0xff, 0xff, 0xff, 0xff, 0xff,
  0xff, 0xff, 0xff, 0xff, 0xff, 0xff, 0xff, 0xff, 0xff, 0xff, 0xff, 0xff,
  0xff, 0xff, 0xff, 0xff, 0xff, 0xff, 0xff, 0xff, 0xff, 0xff, 0xff, 0xff,
  0xff, 0xff, 0xff, 0xff, 0xff, 0xff, 0xff, 0xff, 0xff, 0xff, 0xff, 0xff,
  0xff, 0xff, 0xff, 0xff, 0x04, 0x28, 0x50, 0x00, 0x50, 0x03, 0x00, 0x00,
  0x30, 0x2a, 0x00, 0x00, 0x00, 0x2c, 0x00, 0x00, 0xf0, 0x35, 0x00, 0x00,
  0xa0, 0x36, 0x00, 0x00, 0x30, 0x42, 0x00, 0x00, 0x40, 0x42, 0x00, 0x00,
  0x70, 0x42, 0x00, 0x00, 0x80, 0x42, 0x00, 0x00, 0x60, 0x67, 0x00, 0x00,
  0xb0, 0x69, 0x00, 0x00, 0x80, 0x73, 0x00, 0x00, 0x50, 0x75, 0x00, 0x00,
  0x80, 0x82, 0x00, 0x00, 0x10, 0x84, 0x00, 0x00, 0xa0, 0x85, 0x00, 0x00,
  0xe0, 0x85, 0x00, 0x00, 0xe0, 0x9a, 0x00, 0x00, 0x10, 0xa5, 0x00, 0x00,
  0xe0, 0xb7, 0x00, 0x00, 0x01, 0x54, 0x00, 0x00, 0x04, 0x39, 0x70, 0x04,
  0x10, 0x02, 0x00, 0x00, 0xff, 0x00, 0x00, 0x00, 0x48, 0x80, 0x02, 0x00,
  0x00, 0x01, 0x0a, 0x00, 0x20, 0x02, 0x00, 0x00, 0xff, 0x00, 0x00, 0x00,
  0x50, 0x80, 0x02, 0x00, 0x00, 0x01, 0x0a, 0x00, 0x30, 0x02, 0x00, 0x00,
  0xff, 0x00, 0x00, 0x00, 0x68, 0x80, 0x02, 0x00, 0x00, 0x01, 0x0a, 0x00,
  0x40, 0x02, 0x00, 0x00, 0xff, 0x00, 0x00, 0x00, 0x70, 0x80, 0x02, 0x00,
  0x00, 0x01, 0x0a, 0x00, 0x50, 0x02, 0x00, 0x00, 0xff, 0x00, 0x00, 0x00,
  0x58, 0x80, 0x02, 0x00, 0x00, 0x01, 0x0a, 0x00, 0x60, 0x02, 0x00, 0x00,
  0xff, 0x00, 0x00, 0x00, 0x60, 0x80, 0x02, 0x00, 0x00, 0x01, 0x0a, 0x00,
  0x70, 0x02, 0x00, 0x00, 0xff, 0x00, 0x00, 0x00, 0xa0, 0x80, 0x02, 0x00,
  0x00, 0x01, 0x0a, 0x00, 0x80, 0x02, 0x00, 0x00, 0xff, 0x00, 0x00, 0x00,
  0xa8, 0x80, 0x02, 0x00, 0x00, 0x01, 0x0a, 0x00, 0x90, 0x02, 0x00, 0x00,
  0xff, 0x00, 0x00, 0x00, 0x08, 0x80, 0x02, 0x00, 0x00, 0x01, 0x0a, 0x00,
  0xa0, 0x02, 0x00, 0x00, 0xff, 0x00, 0x00, 0x00, 0x18, 0x80, 0x02, 0x00,
  0x00, 0x01, 0x0a, 0x00, 0xb0, 0x02, 0x00, 0x00, 0xff, 0x00, 0x00, 0x00,
  0x10, 0x80, 0x02, 0x00, 0x00, 0x01, 0x0a, 0x00, 0xc0, 0x02, 0x00, 0x00,
  0xff, 0x00, 0x00, 0x00, 0x20, 0x80, 0x02, 0x00, 0x00, 0x01, 0x0a, 0x00,
  0xd0, 0x02, 0x00, 0x00, 0xff, 0x00, 0x00, 0x00, 0x28, 0x80, 0x02, 0x00,
  0x00, 0x01, 0x0a, 0x00, 0xe0, 0x02, 0x00, 0x00, 0xff, 0x00, 0x00, 0x00,
  0x38, 0x80, 0x02, 0x00, 0x00, 0x01, 0x0a, 0x00, 0xf0, 0x02, 0x00, 0x00,
  0xff, 0x00, 0x00, 0x00, 0x30, 0x80, 0x02, 0x00, 0x00, 0x01, 0x0a, 0x00,
  0x00, 0x03, 0x00, 0x00, 0xff, 0x00, 0x00, 0x00, 0x40, 0x80, 0x02, 0x00,
  0x00, 0x01, 0x0a, 0x00, 0x10, 0x03, 0x00, 0x00, 0xff, 0x00, 0x00, 0x00,
  0xd8, 0x80, 0x02, 0x00, 0x00, 0x01, 0x0a, 0x00, 0x20, 0x03, 0x00, 0x00,
  0xff, 0x00, 0x00, 0x00, 0xe0, 0x80, 0x02, 0x00, 0x00, 0x01, 0x0a, 0x00,
  0xe0, 0x07, 0x00, 0x00, 0x14, 0x00, 0x00, 0x00, 0x68, 0x80, 0x02, 0x00,
  0x0a, 0x01, 0x3f, 0x00, 0x00, 0x08, 0x00, 0x00, 0x14, 0x00, 0x00, 0x00,
  0x68, 0x80, 0x02, 0x00, 0x0a, 0x01, 0x3f, 0x00, 0x40, 0x09, 0x00, 0x00,
  0x14, 0x00, 0x00, 0x00, 0x70, 0x80, 0x02, 0x00, 0x01, 0x01, 0x3f, 0x00,
  0x70, 0x0c, 0x00, 0x00, 0x5c, 0x00, 0x00, 0x00, 0x48, 0x80, 0x02, 0x00,
  0x0a, 0x01, 0x3f, 0x00, 0x90, 0x0c, 0x00, 0x00, 0x5c, 0x00, 0x00, 0x00,
  0x48, 0x80, 0x02, 0x00, 0x0a, 0x01, 0x3f, 0x00, 0x40, 0x0d, 0x00, 0x00,
  0x9b, 0x00, 0x00, 0x00, 0x08, 0x80, 0x02, 0x00, 0x0a, 0x01, 0x3f, 0x00,
  0x60, 0x0d, 0x00, 0x00, 0x9b, 0x00, 0x00, 0x00, 0x08, 0x80, 0x02, 0x00,
  0x0a, 0x01, 0x3f, 0x00, 0x30, 0x14, 0x00, 0x00, 0x5c, 0x00, 0x00, 0x00,
  0x50, 0x80, 0x02, 0x00, 0x01, 0x01, 0x3f, 0x00, 0xc0, 0x41, 0x00, 0x00,
  0xa4, 0x00, 0x00, 0x00, 0x28, 0x80, 0x02, 0x00, 0x0a, 0x01, 0x3f, 0x00,
  0xa0, 0x42, 0x00, 0x00, 0xa4, 0x00, 0x00, 0x00, 0x28, 0x80, 0x02, 0x00,
  0x0a, 0x01, 0x3f, 0x00, 0x80, 0x4a, 0x00, 0x00, 0x9b, 0x00, 0x00, 0x00,
  0x18, 0x80, 0x02, 0x00, 0x01, 0x01, 0x3f, 0x00, 0xc0, 0x4a, 0x00, 0x00,
  0xa4, 0x00, 0x00, 0x00, 0x38, 0x80, 0x02, 0x00, 0x01, 0x01, 0x3f, 0x00,
  0x00, 0x4c, 0x00, 0x00, 0x9c, 0x00, 0x00, 0x00, 0x08, 0x80, 0x02, 0x00,
  0x0a, 0x01, 0x3f, 0x00, 0x80, 0x4c, 0x00, 0x00, 0x9c, 0x00, 0x00, 0x00,
  0x08, 0x80, 0x02, 0x00, 0x0a, 0x01, 0x3f, 0x00, 0x10, 0x67, 0x00, 0x00,
  0x24, 0x00, 0x00, 0x00, 0x50, 0x80, 0x02, 0x00, 0x01, 0x01, 0x3f, 0x00,
  0xa0, 0x84, 0x00, 0x00, 0x41, 0x00, 0x00, 0x00, 0x28, 0x80, 0x02, 0x00,
  0x0a, 0x01, 0x3f, 0x00, 0x00, 0x8a, 0x00, 0x00, 0x41, 0x00, 0x00, 0x00,
  0x28, 0x80, 0x02, 0x00, 0x0a, 0x01, 0x3f, 0x00, 0x30, 0x8d, 0x00, 0x00,
  0x9c, 0x00, 0x00, 0x00, 0x18, 0x80, 0x02, 0x00, 0x01, 0x01, 0x3f, 0x00,
  0x40, 0x8d, 0x00, 0x00, 0x41, 0x00, 0x00, 0x00, 0x38, 0x80, 0x02, 0x00,
  0x01, 0x01, 0x3f, 0x00, 0x60, 0xa6, 0x00, 0x00, 0xff, 0x00, 0x00, 0x00,
  0x50, 0x80, 0x02, 0x00, 0x0a, 0x01, 0x08, 0x00, 0xa0, 0xa6, 0x00, 0x00,
  0xff, 0x00, 0x00, 0x00, 0x50, 0x80, 0x02, 0x00, 0x0a, 0x01, 0x08, 0x00,
  0xc0, 0xa8, 0x00, 0x00, 0xff, 0x00, 0x00, 0x00, 0x60, 0x80, 0x02, 0x00,
  0x0a, 0x01, 0x08, 0x00, 0xe0, 0xa8, 0x00, 0x00, 0xff, 0x00, 0x00, 0x00,
  0x60, 0x80, 0x02, 0x00, 0x0a, 0x01, 0x08, 0x00, 0x40, 0xad, 0x00, 0x00,
  0xff, 0x00, 0x00, 0x00, 0x18, 0x80, 0x02, 0x00, 0x0a, 0x01, 0x23, 0x00,
  0xd0, 0xad, 0x00, 0x00, 0xff, 0x00, 0x00, 0x00, 0x18, 0x80, 0x02, 0x00,
  0x0a, 0x01, 0x23, 0x00, 0xd0, 0xae, 0x00, 0x00, 0xff, 0x00, 0x00, 0x00,
  0x38, 0x80, 0x02, 0x00, 0x0a, 0x01, 0x26, 0x00, 0xf0, 0xae, 0x00, 0x00,
  0xff, 0x00, 0x00, 0x00, 0x38, 0x80, 0x02, 0x00, 0x0a, 0x01, 0x26, 0x00,
  0xc0, 0xb2, 0x00, 0x00, 0xff, 0x00, 0x00, 0x00, 0x70, 0x80, 0x02, 0x00,
  0x0a, 0x01, 0x1d, 0x00, 0xe0, 0xb2, 0x00, 0x00, 0xff, 0x00, 0x00, 0x00,
  0x70, 0x80, 0x02, 0x00, 0x0a, 0x01, 0x1d, 0x00, 0x80, 0xb4, 0x00, 0x00,
  0xff, 0x00, 0x00, 0x00, 0x68, 0x80, 0x02, 0x00, 0x01, 0x01, 0x1d, 0x00,
  0xa0, 0xb4, 0x00, 0x00, 0xff, 0x00, 0x00, 0x00, 0xa8, 0x80, 0x02, 0x00,
  0x0a, 0x01, 0x1d, 0x00, 0xc0, 0xb4, 0x00, 0x00, 0xff, 0x00, 0x00, 0x00,
  0xa8, 0x80, 0x02, 0x00, 0x0a, 0x01, 0x1d, 0x00, 0x80, 0xb6, 0x00, 0x00,
  0xff, 0x00, 0x00, 0x00, 0xa0, 0x80, 0x02, 0x00, 0x01, 0x01, 0x1d, 0x00,
  0x80, 0xb9, 0x00, 0x00, 0x07, 0x00, 0x00, 0x00, 0x70, 0x80, 0x02, 0x00,
  0x0a, 0x01, 0x3f, 0x00, 0xa0, 0xb9, 0x00, 0x00, 0x07, 0x00, 0x00, 0x00,
  0x70, 0x80, 0x02, 0x00, 0x0a, 0x01, 0x3f, 0x00, 0xa0, 0xba, 0x00, 0x00,
  0x07, 0x00, 0x00, 0x00, 0x68, 0x80, 0x02, 0x00, 0x01, 0x01, 0x3f, 0x00,
  0xc0, 0xba, 0x00, 0x00, 0x07, 0x00, 0x00, 0x00, 0xa8, 0x80, 0x02, 0x00,
  0x0a, 0x01, 0x3f, 0x00, 0xe0, 0xba, 0x00, 0x00, 0x07, 0x00, 0x00, 0x00,
  0xa8, 0x80, 0x02, 0x00, 0x0a, 0x01, 0x3f, 0x00, 0xd0, 0xbb, 0x00, 0x00,
  0x07, 0x00, 0x00, 0x00, 0xa0, 0x80, 0x02, 0x00, 0x01, 0x01, 0x3f, 0x00,
  0xf0, 0xbb, 0x00, 0x00, 0x14, 0x00, 0x00, 0x00, 0x68, 0x80, 0x02, 0x00,
  0x0a, 0x01, 0x3f, 0x00, 0x40, 0xbc, 0x00, 0x00, 0x5c, 0x00, 0x00, 0x00,
  0x48, 0x80, 0x02, 0x00, 0x0a, 0x01, 0x3f, 0x00, 0x90, 0xbc, 0x00, 0x00,
  0x9b, 0x00, 0x00, 0x00, 0x08, 0x80, 0x02, 0x00, 0x0a, 0x01, 0x3f, 0x00,
  0xe0, 0xbc, 0x00, 0x00, 0xa4, 0x00, 0x00, 0x00, 0x28, 0x80, 0x02, 0x00,
  0x0a, 0x01, 0x3f, 0x00, 0x30, 0xbd, 0x00, 0x00, 0x9c, 0x00, 0x00, 0x00,
  0x08, 0x80, 0x02, 0x00, 0x0a, 0x01, 0x3f, 0x00, 0x80, 0xbd, 0x00, 0x00,
  0x41, 0x00, 0x00, 0x00, 0x28, 0x80, 0x02, 0x00, 0x0a, 0x01, 0x3f, 0x00,
  0xe0, 0xbd, 0x00, 0x00, 0x05, 0x00, 0x00, 0x00, 0x50, 0x80, 0x02, 0x00,
  0x0a, 0x01, 0x3f, 0x00, 0x40, 0xbe, 0x00, 0x00, 0x05, 0x00, 0x00, 0x00,
  0x60, 0x80, 0x02, 0x00, 0x0a, 0x01, 0x3f, 0x00, 0xa0, 0xbe, 0x00, 0x00,
  0x03, 0x00, 0x00, 0x00, 0x18, 0x80, 0x02, 0x00, 0x0a, 0x01, 0x3f, 0x00,
  0x00, 0xbf, 0x00, 0x00, 0x05, 0x00, 0x00, 0x00, 0x38, 0x80, 0x02, 0x00,
  0x0a, 0x01, 0x3f, 0x00, 0x60, 0xbf, 0x00, 0x00, 0x03, 0x00, 0x00, 0x00,
  0x70, 0x80, 0x02, 0x00, 0x0a, 0x01, 0x3f, 0x00, 0xc0, 0xbf, 0x00, 0x00,
  0x03, 0x00, 0x00, 0x00, 0xa8, 0x80, 0x02, 0x00, 0x0a, 0x01, 0x3f, 0x00,
  0x10, 0xc0, 0x00, 0x00, 0x07, 0x00, 0x00, 0x00, 0x70, 0x80, 0x02, 0x00,
  0x0a, 0x01, 0x3f, 0x00, 0x60, 0xc0, 0x00, 0x00, 0x07, 0x00, 0x00, 0x00,
  0xa8, 0x80, 0x02, 0x00, 0x0a, 0x01, 0x3f, 0x00, 0x03, 0x38, 0x12, 0x00,
  0x04, 0x1c, 0x10, 0x00, 0x80, 0x09, 0x00, 0x00, 0xd0, 0x99, 0x00, 0x00,
  0x10, 0xbb, 0x00, 0x00, 0xe0, 0xbb, 0x00, 0x00, 0x04, 0x05, 0x0c, 0x00,
  0x80, 0x01, 0x00, 0x00, 0x01, 0x00, 0x00, 0x00, 0x01, 0x00, 0x00, 0x00,
  0x04, 0x1e, 0x04, 0x00, 0x00, 0x00, 0x00, 0x00, 0x03, 0x19, 0xf0, 0x02,
  0x04, 0x0a, 0x08, 0x00, 0x24, 0x00, 0x00, 0x00, 0x10, 0x02, 0xf0, 0x02,
  0x04, 0x36, 0x04, 0x00, 0x08, 0x00, 0x00, 0x00, 0x00, 0x00, 0x00, 0x00,
  0xff, 0xff, 0xff, 0xff, 0x00, 0x00, 0x00, 0x00, 0xfe, 0xff, 0xff, 0xff,
  0x00, 0x00, 0x00, 0x00, 0xfd, 0xff, 0xff, 0xff, 0x00, 0x00, 0x00, 0x00,
  0xfc, 0xff, 0xff, 0xff, 0xb8, 0x00, 0x00, 0x00, 0x00, 0x00, 0x00, 0x00,
  0x02, 0x00, 0x00, 0x00, 0x1f, 0x00, 0x00, 0x00, 0x00, 0x00, 0x00, 0x00,
  0x00, 0x00, 0x00, 0x00, 0xb0, 0x00, 0x00, 0x00, 0x00, 0x00, 0x00, 0x00,
  0x02, 0x00, 0x00, 0x00, 0x1e, 0x00, 0x00, 0x00, 0x00, 0x00, 0x00, 0x00,
  0x00, 0x00, 0x00, 0x00, 0xa8, 0x00, 0x00, 0x00, 0x00, 0x00, 0x00, 0x00,
  0x02, 0x00, 0x00, 0x00, 0x1d, 0x00, 0x00, 0x00, 0x00, 0x00, 0x00, 0x00,
  0x00, 0x00, 0x00, 0x00, 0xa0, 0x00, 0x00, 0x00, 0x00, 0x00, 0x00, 0x00,
  0x02, 0x00, 0x00, 0x00, 0x1c, 0x00, 0x00, 0x00, 0x00, 0x00, 0x00, 0x00,
  0x00, 0x00, 0x00, 0x00, 0x98, 0x00, 0x00, 0x00, 0x00, 0x00, 0x00, 0x00,
  0x02, 0x00, 0x00, 0x00, 0x1b, 0x00, 0x00, 0x00, 0x00, 0x00, 0x00, 0x00,
  0x00, 0x00, 0x00, 0x00, 0x90, 0x00, 0x00, 0x00, 0x00, 0x00, 0x00, 0x00,
  0x02, 0x00, 0x00, 0x00, 0x1a, 0x00, 0x00, 0x00, 0x00, 0x00, 0x00, 0x00,
  0x00, 0x00, 0x00, 0x00, 0x88, 0x00, 0x00, 0x00, 0x00, 0x00, 0x00, 0x00,
  0x02, 0x00, 0x00, 0x00, 0x19, 0x00, 0x00, 0x00, 0x00, 0x00, 0x00, 0x00,
  0x00, 0x00, 0x00, 0x00, 0x80, 0x00, 0x00, 0x00, 0x00, 0x00, 0x00, 0x00,
  0x02, 0x00, 0x00, 0x00, 0x18, 0x00, 0x00, 0x00, 0x00, 0x00, 0x00, 0x00,
  0x00, 0x00, 0x00, 0x00, 0x78, 0x00, 0x00, 0x00, 0x00, 0x00, 0x00, 0x00,
  0x02, 0x00, 0x00, 0x00, 0x17, 0x00, 0x00, 0x00, 0x00, 0x00, 0x00, 0x00,
  0x00, 0x00, 0x00, 0x00, 0x70, 0x00, 0x00, 0x00, 0x00, 0x00, 0x00, 0x00,
  0x02, 0x00, 0x00, 0x00, 0x16, 0x00, 0x00, 0x00, 0x00, 0x00, 0x00, 0x00,
  0x00, 0x00, 0x00, 0x00, 0x68, 0x00, 0x00, 0x00, 0x00, 0x00, 0x00, 0x00,
  0x02, 0x00, 0x00, 0x00, 0x15, 0x00, 0x00, 0x00, 0x00, 0x00, 0x00, 0x00,
  0x00, 0x00, 0x00, 0x00, 0x60, 0x00, 0x00, 0x00, 0x00, 0x00, 0x00, 0x00,
  0x02, 0x00, 0x00, 0x00, 0x14, 0x00, 0x00, 0x00, 0x00, 0x00, 0x00, 0x00,
  0x00, 0x00, 0x00, 0x00, 0x58, 0x00, 0x00, 0x00, 0x00, 0x00, 0x00, 0x00,
  0x02, 0x00, 0x00, 0x00, 0x13, 0x00, 0x00, 0x00, 0x00, 0x00, 0x00, 0x00,
  0x00, 0x00, 0x00, 0x00, 0x50, 0x00, 0x00, 0x00, 0x00, 0x00, 0x00, 0x00,
  0x02, 0x00, 0x00, 0x00, 0x12, 0x00, 0x00, 0x00, 0x00, 0x00, 0x00, 0x00,
  0x00, 0x00, 0x00, 0x00, 0x48, 0x00, 0x00, 0x00, 0x00, 0x00, 0x00, 0x00,
  0x02, 0x00, 0x00, 0x00, 0x11, 0x00, 0x00, 0x00, 0x00, 0x00, 0x00, 0x00,
  0x00, 0x00, 0x00, 0x00, 0x40, 0x00, 0x00, 0x00, 0x00, 0x00, 0x00, 0x00,
  0x02, 0x00, 0x00, 0x00, 0x10, 0x00, 0x00, 0x00, 0x00, 0x00, 0x00, 0x00,
  0x00, 0x00, 0x00, 0x00, 0x38, 0x00, 0x00, 0x00, 0x00, 0x00, 0x00, 0x00,
  0x02, 0x00, 0x00, 0x00, 0x0f, 0x00, 0x00, 0x00, 0x00, 0x00, 0x00, 0x00,
  0x00, 0x00, 0x00, 0x00, 0x30, 0x00, 0x00, 0x00, 0x00, 0x00, 0x00, 0x00,
  0x02, 0x00, 0x00, 0x00, 0x0e, 0x00, 0x00, 0x00, 0x00, 0x00, 0x00, 0x00,
  0x00, 0x00, 0x00, 0x00, 0x28, 0x00, 0x00, 0x00, 0x00, 0x00, 0x00, 0x00,
  0x02, 0x00, 0x00, 0x00, 0x0d, 0x00, 0x00, 0x00, 0x00, 0x00, 0x00, 0x00,
  0x00, 0x00, 0x00, 0x00, 0x20, 0x00, 0x00, 0x00, 0x00, 0x00, 0x00, 0x00,
  0x02, 0x00, 0x00, 0x00, 0x0c, 0x00, 0x00, 0x00, 0x00, 0x00, 0x00, 0x00,
  0x00, 0x00, 0x00, 0x00, 0x18, 0x00, 0x00, 0x00, 0x00, 0x00, 0x00, 0x00,
  0x02, 0x00, 0x00, 0x00, 0x0b, 0x00, 0x00, 0x00, 0x00, 0x00, 0x00, 0x00,
  0x00, 0x00, 0x00, 0x00, 0x10, 0x00, 0x00, 0x00, 0x00, 0x00, 0x00, 0x00,
  0x02, 0x00, 0x00, 0x00, 0x0a, 0x00, 0x00, 0x00, 0x00, 0x00, 0x00, 0x00,
  0x00, 0x00, 0x00, 0x00, 0x08, 0x00, 0x00, 0x00, 0x00, 0x00, 0x00, 0x00,
  0x02, 0x00, 0x00, 0x00, 0x09, 0x00, 0x00, 0x00, 0x00, 0x00, 0x00, 0x00,
  0x00, 0x00, 0x00, 0x00, 0x00, 0x00, 0x00, 0x00, 0x00, 0x00, 0x00, 0x00,
  0x02, 0x00, 0x00, 0x00, 0x07, 0x00, 0x00, 0x00, 0x00, 0x00, 0x00, 0x00,
  0x00, 0x00, 0x00, 0x00, 0x44, 0x00, 0x00, 0x00, 0x00, 0x00, 0x00, 0x00,
  0x02, 0x00, 0x00, 0x00, 0x23, 0x00, 0x00, 0x00, 0x00, 0x00, 0x00, 0x00,
  0x00, 0x00, 0x00, 0x00, 0x00, 0x00, 0x00, 0x00, 0x00, 0x00, 0x00, 0x00,
  0x00, 0x00, 0x00, 0x00, 0x00, 0x00, 0x00, 0x00, 0x00, 0x00, 0x00, 0x00,
  0x00, 0x00, 0x00, 0x00, 0x00, 0x00, 0x00, 0x00, 0x00, 0x00, 0x00, 0x00,
  0x00, 0x00, 0x00, 0x00, 0x00, 0x00, 0x00, 0x00, 0x00, 0x00, 0x00, 0x00,
  0x00, 0x00, 0x00, 0x00, 0x00, 0x00, 0x00, 0x00, 0x00, 0x00, 0x00, 0x00,
  0x00, 0x00, 0x00, 0x00, 0x00, 0x00, 0x00, 0x00, 0x00, 0x00, 0x00, 0x00,
  0x00, 0x00, 0x00, 0x00, 0x00, 0x00, 0x00, 0x00, 0x00, 0x00, 0x00, 0x00,
  0x00, 0x00, 0x00, 0x00, 0x00, 0x00, 0x00, 0x00, 0x00, 0x00, 0x00, 0x00,
  0x00, 0x00, 0x00, 0x00, 0x00, 0x00, 0x00, 0x00, 0x00, 0x00, 0x00, 0x00,
  0x00, 0x00, 0x00, 0x00, 0x00, 0x00, 0x00, 0x00, 0x00, 0x00, 0x00, 0x00,
  0x00, 0x00, 0x00, 0x00, 0x00, 0x00, 0x00, 0x00, 0x00, 0x00, 0x00, 0x00,
  0x00, 0x00, 0x00, 0x00, 0x00, 0x00, 0x00, 0x00, 0x00, 0x00, 0x00, 0x00,
  0x00, 0x00, 0x00, 0x00, 0x00, 0x00, 0x00, 0x00, 0x00, 0x00, 0x00, 0x00,
  0x00, 0x00, 0x00, 0x00, 0x00, 0x00, 0x00, 0x00, 0x00, 0x00, 0x00, 0x00,
  0x00, 0x00, 0x00, 0x00, 0x00, 0x00, 0x00, 0x00, 0x00, 0x00, 0x00, 0x00,
  0x00, 0x00, 0x00, 0x00, 0x00, 0x00, 0x00, 0x00, 0x00, 0x00, 0x00, 0x00,
  0x00, 0x00, 0x00, 0x00, 0x00, 0x00, 0x00, 0x00, 0x00, 0x00, 0x00, 0x00,
  0x00, 0x00, 0x00, 0x00, 0x00, 0x00, 0x00, 0x00, 0x00, 0x00, 0x00, 0x00,
  0x00, 0x00, 0x00, 0x00, 0x82, 0x7b, 0x01, 0xff, 0x00, 0x0a, 0x00, 0x00,
  0x00, 0x08, 0x00, 0x00, 0x00, 0xe2, 0x0f, 0x00, 0x19, 0x79, 0x02, 0x00,
  0x00, 0x00, 0x00, 0x00, 0x00, 0x21, 0x00, 0x00, 0x00, 0x22, 0x0e, 0x00,
  0x45, 0x79, 0x00, 0x00, 0x20, 0x03, 0x00, 0x00, 0x00, 0x00, 0x80, 0x03,
  0x00, 0xe2, 0x0f, 0x00, 0x0c, 0x72, 0x00, 0x02, 0xff, 0x00, 0x00, 0x00,
  0x70, 0x52, 0xf0, 0x03, 0x00, 0xe4, 0x1f, 0x00, 0x19, 0x78, 0x03, 0xff,
  0x07, 0x00, 0x00, 0x00, 0x02, 0x16, 0x01, 0x00, 0x00, 0xd6, 0x0f, 0x00,
  0x47, 0x09, 0xb8, 0x00, 0x00, 0x00, 0x00, 0x00, 0x00, 0x00, 0x80, 0x03,
  0x00, 0xea, 0x0f, 0x00, 0xc3, 0x79, 0x05, 0x00, 0x00, 0x00, 0x00, 0x00,
  0x00, 0x88, 0x00, 0x00, 0x00, 0x22, 0x0e, 0x00, 0x82, 0x78, 0x04, 0x00,
  0x00, 0x04, 0x00, 0x00, 0x00, 0x00, 0x00, 0x00, 0x00, 0xe2, 0x0f, 0x00,
  0x82, 0x78, 0x0b, 0x00, 0x02, 0x00, 0x00, 0x00, 0x00, 0x00, 0x00, 0x00,
  0x00, 0xcc, 0x0f, 0x00, 0xc3, 0x79, 0x06, 0x00, 0x00, 0x00, 0x00, 0x00,
  0x00, 0x2f, 0x00, 0x00, 0x00, 0x62, 0x0e, 0x00, 0x91, 0x72, 0x04, 0x05,
  0x04, 0x00, 0x00, 0x00, 0x3f, 0xc0, 0x8e, 0x0f, 0x00, 0xce, 0x1f, 0x00,
  0x82, 0x7c, 0x04, 0x00, 0x04, 0x00, 0x00, 0x00, 0x00, 0x00, 0x00, 0x08,
  0x00, 0xe2, 0x0f, 0x00, 0x82, 0x7c, 0x05, 0x00, 0x06, 0x00, 0x00, 0x00,
  0x00, 0x00, 0x00, 0x08, 0x00, 0xe2, 0x2f, 0x00, 0x82, 0x78, 0x06, 0x00,
  0x01, 0x00, 0x00, 0x00, 0x00, 0x00, 0x00, 0x00, 0x00, 0xe2, 0x0f, 0x00,
  0x92, 0x78, 0x08, 0x04, 0xff, 0x03, 0x00, 0x00, 0x3f, 0xc0, 0x8e, 0x0f,
  0x00, 0xe4, 0x0f, 0x00, 0x90, 0x78, 0x06, 0x06, 0x00, 0x00, 0x10, 0x00,
  0x3f, 0xe1, 0xff, 0x0f, 0x00, 0xc8, 0x0f, 0x00, 0x99, 0x78, 0x07, 0x06,
  0x0b, 0x00, 0x00, 0x00, 0x3f, 0x06, 0x00, 0x08, 0x00, 0xe4, 0x0f, 0x00,
  0x99, 0x78, 0x06, 0x06, 0x01, 0x00, 0x00, 0x00, 0x3f, 0x06, 0x00, 0x08,
  0x00, 0xe4, 0x0f, 0x00, 0x8c, 0x72, 0x00, 0x08, 0x3f, 0x00, 0x00, 0x00,
  0x70, 0x50, 0xf0, 0x0b, 0x00, 0xe4, 0x0f, 0x00, 0x90, 0x78, 0x08, 0x04,
  0x00, 0x04, 0x00, 0x00, 0x08, 0xe8, 0xa3, 0x0f, 0x00, 0xe4, 0x0f, 0x00,
  0x8c, 0x72, 0x00, 0x3f, 0x3f, 0x00, 0x00, 0x00, 0x00, 0x53, 0xf0, 0x0b,
  0x00, 0xe4, 0x0f, 0x00, 0x90, 0x78, 0x09, 0x05, 0xff, 0xff, 0xff, 0xff,
  0x3f, 0x44, 0xfe, 0x08, 0x00, 0xc4, 0x0f, 0x00, 0x87, 0x72, 0x08, 0x04,
  0x08, 0x00, 0x00, 0x00, 0x00, 0x00, 0x00, 0x0c, 0x00, 0xe4, 0x0f, 0x00,
  0x87, 0x72, 0x09, 0x05, 0x09, 0x00, 0x00, 0x00, 0x00, 0x00, 0x00, 0x0c,
  0x00, 0xe2, 0x0f, 0x00, 0x82, 0x78, 0x04, 0x00, 0x80, 0x00, 0x00, 0x00,
  0x00, 0x00, 0x00, 0x00, 0x00, 0xe4, 0x0f, 0x00, 0x90, 0x78, 0x04, 0x04,
  0x00, 0x00, 0x10, 0x00, 0x3f, 0xe1, 0xff, 0x0f, 0x00, 0xc8, 0x0f, 0x00,
  0x99, 0x78, 0x05, 0x04, 0x0b, 0x00, 0x00, 0x00, 0x3f, 0x06, 0x00, 0x08,
  0x00, 0xe4, 0x0f, 0x00, 0x99, 0x78, 0x04, 0x04, 0x01, 0x00, 0x00, 0x00,
  0x3f, 0x06, 0x00, 0x08, 0x00, 0xe2, 0x0f, 0x00, 0x82, 0x7c, 0x0a, 0x00,
  0x08, 0x00, 0x00, 0x00, 0x00, 0x00, 0x00, 0x08, 0x00, 0xe2, 0x0f, 0x00,
  0x90, 0x78, 0x08, 0x0b, 0x00, 0x00, 0x10, 0x00, 0x3f, 0xe1, 0xff, 0x0f,
  0x00, 0xc8, 0x0f, 0x00, 0x99, 0x78, 0x09, 0x08, 0x0b, 0x00, 0x00, 0x00,
  0x3f, 0x06, 0x00, 0x08, 0x00, 0xe4, 0x0f, 0x00, 0x99, 0x78, 0x08, 0x08,
  0x01, 0x00, 0x00, 0x00, 0x3f, 0x06, 0x00, 0x08, 0x00, 0xe2, 0x0f, 0x00,
  0xc6, 0x73, 0x00, 0x00, 0x00, 0x00, 0x00, 0x00, 0x00, 0x00, 0x00, 0x00,
  0x00, 0x24, 0x0e, 0x00, 0xb2, 0x75, 0x3f, 0x0a, 0x06, 0x48, 0x80, 0x02,
  0x00, 0x01, 0x00, 0x08, 0x00, 0x62, 0x10, 0x00, 0xb2, 0x75, 0x3f, 0x0a,
  0x06, 0x50, 0x80, 0x02, 0x00, 0x01, 0x00, 0x08, 0x00, 0xa2, 0x00, 0x00,
  0xb2, 0x75, 0x3f, 0x0a, 0x06, 0x68, 0x80, 0x02, 0x00, 0x01, 0x00, 0x08,
  0x00, 0xe2, 0x00, 0x00, 0xb2, 0x75, 0x3f, 0x0a, 0x04, 0x70, 0x80, 0x02,
  0x00, 0x01, 0x00, 0x08, 0x00, 0x22, 0x01, 0x00, 0xb2, 0x75, 0x3f, 0x0a,
  0x06, 0x58, 0x80, 0x02, 0x00, 0x01, 0x00, 0x08, 0x00, 0x22, 0x00, 0x00,
  0xb2, 0x75, 0x3f, 0x0a, 0x06, 0x60, 0x80, 0x02, 0x00, 0x01, 0x00, 0x08,
  0x00, 0x22, 0x00, 0x00, 0xb2, 0x75, 0x3f, 0x0a, 0x06, 0xa0, 0x80, 0x02,
  0x00, 0x01, 0x00, 0x08, 0x00, 0x22, 0x00, 0x00, 0xb2, 0x75, 0x3f, 0x0a,
  0x04, 0xa8, 0x80, 0x02, 0x00, 0x01, 0x00, 0x08, 0x00, 0x22, 0x00, 0x00,
  0xb2, 0x75, 0x3f, 0x0a, 0x06, 0x08, 0x80, 0x02, 0x00, 0x01, 0x00, 0x08,
  0x00, 0x22, 0x00, 0x00, 0xb2, 0x75, 0x3f, 0x0a, 0x08, 0x18, 0x80, 0x02,
  0x00, 0x01, 0x00, 0x08, 0x00, 0x22, 0x00, 0x00, 0xb2, 0x75, 0x3f, 0x0a,
  0x06, 0x10, 0x80, 0x02, 0x00, 0x01, 0x00, 0x08, 0x00, 0x22, 0x00, 0x00,
  0xb2, 0x75, 0x3f, 0x0a, 0x08, 0x20, 0x80, 0x02, 0x00, 0x01, 0x00, 0x08,
  0x00, 0x22, 0x00, 0x00, 0xb2, 0x75, 0x3f, 0x0a, 0x06, 0x28, 0x80, 0x02,
  0x00, 0x01, 0x00, 0x08, 0x00, 0x22, 0x00, 0x00, 0xb2, 0x75, 0x3f, 0x0a,
  0x08, 0x38, 0x80, 0x02, 0x00, 0x01, 0x00, 0x08, 0x00, 0x22, 0x00, 0x00,
  0xb2, 0x75, 0x3f, 0x0a, 0x06, 0x30, 0x80, 0x02, 0x00, 0x01, 0x00, 0x08,
  0x00, 0x22, 0x00, 0x00, 0xb2, 0x75, 0x3f, 0x0a, 0x08, 0x40, 0x80, 0x02,
  0x00, 0x01, 0x00, 0x08, 0x00, 0x22, 0x00, 0x00, 0xb2, 0x75, 0x3f, 0x0a,
  0x04, 0xd8, 0x80, 0x02, 0x00, 0x01, 0x00, 0x08, 0x00, 0x22, 0x00, 0x00,
  0xb2, 0x75, 0x3f, 0x0a, 0x04, 0xe0, 0x80, 0x02, 0x00, 0x01, 0x00, 0x08,
  0x00, 0x22, 0x00, 0x00, 0x18, 0x79, 0x00, 0x00, 0x00, 0x00, 0x00, 0x00,
  0x00, 0x00, 0x00, 0x00, 0x00, 0xe2, 0x0f, 0x00, 0x41, 0x79, 0x00, 0x00,
  0x00, 0x00, 0x00, 0x00, 0x00, 0x00, 0x80, 0x03, 0x00, 0xea, 0x1f, 0x00,
  0x89, 0x75, 0x00, 0x03, 0xff, 0x1f, 0x00, 0x00, 0x00, 0x00, 0x0e, 0x00,
  0x00, 0x22, 0x0e, 0x00, 0xb9, 0x7a, 0x0e, 0x00, 0x00, 0x82, 0x00, 0x00,
  0x00, 0x0a, 0x00, 0x00, 0x00, 0xe2, 0x0f, 0x00, 0x1d, 0x7b, 0x00, 0x00,
  0x00, 0x00, 0x00, 0x00, 0x00, 0x00, 0x01, 0x00, 0x00, 0xe2, 0xef, 0x01,
  0xca, 0x72, 0x08, 0x00, 0x00, 0x00, 0x00, 0x00, 0x00, 0x00, 0x0e, 0x00,
  0x00, 0xe4, 0x1f, 0x00, 0x12, 0x78, 0x00, 0x02, 0x7f, 0x00, 0x00, 0x00,
  0xff, 0xc0, 0x8e, 0x07, 0x00, 0xd6, 0x0f, 0x00, 0x8c, 0x78, 0x00, 0x08,
  0x02, 0x00, 0x00, 0x00, 0x70, 0x52, 0xf0, 0x0b, 0x00, 0xcc, 0x0f, 0x00,
  0x1c, 0x78, 0x00, 0x00, 0x00, 0x00, 0x00, 0x00, 0x08, 0xf0, 0xf0, 0x03,
  0x00, 0xda, 0x0f, 0x00, 0x47, 0x89, 0x70, 0x00, 0x94, 0x00, 0x00, 0x00,
  0x00, 0x00, 0x80, 0x03, 0x00, 0xea, 0x0f, 0x00, 0x18, 0x79, 0x00, 0x00,
  0x00, 0x00, 0x00, 0x00, 0x00, 0x00, 0x00, 0x00, 0x00, 0xd0, 0x0f, 0x00,
  0xc8, 0x79, 0x00, 0x00, 0xe8, 0x00, 0x00, 0x00, 0x00, 0x06, 0x00, 0x08,
  0x00, 0x24, 0x0e, 0x00, 0x1c, 0x78, 0x00, 0x00, 0x00, 0x00, 0x00, 0x00,
  0x08, 0xf0, 0xf0, 0x03, 0x00, 0xda, 0x1f, 0x00, 0x47, 0x89, 0xf0, 0x00,
  0xfc, 0xff, 0xff, 0xff, 0xff, 0xff, 0x83, 0x03, 0x00, 0xea, 0x0f, 0x00,
  0xb9, 0x7a, 0x04, 0x00, 0x00, 0x10, 0x01, 0x00, 0x00, 0x0a, 0x00, 0x00,
  0x00, 0xe2, 0x0f, 0x00, 0x82, 0x7b, 0x04, 0xff, 0x00, 0x10, 0x01, 0x00,
  0x00, 0x0a, 0x00, 0x00, 0x00, 0x22, 0x0e, 0x00, 0x8c, 0x72, 0x00, 0x04,
  0x3f, 0x00, 0x00, 0x00, 0x70, 0x50, 0xf0, 0x0b, 0x00, 0xc8, 0x0f, 0x00,
  0x8c, 0x72, 0x00, 0x05, 0x3f, 0x00, 0x00, 0x00, 0x00, 0x53, 0xf0, 0x0b,
  0x00, 0xcc, 0x0f, 0x00, 0x1c, 0x78, 0x00, 0x00, 0x00, 0x00, 0x00, 0x00,
  0x08, 0xf0, 0xf0, 0x03, 0x00, 0xda, 0x0f, 0x00, 0x81, 0x09, 0x04, 0x04,
  0x0e, 0x00, 0x00, 0x00, 0x00, 0x19, 0x1e, 0x0c, 0x00, 0xa2, 0x10, 0x00,
  0xc3, 0x79, 0x05, 0x00, 0x00, 0x00, 0x00, 0x00, 0x00, 0x88, 0x00, 0x00,
  0x00, 0x62, 0x0e, 0x00, 0x82, 0x78, 0x04, 0x00, 0x00, 0x04, 0x00, 0x00,
  0x00, 0x00, 0x00, 0x00, 0x00, 0xe2, 0x0f, 0x00, 0x24, 0x72, 0x12, 0xff,
  0xff, 0x00, 0x00, 0x00, 0xff, 0x00, 0x8e, 0x07, 0x00, 0xe4, 0x0f, 0x00,
  0x24, 0x72, 0x16, 0xff, 0xff, 0x00, 0x00, 0x00, 0xff, 0x00, 0x8e, 0x07,
  0x00, 0xc8, 0x0f, 0x00, 0xc3, 0x79, 0x06, 0x00, 0x00, 0x00, 0x00, 0x00,
  0x00, 0x2f, 0x00, 0x00, 0x00, 0xe2, 0x0e, 0x00, 0x91, 0x72, 0x04, 0x05,
  0x04, 0x00, 0x00, 0x00, 0x3f, 0xc0, 0x8e, 0x0f, 0x00, 0xce, 0x2f, 0x00,
  0x82, 0x7c, 0x18, 0x00, 0x04, 0x00, 0x00, 0x00, 0x00, 0x00, 0x00, 0x08,
  0x00, 0xe2, 0x0f, 0x00, 0x82, 0x7c, 0x19, 0x00, 0x06, 0x00, 0x00, 0x00,
  0x00, 0x00, 0x00, 0x08, 0x00, 0xe2, 0x8f, 0x00, 0x82, 0x7c, 0x06, 0x00,
  0x3f, 0x00, 0x00, 0x00, 0x00, 0x00, 0x00, 0x08, 0x00, 0xe2, 0x0f, 0x00,
  0x92, 0x78, 0x09, 0x18, 0xff, 0x03, 0x00, 0x00, 0x3f, 0xc0, 0x8e, 0x0f,
  0x00, 0xc8, 0x0f, 0x00, 0x8c, 0x72, 0x00, 0x09, 0x3f, 0x00, 0x00, 0x00,
  0x70, 0x50, 0xf2, 0x0b, 0x00, 0xe4, 0x0f, 0x00, 0x90, 0x78, 0x04, 0x18,
  0x00, 0x04, 0x00, 0x00, 0x09, 0xe8, 0xb5, 0x0f, 0x00, 0xe4, 0x0f, 0x00,
  0x8c, 0x72, 0x00, 0x3f, 0x3f, 0x00, 0x00, 0x00, 0x10, 0x53, 0xf2, 0x0b,
  0x00, 0xe4, 0x0f, 0x00, 0x90, 0x78, 0x05, 0x19, 0xff, 0xff, 0xff, 0xff,
  0x3f, 0x64, 0x7e, 0x09, 0x00, 0xe4, 0x0f, 0x00, 0x87, 0x72, 0x04, 0x18,
  0x04, 0x00, 0x00, 0x00, 0x00, 0x00, 0x80, 0x0c, 0x00, 0xe4, 0x0f, 0x00,
  0x87, 0x72, 0x05, 0x19, 0x05, 0x00, 0x00, 0x00, 0x00, 0x00, 0x80, 0x0c,
  0x00, 0xce, 0x0f, 0x00, 0x82, 0x7c, 0x04, 0x00, 0x04, 0x00, 0x00, 0x00,
  0x00, 0x00, 0x00, 0x08, 0x00, 0xe2, 0x0f, 0x00, 0x82, 0x7c, 0x05, 0x00,
  0x3f, 0x00, 0x00, 0x00, 0x00, 0x00, 0x00, 0x08, 0x00, 0xe2, 0x0f, 0x00,
  0x02, 0x7c, 0x14, 0x00, 0x04, 0x00, 0x00, 0x00, 0x00, 0x0f, 0x00, 0x08,
  0x00, 0xe2, 0x0f, 0x00, 0x82, 0x7c, 0x04, 0x00, 0x3f, 0x00, 0x00, 0x00,
  0x00, 0x00, 0x00, 0x08, 0x00, 0xc6, 0x0f, 0x00, 0xca, 0x72, 0x07, 0x14,
  0x00, 0x00, 0x00, 0x00, 0x00, 0x00, 0x0e, 0x00, 0x00, 0xe4, 0x0f, 0x04,
  0x10, 0x78, 0x05, 0x14, 0x00, 0x80, 0x00, 0x00, 0xff, 0xe0, 0xff, 0x07,
  0x00, 0xc8, 0x1f, 0x00, 0x19, 0x78, 0x5b, 0x05, 0x07, 0x00, 0x00, 0x00,
  0xff, 0x12, 0x00, 0x00, 0x00, 0xe4, 0x0f, 0x04, 0x19, 0x78, 0x5a, 0x05,
  0x04, 0x00, 0x00, 0x00, 0xff, 0x12, 0x00, 0x00, 0x00, 0xe4, 0x0f, 0x00,
  0x12, 0x78, 0x5b, 0x5b, 0x07, 0x00, 0x00, 0x00, 0xff, 0xc0, 0x8e, 0x07,
  0x00, 0xe4, 0x0f, 0x00, 0x12, 0x78, 0x5a, 0x5a, 0xff, 0x3f, 0x00, 0x00,
  0xff, 0xc0, 0x8e, 0x07, 0x00, 0xe2, 0x0f, 0x00, 0x91, 0x72, 0x07, 0x08,
  0x07, 0x00, 0x00, 0x00, 0x3f, 0x70, 0x8e, 0x0f, 0x00, 0xe2, 0x0f, 0x00,
  0x19, 0x78, 0x5b, 0x5b, 0x11, 0x00, 0x00, 0x00, 0xff, 0x06, 0x00, 0x00,
  0x00, 0xc6, 0x0f, 0x00, 0x99, 0x78, 0x0b, 0x07, 0x07, 0x00, 0x00, 0x00,
  0x3f, 0x12, 0x00, 0x08, 0x00, 0xe2, 0x0f, 0x00, 0x12, 0x78, 0x5b, 0x5b,
  0x40, 0x00, 0x00, 0x40, 0xff, 0xfc, 0x8e, 0x07, 0x00, 0xe2, 0x0f, 0x00,
  0x99, 0x78, 0x0d, 0x07, 0x04, 0x00, 0x00, 0x00, 0x3f, 0x12, 0x00, 0x08,
  0x00, 0xe4, 0x0f, 0x00, 0x92, 0x78, 0x07, 0x0b, 0x07, 0x00, 0x00, 0x00,
  0x3f, 0xc0, 0x8e, 0x0f, 0x00, 0xe4, 0x0f, 0x00, 0x92, 0x78, 0x0d, 0x0d,
  0xff, 0x3f, 0x00, 0x00, 0x3f, 0xc0, 0x8e, 0x0f, 0x00, 0xe4, 0x0f, 0x00,
  0x99, 0x78, 0x07, 0x07, 0x11, 0x00, 0x00, 0x00, 0x3f, 0x06, 0x00, 0x08,
  0x00, 0xe4, 0x0f, 0x00, 0x90, 0x78, 0x0b, 0x0d, 0x00, 0x02, 0x00, 0x00,
  0x3f, 0xe0, 0xf5, 0x0f, 0x00, 0xc4, 0x0f, 0x00, 0x92, 0x78, 0x07, 0x07,
  0x40, 0x00, 0x00, 0x40, 0x3f, 0xfc, 0x8e, 0x0f, 0x00, 0xe2, 0x0f, 0x00,
  0x24, 0x7e, 0x5d, 0xff, 0x0d, 0x00, 0x00, 0x00, 0xff, 0x00, 0x8e, 0x0f,
  0x00, 0xc6, 0x0f, 0x00, 0x90, 0x72, 0x0c, 0x3f, 0x07, 0x00, 0x00, 0x00,
  0x3f, 0xe4, 0x7f, 0x09, 0x00, 0xe4, 0x0f, 0x00, 0x02, 0x7c, 0x5f, 0x00,
  0x07, 0x00, 0x00, 0x00, 0x00, 0x0f, 0x00, 0x08, 0x00, 0xe2, 0x0f, 0x00,
  0x82, 0x7c, 0x07, 0x00, 0x3f, 0x00, 0x00, 0x00, 0x00, 0x00, 0x00, 0x08,
  0x00, 0xe2, 0x0f, 0x00, 0xca, 0x02, 0x0a, 0x04, 0x00, 0x00, 0x00, 0x00,
  0x00, 0x00, 0x0e, 0x00, 0x00, 0xe4, 0x4f, 0x00, 0x10, 0x78, 0x04, 0x14,
  0x00, 0x80, 0x01, 0x00, 0xff, 0xe0, 0xff, 0x07, 0x00, 0xc8, 0x0f, 0x00,
  0x12, 0x78, 0x58, 0x04, 0xf0, 0xff, 0x03, 0x00, 0xff, 0xc0, 0x8e, 0x07,
  0x00, 0xe2, 0x0f, 0x04, 0x24, 0x78, 0x04, 0x04, 0x00, 0x04, 0x00, 0x00,
  0xff, 0x00, 0x8e, 0x07, 0x00, 0xc6, 0x0f, 0x00, 0x19, 0x78, 0x58, 0x58,
  0x04, 0x00, 0x00, 0x00, 0xff, 0x12, 0x00, 0x00, 0x00, 0xe2, 0x0f, 0x00,
  0xb9, 0x8a, 0x0a, 0x00, 0x00, 0x0c, 0x01, 0x00, 0x00, 0x08, 0x00, 0x00,
  0x00, 0xe2, 0x0f, 0x00, 0x12, 0x78, 0x04, 0x04, 0x00, 0x00, 0x0e, 0x00,
  0xff, 0xc0, 0x8e, 0x07, 0x00, 0xe4, 0x0f, 0x00, 0x12, 0x78, 0x58, 0x58,
  0x00, 0x00, 0x00, 0x04, 0xff, 0xfc, 0x8e, 0x07, 0x00, 0xe4, 0x0f, 0x00,
  0x12, 0x78, 0x59, 0x04, 0x40, 0x00, 0x00, 0x40, 0xff, 0xfc, 0x8e, 0x07,
  0x00, 0xce, 0x0f, 0x00, 0x24, 0x7e, 0x07, 0xff, 0x08, 0x00, 0x00, 0x00,
  0xff, 0x00, 0x8e, 0x0f, 0x00, 0xe2, 0x0f, 0x00, 0x12, 0x78, 0x05, 0x12,
  0x01, 0x00, 0x00, 0x00, 0xff, 0xc0, 0x8e, 0x07, 0x00, 0xe2, 0x0f, 0x00,
  0x46, 0x79, 0x00, 0x00, 0x00, 0x00, 0x00, 0x00, 0x00, 0x00, 0x80, 0x03,
  0x00, 0xea, 0x0f, 0x00, 0x24, 0x78, 0x14, 0x07, 0x38, 0x00, 0x00, 0x00,
  0x14, 0x02, 0x8e, 0x07, 0x00, 0xe2, 0x0f, 0x00, 0x19, 0x78, 0x05, 0x05,
  0x1f, 0x00, 0x00, 0x00, 0xff, 0x06, 0x00, 0x00, 0x00, 0xe2, 0x0f, 0x00,
  0x45, 0x79, 0x00, 0x00, 0x50, 0x00, 0x00, 0x00, 0x00, 0x00, 0x80, 0x03,
  0x00, 0xe6, 0x0f, 0x00, 0xa7, 0x75, 0x00, 0x14, 0x05, 0x68, 0x80, 0x02,
  0x7f, 0x01, 0x00, 0x08, 0x00, 0x24, 0x1e, 0x00, 0x47, 0x09, 0x08, 0x00,
  0x00, 0x00, 0x00, 0x00, 0x00, 0x00, 0x80, 0x03, 0x00, 0xea, 0x7f, 0x00,
  0xa7, 0x75, 0x00, 0x14, 0x05, 0x68, 0x80, 0x02, 0x7f, 0x01, 0x00, 0x08,
  0x00, 0x24, 0x0e, 0x00, 0x47, 0x89, 0xf4, 0x00, 0xb0, 0x00, 0x00, 0x00,
  0x00, 0x00, 0x80, 0x03, 0x00, 0xea, 0x1f, 0x00, 0x41, 0x79, 0x00, 0x00,
  0x00, 0x00, 0x00, 0x00, 0x00, 0x00, 0x80, 0x03, 0x00, 0xea, 0x0f, 0x00,
  0x90, 0x78, 0x12, 0x18, 0x00, 0x04, 0x00, 0x00, 0x09, 0xe8, 0xa1, 0x0f,
  0x00, 0xc8, 0x0f, 0x00, 0x90, 0x78, 0x13, 0x19, 0xff, 0xff, 0xff, 0xff,
  0x3f, 0x44, 0x7e, 0x08, 0x00, 0xe4, 0x0f, 0x00, 0x87, 0x72, 0x12, 0x18,
  0x12, 0x00, 0x00, 0x00, 0x00, 0x00, 0x80, 0x0c, 0x00, 0xe4, 0x0f, 0x00,
  0x87, 0x72, 0x13, 0x19, 0x13, 0x00, 0x00, 0x00, 0x00, 0x00, 0x80, 0x0c,
  0x00, 0xc8, 0x0f, 0x00, 0xa5, 0x78, 0x14, 0x08, 0x38, 0x00, 0x00, 0x00,
  0x12, 0x02, 0x8e, 0x0f, 0x00, 0xcc, 0x0f, 0x00, 0x02, 0x7c, 0x04, 0x00,
  0x14, 0x00, 0x00, 0x00, 0x00, 0x0f, 0x00, 0x08, 0x00, 0xe2, 0x0f, 0x00,
  0x24, 0x7e, 0x05, 0xff, 0x15, 0x00, 0x00, 0x00, 0xff, 0x00, 0x8e, 0x0f,
  0x00, 0xca, 0x1f, 0x00, 0x80, 0x79, 0x07, 0x04, 0x0e, 0x84, 0x80, 0x02,
  0x00, 0x19, 0x10, 0x0c, 0x00, 0xa8, 0x0e, 0x00, 0x80, 0x79, 0x06, 0x04,
  0x0e, 0x94, 0x80, 0x02, 0x00, 0x19, 0x10, 0x0c, 0x00, 0xe8, 0x0e, 0x00,
  0x80, 0x79, 0x17, 0x04, 0x0e, 0x78, 0x80, 0x02, 0x00, 0x19, 0x10, 0x0c,
  0x00, 0x68, 0x01, 0x00, 0x80, 0x79, 0x15, 0x04, 0x0e, 0x7c, 0x80, 0x02,
  0x00, 0x19, 0x10, 0x0c, 0x00, 0x68, 0x01, 0x00, 0x80, 0x79, 0x13, 0x04,
  0x0e, 0x80, 0x80, 0x02, 0x00, 0x19, 0x10, 0x0c, 0x00, 0x68, 0x01, 0x00,
  0x80, 0x79, 0x11, 0x04, 0x0e, 0x88, 0x80, 0x02, 0x00, 0x19, 0x10, 0x0c,
  0x00, 0x68, 0x01, 0x00, 0x80, 0x79, 0x09, 0x04, 0x0e, 0x90, 0x80, 0x02,
  0x00, 0x19, 0x10, 0x0c, 0x00, 0x62, 0x01, 0x00, 0x82, 0x7c, 0x12, 0x00,
  0x12, 0x00, 0x00, 0x00, 0x00, 0x00, 0x00, 0x08, 0x00, 0xe2, 0x0f, 0x00,
  0x92, 0x79, 0x00, 0x00, 0x00, 0x00, 0x00, 0x00, 0x00, 0x80, 0x00, 0x00,
  0x00, 0xec, 0x03, 0x00, 0xc6, 0x73, 0x00, 0x00, 0x00, 0x00, 0x00, 0x00,
  0x00, 0x00, 0x00, 0x00, 0x00, 0x64, 0x2e, 0x00, 0xa7, 0x79, 0xff, 0x14,
  0xff, 0x70, 0x80, 0x02, 0x3f, 0x00, 0x10, 0x08, 0x00, 0xe4, 0x23, 0x00,
  0x02, 0x7c, 0x14, 0x00, 0x12, 0x00, 0x00, 0x00, 0x00, 0x0f, 0x00, 0x08,
  0x00, 0xc4, 0x2f, 0x00, 0x0c, 0x78, 0x00, 0x07, 0xff, 0xff, 0xff, 0xff,
  0x70, 0x52, 0xf0, 0x03, 0x00, 0xe4, 0x4f, 0x00, 0x19, 0x78, 0x07, 0xff,
  0x1f, 0x00, 0x00, 0x00, 0x06, 0x14, 0x01, 0x00, 0x00, 0xd6, 0x8f, 0x00,
  0x4d, 0x89, 0x00, 0x00, 0x00, 0x00, 0x00, 0x00, 0x00, 0x00, 0x80, 0x03,
  0x00, 0xea, 0x1f, 0x00, 0xb9, 0x7a, 0x12, 0x00, 0x00, 0xa6, 0x00, 0x00,
  0x00, 0x0a, 0x00, 0x00, 0x00, 0xe2, 0x0f, 0x00, 0x24, 0x72, 0x10, 0xff,
  0xff, 0x00, 0x00, 0x00, 0xff, 0x00, 0x8e, 0x07, 0x00, 0xe2, 0x0f, 0x00,
  0x0c, 0x7c, 0x00, 0xff, 0x12, 0x00, 0x00, 0x00, 0x70, 0x50, 0xf0, 0x0b,
  0x00, 0xc8, 0x0f, 0x00, 0x0c, 0x7c, 0x00, 0xff, 0x13, 0x00, 0x00, 0x00,
  0x00, 0x53, 0xf2, 0x0b, 0x00, 0xe4, 0x0f, 0x00, 0x12, 0x78, 0x12, 0x12,
  0x01, 0x00, 0x00, 0x00, 0xff, 0x3c, 0x8e, 0x07, 0x00, 0xe4, 0x0f, 0x00,
  0x03, 0x78, 0x98, 0xff, 0x02, 0x00, 0x00, 0x00, 0x00, 0x00, 0x00, 0x00,
  0x00, 0xd2, 0x0f, 0x00, 0x11, 0x1c, 0x04, 0x06, 0x12, 0x00, 0x00, 0x00,
  0xff, 0x10, 0x80, 0x0f, 0x00, 0xe2, 0x0f, 0x00, 0xb9, 0x7a, 0x12, 0x00,
  0x00, 0x1e, 0x01, 0x00, 0x00, 0x08, 0x00, 0x00, 0x00, 0xc6, 0x0f, 0x00,
  0x11, 0x1c, 0x05, 0x06, 0x13, 0x00, 0x00, 0x00, 0x07, 0x14, 0x0f, 0x08,
  0x00, 0xe4, 0x0f, 0x04, 0x82, 0x7b, 0x07, 0xff, 0x00, 0x1b, 0x01, 0x00,
  0x00, 0x08, 0x00, 0x00, 0x00, 0x26, 0x0e, 0x00, 0x81, 0x19, 0x10, 0x04,
  0x0e, 0x00, 0x00, 0x00, 0x00, 0x19, 0x1e, 0x0c, 0x00, 0x62, 0x03, 0x00,
  0x10, 0x7c, 0x06, 0x06, 0x12, 0x00, 0x00, 0x00, 0xff, 0xe0, 0xff, 0x0f,
  0x00, 0xe2, 0x0f, 0x00, 0xb9, 0x7a, 0x12, 0x00, 0x00, 0x1c, 0x01, 0x00,
  0x00, 0x0a, 0x00, 0x00, 0x00, 0xc6, 0x0f, 0x00, 0x0c, 0x72, 0x00, 0x06,
  0x07, 0x00, 0x00, 0x00, 0x70, 0x62, 0xf0, 0x03, 0x00, 0xc8, 0x1f, 0x00,
  0x07, 0x72, 0x07, 0x07, 0xff, 0x00, 0x00, 0x00, 0x00, 0x00, 0x00, 0x00,
  0x00, 0xca, 0x0f, 0x00, 0x24, 0x78, 0x07, 0x06, 0x01, 0x00, 0x00, 0x00,
  0x07, 0x0a, 0x8e, 0x07, 0x00, 0xca, 0x0f, 0x00, 0x19, 0x78, 0x06, 0x07,
  0x01, 0x00, 0x00, 0x00, 0xff, 0x06, 0x00, 0x00, 0x00, 0xe4, 0x0f, 0x04,
  0x11, 0x78, 0x07, 0x07, 0x02, 0x00, 0x00, 0x00, 0xff, 0x08, 0x8e, 0x07,
  0x00, 0xc6, 0x0f, 0x00, 0x36, 0x08, 0x07, 0x06, 0x01, 0x00, 0x00, 0x00,
  0x00, 0x00, 0x00, 0x00, 0x00, 0xe2, 0x0f, 0x00, 0x0c, 0x7c, 0x00, 0x17,
  0x08, 0x00, 0x00, 0x00, 0x70, 0x42, 0xf0, 0x0b, 0x00, 0xc8, 0x0f, 0x02,
  0x45, 0x72, 0x07, 0x00, 0x07, 0x00, 0x00, 0x00, 0x00, 0x14, 0x20, 0x00,
  0x00, 0xca, 0x0f, 0x00, 0x20, 0x7c, 0x07, 0x07, 0x12, 0x00, 0x00, 0x00,
  0x00, 0x00, 0x41, 0x08, 0x00, 0xcc, 0x0f, 0x00, 0x08, 0x73, 0x07, 0x00,
  0x07, 0x00, 0x00, 0x00, 0x00, 0x08, 0x00, 0x00, 0x00, 0x24, 0x0e, 0x00,
  0x20, 0x7c, 0x0e, 0x07, 0x13, 0x00, 0x00, 0x00, 0x00, 0x00, 0x41, 0x08,
  0x00, 0xe2, 0x1f, 0x00, 0x47, 0x89, 0x18, 0x00, 0xfc, 0xff, 0xff, 0xff,
  0xff, 0xff, 0x83, 0x03, 0x00, 0xec, 0x2f, 0x00, 0x19, 0x78, 0x04, 0x02,
  0x02, 0x00, 0x00, 0x00, 0xff, 0x06, 0x00, 0x00, 0x00, 0xe4, 0x0f, 0x00,
  0x02, 0x7c, 0x0c, 0x00, 0x08, 0x00, 0x00, 0x00, 0x00, 0x0f, 0x00, 0x08,
  0x00, 0xe4, 0x0f, 0x00, 0x12, 0x78, 0x04, 0x04, 0x0c, 0x00, 0x00, 0x00,
  0xff, 0xc0, 0x8e, 0x07, 0x00, 0xca, 0x0f, 0x00, 0x24, 0x78, 0x04, 0x09,
  0x00, 0x01, 0x00, 0x00, 0x04, 0x02, 0x8e, 0x07, 0x00, 0xca, 0x0f, 0x00,
  0x19, 0x78, 0x05, 0xff, 0x1f, 0x00, 0x00, 0x00, 0x04, 0x14, 0x01, 0x00,
  0x00, 0xce, 0x0f, 0x00, 0x90, 0x78, 0x12, 0x18, 0x00, 0x04, 0x00, 0x00,
  0x09, 0xe8, 0xa1, 0x0f, 0x00, 0xe2, 0x0f, 0x00, 0x24, 0x7e, 0x0b, 0xff,
  0x08, 0x00, 0x00, 0x00, 0xff, 0x00, 0x8e, 0x0f, 0x00, 0xe2, 0x0f, 0x00,
  0x12, 0x78, 0x07, 0x16, 0x01, 0x00, 0x00, 0x00, 0xff, 0xc0, 0x8e, 0x07,
  0x00, 0xe2, 0x0f, 0x00, 0x24, 0x78, 0x99, 0x0c, 0x40, 0x00, 0x00, 0x00,
  0x15, 0x02, 0x8e, 0x07, 0x00, 0xe2, 0x0f, 0x00, 0x90, 0x78, 0x13, 0x19,
  0xff, 0xff, 0xff, 0xff, 0x3f, 0x44, 0x7e, 0x08, 0x00, 0xe2, 0x0f, 0x00,
  0x45, 0x79, 0x00, 0x00, 0xf0, 0x00, 0x00, 0x00, 0x00, 0x00, 0x80, 0x03,
  0x00, 0xe2, 0x0f, 0x00, 0x87, 0x72, 0x12, 0x18, 0x12, 0x00, 0x00, 0x00,
  0x00, 0x00, 0x80, 0x0c, 0x00, 0xe2, 0x0f, 0x00, 0x19, 0x78, 0x07, 0x07,
  0x1f, 0x00, 0x00, 0x00, 0xff, 0x06, 0x00, 0x00, 0x00, 0xe2, 0x0f, 0x00,
  0x87, 0x72, 0x13, 0x19, 0x13, 0x00, 0x00, 0x00, 0x00, 0x00, 0x80, 0x0c,
  0x00, 0xc8, 0x0f, 0x00, 0x24, 0x7e, 0x08, 0xff, 0x12, 0x00, 0x00, 0x00,
  0xff, 0x00, 0x8e, 0x0f, 0x00, 0xe2, 0x0f, 0x00, 0x82, 0x78, 0x12, 0x00,
  0x80, 0x00, 0x00, 0x00, 0x00, 0x00, 0x00, 0x00, 0x00, 0xe2, 0x0f, 0x00,
  0x02, 0x7c, 0x09, 0x00, 0x13, 0x00, 0x00, 0x00, 0x00, 0x0f, 0x00, 0x08,
  0x00, 0xe2, 0x0f, 0x00, 0xa4, 0x78, 0x12, 0x08, 0xc0, 0xff, 0xff, 0xff,
  0x12, 0x02, 0x8e, 0x0f, 0x00, 0xc6, 0x0f, 0x00, 0x02, 0x72, 0x14, 0x00,
  0x08, 0x00, 0x00, 0x00, 0x00, 0x0f, 0x00, 0x00, 0x00, 0xc6, 0x0f, 0x00,
  0x10, 0x7c, 0x9a, 0x99, 0x12, 0x00, 0x00, 0x00, 0xff, 0xe0, 0xff, 0x0f,
  0x00, 0xe4, 0x0f, 0x00, 0x11, 0x72, 0x5c, 0x0b, 0x14, 0x00, 0x00, 0x00,
  0xff, 0x20, 0x8e, 0x07, 0x00, 0xc8, 0x0f, 0x00, 0xa7, 0x75, 0x00, 0x5c,
  0x07, 0x48, 0x80, 0x02, 0x7f, 0x01, 0x00, 0x08, 0x00, 0x24, 0x1e, 0x00,
  0x47, 0x09, 0x08, 0x00, 0x00, 0x00, 0x00, 0x00, 0x00, 0x00, 0x80, 0x03,
  0x00, 0xea, 0x7f, 0x00, 0xa7, 0x75, 0x00, 0x5c, 0x07, 0x48, 0x80, 0x02,
  0x7f, 0x01, 0x00, 0x08, 0x00, 0x24, 0x0e, 0x00, 0x47, 0x89, 0xe4, 0x00,
  0xac, 0x00, 0x00, 0x00, 0x00, 0x00, 0x80, 0x03, 0x00, 0xea, 0x1f, 0x00,
  0x41, 0x79, 0x00, 0x00, 0x00, 0x00, 0x00, 0x00, 0x00, 0x00, 0x80, 0x03,
  0x00, 0xea, 0x0f, 0x00, 0x99, 0x72, 0x12, 0x3f, 0x06, 0x00, 0x00, 0x00,
  0x07, 0x16, 0x01, 0x08, 0x00, 0xe4, 0x0f, 0x00, 0x24, 0x7e, 0x9b, 0xff,
  0x06, 0x00, 0x00, 0x00, 0xff, 0x00, 0x8e, 0x0f, 0x00, 0xe2, 0x0f, 0x00,
  0x0c, 0x72, 0x00, 0x00, 0xff, 0x00, 0x00, 0x00, 0x70, 0x52, 0xf0, 0x03,
  0x00, 0xe2, 0x0f, 0x00, 0x92, 0x78, 0x12, 0x12, 0x01, 0x00, 0x00, 0x00,
  0x3f, 0xc0, 0x8e, 0x0f, 0x00, 0xe4, 0x0f, 0x00, 0x24, 0x78, 0x9b, 0x9b,
  0x08, 0x00, 0x00, 0x00, 0x14, 0x02, 0x8e, 0x07, 0x00, 0xe2, 0x0f, 0x00,
  0x02, 0x7c, 0x0b, 0x00, 0x08, 0x00, 0x00, 0x00, 0x00, 0x0f, 0x00, 0x08,
  0x00, 0xc6, 0x0f, 0x00, 0x02, 0x7c, 0x06, 0x00, 0x12, 0x00, 0x00, 0x00,
  0x00, 0x0f, 0x00, 0x08, 0x00, 0xc8, 0x0f, 0x00, 0x19, 0x78, 0x06, 0x06,
  0x1f, 0x00, 0x00, 0x00, 0xff, 0x06, 0x00, 0x00, 0x00, 0xc8, 0x0f, 0x00,
  0xa7, 0x75, 0x00, 0x9b, 0x06, 0x08, 0x80, 0x02, 0x7f, 0x01, 0x02, 0x08,
  0x00, 0x64, 0x0e, 0x00, 0x47, 0x19, 0x08, 0x00, 0x00, 0x00, 0x00, 0x00,
  0x00, 0x00, 0x80, 0x03, 0x00, 0xea, 0x2f, 0x00, 0xa7, 0x75, 0x00, 0x9b,
  0x06, 0x08, 0x80, 0x02, 0x7f, 0x01, 0x02, 0x08, 0x00, 0x64, 0x0e, 0x00,
  0x47, 0x99, 0xc4, 0x00, 0xac, 0x00, 0x00, 0x00, 0x00, 0x00, 0x80, 0x03,
  0x00, 0xea, 0x2f, 0x00, 0x24, 0x72, 0x06, 0xff, 0xff, 0x00, 0x00, 0x00,
  0x5d, 0x00, 0x8e, 0x07, 0x00, 0xe2, 0x2f, 0x00, 0x02, 0x72, 0x07, 0x00,
  0x5f, 0x00, 0x00, 0x00, 0x00, 0x0f, 0x00, 0x00, 0x00, 0xe2, 0x1f, 0x00,
  0x48, 0x79, 0x00, 0x00, 0x00, 0x00, 0x00, 0x00, 0x00, 0x00, 0x80, 0x03,
  0x00, 0xea, 0x0f, 0x00, 0xca, 0x72, 0x14, 0x06, 0x00, 0x00, 0x00, 0x00,
  0x00, 0x00, 0x0e, 0x00, 0x00, 0xe2, 0x0f, 0x00, 0x24, 0x72, 0x06, 0xff,
  0xff, 0x00, 0x00, 0x00, 0x5a, 0x00, 0x8e, 0x07, 0x00, 0xe2, 0x0f, 0x00,
  0xca, 0x72, 0x15, 0x07, 0x00, 0x00, 0x00, 0x00, 0x00, 0x00, 0x0e, 0x00,
  0x00, 0xe2, 0x0f, 0x00, 0x24, 0x84, 0x0f, 0xff, 0x01, 0x00, 0x00, 0x00,
  0xff, 0x00, 0x8e, 0x07, 0x00, 0xe2, 0x0f, 0x00, 0x02, 0x72, 0x07, 0x00,
  0x5b, 0x00, 0x00, 0x00, 0x00, 0x0f, 0x00, 0x00, 0x00, 0xe2, 0x0f, 0x00,
  0x45, 0x79, 0x00, 0x00, 0x50, 0x06, 0x00, 0x00, 0x00, 0x00, 0x80, 0x03,
  0x00, 0xe2, 0x0f, 0x00, 0xca, 0x72, 0x16, 0x06, 0x00, 0x00, 0x00, 0x00,
  0x00, 0x00, 0x0e, 0x00, 0x00, 0xc4, 0x0f, 0x00, 0xca, 0x72, 0x17, 0x07,
  0x00, 0x00, 0x00, 0x00, 0x00, 0x00, 0x0e, 0x00, 0x00, 0xe2, 0x0f, 0x00,
  0x25, 0x88, 0x06, 0x0b, 0x04, 0x00, 0x00, 0x00, 0x08, 0x02, 0x8e, 0x07,
  0x00, 0xe2, 0x0f, 0x00, 0x10, 0x78, 0x0d, 0x03, 0x03, 0x00, 0x00, 0x00,
  0xff, 0xe0, 0xff, 0x07, 0x00, 0xe4, 0x0f, 0x00, 0x10, 0x78, 0x0a, 0x5a,
  0x02, 0x00, 0x00, 0x00, 0xff, 0xe0, 0xff, 0x07, 0x00, 0xe2, 0x0f, 0x00,
  0x36, 0x78, 0x08, 0x5d, 0x02, 0x00, 0x00, 0x00, 0x00, 0x00, 0x00, 0x00,
  0x00, 0xe2, 0x0f, 0x04, 0x85, 0x89, 0x00, 0x06, 0x0f, 0xe8, 0x80, 0x02,
  0x0e, 0x19, 0x10, 0x0c, 0x00, 0xe2, 0x01, 0x00, 0x24, 0x72, 0x09, 0xff,
  0xff, 0x00, 0x00, 0x00, 0x5f, 0x00, 0x8e, 0x07, 0x00, 0xe2, 0x0f, 0x00,
  0x02, 0x72, 0x0b, 0x00, 0x5b, 0x00, 0x00, 0x00, 0x00, 0x0f, 0x00, 0x00,
  0x00, 0xe2, 0x0f, 0x00, 0x1d, 0x75, 0x00, 0x00, 0x0d, 0x00, 0x02, 0x00,
  0x00, 0x00, 0x01, 0x00, 0x00, 0xe2, 0x03, 0x00, 0x0c, 0x7c, 0x00, 0x5d,
  0x0b, 0x00, 0x00, 0x00, 0x70, 0x10, 0xf2, 0x0b, 0x00, 0xe2, 0x0f, 0x04,
  0x36, 0x78, 0x06, 0x5d, 0x04, 0x00, 0x00, 0x00, 0x00, 0x00, 0x00, 0x00,
  0x00, 0xc4, 0x1f, 0x00, 0x24, 0x72, 0x07, 0xff, 0xff, 0x00, 0x00, 0x00,
  0x5f, 0x00, 0x8e, 0x07, 0x00, 0xe4, 0x0f, 0x00, 0xc5, 0x79, 0x00, 0x00,
  0x00, 0x00, 0x00, 0x00, 0x00, 0x00, 0x00, 0x00, 0x00, 0xcc, 0x0f, 0x00,
  0xf0, 0x79, 0x18, 0x14, 0x00, 0x00, 0xe0, 0x01, 0xff, 0x18, 0x70, 0x0c,
  0x00, 0xe2, 0x0f, 0x00, 0xca, 0x72, 0x14, 0x08, 0x00, 0x00, 0x00, 0x00,
  0x00, 0x00, 0x0e, 0x00, 0x00, 0xe4, 0x0f, 0x00, 0xca, 0x72, 0x15, 0x09,
  0x00, 0x00, 0x00, 0x00, 0x00, 0x00, 0x0e, 0x00, 0x00, 0xe4, 0x0f, 0x00,
  0xca, 0x72, 0x16, 0x0a, 0x00, 0x00, 0x00, 0x00, 0x00, 0x00, 0x0e, 0x00,
  0x00, 0xe4, 0x0f, 0x00, 0xca, 0x72, 0x17, 0x0b, 0x00, 0x00, 0x00, 0x00,
  0x00, 0x00, 0x0e, 0x00, 0x00, 0xe2, 0x0f, 0x00, 0x24, 0x72, 0x0b, 0xff,
  0xff, 0x00, 0x00, 0x00, 0x5f, 0x00, 0x8e, 0x07, 0x00, 0xe2, 0x0f, 0x00,
  0x10, 0x78, 0x08, 0x5a, 0x04, 0x00, 0x00, 0x00, 0xff, 0xe0, 0xff, 0x07,
  0x00, 0xe4, 0x0f, 0x00, 0x02, 0x72, 0x09, 0x00, 0x5b, 0x00, 0x00, 0x00,
  0x00, 0x0f, 0x00, 0x00, 0x00, 0xd2, 0x0f, 0x00, 0xf0, 0x79, 0x18, 0x14,
  0x00, 0x00, 0xe0, 0x01, 0x18, 0x18, 0x70, 0x08, 0x00, 0xe2, 0x0f, 0x00,
  0xca, 0x72, 0x14, 0x06, 0x00, 0x00, 0x00, 0x00, 0x00, 0x00, 0x0e, 0x00,
  0x00, 0xe2, 0x0f, 0x00, 0x36, 0x78, 0x06, 0x5d, 0x06, 0x00, 0x00, 0x00,
  0x00, 0x00, 0x00, 0x00, 0x00, 0xe2, 0x0f, 0x00, 0xca, 0x72, 0x15, 0x07,
  0x00, 0x00, 0x00, 0x00, 0x00, 0x00, 0x0e, 0x00, 0x00, 0xe2, 0x0f, 0x00,
  0x24, 0x72, 0x07, 0xff, 0xff, 0x00, 0x00, 0x00, 0x5f, 0x00, 0x8e, 0x07,
  0x00, 0xe2, 0x0f, 0x00, 0xca, 0x72, 0x16, 0x08, 0x00, 0x00, 0x00, 0x00,
  0x00, 0x00, 0x0e, 0x00, 0x00, 0xe4, 0x0f, 0x00, 0xca, 0x72, 0x17, 0x09,
  0x00, 0x00, 0x00, 0x00, 0x00, 0x00, 0x0e, 0x00, 0x00, 0xe4, 0x0f, 0x00,
  0x10, 0x78, 0x08, 0x5a, 0x06, 0x00, 0x00, 0x00, 0xff, 0xe0, 0xff, 0x07,
  0x00, 0xe4, 0x0f, 0x00, 0x02, 0x72, 0x09, 0x00, 0x5b, 0x00, 0x00, 0x00,
  0x00, 0x0f, 0x00, 0x00, 0x00, 0xd2, 0x0f, 0x00, 0xf0, 0x79, 0x18, 0x14,
  0x00, 0x00, 0xe0, 0x01, 0x18, 0x18, 0x70, 0x08, 0x00, 0xe2, 0x0f, 0x00,
  0xca, 0x72, 0x14, 0x06, 0x00, 0x00, 0x00, 0x00, 0x00, 0x00, 0x0e, 0x00,
  0x00, 0xe2, 0x0f, 0x00, 0x36, 0x78, 0x06, 0x14, 0x00, 0x80, 0x00, 0x00,
  0x00, 0x00, 0x00, 0x00, 0x00, 0xe2, 0x0f, 0x00, 0xca, 0x72, 0x15, 0x07,
  0x00, 0x00, 0x00, 0x00, 0x00, 0x00, 0x0e, 0x00, 0x00, 0xe4, 0x0f, 0x00,
  0xca, 0x72, 0x16, 0x08, 0x00, 0x00, 0x00, 0x00, 0x00, 0x00, 0x0e, 0x00,
  0x00, 0xe4, 0x0f, 0x00, 0xca, 0x72, 0x17, 0x09, 0x00, 0x00, 0x00, 0x00,
  0x00, 0x00, 0x0e, 0x00, 0x00, 0xe4, 0x0f, 0x00, 0x19, 0x78, 0x07, 0x06,
  0x07, 0x00, 0x00, 0x00, 0xff, 0x12, 0x00, 0x00, 0x00, 0xe4, 0x0f, 0x04,
  0x19, 0x78, 0x06, 0x06, 0x04, 0x00, 0x00, 0x00, 0xff, 0x12, 0x00, 0x00,
  0x00, 0xc4, 0x0f, 0x00, 0x12, 0x78, 0x07, 0x07, 0x07, 0x00, 0x00, 0x00,
  0xff, 0xc0, 0x8e, 0x07, 0x00, 0xe4, 0x0f, 0x00, 0x12, 0x78, 0x06, 0x06,
  0xff, 0x3f, 0x00, 0x00, 0xff, 0xc0, 0x8e, 0x07, 0x00, 0xe4, 0x0f, 0x00,
  0x19, 0x78, 0x07, 0x07, 0x11, 0x00, 0x00, 0x00, 0xff, 0x06, 0x00, 0x00,
  0x00, 0xe4, 0x0f, 0x00, 0x10, 0x78, 0x0f, 0x06, 0x00, 0x0c, 0x00, 0x00,
  0xff, 0xe0, 0xf7, 0x07, 0x00, 0xe2, 0x0f, 0x00, 0x24, 0x7e, 0x06, 0xff,
  0x0c, 0x00, 0x00, 0x00, 0xff, 0x00, 0x8e, 0x0f, 0x00, 0xe2, 0x0f, 0x00,
  0x12, 0x78, 0x07, 0x07, 0x40, 0x00, 0x00, 0x40, 0xff, 0xfc, 0x8e, 0x07,
  0x00, 0xe4, 0x0f, 0x00, 0x0c, 0x72, 0x00, 0x5a, 0x0f, 0x00, 0x00, 0x00,
  0x70, 0x60, 0xf4, 0x03, 0x00, 0xc4, 0x0f, 0x00, 0x10, 0x72, 0x0d, 0xff,
  0x07, 0x00, 0x00, 0x00, 0xff, 0xe4, 0xff, 0x01, 0x00, 0xe2, 0x2f, 0x00,
  0x24, 0x72, 0x07, 0xff, 0xff, 0x00, 0x00, 0x00, 0x5f, 0x00, 0x8e, 0x07,
  0x00, 0xe2, 0x0f, 0x00, 0x0c, 0x72, 0x00, 0x06, 0x5f, 0x00, 0x00, 0x00,
  0x10, 0x41, 0xf2, 0x03, 0x00, 0xe2, 0x0f, 0x00, 0x36, 0x78, 0x06, 0x5d,
  0x00, 0x02, 0x00, 0x00, 0x00, 0x00, 0x00, 0x00, 0x00, 0xe2, 0x0f, 0x00,
  0x0c, 0x72, 0x00, 0x5b, 0x0d, 0x00, 0x00, 0x00, 0x20, 0x61, 0xf4, 0x03,
  0x00, 0xe4, 0x0f, 0x00, 0x10, 0x78, 0x08, 0x5a, 0x00, 0x04, 0x00, 0x00,
  0xff, 0xe0, 0xff, 0x07, 0x00, 0xe4, 0x0f, 0x00, 0x02, 0x72, 0x09, 0x00,
  0x5b, 0x00, 0x00, 0x00, 0x00, 0x0f, 0x00, 0x00, 0x00, 0xce, 0x0f, 0x00,
  0x36, 0x98, 0x06, 0x5d, 0x00, 0xfe, 0xff, 0xff, 0x00, 0x00, 0x00, 0x00,
  0x00, 0xe4, 0x0f, 0x00, 0x10, 0x28, 0x08, 0x5a, 0x00, 0xf4, 0xff, 0xff,
  0xff, 0xe0, 0xff, 0x07, 0x00, 0xe4, 0x0f, 0x00, 0x36, 0x78, 0x0a, 0x06,
  0x02, 0x00, 0x00, 0x00, 0x00, 0x00, 0x00, 0x00, 0x00, 0xe4, 0x0f, 0x00,
  0x10, 0x78, 0x5a, 0x08, 0x02, 0x00, 0x00, 0x00, 0xff, 0xe0, 0xff, 0x07,
  0x00, 0xe2, 0x0f, 0x00, 0xf0, 0x79, 0x18, 0x14, 0x00, 0x00, 0xe0, 0x01,
  0x18, 0x18, 0x70, 0x08, 0x00, 0xe2, 0x0f, 0x00, 0xca, 0x72, 0x14, 0x06,
  0x00, 0x00, 0x00, 0x00, 0x00, 0x00, 0x0e, 0x00, 0x00, 0xe4, 0x0f, 0x00,
  0xca, 0x72, 0x15, 0x07, 0x00, 0x00, 0x00, 0x00, 0x00, 0x00, 0x0e, 0x00,
  0x00, 0xc4, 0x0f, 0x00, 0xca, 0x72, 0x16, 0x08, 0x00, 0x00, 0x00, 0x00,
  0x00, 0x00, 0x0e, 0x00, 0x00, 0xe4, 0x0f, 0x00, 0xca, 0x72, 0x17, 0x09,
  0x00, 0x00, 0x00, 0x00, 0x00, 0x00, 0x0e, 0x00, 0x00, 0xda, 0x0f, 0x00,
  0xf0, 0x79, 0x18, 0x14, 0x00, 0x00, 0xe0, 0x01, 0x18, 0x18, 0x70, 0x08,
  0x00, 0xe2, 0x0f, 0x00, 0xca, 0x72, 0x14, 0x0a, 0x00, 0x00, 0x00, 0x00,
  0x00, 0x00, 0x0e, 0x00, 0x00, 0xe4, 0x0f, 0x00, 0xca, 0x72, 0x15, 0x0b,
  0x00, 0x00, 0x00, 0x00, 0x00, 0x00, 0x0e, 0x00, 0x00, 0xe4, 0x0f, 0x00,
  0xca, 0x72, 0x16, 0x5a, 0x00, 0x00, 0x00, 0x00, 0x00, 0x00, 0x0e, 0x00,
  0x00, 0xe2, 0x0f, 0x00, 0x36, 0x78, 0x5a, 0x08, 0x04, 0x00, 0x00, 0x00,
  0x00, 0x00, 0x00, 0x00, 0x00, 0xe2, 0x0f, 0x00, 0xca, 0x72, 0x17, 0x5b,
  0x00, 0x00, 0x00, 0x00, 0x00, 0x00, 0x0e, 0x00, 0x00, 0xe4, 0x0f, 0x00,
  0x10, 0x78, 0x0a, 0x06, 0x04, 0x00, 0x00, 0x00, 0xff, 0xe0, 0xff, 0x07,
  0x00, 0xe4, 0x0f, 0x00, 0x02, 0x72, 0x0b, 0x00, 0x5f, 0x00, 0x00, 0x00,
  0x00, 0x0f, 0x00, 0x00, 0x00, 0xd2, 0x0f, 0x00, 0xf0, 0x79, 0x18, 0x14,
  0x00, 0x00, 0xe0, 0x01, 0x18, 0x18, 0x70, 0x08, 0x00, 0xe2, 0x0f, 0x00,
  0xca, 0x72, 0x14, 0x0a, 0x00, 0x00, 0x00, 0x00, 0x00, 0x00, 0x0e, 0x00,
  0x00, 0xe2, 0x0f, 0x00, 0x36, 0x78, 0x0a, 0x06, 0x06, 0x00, 0x00, 0x00,
  0x00, 0x00, 0x00, 0x00, 0x00, 0xe2, 0x0f, 0x00, 0xca, 0x72, 0x15, 0x0b,
  0x00, 0x00, 0x00, 0x00, 0x00, 0x00, 0x0e, 0x00, 0x00, 0xe2, 0x0f, 0x00,
  0x24, 0x72, 0x0b, 0xff, 0xff, 0x00, 0x00, 0x00, 0x5f, 0x00, 0x8e, 0x07,
  0x00, 0xe2, 0x0f, 0x00, 0xca, 0x72, 0x16, 0x5a, 0x00, 0x00, 0x00, 0x00,
  0x00, 0x00, 0x0e, 0x00, 0x00, 0xe4, 0x0f, 0x00, 0xca, 0x72, 0x17, 0x5b,
  0x00, 0x00, 0x00, 0x00, 0x00, 0x00, 0x0e, 0x00, 0x00, 0xe4, 0x0f, 0x00,
  0x10, 0x78, 0x5a, 0x08, 0x06, 0x00, 0x00, 0x00, 0xff, 0xe0, 0xff, 0x07,
  0x00, 0xd6, 0x0f, 0x00, 0xf0, 0x79, 0x18, 0x14, 0x00, 0x00, 0xe0, 0x01,
  0x18, 0x18, 0x70, 0x08, 0x00, 0xe2, 0x0f, 0x00, 0xca, 0x72, 0x14, 0x0a,
  0x00, 0x00, 0x00, 0x00, 0x00, 0x00, 0x0e, 0x00, 0x00, 0xe4, 0x0f, 0x00,
  0xca, 0x72, 0x15, 0x0b, 0x00, 0x00, 0x00, 0x00, 0x00, 0x00, 0x0e, 0x00,
  0x00, 0xe4, 0x0f, 0x00, 0xca, 0x72, 0x16, 0x5a, 0x00, 0x00, 0x00, 0x00,
  0x00, 0x00, 0x0e, 0x00, 0x00, 0xe4, 0x0f, 0x00, 0xca, 0x72, 0x17, 0x5b,
  0x00, 0x00, 0x00, 0x00, 0x00, 0x00, 0x0e, 0x00, 0x00, 0xe4, 0x0f, 0x00,
  0x12, 0x78, 0x0a, 0x02, 0x60, 0x00, 0x00, 0x00, 0xff, 0xc0, 0x8e, 0x07,
  0x00, 0xe4, 0x0f, 0x04, 0x12, 0x78, 0x0b, 0x02, 0x1c, 0x00, 0x00, 0x00,
  0xff, 0xc0, 0x8e, 0x07, 0x00, 0xc4, 0x0f, 0x00, 0x19, 0x78, 0x0a, 0xff,
  0x01, 0x00, 0x00, 0x00, 0x0a, 0x16, 0x01, 0x00, 0x00, 0xe4, 0x0f, 0x00,
  0x19, 0x78, 0x5a, 0x02, 0x01, 0x00, 0x00, 0x00, 0xff, 0x06, 0x00, 0x00,
  0x00, 0xe4, 0x0f, 0x00, 0x11, 0x72, 0x9c, 0x0b, 0x0a, 0x00, 0x00, 0x00,
  0xff, 0xf0, 0x8f, 0x07, 0x00, 0xe2, 0x0f, 0x00, 0x24, 0x78, 0x0b, 0x0c,
  0x40, 0x00, 0x00, 0x00, 0x13, 0x02, 0x8e, 0x07, 0x00, 0xe2, 0x0f, 0x00,
  0x10, 0x78, 0x0a, 0x9a, 0xfe, 0xff, 0xff, 0xff, 0xff, 0xe0, 0xff, 0x07,
  0x00, 0xe4, 0x0f, 0x00, 0x12, 0x78, 0x5a, 0x5a, 0x06, 0x00, 0x00, 0x00,
  0xff, 0xc0, 0x8e, 0x07, 0x00, 0xe2, 0x0f, 0x00, 0x24, 0x78, 0x0b, 0x9c,
  0x01, 0x00, 0x00, 0x00, 0x0b, 0x02, 0x8e, 0x07, 0x00, 0xe2, 0x0f, 0x00,
  0x0c, 0x78, 0x00, 0x0a, 0x7f, 0x00, 0x00, 0x00, 0x70, 0x40, 0xf2, 0x03,
  0x00, 0xc4, 0x0f, 0x00, 0x12, 0x78, 0x5d, 0x5a, 0x08, 0x00, 0x00, 0x00,
  0xff, 0xfc, 0x8e, 0x07, 0x00, 0xe4, 0x0f, 0x00, 0x10, 0x78, 0x0a, 0x0b,
  0x08, 0x00, 0x00, 0x00, 0xff, 0xe0, 0xff, 0x07, 0x00, 0xe2, 0x0f, 0x00,
  0xf0, 0x79, 0x18, 0x14, 0x00, 0x00, 0xe0, 0x01, 0x18, 0x18, 0x00, 0x08,
  0x00, 0xe6, 0x0f, 0x00, 0xc5, 0x79, 0x00, 0x00, 0x00, 0x80, 0x00, 0x00,
  0x00, 0x00, 0x01, 0x00, 0x00, 0xca, 0x0f, 0x00, 0x47, 0x19, 0x08, 0x00,
  0x00, 0x00, 0x00, 0x00, 0x00, 0x00, 0x80, 0x03, 0x00, 0xea, 0x0f, 0x00,
  0xa7, 0x89, 0xff, 0x5c, 0xff, 0x50, 0x80, 0x02, 0x3f, 0x00, 0x10, 0x08,
  0x00, 0xe2, 0x01, 0x00, 0x12, 0x78, 0x16, 0x16, 0x01, 0x00, 0x00, 0x00,
  0xff, 0x3c, 0x8e, 0x07, 0x00, 0xce, 0x0f, 0x00, 0x41, 0x79, 0x00, 0x00,
  0x00, 0x00, 0x00, 0x00, 0x00, 0x00, 0x80, 0x03, 0x00, 0xea, 0x0f, 0x00,
  0xb9, 0x7a, 0x0d, 0x00, 0x00, 0x1f, 0x01, 0x00, 0x00, 0x08, 0x00, 0x00,
  0x00, 0xe2, 0x0f, 0x00, 0x20, 0x7c, 0x5b, 0x1c, 0x0a, 0x00, 0x00, 0x00,
  0x00, 0x00, 0x41, 0x08, 0x00, 0xe2, 0x0f, 0x00, 0x36, 0x7c, 0x1c, 0x5a,
  0x0d, 0x00, 0x00, 0x00, 0x00, 0x00, 0x00, 0x08, 0x00, 0xe2, 0x0f, 0x00,
  0x0c, 0x72, 0x00, 0x5d, 0x0b, 0x00, 0x00, 0x00, 0x70, 0x42, 0xf4, 0x03,
  0x00, 0xe2, 0x0f, 0x08, 0x20, 0x7c, 0x1d, 0x1d, 0x0a, 0x00, 0x00, 0x00,
  0x00, 0x00, 0x41, 0x08, 0x00, 0xe2, 0x0f, 0x00, 0x0c, 0x72, 0x00, 0x5d,
  0x0b, 0x00, 0x00, 0x00, 0x70, 0x62, 0xf2, 0x03, 0x00, 0xe2, 0x0f, 0x04,
  0x36, 0x78, 0x5c, 0x1c, 0x09, 0x00, 0x00, 0x00, 0x00, 0x00, 0x00, 0x00,
  0x00, 0xe2, 0x1f, 0x00, 0x0c, 0x72, 0x00, 0x5d, 0x0a, 0x00, 0x00, 0x00,
  0x70, 0x42, 0xfa, 0x03, 0x00, 0xe2, 0x0f, 0x0c, 0x20, 0x7c, 0x1e, 0x1e,
  0x0a, 0x00, 0x00, 0x00, 0x00, 0x00, 0x41, 0x08, 0x00, 0xe2, 0x0f, 0x00,
  0x0c, 0x72, 0x00, 0x5d, 0x0a, 0x00, 0x00, 0x00, 0x70, 0x62, 0xf8, 0x03,
  0x00, 0xe2, 0x0f, 0x04, 0xb9, 0x7a, 0x10, 0x00, 0x00, 0x1d, 0x01, 0x00,
  0x00, 0x08, 0x00, 0x00, 0x00, 0xe2, 0x0f, 0x00, 0x10, 0x7c, 0x5d, 0x5d,
  0x0d, 0x00, 0x00, 0x00, 0xff, 0xe0, 0xff, 0x0f, 0x00, 0xe2, 0x0f, 0x00,
  0x20, 0x7c, 0x5b, 0x5b, 0x10, 0x00, 0x00, 0x00, 0x00, 0x00, 0x41, 0x08,
  0x00, 0xe2, 0x0f, 0x00, 0x45, 0x72, 0x5c, 0x00, 0x5c, 0x00, 0x00, 0x00,
  0x00, 0x14, 0x20, 0x00, 0x00, 0xe2, 0x0f, 0x00, 0x20, 0x7c, 0x1d, 0x1d,
  0x10, 0x00, 0x00, 0x00, 0x00, 0x00, 0x41, 0x08, 0x00, 0xe2, 0x0f, 0x00,
  0x45, 0x72, 0x5d, 0x00, 0x5d, 0x00, 0x00, 0x00, 0x00, 0x14, 0x20, 0x00,
  0x00, 0xe2, 0x0f, 0x00, 0x20, 0x7c, 0x1e, 0x1e, 0x10, 0x00, 0x00, 0x00,
  0x00, 0x00, 0x41, 0x08, 0x00, 0xe2, 0x0f, 0x00, 0x12, 0x78, 0x5e, 0x5a,
  0x10, 0x00, 0x00, 0x00, 0xff, 0xfc, 0x8e, 0x07, 0x00, 0xe2, 0x0f, 0x00,
  0x23, 0x72, 0x1d, 0x0e, 0x5c, 0x00, 0x00, 0x00, 0x1d, 0x00, 0x01, 0x00,
  0x00, 0xe2, 0x0f, 0x0c, 0x20, 0x7c, 0x1f, 0x1f, 0x0a, 0x00, 0x00, 0x00,
  0x00, 0x00, 0x41, 0x08, 0x00, 0xe2, 0x0f, 0x00, 0x23, 0x72, 0x5b, 0x0e,
  0x5d, 0x00, 0x00, 0x00, 0x5b, 0x00, 0x01, 0x00, 0x00, 0xe2, 0x0f, 0x0c,
  0x23, 0x72, 0x1e, 0x0e, 0x5d, 0x00, 0x00, 0x00, 0x1e, 0x00, 0x01, 0x00,
  0x00, 0xe2, 0x0f, 0x00, 0x0c, 0x72, 0x00, 0x5e, 0x0b, 0x00, 0x00, 0x00,
  0x70, 0x42, 0xf6, 0x03, 0x00, 0xe2, 0x0f, 0x08, 0x20, 0x7c, 0x1f, 0x1f,
  0x10, 0x00, 0x00, 0x00, 0x00, 0x00, 0x41, 0x08, 0x00, 0xe2, 0x0f, 0x00,
  0x20, 0x7c, 0x20, 0x20, 0x0a, 0x00, 0x00, 0x00, 0x00, 0x00, 0x41, 0x08,
  0x00, 0xe2, 0x0f, 0x00, 0x08, 0x78, 0x5f, 0x5b, 0xff, 0xff, 0x7f, 0xff,
  0x00, 0x00, 0x00, 0x05, 0x00, 0xe2, 0x0f, 0x00, 0x20, 0x7c, 0x22, 0x22,
  0x0a, 0x00, 0x00, 0x00, 0x00, 0x00, 0x41, 0x08, 0x00, 0xe2, 0x0f, 0x00,
  0x08, 0x78, 0x5b, 0x1d, 0xff, 0xff, 0x7f, 0xff, 0x00, 0x00, 0x80, 0x04,
  0x00, 0xe2, 0x0f, 0x00, 0x20, 0x7c, 0x21, 0x21, 0x0a, 0x00, 0x00, 0x00,
  0x00, 0x00, 0x41, 0x08, 0x00, 0xe2, 0x0f, 0x00, 0x08, 0x78, 0x1d, 0x1e,
  0xff, 0xff, 0x7f, 0xff, 0x00, 0x00, 0x80, 0x06, 0x00, 0xe2, 0x0f, 0x00,
  0x36, 0x78, 0x1e, 0x1c, 0x11, 0x00, 0x00, 0x00, 0x00, 0x00, 0x00, 0x00,
  0x00, 0xe2, 0x0f, 0x00, 0x0c, 0x72, 0x00, 0x5e, 0x0b, 0x00, 0x00, 0x00,
  0x70, 0x62, 0xf4, 0x03, 0x00, 0xe2, 0x0f, 0x00, 0x23, 0x72, 0x5c, 0x0e,
  0x5c, 0x00, 0x00, 0x00, 0x1f, 0x00, 0x01, 0x00, 0x00, 0xe2, 0x0f, 0x00,
  0x0c, 0x72, 0x00, 0x5e, 0x0a, 0x00, 0x00, 0x00, 0x70, 0x42, 0xf2, 0x03,
  0x00, 0xe2, 0x0f, 0x08, 0x20, 0x7c, 0x1f, 0x20, 0x10, 0x00, 0x00, 0x00,
  0x00, 0x00, 0x41, 0x08, 0x00, 0xe2, 0x0f, 0x00, 0x0c, 0x72, 0x00, 0x5e,
  0x0a, 0x00, 0x00, 0x00, 0x70, 0x62, 0xfa, 0x03, 0x00, 0xe2, 0x0f, 0x00,
  0x20, 0x7c, 0x22, 0x22, 0x10, 0x00, 0x00, 0x00, 0x00, 0x00, 0x41, 0x08,
  0x00, 0xe2, 0x0f, 0x00, 0x10, 0x7c, 0x5e, 0x5e, 0x0d, 0x00, 0x00, 0x00,
  0xff, 0xe0, 0xff, 0x0f, 0x00, 0xe2, 0x0f, 0x00, 0x20, 0x7c, 0x21, 0x21,
  0x10, 0x00, 0x00, 0x00, 0x00, 0x00, 0x41, 0x08, 0x00, 0xe2, 0x0f, 0x00,
  0x45, 0x72, 0x1e, 0x00, 0x1e, 0x00, 0x00, 0x00, 0x00, 0x14, 0x20, 0x00,
  0x00, 0xe2, 0x0f, 0x00, 0x20, 0x7c, 0x25, 0x25, 0x0a, 0x00, 0x00, 0x00,
  0x00, 0x00, 0x41, 0x08, 0x00, 0xe2, 0x0f, 0x00, 0x45, 0x72, 0x5d, 0x00,
  0x5e, 0x00, 0x00, 0x00, 0x00, 0x14, 0x20, 0x00, 0x00, 0xe2, 0x0f, 0x00,
  0x20, 0x7c, 0x26, 0x26, 0x0a, 0x00, 0x00, 0x00, 0x00, 0x00, 0x41, 0x08,
  0x00, 0xe2, 0x0f, 0x00, 0x12, 0x78, 0x20, 0x5a, 0x18, 0x00, 0x00, 0x00,
  0xff, 0xfc, 0x8e, 0x07, 0x00, 0xe2, 0x0f, 0x00, 0x20, 0x7c, 0x65, 0x25,
  0x10, 0x00, 0x00, 0x00, 0x00, 0x00, 0x41, 0x08, 0x00, 0xe2, 0x0f, 0x00,
  0x20, 0x7c, 0x24, 0x24, 0x0a, 0x00, 0x00, 0x00, 0x00, 0x00, 0x41, 0x08,
  0x00, 0xe2, 0x0f, 0x00, 0x23, 0x72, 0x1f, 0x0e, 0x5d, 0x00, 0x00, 0x00,
  0x1f, 0x00, 0x01, 0x00, 0x00, 0xe2, 0x0f, 0x0c, 0x23, 0x72, 0x22, 0x0e,
  0x5d, 0x00, 0x00, 0x00, 0x22, 0x00, 0x01, 0x00, 0x00, 0xe2, 0x0f, 0x04,
  0x23, 0x72, 0x5d, 0x0e, 0x1e, 0x00, 0x00, 0x00, 0x21, 0x00, 0x01, 0x00,
  0x00, 0xe2, 0x0f, 0x00, 0x08, 0x78, 0x21, 0x5c, 0xff, 0xff, 0x7f, 0xff,
  0x00, 0x00, 0x00, 0x06, 0x00, 0xe2, 0x0f, 0x00, 0x20, 0x7c, 0x26, 0x26,
  0x10, 0x00, 0x00, 0x00, 0x00, 0x00, 0x41, 0x08, 0x00, 0xe2, 0x0f, 0x00,
  0x08, 0x78, 0x61, 0x1f, 0xff, 0xff, 0x7f, 0xff, 0x00, 0x00, 0x80, 0x05,
  0x00, 0xe2, 0x0f, 0x00, 0x20, 0x7c, 0x23, 0x23, 0x0a, 0x00, 0x00, 0x00,
  0x00, 0x00, 0x41, 0x08, 0x00, 0xe2, 0x0f, 0x00, 0x08, 0x78, 0x5d, 0x5d,
  0xff, 0xff, 0x7f, 0xff, 0x00, 0x00, 0x00, 0x05, 0x00, 0xe2, 0x0f, 0x00,
  0x20, 0x7c, 0x27, 0x27, 0x0a, 0x00, 0x00, 0x00, 0x00, 0x00, 0x41, 0x08,
  0x00, 0xe2, 0x0f, 0x00, 0x08, 0x78, 0x1f, 0x22, 0xff, 0xff, 0x7f, 0xff,
  0x00, 0x00, 0x80, 0x04, 0x00, 0xe2, 0x0f, 0x00, 0x36, 0x78, 0x22, 0x1c,
  0x19, 0x00, 0x00, 0x00, 0x00, 0x00, 0x00, 0x00, 0x00, 0xe2, 0x0f, 0x00,
  0x0c, 0x72, 0x00, 0x20, 0x0b, 0x00, 0x00, 0x00, 0x70, 0x42, 0xf8, 0x03,
  0x00, 0xe2, 0x0f, 0x08, 0x20, 0x7c, 0x63, 0x24, 0x10, 0x00, 0x00, 0x00,
  0x00, 0x00, 0x41, 0x08, 0x00, 0xe2, 0x0f, 0x00, 0x0c, 0x72, 0x00, 0x20,
  0x0b, 0x00, 0x00, 0x00, 0x70, 0x62, 0xf6, 0x03, 0x00, 0xe2, 0x0f, 0x04,
  0x20, 0x7c, 0x23, 0x23, 0x10, 0x00, 0x00, 0x00, 0x00, 0x00, 0x41, 0x08,
  0x00, 0xe2, 0x0f, 0x00, 0x0c, 0x72, 0x00, 0x20, 0x0a, 0x00, 0x00, 0x00,
  0x70, 0x42, 0xf4, 0x03, 0x00, 0xe2, 0x0f, 0x0c, 0x20, 0x7c, 0x67, 0x27,
  0x10, 0x00, 0x00, 0x00, 0x00, 0x00, 0x41, 0x08, 0x00, 0xe2, 0x0f, 0x00,
  0x0c, 0x72, 0x00, 0x20, 0x0a, 0x00, 0x00, 0x00, 0x70, 0x62, 0xf2, 0x03,
  0x00, 0xe2, 0x0f, 0x00, 0x36, 0x78, 0x77, 0x1c, 0x21, 0x00, 0x00, 0x00,
  0x00, 0x00, 0x00, 0x00, 0x00, 0xe2, 0x0f, 0x00, 0x10, 0x7c, 0x20, 0x20,
  0x0d, 0x00, 0x00, 0x00, 0xff, 0xe0, 0xff, 0x0f, 0x00, 0xe2, 0x0f, 0x00,
  0x20, 0x7c, 0x28, 0x28, 0x0a, 0x00, 0x00, 0x00, 0x00, 0x00, 0x41, 0x08,
  0x00, 0xe2, 0x0f, 0x00, 0x45, 0x72, 0x22, 0x00, 0x22, 0x00, 0x00, 0x00,
  0x00, 0x14, 0x20, 0x00, 0x00, 0xe2, 0x0f, 0x00, 0x20, 0x7c, 0x29, 0x29,
  0x0a, 0x00, 0x00, 0x00, 0x00, 0x00, 0x41, 0x08, 0x00, 0xe2, 0x0f, 0x00,
  0x45, 0x72, 0x25, 0x00, 0x20, 0x00, 0x00, 0x00, 0x00, 0x14, 0x20, 0x00,
  0x00, 0xe2, 0x0f, 0x00, 0x23, 0x72, 0x23, 0x0e, 0x1e, 0x00, 0x00, 0x00,
  0x23, 0x00, 0x01, 0x00, 0x00, 0xe2, 0x0f, 0x00, 0x12, 0x78, 0x62, 0x5a,
  0x28, 0x00, 0x00, 0x00, 0xff, 0xfc, 0x8e, 0x07, 0x00, 0xe2, 0x0f, 0x00,
  0x23, 0x72, 0x64, 0x0e, 0x22, 0x00, 0x00, 0x00, 0x67, 0x00, 0x01, 0x00,
  0x00, 0xe2, 0x0f, 0x0c, 0x23, 0x72, 0x27, 0x0e, 0x22, 0x00, 0x00, 0x00,
  0x65, 0x00, 0x01, 0x00, 0x00, 0xe2, 0x0f, 0x04, 0x23, 0x72, 0x66, 0x0e,
  0x25, 0x00, 0x00, 0x00, 0x26, 0x00, 0x01, 0x00, 0x00, 0xe2, 0x0f, 0x08,
  0x12, 0x78, 0x26, 0x5a, 0x20, 0x00, 0x00, 0x00, 0xff, 0xfc, 0x8e, 0x07,
  0x00, 0xe2, 0x0f, 0x00, 0x23, 0x72, 0x63, 0x0e, 0x25, 0x00, 0x00, 0x00,
  0x63, 0x00, 0x01, 0x00, 0x00, 0xe2, 0x0f, 0x00, 0x10, 0x7c, 0x73, 0x62,
  0x0d, 0x00, 0x00, 0x00, 0xff, 0xe0, 0xff, 0x0f, 0x00, 0xe2, 0x0f, 0x00,
  0x36, 0x78, 0x75, 0x1c, 0x29, 0x00, 0x00, 0x00, 0x00, 0x00, 0x00, 0x00,
  0x00, 0xe2, 0x0f, 0x00, 0x10, 0x7c, 0x71, 0x26, 0x0d, 0x00, 0x00, 0x00,
  0xff, 0xe0, 0xff, 0x0f, 0x00, 0xe2, 0x0f, 0x00, 0x20, 0x7c, 0x2c, 0x2c,
  0x0a, 0x00, 0x00, 0x00, 0x00, 0x00, 0x41, 0x08, 0x00, 0xe2, 0x0f, 0x00,
  0x08, 0x78, 0x67, 0x63, 0xff, 0xff, 0x7f, 0xff, 0x00, 0x00, 0x00, 0x06,
  0x00, 0xe2, 0x0f, 0x00, 0x20, 0x7c, 0x63, 0x28, 0x10, 0x00, 0x00, 0x00,
  0x00, 0x00, 0x41, 0x08, 0x00, 0xe2, 0x0f, 0x00, 0x45, 0x72, 0x71, 0x00,
  0x71, 0x00, 0x00, 0x00, 0x00, 0x14, 0x20, 0x00, 0x00, 0xe2, 0x0f, 0x00,
  0x20, 0x7c, 0x29, 0x29, 0x10, 0x00, 0x00, 0x00, 0x00, 0x00, 0x41, 0x08,
  0x00, 0xe2, 0x0f, 0x00, 0x45, 0x72, 0x77, 0x00, 0x77, 0x00, 0x00, 0x00,
  0x00, 0x14, 0x20, 0x00, 0x00, 0xe2, 0x0f, 0x00, 0x20, 0x7c, 0x2d, 0x2d,
  0x0a, 0x00, 0x00, 0x00, 0x00, 0x00, 0x41, 0x08, 0x00, 0xe2, 0x0f, 0x00,
  0x12, 0x78, 0x60, 0x5a, 0x30, 0x00, 0x00, 0x00, 0xff, 0xfc, 0x8e, 0x07,
  0x00, 0xe2, 0x0f, 0x00, 0x23, 0x72, 0x63, 0x0e, 0x71, 0x00, 0x00, 0x00,
  0x63, 0x00, 0x01, 0x00, 0x00, 0xe2, 0x0f, 0x00, 0x08, 0x78, 0x25, 0x23,
  0xff, 0xff, 0x7f, 0xff, 0x00, 0x00, 0x80, 0x06, 0x00, 0xe2, 0x0f, 0x00,
  0x20, 0x7c, 0x2c, 0x2c, 0x10, 0x00, 0x00, 0x00, 0x00, 0x00, 0x41, 0x08,
  0x00, 0xe2, 0x0f, 0x00, 0x08, 0x78, 0x27, 0x27, 0xff, 0xff, 0x7f, 0xff,
  0x00, 0x00, 0x80, 0x05, 0x00, 0xe2, 0x0f, 0x00, 0x23, 0x72, 0x29, 0x0e,
  0x77, 0x00, 0x00, 0x00, 0x29, 0x00, 0x01, 0x00, 0x00, 0xe2, 0x0f, 0x00,
  0x08, 0x78, 0x23, 0x66, 0xff, 0xff, 0x7f, 0xff, 0x00, 0x00, 0x00, 0x05,
  0x00, 0xe2, 0x0f, 0x00, 0x36, 0x78, 0x7b, 0x1c, 0x31, 0x00, 0x00, 0x00,
  0x00, 0x00, 0x00, 0x00, 0x00, 0xe2, 0x0f, 0x00, 0x45, 0x72, 0x73, 0x00,
  0x73, 0x00, 0x00, 0x00, 0x00, 0x14, 0x20, 0x00, 0x00, 0xe2, 0x0f, 0x00,
  0x20, 0x7c, 0x30, 0x30, 0x0a, 0x00, 0x00, 0x00, 0x00, 0x00, 0x41, 0x08,
  0x00, 0xe2, 0x0f, 0x00, 0x0c, 0x72, 0x00, 0x26, 0x0b, 0x00, 0x00, 0x00,
  0x70, 0x42, 0xfa, 0x03, 0x00, 0xe2, 0x0f, 0x0c, 0x20, 0x7c, 0x31, 0x31,
  0x0a, 0x00, 0x00, 0x00, 0x00, 0x00, 0x41, 0x08, 0x00, 0xe2, 0x0f, 0x00,
  0x0c, 0x72, 0x00, 0x26, 0x0b, 0x00, 0x00, 0x00, 0x70, 0x62, 0xf8, 0x03,
  0x00, 0xe2, 0x0f, 0x00, 0x23, 0x72, 0x2c, 0x0e, 0x73, 0x00, 0x00, 0x00,
  0x2c, 0x00, 0x01, 0x00, 0x00, 0xe2, 0x0f, 0x00, 0x0c, 0x72, 0x00, 0x26,
  0x0a, 0x00, 0x00, 0x00, 0x70, 0x42, 0xf6, 0x03, 0x00, 0xe2, 0x0f, 0x08,
  0x36, 0x78, 0x79, 0x1c, 0x39, 0x00, 0x00, 0x00, 0x00, 0x00, 0x00, 0x00,
  0x00, 0xe2, 0x0f, 0x00, 0x0c, 0x72, 0x00, 0x26, 0x0a, 0x00, 0x00, 0x00,
  0x70, 0x62, 0xf4, 0x03, 0x00, 0xe2, 0x0f, 0x00, 0x20, 0x7c, 0x26, 0x2d,
  0x10, 0x00, 0x00, 0x00, 0x00, 0x00, 0x41, 0x08, 0x00, 0xe2, 0x0f, 0x00,
  0x45, 0x72, 0x75, 0x00, 0x75, 0x00, 0x00, 0x00, 0x00, 0x14, 0x20, 0x00,
  0x00, 0xe2, 0x0f, 0x00, 0x20, 0x7c, 0x2d, 0x30, 0x10, 0x00, 0x00, 0x00,
  0x00, 0x00, 0x41, 0x08, 0x00, 0xe2, 0x0f, 0x00, 0x10, 0x7c, 0x7d, 0x60,
  0x0d, 0x00, 0x00, 0x00, 0xff, 0xe0, 0xff, 0x0f, 0x00, 0xe2, 0x0f, 0x00,
  0x20, 0x7c, 0x34, 0x34, 0x0a, 0x00, 0x00, 0x00, 0x00, 0x00, 0x41, 0x08,
  0x00, 0xe2, 0x0f, 0x00, 0x12, 0x78, 0x5e, 0x5a, 0x38, 0x00, 0x00, 0x00,
  0xff, 0xfc, 0x8e, 0x07, 0x00, 0xe2, 0x0f, 0x00, 0x23, 0x72, 0x28, 0x0e,
  0x75, 0x00, 0x00, 0x00, 0x26, 0x00, 0x01, 0x00, 0x00, 0xe2, 0x0f, 0x00,
  0x08, 0x78, 0x6b, 0x63, 0xff, 0xff, 0x7f, 0xff, 0x00, 0x00, 0x80, 0x06,
  0x00, 0xe2, 0x0f, 0x00, 0x20, 0x7c, 0x31, 0x31, 0x10, 0x00, 0x00, 0x00,
  0x00, 0x00, 0x41, 0x08, 0x00, 0xe2, 0x0f, 0x00, 0x45, 0x72, 0x7d, 0x00,
  0x7d, 0x00, 0x00, 0x00, 0x00, 0x14, 0x20, 0x00, 0x00, 0xe2, 0x0f, 0x00,
  0x20, 0x7c, 0x35, 0x35, 0x0a, 0x00, 0x00, 0x00, 0x00, 0x00, 0x41, 0x08,
  0x00, 0xe2, 0x0f, 0x00, 0x0c, 0x72, 0x00, 0x62, 0x0b, 0x00, 0x00, 0x00,
  0x70, 0x42, 0xfa, 0x03, 0x00, 0xe2, 0x0f, 0x00, 0x20, 0x7c, 0x34, 0x34,
  0x10, 0x00, 0x00, 0x00, 0x00, 0x00, 0x41, 0x08, 0x00, 0xe2, 0x0f, 0x00,
  0x08, 0x78, 0x69, 0x29, 0xff, 0xff, 0x7f, 0xff, 0x00, 0x00, 0x00, 0x06,
  0x00, 0xe2, 0x0f, 0x00, 0x23, 0x72, 0x2d, 0x0e, 0x7d, 0x00, 0x00, 0x00,
  0x2d, 0x00, 0x01, 0x00, 0x00, 0xe2, 0x0f, 0x00, 0x10, 0x7c, 0x81, 0x5e,
  0x0d, 0x00, 0x00, 0x00, 0xff, 0xe0, 0xff, 0x0f, 0x00, 0xe2, 0x0f, 0x00,
  0x20, 0x7c, 0x19, 0x19, 0x0a, 0x00, 0x00, 0x00, 0x00, 0x00, 0x41, 0x08,
  0x00, 0xe2, 0x0f, 0x00, 0x45, 0x72, 0x7b, 0x00, 0x7b, 0x00, 0x00, 0x00,
  0x00, 0x14, 0x20, 0x00, 0x00, 0xe2, 0x0f, 0x00, 0x36, 0x78, 0x8d, 0x1c,
  0x41, 0x00, 0x00, 0x00, 0x00, 0x00, 0x00, 0x00, 0x00, 0xe2, 0x0f, 0x00,
  0x12, 0x78, 0x5c, 0x5a, 0x40, 0x00, 0x00, 0x00, 0xff, 0xfc, 0x8e, 0x07,
  0x00, 0xe2, 0x0f, 0x00, 0x20, 0x7c, 0x38, 0x38, 0x0a, 0x00, 0x00, 0x00,
  0x00, 0x00, 0x41, 0x08, 0x00, 0xe2, 0x0f, 0x00, 0x0c, 0x72, 0x00, 0x62,
  0x0b, 0x00, 0x00, 0x00, 0x70, 0x62, 0xf8, 0x03, 0x00, 0xe2, 0x0f, 0x00,
  0x23, 0x72, 0x31, 0x0e, 0x7b, 0x00, 0x00, 0x00, 0x31, 0x00, 0x01, 0x00,
  0x00, 0xe2, 0x0f, 0x00, 0x08, 0x78, 0x63, 0x2c, 0xff, 0xff, 0x7f, 0xff,
  0x00, 0x00, 0x80, 0x06, 0x00, 0xe2, 0x0f, 0x00, 0x20, 0x7c, 0x39, 0x39,
  0x0a, 0x00, 0x00, 0x00, 0x00, 0x00, 0x41, 0x08, 0x00, 0xe2, 0x0f, 0x00,
  0x45, 0x72, 0x81, 0x00, 0x81, 0x00, 0x00, 0x00, 0x00, 0x14, 0x20, 0x00,
  0x00, 0xe2, 0x0f, 0x00, 0x20, 0x7c, 0x30, 0x19, 0x10, 0x00, 0x00, 0x00,
  0x00, 0x00, 0x41, 0x08, 0x00, 0xe2, 0x0f, 0x00, 0x0c, 0x72, 0x00, 0x60,
  0x0b, 0x00, 0x00, 0x00, 0x70, 0x42, 0xfa, 0x03, 0x00, 0xe2, 0x0f, 0x00,
  0x20, 0x7c, 0x19, 0x38, 0x10, 0x00, 0x00, 0x00, 0x00, 0x00, 0x41, 0x08,
  0x00, 0xe2, 0x0f, 0x00, 0x08, 0x78, 0x29, 0x28, 0xff, 0xff, 0x7f, 0xff,
  0x00, 0x00, 0x00, 0x06, 0x00, 0xe2, 0x0f, 0x00, 0x20, 0x7c, 0x28, 0x35,
  0x10, 0x00, 0x00, 0x00, 0x00, 0x00, 0x41, 0x08, 0x00, 0xe2, 0x0f, 0x00,
  0x45, 0x72, 0x79, 0x00, 0x79, 0x00, 0x00, 0x00, 0x00, 0x14, 0x20, 0x00,
  0x00, 0xe2, 0x0f, 0x00, 0x23, 0x72, 0x34, 0x0e, 0x81, 0x00, 0x00, 0x00,
  0x34, 0x00, 0x01, 0x00, 0x00, 0xe2, 0x0f, 0x00, 0x10, 0x7c, 0x8b, 0x5c,
  0x0d, 0x00, 0x00, 0x00, 0xff, 0xe0, 0xff, 0x0f, 0x00, 0xe2, 0x0f, 0x00,
  0x20, 0x7c, 0x39, 0x39, 0x10, 0x00, 0x00, 0x00, 0x00, 0x00, 0x41, 0x08,
  0x00, 0xe2, 0x0f, 0x00, 0x0c, 0x72, 0x00, 0x60, 0x0b, 0x00, 0x00, 0x00,
  0x70, 0x62, 0xf8, 0x03, 0x00, 0xe2, 0x0f, 0x00, 0x20, 0x7c, 0x18, 0x18,
  0x0a, 0x00, 0x00, 0x00, 0x00, 0x00, 0x41, 0x08, 0x00, 0xe2, 0x0f, 0x00,
  0x08, 0x78, 0x65, 0x2d, 0xff, 0xff, 0x7f, 0xff, 0x00, 0x00, 0x80, 0x06,
  0x00, 0xe2, 0x0f, 0x00, 0x23, 0x72, 0x2d, 0x0e, 0x79, 0x00, 0x00, 0x00,
  0x28, 0x00, 0x01, 0x00, 0x00, 0xe2, 0x0f, 0x00, 0x45, 0x72, 0x8b, 0x00,
  0x8b, 0x00, 0x00, 0x00, 0x00, 0x14, 0x20, 0x00, 0x00, 0xe2, 0x0f, 0x00,
  0x20, 0x7c, 0x18, 0x18, 0x10, 0x00, 0x00, 0x00, 0x00, 0x00, 0x41, 0x08,
  0x00, 0xe2, 0x0f, 0x00, 0x0c, 0x72, 0x00, 0x5e, 0x0b, 0x00, 0x00, 0x00,
  0x70, 0x42, 0xfa, 0x03, 0x00, 0xe2, 0x0f, 0x00, 0x20, 0x7c, 0x3c, 0x3c,
  0x0a, 0x00, 0x00, 0x00, 0x00, 0x00, 0x41, 0x08, 0x00, 0xe2, 0x0f, 0x00,
  0x08, 0x78, 0x35, 0x31, 0xff, 0xff, 0x7f, 0xff, 0x00, 0x00, 0x00, 0x06,
  0x00, 0xe2, 0x0f, 0x00, 0x23, 0x72, 0x19, 0x0e, 0x8b, 0x00, 0x00, 0x00,
  0x19, 0x00, 0x01, 0x00, 0x00, 0xe2, 0x0f, 0x00, 0x45, 0x72, 0x8d, 0x00,
  0x8d, 0x00, 0x00, 0x00, 0x00, 0x14, 0x20, 0x00, 0x00, 0xe2, 0x0f, 0x00,
  0x36, 0x78, 0xad, 0x1c, 0x49, 0x00, 0x00, 0x00, 0x00, 0x00, 0x00, 0x00,
  0x00, 0xe2, 0x0f, 0x00, 0x0c, 0x72, 0x00, 0x5e, 0x0b, 0x00, 0x00, 0x00,
  0x70, 0x62, 0xf8, 0x03, 0x00, 0xe2, 0x0f, 0x00, 0x20, 0x7c, 0x3d, 0x3d,
  0x0a, 0x00, 0x00, 0x00, 0x00, 0x00, 0x41, 0x08, 0x00, 0xe2, 0x0f, 0x00,
  0x10, 0x78, 0x83, 0x1c, 0x01, 0x00, 0x00, 0x00, 0xff, 0xe0, 0xff, 0x07,
  0x00, 0xe2, 0x0f, 0x00, 0x20, 0x7c, 0x6d, 0x3c, 0x10, 0x00, 0x00, 0x00,
  0x00, 0x00, 0x41, 0x08, 0x00, 0xe2, 0x0f, 0x00, 0x08, 0x78, 0x31, 0x34,
  0xff, 0xff, 0x7f, 0xff, 0x00, 0x00, 0x80, 0x06, 0x00, 0xe2, 0x0f, 0x00,
  0x23, 0x72, 0x34, 0x0e, 0x8d, 0x00, 0x00, 0x00, 0x39, 0x00, 0x01, 0x00,
  0x00, 0xe2, 0x0f, 0x00, 0x0c, 0x72, 0x00, 0x5c, 0x0b, 0x00, 0x00, 0x00,
  0x70, 0x42, 0xfa, 0x03, 0x00, 0xe2, 0x0f, 0x00, 0x20, 0x7c, 0x6f, 0x3d,
  0x10, 0x00, 0x00, 0x00, 0x00, 0x00, 0x41, 0x08, 0x00, 0xe2, 0x0f, 0x00,
  0x08, 0x78, 0x2d, 0x2d, 0xff, 0xff, 0x7f, 0xff, 0x00, 0x00, 0x00, 0x06,
  0x00, 0xe2, 0x0f, 0x00, 0x20, 0x7c, 0x40, 0x40, 0x0a, 0x00, 0x00, 0x00,
  0x00, 0x00, 0x41, 0x08, 0x00, 0xe2, 0x0f, 0x00, 0x45, 0x72, 0x7f, 0x00,
  0x1c, 0x00, 0x00, 0x00, 0x00, 0x14, 0x20, 0x00, 0x00, 0xe2, 0x0f, 0x00,
  0x20, 0x7c, 0x41, 0x41, 0x0a, 0x00, 0x00, 0x00, 0x00, 0x00, 0x41, 0x08,
  0x00, 0xe2, 0x0f, 0x00, 0x45, 0x72, 0x83, 0x00, 0x83, 0x00, 0x00, 0x00,
  0x00, 0x14, 0x20, 0x00, 0x00, 0xe2, 0x0f, 0x00, 0x20, 0x7c, 0x40, 0x40,
  0x10, 0x00, 0x00, 0x00, 0x00, 0x00, 0x41, 0x08, 0x00, 0xe2, 0x0f, 0x00,
  0x0c, 0x72, 0x00, 0x5c, 0x0b, 0x00, 0x00, 0x00, 0x70, 0x62, 0xf8, 0x03,
  0x00, 0xe2, 0x0f, 0x00, 0x23, 0x72, 0x2c, 0x0e, 0x7f, 0x00, 0x00, 0x00,
  0x18, 0x00, 0x01, 0x00, 0x00, 0xe2, 0x0f, 0x04, 0x08, 0x78, 0x39, 0x19,
  0xff, 0xff, 0x7f, 0xff, 0x00, 0x00, 0x80, 0x06, 0x00, 0xe2, 0x0f, 0x00,
  0x23, 0x72, 0x30, 0x0e, 0x83, 0x00, 0x00, 0x00, 0x30, 0x00, 0x01, 0x00,
  0x00, 0xe2, 0x0f, 0x00, 0x08, 0x78, 0x19, 0x34, 0xff, 0xff, 0x7f, 0xff,
  0x00, 0x00, 0x00, 0x06, 0x00, 0xe2, 0x0f, 0x00, 0x20, 0x7c, 0x44, 0x44,
  0x0a, 0x00, 0x00, 0x00, 0x00, 0x00, 0x41, 0x08, 0x00, 0xe2, 0x0f, 0x00,
  0x0c, 0x72, 0x00, 0x5a, 0x0b, 0x00, 0x00, 0x00, 0x70, 0x42, 0xfa, 0x03,
  0x00, 0xe2, 0x0f, 0x08, 0x36, 0x78, 0x9d, 0x1c, 0x59, 0x00, 0x00, 0x00,
  0x00, 0x00, 0x00, 0x00, 0x00, 0xe2, 0x0f, 0x00, 0x0c, 0x72, 0x00, 0x5a,
  0x0b, 0x00, 0x00, 0x00, 0x70, 0x62, 0xf8, 0x03, 0x00, 0xe2, 0x0f, 0x00,
  0x20, 0x7c, 0x45, 0x45, 0x0a, 0x00, 0x00, 0x00, 0x00, 0x00, 0x41, 0x08,
  0x00, 0xe2, 0x0f, 0x00, 0x08, 0x78, 0x2c, 0x2c, 0xff, 0xff, 0x7f, 0xff,
  0x00, 0x00, 0x80, 0x06, 0x00, 0xe2, 0x0f, 0x00, 0x20, 0x7c, 0x85, 0x44,
  0x10, 0x00, 0x00, 0x00, 0x00, 0x00, 0x41, 0x08, 0x00, 0xe2, 0x0f, 0x00,
  0x08, 0x78, 0x89, 0x30, 0xff, 0xff, 0x7f, 0xff, 0x00, 0x00, 0x00, 0x06,
  0x00, 0xe2, 0x0f, 0x00, 0x20, 0x7c, 0x30, 0x41, 0x10, 0x00, 0x00, 0x00,
  0x00, 0x00, 0x41, 0x08, 0x00, 0xe2, 0x0f, 0x00, 0x12, 0x78, 0x24, 0x5a,
  0x48, 0x00, 0x00, 0x00, 0xff, 0xfc, 0x8e, 0x07, 0x00, 0xe2, 0x0f, 0x00,
  0x20, 0x7c, 0x49, 0x49, 0x0a, 0x00, 0x00, 0x00, 0x00, 0x00, 0x41, 0x08,
  0x00, 0xe2, 0x0f, 0x00, 0x09, 0x72, 0x34, 0x2c, 0x89, 0x00, 0x00, 0x00,
  0x00, 0x00, 0x81, 0x07, 0x00, 0xe2, 0x0f, 0x00, 0x20, 0x7c, 0x87, 0x45,
  0x10, 0x00, 0x00, 0x00, 0x00, 0x00, 0x41, 0x08, 0x00, 0xe2, 0x0f, 0x00,
  0x12, 0x78, 0x22, 0x5a, 0x50, 0x00, 0x00, 0x00, 0xff, 0xfc, 0x8e, 0x07,
  0x00, 0xe2, 0x0f, 0x00, 0x36, 0x7c, 0xa1, 0x24, 0x0d, 0x00, 0x00, 0x00,
  0x00, 0x00, 0x00, 0x08, 0x00, 0xe2, 0x0f, 0x00, 0x09, 0x72, 0x34, 0x5f,
  0x34, 0x00, 0x00, 0x00, 0x00, 0x00, 0x81, 0x07, 0x00, 0xe2, 0x0f, 0x00,
  0x20, 0x7c, 0x48, 0x48, 0x0a, 0x00, 0x00, 0x00, 0x00, 0x00, 0x41, 0x08,
  0x00, 0xe2, 0x0f, 0x00, 0x10, 0x7c, 0xa9, 0x22, 0x0d, 0x00, 0x00, 0x00,
  0xff, 0xe0, 0xff, 0x0f, 0x00, 0xe2, 0x0f, 0x00, 0x20, 0x7c, 0x4c, 0x4c,
  0x0a, 0x00, 0x00, 0x00, 0x00, 0x00, 0x41, 0x08, 0x00, 0xe2, 0x0f, 0x00,
  0x09, 0x72, 0x34, 0x5b, 0x34, 0x00, 0x00, 0x00, 0x00, 0x00, 0x81, 0x07,
  0x00, 0xe2, 0x0f, 0x00, 0x20, 0x7c, 0x48, 0x48, 0x10, 0x00, 0x00, 0x00,
  0x00, 0x00, 0x41, 0x08, 0x00, 0xe2, 0x0f, 0x00, 0x45, 0x72, 0xa1, 0x00,
  0xa1, 0x00, 0x00, 0x00, 0x00, 0x14, 0x20, 0x00, 0x00, 0xe2, 0x0f, 0x00,
  0x36, 0x78, 0x97, 0x1c, 0x69, 0x00, 0x00, 0x00, 0x00, 0x00, 0x00, 0x00,
  0x00, 0xe2, 0x0f, 0x00, 0x09, 0x72, 0x34, 0x61, 0x34, 0x00, 0x00, 0x00,
  0x00, 0x00, 0x81, 0x07, 0x00, 0xe2, 0x0f, 0x00, 0x20, 0x7c, 0x4d, 0x4d,
  0x0a, 0x00, 0x00, 0x00, 0x00, 0x00, 0x41, 0x08, 0x00, 0xe2, 0x0f, 0x00,
  0x45, 0x72, 0xad, 0x00, 0xad, 0x00, 0x00, 0x00, 0x00, 0x14, 0x20, 0x00,
  0x00, 0xe2, 0x0f, 0x00, 0x23, 0x72, 0x3d, 0x0e, 0xa1, 0x00, 0x00, 0x00,
  0x6d, 0x00, 0x01, 0x00, 0x00, 0xe2, 0x0f, 0x00, 0x09, 0x72, 0x34, 0x5d,
  0x34, 0x00, 0x00, 0x00, 0x00, 0x00, 0x81, 0x07, 0x00, 0xe2, 0x0f, 0x00,
  0x20, 0x7c, 0x8f, 0x4c, 0x10, 0x00, 0x00, 0x00, 0x00, 0x00, 0x41, 0x08,
  0x00, 0xe2, 0x0f, 0x00, 0x12, 0x78, 0x20, 0x5a, 0x58, 0x00, 0x00, 0x00,
  0xff, 0xfc, 0x8e, 0x07, 0x00, 0xe2, 0x0f, 0x00, 0x23, 0x72, 0x6f, 0x0e,
  0xad, 0x00, 0x00, 0x00, 0x6f, 0x00, 0x01, 0x00, 0x00, 0xe2, 0x0f, 0x00,
  0x09, 0x72, 0x34, 0x67, 0x34, 0x00, 0x00, 0x00, 0x00, 0x00, 0x81, 0x07,
  0x00, 0xe2, 0x0f, 0x00, 0x20, 0x7c, 0x51, 0x51, 0x0a, 0x00, 0x00, 0x00,
  0x00, 0x00, 0x41, 0x08, 0x00, 0xe2, 0x0f, 0x00, 0x0c, 0x72, 0x00, 0x24,
  0x0b, 0x00, 0x00, 0x00, 0x70, 0x42, 0xfa, 0x03, 0x00, 0xe2, 0x0f, 0x00,
  0x36, 0x7c, 0xab, 0x20, 0x0d, 0x00, 0x00, 0x00, 0x00, 0x00, 0x00, 0x08,
  0x00, 0xe2, 0x0f, 0x00, 0x09, 0x72, 0x34, 0x27, 0x34, 0x00, 0x00, 0x00,
  0x00, 0x00, 0x81, 0x07, 0x00, 0xe2, 0x0f, 0x00, 0x20, 0x7c, 0x91, 0x4d,
  0x10, 0x00, 0x00, 0x00, 0x00, 0x00, 0x41, 0x08, 0x00, 0xe2, 0x0f, 0x00,
  0x10, 0x78, 0x95, 0x1c, 0x51, 0x00, 0x00, 0x00, 0xff, 0xe0, 0xff, 0x07,
  0x00, 0xe2, 0x0f, 0x00, 0x20, 0x7c, 0x50, 0x50, 0x0a, 0x00, 0x00, 0x00,
  0x00, 0x00, 0x41, 0x08, 0x00, 0xe2, 0x0f, 0x00, 0x09, 0x72, 0x34, 0x6b,
  0x34, 0x00, 0x00, 0x00, 0x00, 0x00, 0x81, 0x07, 0x00, 0xe2, 0x0f, 0x00,
  0x20, 0x7c, 0x54, 0x54, 0x0a, 0x00, 0x00, 0x00, 0x00, 0x00, 0x41, 0x08,
  0x00, 0xe2, 0x0f, 0x00, 0x45, 0x72, 0xa9, 0x00, 0xa9, 0x00, 0x00, 0x00,
  0x00, 0x14, 0x20, 0x00, 0x00, 0xe2, 0x0f, 0x00, 0x20, 0x7c, 0x50, 0x50,
  0x10, 0x00, 0x00, 0x00, 0x00, 0x00, 0x41, 0x08, 0x00, 0xe2, 0x0f, 0x00,
  0x09, 0x72, 0x34, 0x69, 0x34, 0x00, 0x00, 0x00, 0x00, 0x00, 0x81, 0x07,
  0x00, 0xe2, 0x0f, 0x00, 0x20, 0x7c, 0x55, 0x55, 0x0a, 0x00, 0x00, 0x00,
  0x00, 0x00, 0x41, 0x08, 0x00, 0xe2, 0x0f, 0x00, 0x0c, 0x72, 0x00, 0x24,
  0x0b, 0x00, 0x00, 0x00, 0x70, 0x62, 0xf8, 0x03, 0x00, 0xe2, 0x0f, 0x00,
  0x23, 0x72, 0x40, 0x0e, 0xa9, 0x00, 0x00, 0x00, 0x40, 0x00, 0x01, 0x00,
  0x00, 0xe2, 0x0f, 0x00, 0x09, 0x72, 0x34, 0x63, 0x34, 0x00, 0x00, 0x00,
  0x00, 0x00, 0x81, 0x07, 0x00, 0xe2, 0x0f, 0x00, 0x20, 0x7c, 0xa3, 0x54,
  0x10, 0x00, 0x00, 0x00, 0x00, 0x00, 0x41, 0x08, 0x00, 0xe2, 0x0f, 0x00,
  0x08, 0x78, 0x3d, 0x3d, 0xff, 0xff, 0x7f, 0xff, 0x00, 0x00, 0x80, 0x06,
  0x00, 0xe2, 0x0f, 0x00, 0x20, 0x7c, 0xb5, 0x55, 0x10, 0x00, 0x00, 0x00,
  0x00, 0x00, 0x41, 0x08, 0x00, 0xe2, 0x0f, 0x00, 0x09, 0x72, 0x34, 0x29,
  0x34, 0x00, 0x00, 0x00, 0x00, 0x00, 0x81, 0x07, 0x00, 0xe2, 0x0f, 0x00,
  0x20, 0x7c, 0x2a, 0x2a, 0x0a, 0x00, 0x00, 0x00, 0x00, 0x00, 0x41, 0x08,
  0x00, 0xe2, 0x0f, 0x00, 0x45, 0x72, 0x95, 0x00, 0x95, 0x00, 0x00, 0x00,
  0x00, 0x14, 0x20, 0x00, 0x00, 0xe2, 0x0f, 0x00, 0x20, 0x7c, 0x2b, 0x2b,
  0x0a, 0x00, 0x00, 0x00, 0x00, 0x00, 0x41, 0x08, 0x00, 0xe2, 0x0f, 0x00,
  0x09, 0x72, 0x34, 0x65, 0x34, 0x00, 0x00, 0x00, 0x00, 0x00, 0x81, 0x07,
  0x00, 0xe2, 0x0f, 0x00, 0x20, 0x7c, 0x2e, 0x2e, 0x0a, 0x00, 0x00, 0x00,
  0x00, 0x00, 0x41, 0x08, 0x00, 0xe2, 0x0f, 0x00, 0x0c, 0x72, 0x00, 0x22,
  0x0b, 0x00, 0x00, 0x00, 0x70, 0x42, 0xfa, 0x03, 0x00, 0xe2, 0x0f, 0x00,
  0x23, 0x72, 0x30, 0x0e, 0x95, 0x00, 0x00, 0x00, 0x30, 0x00, 0x01, 0x00,
  0x00, 0xe2, 0x0f, 0x00, 0x09, 0x72, 0x34, 0x35, 0x34, 0x00, 0x00, 0x00,
  0x00, 0x00, 0x81, 0x07, 0x00, 0xe2, 0x0f, 0x00, 0x20, 0x7c, 0x2f, 0x2f,
  0x0a, 0x00, 0x00, 0x00, 0x00, 0x00, 0x41, 0x08, 0x00, 0xe2, 0x0f, 0x00,
  0x08, 0x78, 0x6f, 0x6f, 0xff, 0xff, 0x7f, 0xff, 0x00, 0x00, 0x00, 0x06,
  0x00, 0xe2, 0x0f, 0x00, 0x20, 0x7c, 0x3b, 0x3b, 0x0a, 0x00, 0x00, 0x00,
  0x00, 0x00, 0x41, 0x08, 0x00, 0xe2, 0x0f, 0x00, 0x09, 0x72, 0x34, 0x31,
  0x34, 0x00, 0x00, 0x00, 0x00, 0x00, 0x81, 0x07, 0x00, 0xe2, 0x0f, 0x00,
  0x20, 0x7c, 0x36, 0x36, 0x0a, 0x00, 0x00, 0x00, 0x00, 0x00, 0x41, 0x08,
  0x00, 0xe2, 0x0f, 0x00, 0x12, 0x78, 0x1e, 0x5a, 0x60, 0x00, 0x00, 0x00,
  0xff, 0xfc, 0x8e, 0x07, 0x00, 0xe2, 0x0f, 0x00, 0x20, 0x7c, 0x32, 0x32,
  0x0a, 0x00, 0x00, 0x00, 0x00, 0x00, 0x41, 0x08, 0x00, 0xe2, 0x0f, 0x00,
  0x09, 0x72, 0x34, 0x2d, 0x34, 0x00, 0x00, 0x00, 0x00, 0x00, 0x81, 0x07,
  0x00, 0xe2, 0x0f, 0x00, 0x20, 0x7c, 0x36, 0x36, 0x10, 0x00, 0x00, 0x00,
  0x00, 0x00, 0x41, 0x08, 0x00, 0xe2, 0x0f, 0x00, 0x45, 0x72, 0xab, 0x00,
  0xab, 0x00, 0x00, 0x00, 0x00, 0x14, 0x20, 0x00, 0x00, 0xe2, 0x0f, 0x00,
  0x20, 0x7c, 0x42, 0x42, 0x0a, 0x00, 0x00, 0x00, 0x00, 0x00, 0x41, 0x08,
  0x00, 0xe2, 0x0f, 0x00, 0x09, 0x72, 0x34, 0x39, 0x34, 0x00, 0x00, 0x00,
  0x00, 0x00, 0x81, 0x07, 0x00, 0xe2, 0x0f, 0x00, 0x23, 0x72, 0x36, 0x0e,
  0x81, 0x00, 0x00, 0x00, 0x36, 0x00, 0x01, 0x00, 0x00, 0xe2, 0x0f, 0x00,
  0x0c, 0x72, 0x00, 0x22, 0x0b, 0x00, 0x00, 0x00, 0x70, 0x62, 0xf8, 0x03,
  0x00, 0xe2, 0x0f, 0x00, 0x23, 0x72, 0x45, 0x0e, 0xab, 0x00, 0x00, 0x00,
  0x85, 0x00, 0x01, 0x00, 0x00, 0xe2, 0x0f, 0x00, 0x09, 0x72, 0x34, 0x19,
  0x34, 0x00, 0x00, 0x00, 0x00, 0x00, 0x81, 0x07, 0x00, 0xe2, 0x0f, 0x00,
  0x20, 0x7c, 0x1a, 0x1a, 0x0a, 0x00, 0x00, 0x00, 0x00, 0x00, 0x41, 0x08,
  0x00, 0xe2, 0x0f, 0x00, 0x08, 0x78, 0x41, 0x40, 0xff, 0xff, 0x7f, 0xff,
  0x00, 0x00, 0x80, 0x06, 0x00, 0xe2, 0x0f, 0x00, 0x20, 0x7c, 0x1b, 0x1b,
  0x0a, 0x00, 0x00, 0x00, 0x00, 0x00, 0x41, 0x08, 0x00, 0xe2, 0x0f, 0x00,
  0x09, 0x72, 0x34, 0x3d, 0x34, 0x00, 0x00, 0x00, 0x00, 0x00, 0x81, 0x07,
  0x00, 0xe2, 0x0f, 0x00, 0x20, 0x7c, 0x3a, 0x3a, 0x0a, 0x00, 0x00, 0x00,
  0x00, 0x00, 0x41, 0x08, 0x00, 0xe2, 0x0f, 0x00, 0x10, 0x7c, 0x9f, 0x1e,
  0x0d, 0x00, 0x00, 0x00, 0xff, 0xe0, 0xff, 0x0f, 0x00, 0xe2, 0x0f, 0x00,
  0x20, 0x7c, 0x3e, 0x3e, 0x0a, 0x00, 0x00, 0x00, 0x00, 0x00, 0x41, 0x08,
  0x00, 0xe2, 0x0f, 0x00, 0x09, 0x72, 0x34, 0x6f, 0x34, 0x00, 0x00, 0x00,
  0x00, 0x00, 0x81, 0x07, 0x00, 0xe2, 0x0f, 0x00, 0x20, 0x7c, 0x3a, 0x3a,
  0x10, 0x00, 0x00, 0x00, 0x00, 0x00, 0x41, 0x08, 0x00, 0xe2, 0x0f, 0x00,
  0x45, 0x72, 0x9d, 0x00, 0x9d, 0x00, 0x00, 0x00, 0x00, 0x14, 0x20, 0x00,
  0x00, 0xe2, 0x0f, 0x00, 0x20, 0x7c, 0x46, 0x46, 0x0a, 0x00, 0x00, 0x00,
  0x00, 0x00, 0x41, 0x08, 0x00, 0xe2, 0x0f, 0x00, 0x12, 0x78, 0x26, 0x5a,
  0x68, 0x00, 0x00, 0x00, 0xff, 0xfc, 0x8e, 0x07, 0x00, 0xe2, 0x0f, 0x00,
  0x23, 0x72, 0x3a, 0x0e, 0x8b, 0x00, 0x00, 0x00, 0x3a, 0x00, 0x01, 0x00,
  0x00, 0xe2, 0x0f, 0x00, 0x0c, 0x72, 0x00, 0x20, 0x0b, 0x00, 0x00, 0x00,
  0x70, 0x42, 0xfa, 0x03, 0x00, 0xe2, 0x0f, 0x00, 0x20, 0x7c, 0x47, 0x47,
  0x0a, 0x00, 0x00, 0x00, 0x00, 0x00, 0x41, 0x08, 0x00, 0xe2, 0x0f, 0x00,
  0x08, 0x78, 0x6d, 0x30, 0xff, 0xff, 0x7f, 0xff, 0x00, 0x00, 0x00, 0x06,
  0x00, 0xe2, 0x0f, 0x00, 0x20, 0x7c, 0x30, 0x49, 0x10, 0x00, 0x00, 0x00,
  0x00, 0x00, 0x41, 0x08, 0x00, 0xe2, 0x0f, 0x00, 0x09, 0x72, 0x34, 0x41,
  0x34, 0x00, 0x00, 0x00, 0x00, 0x00, 0x81, 0x07, 0x00, 0xe2, 0x0f, 0x00,
  0x23, 0x72, 0x49, 0x0e, 0x9d, 0x00, 0x00, 0x00, 0x87, 0x00, 0x01, 0x00,
  0x00, 0xe2, 0x0f, 0x00, 0x10, 0x78, 0x93, 0x1c, 0x61, 0x00, 0x00, 0x00,
  0xff, 0xe0, 0xff, 0x07, 0x00, 0xe2, 0x0f, 0x00, 0x36, 0x7c, 0xaf, 0x26,
  0x0d, 0x00, 0x00, 0x00, 0x00, 0x00, 0x00, 0x08, 0x00, 0xe2, 0x0f, 0x00,
  0x45, 0x72, 0x9f, 0x00, 0x9f, 0x00, 0x00, 0x00, 0x00, 0x14, 0x20, 0x00,
  0x00, 0xe2, 0x0f, 0x00, 0x20, 0x7c, 0x4a, 0x4a, 0x0a, 0x00, 0x00, 0x00,
  0x00, 0x00, 0x41, 0x08, 0x00, 0xe2, 0x0f, 0x00, 0x0c, 0x72, 0x00, 0x20,
  0x0b, 0x00, 0x00, 0x00, 0x70, 0x62, 0xf8, 0x03, 0x00, 0xe2, 0x0f, 0x00,
  0x20, 0x7c, 0x47, 0x47, 0x10, 0x00, 0x00, 0x00, 0x00, 0x00, 0x41, 0x08,
  0x00, 0xe2, 0x0f, 0x00, 0x08, 0x78, 0x45, 0x45, 0xff, 0xff, 0x7f, 0xff,
  0x00, 0x00, 0x80, 0x06, 0x00, 0xe2, 0x0f, 0x00, 0x23, 0x72, 0x48, 0x0e,
  0x9f, 0x00, 0x00, 0x00, 0x48, 0x00, 0x01, 0x00, 0x00, 0xe2, 0x0f, 0x00,
  0x09, 0x72, 0x34, 0x6d, 0x34, 0x00, 0x00, 0x00, 0x00, 0x00, 0x81, 0x07,
  0x00, 0xe2, 0x0f, 0x00, 0x20, 0x7c, 0x4a, 0x4a, 0x10, 0x00, 0x00, 0x00,
  0x00, 0x00, 0x41, 0x08, 0x00, 0xe2, 0x0f, 0x00, 0x45, 0x72, 0x93, 0x00,
  0x93, 0x00, 0x00, 0x00, 0x00, 0x14, 0x20, 0x00, 0x00, 0xe2, 0x0f, 0x00,
  0x20, 0x7c, 0x4e, 0x4e, 0x0a, 0x00, 0x00, 0x00, 0x00, 0x00, 0x41, 0x08,
  0x00, 0xe2, 0x0f, 0x00, 0x0c, 0x72, 0x00, 0x1e, 0x0b, 0x00, 0x00, 0x00,
  0x70, 0x42, 0xfa, 0x03, 0x00, 0xe2, 0x0f, 0x00, 0x23, 0x72, 0x4a, 0x0e,
  0x9f, 0x00, 0x00, 0x00, 0x4a, 0x00, 0x01, 0x00, 0x00, 0xe2, 0x0f, 0x04,
  0x08, 0x78, 0x49, 0x49, 0xff, 0xff, 0x7f, 0xff, 0x00, 0x00, 0x00, 0x06,
  0x00, 0xe2, 0x0f, 0x00, 0x23, 0x72, 0x30, 0x0e, 0x93, 0x00, 0x00, 0x00,
  0x30, 0x00, 0x01, 0x00, 0x00, 0xe2, 0x0f, 0x00, 0x09, 0x72, 0x34, 0x45,
  0x34, 0x00, 0x00, 0x00, 0x00, 0x00, 0x81, 0x07, 0x00, 0xe2, 0x0f, 0x00,
  0x20, 0x7c, 0x4f, 0x4f, 0x0a, 0x00, 0x00, 0x00, 0x00, 0x00, 0x41, 0x08,
  0x00, 0xe2, 0x0f, 0x00, 0x12, 0x78, 0x28, 0x5a, 0x70, 0x00, 0x00, 0x00,
  0xff, 0xfc, 0x8e, 0x07, 0x00, 0xe2, 0x0f, 0x00, 0x20, 0x7c, 0x52, 0x52,
  0x0a, 0x00, 0x00, 0x00, 0x00, 0x00, 0x41, 0x08, 0x00, 0xe2, 0x0f, 0x00,
  0x45, 0x72, 0xaf, 0x00, 0xaf, 0x00, 0x00, 0x00, 0x00, 0x14, 0x20, 0x00,
  0x00, 0xe2, 0x0f, 0x00, 0x20, 0x7c, 0x53, 0x53, 0x0a, 0x00, 0x00, 0x00,
  0x00, 0x00, 0x41, 0x08, 0x00, 0xe2, 0x0f, 0x00, 0x0c, 0x72, 0x00, 0x1e,
  0x0b, 0x00, 0x00, 0x00, 0x70, 0x62, 0xf8, 0x03, 0x00, 0xe2, 0x0f, 0x00,
  0x20, 0x7c, 0x56, 0x56, 0x0a, 0x00, 0x00, 0x00, 0x00, 0x00, 0x41, 0x08,
  0x00, 0xe2, 0x0f, 0x00, 0x08, 0x78, 0x85, 0x48, 0xff, 0xff, 0x7f, 0xff,
  0x00, 0x00, 0x80, 0x06, 0x00, 0xe2, 0x0f, 0x00, 0x23, 0x72, 0x4d, 0x0e,
  0xaf, 0x00, 0x00, 0x00, 0x8f, 0x00, 0x01, 0x00, 0x00, 0xe2, 0x0f, 0x00,
  0x09, 0x72, 0x34, 0x49, 0x34, 0x00, 0x00, 0x00, 0x00, 0x00, 0x81, 0x07,
  0x00, 0xe2, 0x0f, 0x00, 0x20, 0x7c, 0x57, 0x57, 0x0a, 0x00, 0x00, 0x00,
  0x00, 0x00, 0x41, 0x08, 0x00, 0xe2, 0x0f, 0x00, 0x10, 0x7c, 0xa7, 0x28,
  0x0d, 0x00, 0x00, 0x00, 0xff, 0xe0, 0xff, 0x0f, 0x00, 0xe2, 0x0f, 0x00,
  0x20, 0x7c, 0x56, 0x56, 0x10, 0x00, 0x00, 0x00, 0x00, 0x00, 0x41, 0x08,
  0x00, 0xe2, 0x0f, 0x00, 0x45, 0x72, 0x97, 0x00, 0x97, 0x00, 0x00, 0x00,
  0x00, 0x14, 0x20, 0x00, 0x00, 0xe2, 0x0f, 0x00, 0x20, 0x7c, 0x57, 0x57,
  0x10, 0x00, 0x00, 0x00, 0x00, 0x00, 0x41, 0x08, 0x00, 0xe2, 0x0f, 0x00,
  0x12, 0x78, 0x18, 0x5a, 0x78, 0x00, 0x00, 0x00, 0xff, 0xfc, 0x8e, 0x07,
  0x00, 0xc4, 0x0f, 0x00, 0x0c, 0x72, 0x00, 0x26, 0x0b, 0x00, 0x00, 0x00,
  0x70, 0x42, 0xfa, 0x03, 0x00, 0xe4, 0x0f, 0x00, 0x08, 0x78, 0x87, 0x30,
  0xff, 0xff, 0x7f, 0xff, 0x00, 0x00, 0x00, 0x06, 0x00, 0xe2, 0x0f, 0x00,
  0x20, 0x7c, 0x30, 0x51, 0x10, 0x00, 0x00, 0x00, 0x00, 0x00, 0x41, 0x08,
  0x00, 0xe2, 0x0f, 0x00, 0x09, 0x72, 0x34, 0x85, 0x34, 0x00, 0x00, 0x00,
  0x00, 0x00, 0x81, 0x07, 0x00, 0xe2, 0x0f, 0x00, 0x23, 0x72, 0x51, 0x0e,
  0x97, 0x00, 0x00, 0x00, 0x91, 0x00, 0x01, 0x00, 0x00, 0xe2, 0x0f, 0x00,
  0x10, 0x78, 0xa5, 0x1c, 0x71, 0x00, 0x00, 0x00, 0xff, 0xe0, 0xff, 0x07,
  0x00, 0xe2, 0x0f, 0x00, 0x36, 0x7c, 0xb3, 0x18, 0x0d, 0x00, 0x00, 0x00,
  0x00, 0x00, 0x00, 0x08, 0x00, 0xe2, 0x0f, 0x00, 0x45, 0x72, 0xa7, 0x00,
  0xa7, 0x00, 0x00, 0x00, 0x00, 0x14, 0x20, 0x00, 0x00, 0xe2, 0x0f, 0x00,
  0x99, 0x72, 0x0d, 0x3f, 0x04, 0x00, 0x00, 0x00, 0x05, 0x16, 0x01, 0x08,
  0x00, 0xe2, 0x0f, 0x00, 0x0c, 0x72, 0x00, 0x26, 0x0b, 0x00, 0x00, 0x00,
  0x70, 0x62, 0xf8, 0x03, 0x00, 0xc4, 0x0f, 0x00, 0x08, 0x78, 0x4d, 0x4d,
  0xff, 0xff, 0x7f, 0xff, 0x00, 0x00, 0x80, 0x06, 0x00, 0xe2, 0x0f, 0x00,
  0x23, 0x72, 0x50, 0x0e, 0xa7, 0x00, 0x00, 0x00, 0x50, 0x00, 0x01, 0x00,
  0x00, 0xe2, 0x0f, 0x00, 0x09, 0x72, 0x34, 0x87, 0x34, 0x00, 0x00, 0x00,
  0x00, 0x00, 0x81, 0x07, 0x00, 0xe2, 0x0f, 0x00, 0x92, 0x78, 0x0d, 0x0d,
  0x01, 0x00, 0x00, 0x00, 0x3f, 0xc0, 0x8e, 0x0f, 0x00, 0xe2, 0x0f, 0x00,
  0x45, 0x72, 0xa5, 0x00, 0xa5, 0x00, 0x00, 0x00, 0x00, 0x14, 0x20, 0x00,
  0x00, 0xe4, 0x0f, 0x00, 0x0c, 0x72, 0x00, 0x28, 0x0b, 0x00, 0x00, 0x00,
  0x70, 0x42, 0xfa, 0x03, 0x00, 0xe4, 0x0f, 0x00, 0x08, 0x78, 0x51, 0x51,
  0xff, 0xff, 0x7f, 0xff, 0x00, 0x00, 0x00, 0x06, 0x00, 0xe2, 0x0f, 0x00,
  0x23, 0x72, 0x30, 0x0e, 0xa5, 0x00, 0x00, 0x00, 0x30, 0x00, 0x01, 0x00,
  0x00, 0xe2, 0x0f, 0x00, 0x09, 0x72, 0x34, 0x4d, 0x34, 0x00, 0x00, 0x00,
  0x00, 0x00, 0x81, 0x07, 0x00, 0xc4, 0x0f, 0x00, 0x10, 0x78, 0xb1, 0x1c,
  0x79, 0x00, 0x00, 0x00, 0xff, 0xe0, 0xff, 0x07, 0x00, 0xe2, 0x0f, 0x00,
  0x20, 0x7c, 0x1c, 0x2b, 0x10, 0x00, 0x00, 0x00, 0x00, 0x00, 0x41, 0x08,
  0x00, 0xe2, 0x0f, 0x00, 0x45, 0x72, 0xb3, 0x00, 0xb3, 0x00, 0x00, 0x00,
  0x00, 0x14, 0x20, 0x00, 0x00, 0xe4, 0x0f, 0x00, 0x0c, 0x72, 0x00, 0x28,
  0x0b, 0x00, 0x00, 0x00, 0x70, 0x62, 0xf8, 0x03, 0x00, 0xe2, 0x0f, 0x00,
  0x23, 0x72, 0x1c, 0x0e, 0x77, 0x00, 0x00, 0x00, 0x1c, 0x00, 0x01, 0x00,
  0x00, 0xe2, 0x0f, 0x00, 0x08, 0x78, 0x8f, 0x50, 0xff, 0xff, 0x7f, 0xff,
  0x00, 0x00, 0x80, 0x06, 0x00, 0xe2, 0x0f, 0x00, 0x23, 0x72, 0x55, 0x0e,
  0xb3, 0x00, 0x00, 0x00, 0xa3, 0x00, 0x01, 0x00, 0x00, 0xe2, 0x0f, 0x0c,
  0x09, 0x72, 0x34, 0x51, 0x34, 0x00, 0x00, 0x00, 0x00, 0x00, 0x81, 0x07,
  0x00, 0xe2, 0x0f, 0x00, 0x23, 0x72, 0x56, 0x0e, 0xb3, 0x00, 0x00, 0x00,
  0x56, 0x00, 0x01, 0x00, 0x00, 0xe2, 0x0f, 0x00, 0x45, 0x72, 0xb1, 0x00,
  0xb1, 0x00, 0x00, 0x00, 0x00, 0x14, 0x20, 0x00, 0x00, 0xc4, 0x0f, 0x00,
  0x0c, 0x72, 0x00, 0x18, 0x0b, 0x00, 0x00, 0x00, 0x70, 0x42, 0xfa, 0x03,
  0x00, 0xe4, 0x0f, 0x00, 0x08, 0x78, 0x91, 0x30, 0xff, 0xff, 0x7f, 0xff,
  0x00, 0x00, 0x00, 0x06, 0x00, 0xe2, 0x0f, 0x00, 0x23, 0x72, 0xa3, 0x0e,
  0xb1, 0x00, 0x00, 0x00, 0xb5, 0x00, 0x01, 0x00, 0x00, 0xe2, 0x0f, 0x00,
  0x09, 0x72, 0x34, 0x8f, 0x34, 0x00, 0x00, 0x00, 0x00, 0x00, 0x81, 0x07,
  0x00, 0xe2, 0x0f, 0x00, 0x20, 0x7c, 0xb5, 0x2a, 0x10, 0x00, 0x00, 0x00,
  0x00, 0x00, 0x41, 0x08, 0x00, 0xe2, 0x0f, 0x00, 0x0c, 0x72, 0x00, 0x18,
  0x0b, 0x00, 0x00, 0x00, 0x70, 0x62, 0xf8, 0x03, 0x00, 0xe2, 0x0f, 0x00,
  0x20, 0x7c, 0x2a, 0x2f, 0x10, 0x00, 0x00, 0x00, 0x00, 0x00, 0x41, 0x08,
  0x00, 0xe2, 0x0f, 0x00, 0x08, 0x78, 0x55, 0x55, 0xff, 0xff, 0x7f, 0xff,
  0x00, 0x00, 0x80, 0x06, 0x00, 0xe2, 0x0f, 0x00, 0x23, 0x72, 0xb5, 0x0e,
  0x71, 0x00, 0x00, 0x00, 0xb5, 0x00, 0x01, 0x00, 0x00, 0xe2, 0x0f, 0x00,
  0x09, 0x72, 0x34, 0x91, 0x34, 0x00, 0x00, 0x00, 0x00, 0x00, 0x81, 0x07,
  0x00, 0xe2, 0x0f, 0x00, 0x20, 0x7c, 0x71, 0x2e, 0x10, 0x00, 0x00, 0x00,
  0x00, 0x00, 0x41, 0x08, 0x00, 0xe2, 0x0f, 0x00, 0x08, 0x78, 0xa3, 0xa3,
  0xff, 0xff, 0x7f, 0xff, 0x00, 0x00, 0x00, 0x06, 0x00, 0xe2, 0x0f, 0x00,
  0x23, 0x72, 0x2a, 0x0e, 0x75, 0x00, 0x00, 0x00, 0x2a, 0x00, 0x01, 0x00,
  0x00, 0xe2, 0x0f, 0x04, 0x09, 0x72, 0x34, 0x55, 0x34, 0x00, 0x00, 0x00,
  0x00, 0x00, 0x81, 0x07, 0x00, 0xe2, 0x0f, 0x00, 0x23, 0x72, 0x73, 0x0e,
  0x73, 0x00, 0x00, 0x00, 0x71, 0x00, 0x01, 0x00, 0x00, 0xe2, 0x0f, 0x00,
  0x08, 0x78, 0x71, 0x1c, 0xff, 0xff, 0x7f, 0xff, 0x00, 0x00, 0x00, 0x05,
  0x00, 0xe2, 0x0f, 0x00, 0x20, 0x7c, 0x1c, 0x33, 0x0a, 0x00, 0x00, 0x00,
  0x00, 0x00, 0x41, 0x08, 0x00, 0xe2, 0x0f, 0x00, 0x09, 0x72, 0x34, 0xa3,
  0x34, 0x00, 0x00, 0x00, 0x00, 0x00, 0x81, 0x07, 0x00, 0xe2, 0x0f, 0x00,
  0x20, 0x7c, 0x75, 0x32, 0x10, 0x00, 0x00, 0x00, 0x00, 0x00, 0x41, 0x08,
  0x00, 0xe2, 0x0f, 0x00, 0x08, 0x78, 0x2f, 0xb5, 0xff, 0xff, 0x7f, 0xff,
  0x00, 0x00, 0x80, 0x05, 0x00, 0xe2, 0x0f, 0x00, 0x20, 0x7c, 0x77, 0x1c,
  0x10, 0x00, 0x00, 0x00, 0x00, 0x00, 0x41, 0x08, 0x00, 0xe2, 0x0f, 0x00,
  0x0c, 0x72, 0x00, 0x60, 0x0a, 0x00, 0x00, 0x00, 0x70, 0x62, 0xf6, 0x03,
  0x00, 0xe2, 0x0f, 0x08, 0x89, 0x7f, 0xb7, 0x34, 0x00, 0x1f, 0x20, 0x0c,
  0x00, 0x00, 0x0e, 0x00, 0x00, 0x22, 0x0e, 0x00, 0x20, 0x7c, 0x1c, 0x37,
  0x0a, 0x00, 0x00, 0x00, 0x00, 0x00, 0x41, 0x08, 0x00, 0xe2, 0x0f, 0x00,
  0x23, 0x72, 0x77, 0x0e, 0x7b, 0x00, 0x00, 0x00, 0x77, 0x00, 0x01, 0x00,
  0x00, 0xe2, 0x0f, 0x00, 0x0c, 0x72, 0x00, 0x62, 0x0a, 0x00, 0x00, 0x00,
  0x70, 0x42, 0xfa, 0x03, 0x00, 0xe2, 0x0f, 0x08, 0x23, 0x72, 0x75, 0x0e,
  0x7d, 0x00, 0x00, 0x00, 0x75, 0x00, 0x01, 0x00, 0x00, 0xe2, 0x0f, 0x00,
  0x0c, 0x72, 0x00, 0x5e, 0x0a, 0x00, 0x00, 0x00, 0x70, 0x42, 0xf4, 0x03,
  0x00, 0xe2, 0x0f, 0x08, 0x20, 0x7c, 0x7d, 0x42, 0x10, 0x00, 0x00, 0x00,
  0x00, 0x00, 0x41, 0x08, 0x00, 0xe2, 0x0f, 0x00, 0x08, 0x78, 0x37, 0x77,
  0xff, 0xff, 0x7f, 0xff, 0x00, 0x00, 0x80, 0x05, 0x00, 0xe2, 0x0f, 0x00,
  0x20, 0x7c, 0x77, 0x1c, 0x10, 0x00, 0x00, 0x00, 0x00, 0x00, 0x41, 0x08,
  0x00, 0xe2, 0x0f, 0x00, 0x20, 0x7c, 0x1c, 0x3b, 0x10, 0x00, 0x00, 0x00,
  0x00, 0x00, 0x41, 0x08, 0x00, 0xe2, 0x0f, 0x00, 0x08, 0x78, 0x73, 0x73,
  0xff, 0xff, 0x7f, 0xff, 0x00, 0x00, 0x80, 0x06, 0x00, 0xe2, 0x0f, 0x00,
  0x23, 0x72, 0x7d, 0x0e, 0xa9, 0x00, 0x00, 0x00, 0x7d, 0x00, 0x01, 0x00,
  0x00, 0xe2, 0x0f, 0x04, 0x23, 0x72, 0x77, 0x0e, 0x79, 0x00, 0x00, 0x00,
  0x77, 0x00, 0x01, 0x00, 0x00, 0xe2, 0x0f, 0x04, 0x23, 0x72, 0x79, 0x0e,
  0x8d, 0x00, 0x00, 0x00, 0x1c, 0x00, 0x01, 0x00, 0x00, 0xe2, 0x0f, 0x00,
  0x20, 0x7c, 0x1c, 0x3f, 0x0a, 0x00, 0x00, 0x00, 0x00, 0x00, 0x41, 0x08,
  0x00, 0xe2, 0x0f, 0x00, 0x0c, 0x72, 0x00, 0x5e, 0x0a, 0x00, 0x00, 0x00,
  0x70, 0x62, 0xfa, 0x03, 0x00, 0xe2, 0x0f, 0x08, 0x20, 0x7c, 0x7b, 0x3e,
  0x10, 0x00, 0x00, 0x00, 0x00, 0x00, 0x41, 0x08, 0x00, 0xe2, 0x0f, 0x00,
  0x08, 0x78, 0x3b, 0x36, 0xff, 0xff, 0x7f, 0xff, 0x00, 0x00, 0x00, 0x05,
  0x00, 0xe2, 0x0f, 0x00, 0x20, 0x7c, 0x1c, 0x1c, 0x10, 0x00, 0x00, 0x00,
  0x00, 0x00, 0x41, 0x08, 0x00, 0xe2, 0x0f, 0x00, 0x08, 0x78, 0x3f, 0x77,
  0xff, 0xff, 0x7f, 0xff, 0x00, 0x00, 0x80, 0x06, 0x00, 0xe2, 0x0f, 0x00,
  0x23, 0x72, 0x7b, 0x0e, 0xa1, 0x00, 0x00, 0x00, 0x7b, 0x00, 0x01, 0x00,
  0x00, 0xe2, 0x0f, 0x00, 0x0c, 0x72, 0x00, 0x24, 0x0a, 0x00, 0x00, 0x00,
  0x70, 0x62, 0xf4, 0x03, 0x00, 0xe2, 0x0f, 0x08, 0x23, 0x72, 0xad, 0x0e,
  0xad, 0x00, 0x00, 0x00, 0x1c, 0x00, 0x01, 0x00, 0x00, 0xe2, 0x0f, 0x00,
  0x20, 0x7c, 0x1c, 0x43, 0x0a, 0x00, 0x00, 0x00, 0x00, 0x00, 0x41, 0x08,
  0x00, 0xe2, 0x0f, 0x00, 0x09, 0x72, 0xb7, 0x34, 0xb7, 0x00, 0x00, 0x00,
  0x00, 0x00, 0x81, 0x07, 0x00, 0xe2, 0x1f, 0x00, 0x23, 0x72, 0x57, 0x0e,
  0xb1, 0x00, 0x00, 0x00, 0x57, 0x00, 0x01, 0x00, 0x00, 0xe2, 0x0f, 0x00,
  0x0c, 0x72, 0x00, 0x22, 0x0a, 0x00, 0x00, 0x00, 0x70, 0x42, 0xfa, 0x03,
  0x00, 0xe2, 0x0f, 0x08, 0x20, 0x7c, 0x81, 0x1c, 0x10, 0x00, 0x00, 0x00,
  0x00, 0x00, 0x41, 0x08, 0x00, 0xe2, 0x0f, 0x00, 0x08, 0x78, 0x43, 0xad,
  0xff, 0xff, 0x7f, 0xff, 0x00, 0x00, 0x00, 0x05, 0x00, 0xe2, 0x0f, 0x00,
  0x89, 0x7f, 0x38, 0xb7, 0x00, 0x1f, 0x40, 0x0c, 0x00, 0x00, 0x0e, 0x00,
  0x00, 0x22, 0x0e, 0x00, 0x08, 0x78, 0x7d, 0x7d, 0xff, 0xff, 0x7f, 0xff,
  0x00, 0x00, 0x80, 0x06, 0x00, 0xe2, 0x0f, 0x00, 0x23, 0x72, 0x95, 0x0e,
  0x95, 0x00, 0x00, 0x00, 0x81, 0x00, 0x01, 0x00, 0x00, 0xe2, 0x0f, 0x00,
  0x20, 0x7c, 0x81, 0x1a, 0x10, 0x00, 0x00, 0x00, 0x00, 0x00, 0x41, 0x08,
  0x00, 0xe2, 0x0f, 0x00, 0x20, 0x7c, 0x1a, 0x1b, 0x10, 0x00, 0x00, 0x00,
  0x00, 0x00, 0x41, 0x08, 0x00, 0xe2, 0x0f, 0x00, 0x0c, 0x72, 0x00, 0x5a,
  0x0a, 0x00, 0x00, 0x00, 0x70, 0x42, 0xf4, 0x03, 0x00, 0xc4, 0x0f, 0x00,
  0x23, 0x72, 0x7f, 0x0e, 0x7f, 0x00, 0x00, 0x00, 0x81, 0x00, 0x01, 0x00,
  0x00, 0xe2, 0x0f, 0x04, 0x23, 0x72, 0x1a, 0x0e, 0x83, 0x00, 0x00, 0x00,
  0x1a, 0x00, 0x01, 0x00, 0x00, 0xe2, 0x0f, 0x00, 0x0c, 0x72, 0x00, 0x5a,
  0x0a, 0x00, 0x00, 0x00, 0x70, 0x62, 0xfa, 0x03, 0x00, 0xe2, 0x0f, 0x08,
  0x20, 0x7c, 0x81, 0x46, 0x10, 0x00, 0x00, 0x00, 0x00, 0x00, 0x41, 0x08,
  0x00, 0xe2, 0x0f, 0x00, 0x0c, 0x72, 0x00, 0x62, 0x0a, 0x00, 0x00, 0x00,
  0x70, 0x62, 0xf8, 0x03, 0x00, 0xe4, 0x0f, 0x00, 0x08, 0x78, 0x7f, 0x7f,
  0xff, 0xff, 0x7f, 0xff, 0x00, 0x00, 0x00, 0x05, 0x00, 0xe2, 0x0f, 0x00,
  0x23, 0x72, 0x81, 0x0e, 0xab, 0x00, 0x00, 0x00, 0x81, 0x00, 0x01, 0x00,
  0x00, 0xe2, 0x0f, 0x00, 0x08, 0x78, 0x1a, 0x1a, 0xff, 0xff, 0x7f, 0xff,
  0x00, 0x00, 0x80, 0x06, 0x00, 0xe4, 0x0f, 0x00, 0x08, 0x78, 0x33, 0x2a,
  0xff, 0xff, 0x7f, 0xff, 0x00, 0x00, 0x00, 0x06, 0x00, 0xc4, 0x0f, 0x00,
  0x0c, 0x72, 0x00, 0x5c, 0x0a, 0x00, 0x00, 0x00, 0x70, 0x42, 0xf8, 0x03,
  0x00, 0xe4, 0x0f, 0x00, 0x08, 0x78, 0x2b, 0x64, 0xff, 0xff, 0x7f, 0xff,
  0x00, 0x00, 0x80, 0x04, 0x00, 0xe4, 0x0f, 0x00, 0x08, 0x78, 0x77, 0x3a,
  0xff, 0xff, 0x7f, 0xff, 0x00, 0x00, 0x00, 0x06, 0x00, 0xe4, 0x0f, 0x00,
  0x09, 0x72, 0x38, 0xb7, 0x38, 0x00, 0x00, 0x00, 0x00, 0x00, 0x81, 0x07,
  0x00, 0xe4, 0x1f, 0x00, 0x0c, 0x72, 0x00, 0x22, 0x0a, 0x00, 0x00, 0x00,
  0x70, 0x62, 0xf8, 0x03, 0x00, 0xe4, 0x0f, 0x08, 0x0c, 0x72, 0x00, 0x60,
  0x0a, 0x00, 0x00, 0x00, 0x70, 0x42, 0xf2, 0x03, 0x00, 0xe2, 0x0f, 0x08,
  0x21, 0x72, 0x1c, 0x5f, 0x38, 0x00, 0x00, 0x80, 0x00, 0x00, 0x01, 0x00,
  0x00, 0xe2, 0x0f, 0x10, 0x08, 0x78, 0x1b, 0x95, 0xff, 0xff, 0x7f, 0xff,
  0x00, 0x00, 0x00, 0x06, 0x00, 0xe2, 0x0f, 0x00, 0x21, 0x72, 0x2c, 0x2c,
  0x38, 0x00, 0x00, 0x80, 0x00, 0x00, 0x01, 0x00, 0x00, 0xe2, 0x0f, 0x10,
  0x0c, 0x72, 0x00, 0x1e, 0x0a, 0x00, 0x00, 0x00, 0x70, 0x42, 0xf8, 0x03,
  0x00, 0xe2, 0x0f, 0x00, 0x20, 0x78, 0x36, 0x1c, 0x3b, 0xaa, 0xb8, 0x3f,
  0x00, 0x00, 0x41, 0x00, 0x00, 0xe2, 0x0f, 0x00, 0x09, 0x72, 0x1c, 0x7f,
  0x1a, 0x00, 0x00, 0x00, 0x00, 0x00, 0x81, 0x07, 0x00, 0xe2, 0x0f, 0x00,
  0x21, 0x72, 0x67, 0x67, 0x38, 0x00, 0x00, 0x80, 0x00, 0x00, 0x01, 0x00,
  0x00, 0xe2, 0x0f, 0x10, 0x0c, 0x72, 0x00, 0x1e, 0x0a, 0x00, 0x00, 0x00,
  0x70, 0x62, 0xf4, 0x03, 0x00, 0xe2, 0x0f, 0x00, 0x21, 0x72, 0x1e, 0x5b,
  0x38, 0x00, 0x00, 0x80, 0x00, 0x00, 0x01, 0x00, 0x00, 0xe2, 0x0f, 0x10,
  0x09, 0x72, 0x1c, 0x1d, 0x1c, 0x00, 0x00, 0x00, 0x00, 0x00, 0x81, 0x07,
  0x00, 0xe2, 0x0f, 0x00, 0x20, 0x78, 0x2c, 0x2c, 0x3b, 0xaa, 0xb8, 0x3f,
  0x00, 0x00, 0x41, 0x00, 0x00, 0xe2, 0x0f, 0x00, 0x08, 0x78, 0x75, 0x75,
  0xff, 0xff, 0x7f, 0xff, 0x00, 0x00, 0x80, 0x04, 0x00, 0xe2, 0x0f, 0x00,
  0x20, 0x78, 0x1e, 0x1e, 0x3b, 0xaa, 0xb8, 0x3f, 0x00, 0x00, 0x41, 0x00,
  0x00, 0xe2, 0x0f, 0x00, 0x09, 0x72, 0x1c, 0x21, 0x1c, 0x00, 0x00, 0x00,
  0x00, 0x00, 0x81, 0x07, 0x00, 0xe2, 0x0f, 0x00, 0x21, 0x72, 0x22, 0x5d,
  0x38, 0x00, 0x00, 0x80, 0x00, 0x00, 0x01, 0x00, 0x00, 0xe2, 0x0f, 0x10,
  0x0c, 0x72, 0x00, 0x5c, 0x0a, 0x00, 0x00, 0x00, 0x70, 0x62, 0xf2, 0x03,
  0x00, 0xe2, 0x0f, 0x00, 0x21, 0x72, 0x6b, 0x6b, 0x38, 0x00, 0x00, 0x80,
  0x00, 0x00, 0x01, 0x00, 0x00, 0xe2, 0x0f, 0x10, 0x09, 0x72, 0x1c, 0x1f,
  0x1c, 0x00, 0x00, 0x00, 0x00, 0x00, 0x81, 0x07, 0x00, 0xe2, 0x0f, 0x00,
  0x23, 0x72, 0x5d, 0x0e, 0x9d, 0x00, 0x00, 0x00, 0x47, 0x00, 0x01, 0x00,
  0x00, 0xe2, 0x0f, 0x00, 0x0c, 0x72, 0x00, 0x24, 0x0a, 0x00, 0x00, 0x00,
  0x70, 0x42, 0xf6, 0x03, 0x00, 0xe2, 0x0f, 0x00, 0x20, 0x78, 0x32, 0x67,
  0x3b, 0xaa, 0xb8, 0x3f, 0x00, 0x00, 0x41, 0x00, 0x00, 0xe2, 0x0f, 0x00,
  0x09, 0x72, 0x1c, 0x25, 0x1c, 0x00, 0x00, 0x00, 0x00, 0x00, 0x81, 0x07,
  0x00, 0xe2, 0x0f, 0x00, 0x08, 0x73, 0x34, 0x00, 0x2c, 0x00, 0x00, 0x00,
  0x00, 0x08, 0x00, 0x00, 0x00, 0xe2, 0x01, 0x00, 0x08, 0x78, 0x79, 0x79,
  0xff, 0xff, 0x7f, 0xff, 0x00, 0x00, 0x80, 0x04, 0x00, 0xe2, 0x0f, 0x00,
  0x21, 0x72, 0x35, 0x35, 0x38, 0x00, 0x00, 0x80, 0x00, 0x00, 0x01, 0x00,
  0x00, 0xe2, 0x0f, 0x10, 0x09, 0x72, 0x1c, 0x23, 0x1c, 0x00, 0x00, 0x00,
  0x00, 0x00, 0x81, 0x07, 0x00, 0xe2, 0x0f, 0x00, 0x21, 0x72, 0x31, 0x31,
  0x38, 0x00, 0x00, 0x80, 0x00, 0x00, 0x01, 0x00, 0x00, 0xe2, 0x0f, 0x10,
  0x08, 0x78, 0x7b, 0x7b, 0xff, 0xff, 0x7f, 0xff, 0x00, 0x00, 0x80, 0x05,
  0x00, 0xe2, 0x0f, 0x00, 0x21, 0x72, 0x89, 0x89, 0x38, 0x00, 0x00, 0x80,
  0x00, 0x00, 0x01, 0x00, 0x00, 0xe2, 0x0f, 0x10, 0x09, 0x72, 0x1c, 0x2b,
  0x1c, 0x00, 0x00, 0x00, 0x00, 0x00, 0x81, 0x07, 0x00, 0xe2, 0x0f, 0x00,
  0x20, 0x78, 0x2a, 0x31, 0x3b, 0xaa, 0xb8, 0x3f, 0x00, 0x00, 0x41, 0x00,
  0x00, 0xe2, 0x0f, 0x00, 0x0c, 0x72, 0x00, 0x20, 0x0a, 0x00, 0x00, 0x00,
  0x70, 0x42, 0xf2, 0x03, 0x00, 0xe2, 0x0f, 0x0c, 0x20, 0x78, 0x2c, 0x6b,
  0x3b, 0xaa, 0xb8, 0x3f, 0x00, 0x00, 0x41, 0x00, 0x00, 0xe2, 0x1f, 0x00,
  0x0c, 0x72, 0x00, 0x20, 0x0a, 0x00, 0x00, 0x00, 0x70, 0x62, 0xf6, 0x03,
  0x00, 0xe2, 0x0f, 0x08, 0x21, 0x72, 0x20, 0x61, 0x38, 0x00, 0x00, 0x80,
  0x00, 0x00, 0x01, 0x00, 0x00, 0xe2, 0x0f, 0x10, 0x08, 0x78, 0x5b, 0x81,
  0xff, 0xff, 0x7f, 0xff, 0x00, 0x00, 0x80, 0x04, 0x00, 0xe2, 0x0f, 0x00,
  0x08, 0x73, 0x61, 0x00, 0x1e, 0x00, 0x00, 0x00, 0x00, 0x08, 0x00, 0x00,
  0x00, 0xe2, 0x01, 0x00, 0x20, 0x7c, 0x6b, 0x4e, 0x10, 0x00, 0x00, 0x00,
  0x00, 0x00, 0x41, 0x08, 0x00, 0xe2, 0x0f, 0x00, 0x20, 0x78, 0x20, 0x20,
  0x3b, 0xaa, 0xb8, 0x3f, 0x00, 0x00, 0x41, 0x00, 0x00, 0xe2, 0x0f, 0x00,
  0x08, 0x78, 0x5d, 0x5d, 0xff, 0xff, 0x7f, 0xff, 0x00, 0x00, 0x80, 0x05,
  0x00, 0xe2, 0x0f, 0x00, 0x20, 0x78, 0x89, 0x89, 0x3b, 0xaa, 0xb8, 0x3f,
  0x00, 0x00, 0x41, 0x00, 0x00, 0xe2, 0x0f, 0x00, 0x0c, 0x72, 0x00, 0x26,
  0x0a, 0x00, 0x00, 0x00, 0x70, 0x42, 0xfa, 0x03, 0x00, 0xe2, 0x0f, 0x08,
  0x20, 0x78, 0x22, 0x22, 0x3b, 0xaa, 0xb8, 0x3f, 0x00, 0x00, 0x41, 0x00,
  0x00, 0xe2, 0x0f, 0x00, 0x0c, 0x72, 0x00, 0x26, 0x0a, 0x00, 0x00, 0x00,
  0x70, 0x62, 0xf2, 0x03, 0x00, 0xe2, 0x0f, 0x00, 0x08, 0x73, 0x30, 0x00,
  0x20, 0x00, 0x00, 0x00, 0x00, 0x08, 0x00, 0x00, 0x00, 0xe2, 0x03, 0x00,
  0x09, 0x72, 0x1e, 0x2f, 0x1c, 0x00, 0x00, 0x00, 0x00, 0x00, 0x81, 0x07,
  0x00, 0xe2, 0x1f, 0x00, 0x20, 0x7c, 0x1c, 0x4b, 0x0a, 0x00, 0x00, 0x00,
  0x00, 0x00, 0x41, 0x08, 0x00, 0xe2, 0x0f, 0x00, 0x08, 0x78, 0x4b, 0x4a,
  0xff, 0xff, 0x7f, 0xff, 0x00, 0x00, 0x00, 0x06, 0x00, 0xe2, 0x0f, 0x00,
  0x21, 0x72, 0x27, 0x27, 0x38, 0x00, 0x00, 0x80, 0x00, 0x00, 0x01, 0x00,
  0x00, 0xe2, 0x0f, 0x10, 0x09, 0x72, 0x1e, 0x71, 0x1e, 0x00, 0x00, 0x00,
  0x00, 0x00, 0x81, 0x07, 0x00, 0xe2, 0x0f, 0x00, 0x20, 0x7c, 0x67, 0x1c,
  0x10, 0x00, 0x00, 0x00, 0x00, 0x00, 0x41, 0x08, 0x00, 0xe2, 0x0f, 0x00,
  0x21, 0x72, 0x1c, 0x69, 0x38, 0x00, 0x00, 0x80, 0x00, 0x00, 0x01, 0x00,
  0x00, 0xe2, 0x0f, 0x10, 0x23, 0x72, 0x69, 0x0e, 0xaf, 0x00, 0x00, 0x00,
  0x6b, 0x00, 0x01, 0x00, 0x00, 0xe2, 0x0f, 0x04, 0x09, 0x72, 0x1e, 0x73,
  0x1e, 0x00, 0x00, 0x00, 0x00, 0x00, 0x81, 0x07, 0x00, 0xe2, 0x0f, 0x00,
  0x23, 0x72, 0x67, 0x0e, 0x93, 0x00, 0x00, 0x00, 0x67, 0x00, 0x01, 0x00,
  0x00, 0xe2, 0x0f, 0x00, 0x20, 0x78, 0x1c, 0x1c, 0x3b, 0xaa, 0xb8, 0x3f,
  0x00, 0x00, 0x41, 0x00, 0x00, 0xe2, 0x0f, 0x00, 0x21, 0x72, 0x20, 0x63,
  0x38, 0x00, 0x00, 0x80, 0x00, 0x00, 0x01, 0x00, 0x00, 0xe2, 0x2f, 0x10,
  0x09, 0x72, 0x1e, 0x33, 0x1e, 0x00, 0x00, 0x00, 0x00, 0x00, 0x81, 0x07,
  0x00, 0xe2, 0x0f, 0x00, 0x08, 0x73, 0x5f, 0x00, 0x89, 0x00, 0x00, 0x00,
  0x00, 0x08, 0x00, 0x00, 0x00, 0xe2, 0x0f, 0x00, 0x08, 0x78, 0x67, 0x67,
  0xff, 0xff, 0x7f, 0xff, 0x00, 0x00, 0x00, 0x05, 0x00, 0xe2, 0x0f, 0x00,
  0x20, 0x78, 0x20, 0x20, 0x3b, 0xaa, 0xb8, 0x3f, 0x00, 0x00, 0x41, 0x00,
  0x00, 0xe2, 0x0f, 0x00, 0x09, 0x72, 0x1e, 0x75, 0x1e, 0x00, 0x00, 0x00,
  0x00, 0x00, 0x81, 0x07, 0x00, 0xe2, 0x0f, 0x00, 0x20, 0x78, 0x27, 0x27,
  0x3b, 0xaa, 0xb8, 0x3f, 0x00, 0x00, 0x41, 0x00, 0x00, 0xe2, 0x0f, 0x00,
  0x08, 0x78, 0x69, 0x69, 0xff, 0xff, 0x7f, 0xff, 0x00, 0x00, 0x80, 0x06,
  0x00, 0xe2, 0x0f, 0x00, 0x21, 0x72, 0x29, 0x29, 0x38, 0x00, 0x00, 0x80,
  0x00, 0x00, 0x01, 0x00, 0x00, 0xe2, 0x0f, 0x10, 0x09, 0x72, 0x1e, 0x37,
  0x1e, 0x00, 0x00, 0x00, 0x00, 0x00, 0x81, 0x07, 0x00, 0xe2, 0x0f, 0x00,
  0x08, 0x73, 0x63, 0x00, 0x1c, 0x00, 0x00, 0x00, 0x00, 0x08, 0x00, 0x00,
  0x00, 0xe2, 0x01, 0x00, 0x0c, 0x72, 0x00, 0x18, 0x0a, 0x00, 0x00, 0x00,
  0x70, 0x42, 0xf4, 0x03, 0x00, 0xe2, 0x0f, 0x04, 0x20, 0x78, 0x29, 0x29,
  0x3b, 0xaa, 0xb8, 0x3f, 0x00, 0x00, 0x41, 0x00, 0x00, 0xe2, 0x0f, 0x00,
  0x09, 0x72, 0x1e, 0x3b, 0x1e, 0x00, 0x00, 0x00, 0x00, 0x00, 0x81, 0x07,
  0x00, 0xe2, 0x0f, 0x00, 0x21, 0x72, 0x19, 0x19, 0x38, 0x00, 0x00, 0x80,
  0x00, 0x00, 0x01, 0x00, 0x00, 0xe2, 0x0f, 0x10, 0x0c, 0x72, 0x00, 0x18,
  0x0a, 0x00, 0x00, 0x00, 0x70, 0x62, 0xfa, 0x03, 0x00, 0xe2, 0x0f, 0x00,
  0x21, 0x72, 0x18, 0x65, 0x38, 0x00, 0x00, 0x80, 0x00, 0x00, 0x01, 0x00,
  0x00, 0xe2, 0x0f, 0x10, 0x09, 0x72, 0x1e, 0x3f, 0x1e, 0x00, 0x00, 0x00,
  0x00, 0x00, 0x81, 0x07, 0x00, 0xe2, 0x0f, 0x00, 0x20, 0x7c, 0x65, 0x52,
  0x10, 0x00, 0x00, 0x00, 0x00, 0x00, 0x41, 0x08, 0x00, 0xe2, 0x0f, 0x00,
  0x20, 0x78, 0x1c, 0x35, 0x3b, 0xaa, 0xb8, 0x3f, 0x00, 0x00, 0x41, 0x00,
  0x00, 0xe2, 0x1f, 0x00, 0x20, 0x7c, 0x35, 0x4f, 0x10, 0x00, 0x00, 0x00,
  0x00, 0x00, 0x41, 0x08, 0x00, 0xe2, 0x0f, 0x00, 0x09, 0x72, 0x1e, 0x77,
  0x1e, 0x00, 0x00, 0x00, 0x00, 0x00, 0x81, 0x07, 0x00, 0xe2, 0x0f, 0x00,
  0x08, 0x73, 0x2e, 0x00, 0x20, 0x00, 0x00, 0x00, 0x00, 0x08, 0x00, 0x00,
  0x00, 0xe2, 0x01, 0x00, 0x0c, 0x72, 0x00, 0x28, 0x0a, 0x00, 0x00, 0x00,
  0x70, 0x42, 0xf6, 0x03, 0x00, 0xe2, 0x0f, 0x00, 0x23, 0x72, 0x35, 0x0e,
  0x97, 0x00, 0x00, 0x00, 0x35, 0x00, 0x01, 0x00, 0x00, 0xe2, 0x0f, 0x04,
  0x09, 0x72, 0x1e, 0x79, 0x1e, 0x00, 0x00, 0x00, 0x00, 0x00, 0x81, 0x07,
  0x00, 0xe2, 0x0f, 0x00, 0x23, 0x72, 0x65, 0x0e, 0xa7, 0x00, 0x00, 0x00,
  0x65, 0x00, 0x01, 0x00, 0x00, 0xe2, 0x0f, 0x00, 0x0c, 0x72, 0x00, 0x28,
  0x0a, 0x00, 0x00, 0x00, 0x70, 0x62, 0xf8, 0x03, 0x00, 0xe2, 0x0f, 0x00,
  0x20, 0x78, 0x28, 0x18, 0x3b, 0xaa, 0xb8, 0x3f, 0x00, 0x00, 0x41, 0x00,
  0x00, 0xe2, 0x0f, 0x00, 0x09, 0x72, 0x1e, 0x7b, 0x1e, 0x00, 0x00, 0x00,
  0x00, 0x00, 0x81, 0x07, 0x00, 0xe2, 0x0f, 0x00, 0x20, 0x7c, 0x18, 0x53,
  0x10, 0x00, 0x00, 0x00, 0x00, 0x00, 0x41, 0x08, 0x00, 0xe2, 0x0f, 0x00,
  0x21, 0x72, 0x20, 0x2d, 0x38, 0x00, 0x00, 0x80, 0x00, 0x00, 0x01, 0x00,
  0x00, 0xe2, 0x1f, 0x00, 0x08, 0x78, 0x2d, 0x35, 0xff, 0xff, 0x7f, 0xff,
  0x00, 0x00, 0x80, 0x04, 0x00, 0xe2, 0x0f, 0x00, 0x08, 0x73, 0x36, 0x00,
  0x36, 0x00, 0x00, 0x00, 0x00, 0x08, 0x00, 0x00, 0x00, 0xe2, 0x0f, 0x00,
  0x09, 0x72, 0x1e, 0x43, 0x1e, 0x00, 0x00, 0x00, 0x00, 0x00, 0x81, 0x07,
  0x00, 0xe2, 0x0f, 0x00, 0x23, 0x72, 0x18, 0x0e, 0xa5, 0x00, 0x00, 0x00,
  0x18, 0x00, 0x01, 0x00, 0x00, 0xe2, 0x0f, 0x00, 0x08, 0x78, 0x31, 0x65,
  0xff, 0xff, 0x7f, 0xff, 0x00, 0x00, 0x80, 0x05, 0x00, 0xe2, 0x0f, 0x00,
  0x20, 0x78, 0x20, 0x20, 0x3b, 0xaa, 0xb8, 0x3f, 0x00, 0x00, 0x41, 0x00,
  0x00, 0xe2, 0x0f, 0x00, 0x09, 0x72, 0x1e, 0x7d, 0x1e, 0x00, 0x00, 0x00,
  0x00, 0x00, 0x81, 0x07, 0x00, 0xe2, 0x0f, 0x00, 0x20, 0x78, 0x19, 0x19,
  0x3b, 0xaa, 0xb8, 0x3f, 0x00, 0x00, 0x41, 0x00, 0x00, 0xe2, 0x0f, 0x00,
  0x08, 0x78, 0x35, 0x18, 0xff, 0xff, 0x7f, 0xff, 0x00, 0x00, 0x00, 0x06,
  0x00, 0xe2, 0x0f, 0x00, 0x08, 0x73, 0x47, 0x00, 0x22, 0x00, 0x00, 0x00,
  0x00, 0x08, 0x00, 0x00, 0x00, 0xe2, 0x01, 0x00, 0x09, 0x72, 0x1e, 0x1b,
  0x1e, 0x00, 0x00, 0x00, 0x00, 0x00, 0x81, 0x07, 0x00, 0xe2, 0x0f, 0x00,
  0x21, 0x72, 0x3d, 0x3d, 0x38, 0x00, 0x00, 0x80, 0x00, 0x00, 0x01, 0x00,
  0x00, 0xe2, 0x0f, 0x10, 0x08, 0x78, 0x53, 0x56, 0xff, 0xff, 0x7f, 0xff,
  0x00, 0x00, 0x00, 0x05, 0x00, 0xe2, 0x0f, 0x00, 0x21, 0x72, 0x6f, 0x6f,
  0x38, 0x00, 0x00, 0x80, 0x00, 0x00, 0x01, 0x00, 0x00, 0xe2, 0x0f, 0x10,
  0x09, 0x72, 0x1e, 0x5b, 0x1e, 0x00, 0x00, 0x00, 0x00, 0x00, 0x81, 0x07,
  0x00, 0xe2, 0x0f, 0x00, 0x20, 0x78, 0x26, 0x3d, 0x3b, 0xaa, 0xb8, 0x3f,
  0x00, 0x00, 0x41, 0x00, 0x00, 0xe2, 0x0f, 0x00, 0x08, 0x78, 0x57, 0x57,
  0xff, 0xff, 0x7f, 0xff, 0x00, 0x00, 0x80, 0x06, 0x00, 0xe2, 0x0f, 0x00,
  0x08, 0x73, 0x32, 0x00, 0x32, 0x00, 0x00, 0x00, 0x00, 0x08, 0x00, 0x00,
  0x00, 0xe2, 0x0f, 0x00, 0x09, 0x72, 0x1e, 0x5d, 0x1e, 0x00, 0x00, 0x00,
  0x00, 0x00, 0x81, 0x07, 0x00, 0xe2, 0x0f, 0x00, 0x20, 0x78, 0x3d, 0x6f,
  0x3b, 0xaa, 0xb8, 0x3f, 0x00, 0x00, 0x41, 0x00, 0x00, 0xe2, 0x0f, 0x00,
  0x21, 0x72, 0x41, 0x41, 0x38, 0x00, 0x00, 0x80, 0x00, 0x00, 0x01, 0x00,
  0x00, 0xe2, 0x0f, 0x10, 0x21, 0x72, 0x6d, 0x6d, 0x38, 0x00, 0x00, 0x80,
  0x00, 0x00, 0x01, 0x00, 0x00, 0xe2, 0x0f, 0x10, 0x09, 0x72, 0x1e, 0x4b,
  0x1e, 0x00, 0x00, 0x00, 0x00, 0x00, 0x81, 0x07, 0x00, 0xe2, 0x0f, 0x00,
  0x21, 0x72, 0x45, 0x45, 0x38, 0x00, 0x00, 0x80, 0x00, 0x00, 0x01, 0x00,
  0x00, 0xe2, 0x0f, 0x10, 0x21, 0x72, 0x49, 0x49, 0x38, 0x00, 0x00, 0x80,
  0x00, 0x00, 0x01, 0x00, 0x00, 0xe2, 0x0f, 0x10, 0x08, 0x73, 0x27, 0x00,
  0x27, 0x00, 0x00, 0x00, 0x00, 0x08, 0x00, 0x00, 0x00, 0xe2, 0x0f, 0x00,
  0x09, 0x72, 0x1e, 0x67, 0x1e, 0x00, 0x00, 0x00, 0x00, 0x00, 0x81, 0x07,
  0x00, 0xe2, 0x0f, 0x00, 0x20, 0x78, 0x22, 0x45, 0x3b, 0xaa, 0xb8, 0x3f,
  0x00, 0x00, 0x41, 0x00, 0x00, 0xe2, 0x1f, 0x00, 0x20, 0x78, 0x45, 0x49,
  0x3b, 0xaa, 0xb8, 0x3f, 0x00, 0x00, 0x41, 0x00, 0x00, 0xe2, 0x0f, 0x00,
  0x21, 0x72, 0x85, 0x85, 0x38, 0x00, 0x00, 0x80, 0x00, 0x00, 0x01, 0x00,
  0x00, 0xe2, 0x0f, 0x10, 0x09, 0x72, 0x1e, 0x69, 0x1e, 0x00, 0x00, 0x00,
  0x00, 0x00, 0x81, 0x07, 0x00, 0xe2, 0x0f, 0x00, 0x21, 0x72, 0x87, 0x87,
  0x38, 0x00, 0x00, 0x80, 0x00, 0x00, 0x01, 0x00, 0x00, 0xe2, 0x0f, 0x10,
  0x21, 0x72, 0x4d, 0x4d, 0x38, 0x00, 0x00, 0x80, 0x00, 0x00, 0x01, 0x00,
  0x00, 0xe2, 0x0f, 0x10, 0x08, 0x73, 0x2c, 0x00, 0x2c, 0x00, 0x00, 0x00,
  0x00, 0x08, 0x00, 0x00, 0x00, 0xe2, 0x0f, 0x00, 0x09, 0x72, 0x1e, 0x2d,
  0x1e, 0x00, 0x00, 0x00, 0x00, 0x00, 0x81, 0x07, 0x00, 0xe2, 0x0f, 0x00,
  0x20, 0x78, 0x49, 0x87, 0x3b, 0xaa, 0xb8, 0x3f, 0x00, 0x00, 0x41, 0x00,
  0x00, 0xe2, 0x0f, 0x00, 0x21, 0x72, 0x51, 0x51, 0x38, 0x00, 0x00, 0x80,
  0x00, 0x00, 0x01, 0x00, 0x00, 0xe2, 0x0f, 0x10, 0x21, 0x72, 0x8f, 0x8f,
  0x38, 0x00, 0x00, 0x80, 0x00, 0x00, 0x01, 0x00, 0x00, 0xe2, 0x0f, 0x10,
  0x09, 0x72, 0x1e, 0x31, 0x1e, 0x00, 0x00, 0x00, 0x00, 0x00, 0x81, 0x07,
  0x00, 0xe2, 0x0f, 0x00, 0x21, 0x72, 0x91, 0x91, 0x38, 0x00, 0x00, 0x80,
  0x00, 0x00, 0x01, 0x00, 0x00, 0xe2, 0x0f, 0x10, 0x21, 0x72, 0x55, 0x55,
  0x38, 0x00, 0x00, 0x80, 0x00, 0x00, 0x01, 0x00, 0x00, 0xe2, 0x0f, 0x10,
  0x08, 0x73, 0x29, 0x00, 0x29, 0x00, 0x00, 0x00, 0x00, 0x08, 0x00, 0x00,
  0x00, 0xe2, 0x0f, 0x00, 0x09, 0x72, 0x1e, 0x35, 0x1e, 0x00, 0x00, 0x00,
  0x00, 0x00, 0x81, 0x07, 0x00, 0xe2, 0x0f, 0x00, 0x20, 0x78, 0x18, 0x8f,
  0x3b, 0xaa, 0xb8, 0x3f, 0x00, 0x00, 0x41, 0x00, 0x00, 0xe2, 0x0f, 0x00,
  0x20, 0x78, 0x3a, 0x55, 0x3b, 0xaa, 0xb8, 0x3f, 0x00, 0x00, 0x41, 0x00,
  0x00, 0xe2, 0x0f, 0x00, 0x21, 0x72, 0xa3, 0xa3, 0x38, 0x00, 0x00, 0x80,
  0x00, 0x00, 0x01, 0x00, 0x00, 0xe2, 0x0f, 0x00, 0x09, 0x72, 0x1e, 0x53,
  0x1e, 0x00, 0x00, 0x00, 0x00, 0x00, 0x81, 0x07, 0x00, 0xc6, 0x0f, 0x00,
  0x08, 0x73, 0x28, 0x00, 0x28, 0x00, 0x00, 0x00, 0x00, 0x08, 0x00, 0x00,
  0x00, 0xe2, 0x0f, 0x00, 0x09, 0x72, 0x1e, 0x57, 0x1e, 0x00, 0x00, 0x00,
  0x00, 0x00, 0x81, 0x07, 0x00, 0xe2, 0x0f, 0x00, 0x20, 0x78, 0x55, 0xa3,
  0x3b, 0xaa, 0xb8, 0x3f, 0x00, 0x00, 0x41, 0x00, 0x00, 0xc8, 0x0f, 0x00,
  0x89, 0x7f, 0x65, 0x1e, 0x00, 0x1f, 0x20, 0x0c, 0x00, 0x00, 0x0e, 0x00,
  0x00, 0x24, 0x0e, 0x00, 0x08, 0x73, 0x4f, 0x00, 0x1c, 0x00, 0x00, 0x00,
  0x00, 0x08, 0x00, 0x00, 0x00, 0xf0, 0x03, 0x00, 0x08, 0x73, 0x2a, 0x00,
  0x2a, 0x00, 0x00, 0x00, 0x00, 0x08, 0x00, 0x00, 0x00, 0xe2, 0x0f, 0x00,
  0x21, 0x72, 0x1c, 0x39, 0x38, 0x00, 0x00, 0x80, 0x00, 0x00, 0x01, 0x00,
  0x00, 0xc8, 0x2f, 0x00, 0x20, 0x78, 0x1c, 0x1c, 0x3b, 0xaa, 0xb8, 0x3f,
  0x00, 0x00, 0x41, 0x00, 0x00, 0xc6, 0x0f, 0x00, 0x08, 0x73, 0x39, 0x00,
  0x20, 0x00, 0x00, 0x00, 0x00, 0x08, 0x00, 0x00, 0x00, 0xe2, 0x03, 0x00,
  0x09, 0x72, 0x65, 0x1e, 0x65, 0x00, 0x00, 0x00, 0x00, 0x00, 0x81, 0x07,
  0x00, 0xe2, 0x1f, 0x00, 0x20, 0x78, 0x1e, 0x4d, 0x3b, 0xaa, 0xb8, 0x3f,
  0x00, 0x00, 0x41, 0x00, 0x00, 0xcc, 0x0f, 0x00, 0x08, 0x73, 0x24, 0x00,
  0x1c, 0x00, 0x00, 0x00, 0x00, 0x08, 0x00, 0x00, 0x00, 0xe2, 0x01, 0x00,
  0x20, 0x78, 0x20, 0x41, 0x3b, 0xaa, 0xb8, 0x3f, 0x00, 0x00, 0x41, 0x00,
  0x00, 0xe2, 0x2f, 0x00, 0x20, 0x78, 0x41, 0x6d, 0x3b, 0xaa, 0xb8, 0x3f,
  0x00, 0x00, 0x41, 0x00, 0x00, 0xe2, 0x0f, 0x00, 0x89, 0x7f, 0xa2, 0x65,
  0x00, 0x1f, 0x40, 0x0c, 0x00, 0x00, 0x0e, 0x00, 0x00, 0x62, 0x0e, 0x00,
  0x20, 0x78, 0x4d, 0x51, 0x3b, 0xaa, 0xb8, 0x3f, 0x00, 0x00, 0x41, 0x00,
  0x00, 0xe2, 0x0f, 0x00, 0x20, 0x78, 0x51, 0x91, 0x3b, 0xaa, 0xb8, 0x3f,
  0x00, 0x00, 0x41, 0x00, 0x00, 0xc6, 0x0f, 0x00, 0x08, 0x73, 0x19, 0x00,
  0x19, 0x00, 0x00, 0x00, 0x00, 0x08, 0x00, 0x00, 0x00, 0xe2, 0x0f, 0x00,
  0x20, 0x78, 0x1c, 0x85, 0x3b, 0xaa, 0xb8, 0x3f, 0x00, 0x00, 0x41, 0x00,
  0x00, 0xce, 0x1f, 0x00, 0x08, 0x73, 0x26, 0x00, 0x26, 0x00, 0x00, 0x00,
  0x00, 0x08, 0x00, 0x00, 0x00, 0xf0, 0x0f, 0x00, 0x08, 0x73, 0x3d, 0x00,
  0x3d, 0x00, 0x00, 0x00, 0x00, 0x08, 0x00, 0x00, 0x00, 0xe2, 0x0f, 0x00,
  0x09, 0x72, 0xa2, 0x65, 0xa2, 0x00, 0x00, 0x00, 0x00, 0x00, 0x81, 0x07,
  0x00, 0xca, 0x2f, 0x00, 0x21, 0x72, 0x3c, 0x1a, 0xa2, 0x00, 0x00, 0x80,
  0x00, 0x00, 0x01, 0x00, 0x00, 0xe2, 0x0f, 0x10, 0x21, 0x72, 0x7f, 0x7f,
  0xa2, 0x00, 0x00, 0x80, 0x00, 0x00, 0x01, 0x00, 0x00, 0xe2, 0x0f, 0x10,
  0x21, 0x72, 0x1f, 0x1f, 0xa2, 0x00, 0x00, 0x80, 0x00, 0x00, 0x01, 0x00,
  0x00, 0xe2, 0x0f, 0x10, 0x21, 0x72, 0x33, 0x33, 0xa2, 0x00, 0x00, 0x80,
  0x00, 0x00, 0x01, 0x00, 0x00, 0xe2, 0x0f, 0x10, 0x20, 0x78, 0x3e, 0x3c,
  0x3b, 0xaa, 0xb8, 0x3f, 0x00, 0x00, 0x41, 0x00, 0x00, 0xe2, 0x0f, 0x00,
  0x21, 0x72, 0x3c, 0x1d, 0xa2, 0x00, 0x00, 0x80, 0x00, 0x00, 0x01, 0x00,
  0x00, 0xe2, 0x0f, 0x10, 0x20, 0x78, 0x7f, 0x7f, 0x3b, 0xaa, 0xb8, 0x3f,
  0x00, 0x00, 0x41, 0x00, 0x00, 0xe2, 0x0f, 0x00, 0x20, 0x78, 0x1f, 0x1f,
  0x3b, 0xaa, 0xb8, 0x3f, 0x00, 0x00, 0x41, 0x00, 0x00, 0xe2, 0x0f, 0x00,
  0x08, 0x73, 0x1d, 0x00, 0x3e, 0x00, 0x00, 0x00, 0x00, 0x08, 0x00, 0x00,
  0x00, 0xe2, 0x0f, 0x00, 0x20, 0x78, 0x40, 0x3c, 0x3b, 0xaa, 0xb8, 0x3f,
  0x00, 0x00, 0x41, 0x00, 0x00, 0xe2, 0x0f, 0x00, 0x21, 0x72, 0x3c, 0x21,
  0xa2, 0x00, 0x00, 0x80, 0x00, 0x00, 0x01, 0x00, 0x00, 0xe2, 0x0f, 0x10,
  0x21, 0x72, 0x25, 0x25, 0xa2, 0x00, 0x00, 0x80, 0x00, 0x00, 0x01, 0x00,
  0x00, 0xe2, 0x0f, 0x10, 0x21, 0x72, 0x23, 0x23, 0xa2, 0x00, 0x00, 0x80,
  0x00, 0x00, 0x01, 0x00, 0x00, 0xe2, 0x0f, 0x10, 0x20, 0x78, 0x33, 0x33,
  0x3b, 0xaa, 0xb8, 0x3f, 0x00, 0x00, 0x41, 0x00, 0x00, 0xe2, 0x0f, 0x00,
  0x20, 0x78, 0x3c, 0x3c, 0x3b, 0xaa, 0xb8, 0x3f, 0x00, 0x00, 0x41, 0x00,
  0x00, 0xe2, 0x0f, 0x00, 0x20, 0x78, 0x42, 0x25, 0x3b, 0xaa, 0xb8, 0x3f,
  0x00, 0x00, 0x41, 0x00, 0x00, 0xe2, 0x0f, 0x00, 0x08, 0x73, 0x1a, 0x00,
  0x7f, 0x00, 0x00, 0x00, 0x00, 0x08, 0x00, 0x00, 0x00, 0x22, 0x0e, 0x00,
  0x21, 0x72, 0x37, 0x37, 0xa2, 0x00, 0x00, 0x80, 0x00, 0x00, 0x01, 0x00,
  0x00, 0xe2, 0x0f, 0x10, 0x20, 0x78, 0x23, 0x23, 0x3b, 0xaa, 0xb8, 0x3f,
  0x00, 0x00, 0x41, 0x00, 0x00, 0xe2, 0x0f, 0x00, 0x21, 0x72, 0x2b, 0x2b,
  0xa2, 0x00, 0x00, 0x80, 0x00, 0x00, 0x01, 0x00, 0x00, 0xe2, 0x0f, 0x10,
  0x21, 0x72, 0x2f, 0x2f, 0xa2, 0x00, 0x00, 0x80, 0x00, 0x00, 0x01, 0x00,
  0x00, 0xe2, 0x0f, 0x10, 0x20, 0x78, 0x37, 0x37, 0x3b, 0xaa, 0xb8, 0x3f,
  0x00, 0x00, 0x41, 0x00, 0x00, 0xe2, 0x0f, 0x00, 0x21, 0x72, 0x71, 0x71,
  0xa2, 0x00, 0x00, 0x80, 0x00, 0x00, 0x01, 0x00, 0x00, 0xe2, 0x0f, 0x10,
  0x20, 0x78, 0x2b, 0x2b, 0x3b, 0xaa, 0xb8, 0x3f, 0x00, 0x00, 0x41, 0x00,
  0x00, 0xe2, 0x0f, 0x00, 0x08, 0x73, 0x21, 0x00, 0x40, 0x00, 0x00, 0x00,
  0x00, 0x08, 0x00, 0x00, 0x00, 0x62, 0x0e, 0x00, 0x20, 0x78, 0x25, 0x2f,
  0x3b, 0xaa, 0xb8, 0x3f, 0x00, 0x00, 0x41, 0x00, 0x00, 0xe2, 0x0f, 0x00,
  0x21, 0x72, 0x73, 0x73, 0xa2, 0x00, 0x00, 0x80, 0x00, 0x00, 0x01, 0x00,
  0x00, 0xe2, 0x0f, 0x10, 0x20, 0x78, 0x71, 0x71, 0x3b, 0xaa, 0xb8, 0x3f,
  0x00, 0x00, 0x41, 0x00, 0x00, 0xe2, 0x0f, 0x00, 0x21, 0x72, 0x75, 0x75,
  0xa2, 0x00, 0x00, 0x80, 0x00, 0x00, 0x01, 0x00, 0x00, 0xe2, 0x0f, 0x10,
  0x21, 0x72, 0x3b, 0x3b, 0xa2, 0x00, 0x00, 0x80, 0x00, 0x00, 0x01, 0x00,
  0x00, 0xe2, 0x0f, 0x10, 0x20, 0x78, 0x2f, 0x73, 0x3b, 0xaa, 0xb8, 0x3f,
  0x00, 0x00, 0x41, 0x00, 0x00, 0xe2, 0x0f, 0x00, 0x21, 0x72, 0x1b, 0x1b,
  0xa2, 0x00, 0x00, 0x80, 0x00, 0x00, 0x01, 0x00, 0x00, 0xe2, 0x0f, 0x10,
  0x08, 0x73, 0x3c, 0x00, 0x3c, 0x00, 0x00, 0x00, 0x00, 0x08, 0x00, 0x00,
  0x00, 0xa2, 0x0e, 0x00, 0x21, 0x72, 0x4c, 0x1a, 0x1d, 0x00, 0x00, 0x00,
  0x00, 0x00, 0x01, 0x00, 0x00, 0xe2, 0x1f, 0x00, 0x20, 0x78, 0x3b, 0x3b,
  0x3b, 0xaa, 0xb8, 0x3f, 0x00, 0x00, 0x41, 0x00, 0x00, 0xe2, 0x0f, 0x00,
  0x21, 0x72, 0x3f, 0x3f, 0xa2, 0x00, 0x00, 0x80, 0x00, 0x00, 0x01, 0x00,
  0x00, 0xe2, 0x0f, 0x10, 0x21, 0x72, 0x77, 0x77, 0xa2, 0x00, 0x00, 0x80,
  0x00, 0x00, 0x01, 0x00, 0x00, 0xe2, 0x0f, 0x10, 0x20, 0x78, 0x1b, 0x1b,
  0x3b, 0xaa, 0xb8, 0x3f, 0x00, 0x00, 0x41, 0x00, 0x00, 0xe2, 0x0f, 0x00,
  0x21, 0x72, 0x79, 0x79, 0xa2, 0x00, 0x00, 0x80, 0x00, 0x00, 0x01, 0x00,
  0x00, 0xe2, 0x0f, 0x10, 0x20, 0x78, 0x3f, 0x3f, 0x3b, 0xaa, 0xb8, 0x3f,
  0x00, 0x00, 0x41, 0x00, 0x00, 0xe2, 0x0f, 0x00, 0x08, 0x73, 0x1f, 0x00,
  0x1f, 0x00, 0x00, 0x00, 0x00, 0x08, 0x00, 0x00, 0x00, 0x22, 0x0e, 0x00,
  0x20, 0x78, 0x77, 0x77, 0x3b, 0xaa, 0xb8, 0x3f, 0x00, 0x00, 0x41, 0x00,
  0x00, 0xe2, 0x0f, 0x00, 0x21, 0x72, 0x7b, 0x7b, 0xa2, 0x00, 0x00, 0x80,
  0x00, 0x00, 0x01, 0x00, 0x00, 0xe2, 0x0f, 0x10, 0x20, 0x78, 0x79, 0x79,
  0x3b, 0xaa, 0xb8, 0x3f, 0x00, 0x00, 0x41, 0x00, 0x00, 0xe2, 0x0f, 0x00,
  0x21, 0x72, 0x43, 0x43, 0xa2, 0x00, 0x00, 0x80, 0x00, 0x00, 0x01, 0x00,
  0x00, 0xe2, 0x0f, 0x10, 0x21, 0x72, 0x7d, 0x7d, 0xa2, 0x00, 0x00, 0x80,
  0x00, 0x00, 0x01, 0x00, 0x00, 0xe2, 0x0f, 0x10, 0x20, 0x78, 0x7b, 0x7b,
  0x3b, 0xaa, 0xb8, 0x3f, 0x00, 0x00, 0x41, 0x00, 0x00, 0xe2, 0x0f, 0x00,
  0x21, 0x72, 0x5b, 0x5b, 0xa2, 0x00, 0x00, 0x80, 0x00, 0x00, 0x01, 0x00,
  0x00, 0xe2, 0x0f, 0x10, 0x08, 0x73, 0x44, 0x00, 0x33, 0x00, 0x00, 0x00,
  0x00, 0x08, 0x00, 0x00, 0x00, 0xe2, 0x07, 0x00, 0x20, 0x78, 0x43, 0x43,
  0x3b, 0xaa, 0xb8, 0x3f, 0x00, 0x00, 0x41, 0x00, 0x00, 0xe2, 0x0f, 0x00,
  0x20, 0x78, 0x7d, 0x7d, 0x3b, 0xaa, 0xb8, 0x3f, 0x00, 0x00, 0x41, 0x00,
  0x00, 0xe2, 0x0f, 0x00, 0x20, 0x78, 0x5b, 0x5b, 0x3b, 0xaa, 0xb8, 0x3f,
  0x00, 0x00, 0x41, 0x00, 0x00, 0xe2, 0x0f, 0x00, 0x21, 0x72, 0x5d, 0x5d,
  0xa2, 0x00, 0x00, 0x80, 0x00, 0x00, 0x01, 0x00, 0x00, 0xe2, 0x0f, 0x10,
  0x21, 0x72, 0x4b, 0x4b, 0xa2, 0x00, 0x00, 0x80, 0x00, 0x00, 0x01, 0x00,
  0x00, 0xe2, 0x0f, 0x10, 0x21, 0x72, 0x67, 0x67, 0xa2, 0x00, 0x00, 0x80,
  0x00, 0x00, 0x01, 0x00, 0x00, 0xe2, 0x0f, 0x10, 0x21, 0x72, 0x69, 0x69,
  0xa2, 0x00, 0x00, 0x80, 0x00, 0x00, 0x01, 0x00, 0x00, 0xe2, 0x0f, 0x10,
  0x08, 0x73, 0x3e, 0x00, 0x42, 0x00, 0x00, 0x00, 0x00, 0x08, 0x00, 0x00,
  0x00, 0x22, 0x0f, 0x00, 0x21, 0x72, 0x33, 0x34, 0x5f, 0x00, 0x00, 0x00,
  0x00, 0x00, 0x01, 0x00, 0x00, 0xe2, 0x8f, 0x00, 0x20, 0x78, 0x5d, 0x5d,
  0x3b, 0xaa, 0xb8, 0x3f, 0x00, 0x00, 0x41, 0x00, 0x00, 0xe2, 0x0f, 0x00,
  0x20, 0x78, 0x4b, 0x4b, 0x3b, 0xaa, 0xb8, 0x3f, 0x00, 0x00, 0x41, 0x00,
  0x00, 0xe2, 0x0f, 0x00, 0x20, 0x78, 0x67, 0x67, 0x3b, 0xaa, 0xb8, 0x3f,
  0x00, 0x00, 0x41, 0x00, 0x00, 0xe2, 0x0f, 0x00, 0x21, 0x72, 0x4e, 0x36,
  0x33, 0x00, 0x00, 0x00, 0x00, 0x00, 0x01, 0x00, 0x00, 0xe2, 0x0f, 0x00,
  0x20, 0x78, 0x69, 0x69, 0x3b, 0xaa, 0xb8, 0x3f, 0x00, 0x00, 0x41, 0x00,
  0x00, 0xe2, 0x0f, 0x00, 0x21, 0x72, 0x2d, 0x2d, 0xa2, 0x00, 0x00, 0x80,
  0x00, 0x00, 0x01, 0x00, 0x00, 0xe2, 0x0f, 0x00, 0x08, 0x73, 0x23, 0x00,
  0x23, 0x00, 0x00, 0x00, 0x00, 0x08, 0x00, 0x00, 0x00, 0xe2, 0x0e, 0x00,
  0x21, 0x72, 0x33, 0x61, 0x4e, 0x00, 0x00, 0x00, 0x00, 0x00, 0x01, 0x00,
  0x00, 0xe2, 0x0f, 0x00, 0x21, 0x72, 0x31, 0x31, 0xa2, 0x00, 0x00, 0x80,
  0x00, 0x00, 0x01, 0x00, 0x00, 0xe2, 0x0f, 0x10, 0x20, 0x78, 0x2d, 0x2d,
  0x3b, 0xaa, 0xb8, 0x3f, 0x00, 0x00, 0x41, 0x00, 0x00, 0xe2, 0x0f, 0x00,
  0x21, 0x72, 0x35, 0x35, 0xa2, 0x00, 0x00, 0x80, 0x00, 0x00, 0x01, 0x00,
  0x00, 0xe2, 0x0f, 0x10, 0x21, 0x72, 0x4e, 0x30, 0x33, 0x00, 0x00, 0x00,
  0x00, 0x00, 0x01, 0x00, 0x00, 0xe2, 0x0f, 0x00, 0x20, 0x78, 0x31, 0x31,
  0x3b, 0xaa, 0xb8, 0x3f, 0x00, 0x00, 0x41, 0x00, 0x00, 0xe2, 0x0f, 0x00,
  0x21, 0x72, 0x53, 0x53, 0xa2, 0x00, 0x00, 0x80, 0x00, 0x00, 0x01, 0x00,
  0x00, 0xe2, 0x0f, 0x00, 0x08, 0x73, 0x46, 0x00, 0x37, 0x00, 0x00, 0x00,
  0x00, 0x08, 0x00, 0x00, 0x00, 0xe2, 0x03, 0x00, 0x21, 0x72, 0x33, 0x47,
  0x4e, 0x00, 0x00, 0x00, 0x00, 0x00, 0x01, 0x00, 0x00, 0xe2, 0x0f, 0x00,
  0x20, 0x78, 0x35, 0x35, 0x3b, 0xaa, 0xb8, 0x3f, 0x00, 0x00, 0x41, 0x00,
  0x00, 0xe2, 0x0f, 0x00, 0x20, 0x78, 0x53, 0x53, 0x3b, 0xaa, 0xb8, 0x3f,
  0x00, 0x00, 0x41, 0x00, 0x00, 0xe2, 0x0f, 0x00, 0x21, 0x72, 0x57, 0x57,
  0xa2, 0x00, 0x00, 0x80, 0x00, 0x00, 0x01, 0x00, 0x00, 0xe2, 0x0f, 0x00,
  0x3e, 0x72, 0x34, 0x5f, 0x34, 0x00, 0x00, 0x00, 0xff, 0x10, 0x00, 0x00,
  0x00, 0xc4, 0x0f, 0x00, 0x3e, 0x72, 0x36, 0x61, 0x36, 0x00, 0x00, 0x00,
  0xff, 0x10, 0x00, 0x00, 0x00, 0xe2, 0x0f, 0x00, 0x08, 0x73, 0x40, 0x00,
  0x2b, 0x00, 0x00, 0x00, 0x00, 0x08, 0x00, 0x00, 0x00, 0xe2, 0x0a, 0x00,
  0x21, 0x72, 0x37, 0x21, 0x4c, 0x00, 0x00, 0x00, 0x00, 0x00, 0x01, 0x00,
  0x00, 0xe2, 0x2f, 0x00, 0x20, 0x78, 0x57, 0x57, 0x3b, 0xaa, 0xb8, 0x3f,
  0x00, 0x00, 0x41, 0x00, 0x00, 0xc6, 0x0f, 0x00, 0x21, 0x72, 0x50, 0x3c,
  0x37, 0x00, 0x00, 0x00, 0x00, 0x00, 0x01, 0x00, 0x00, 0xc6, 0x4f, 0x00,
  0x08, 0x73, 0x25, 0x00, 0x25, 0x00, 0x00, 0x00, 0x00, 0x08, 0x00, 0x00,
  0x00, 0x62, 0x0e, 0x00, 0x21, 0x72, 0x37, 0x1f, 0x50, 0x00, 0x00, 0x00,
  0x00, 0x00, 0x01, 0x00, 0x00, 0xe2, 0x1f, 0x00, 0x21, 0x72, 0x50, 0x32,
  0x33, 0x00, 0x00, 0x00, 0x00, 0x00, 0x01, 0x00, 0x00, 0xe2, 0x0f, 0x00,
  0x20, 0x78, 0x2b, 0x75, 0x3b, 0xaa, 0xb8, 0x3f, 0x00, 0x00, 0x41, 0x00,
  0x00, 0xe4, 0x0f, 0x02, 0x21, 0x72, 0x4e, 0x3e, 0x37, 0x00, 0x00, 0x00,
  0x00, 0x00, 0x01, 0x00, 0x00, 0xe2, 0x0f, 0x01, 0x21, 0x72, 0x33, 0x27,
  0x50, 0x00, 0x00, 0x00, 0x00, 0x00, 0x01, 0x00, 0x00, 0xe4, 0x0f, 0x00,
  0x08, 0x73, 0x42, 0x00, 0x71, 0x00, 0x00, 0x00, 0x00, 0x08, 0x00, 0x00,
  0x00, 0x22, 0x0e, 0x00, 0x21, 0x72, 0x37, 0x23, 0x4e, 0x00, 0x00, 0x00,
  0x00, 0x00, 0x01, 0x00, 0x00, 0xe2, 0x8f, 0x00, 0x21, 0x72, 0x50, 0x2c,
  0x33, 0x00, 0x00, 0x00, 0x00, 0x00, 0x01, 0x00, 0x00, 0xc6, 0x0f, 0x00,
  0x21, 0x72, 0x52, 0x40, 0x37, 0x00, 0x00, 0x00, 0x00, 0x00, 0x01, 0x00,
  0x00, 0xe2, 0x0f, 0x00, 0x21, 0x72, 0x33, 0x63, 0x50, 0x00, 0x00, 0x00,
  0x00, 0x00, 0x01, 0x00, 0x00, 0xe4, 0x0f, 0x00, 0x08, 0x73, 0x2f, 0x00,
  0x2f, 0x00, 0x00, 0x00, 0x00, 0x08, 0x00, 0x00, 0x00, 0xa2, 0x0e, 0x00,
  0x21, 0x72, 0x37, 0x25, 0x52, 0x00, 0x00, 0x00, 0x00, 0x00, 0x01, 0x00,
  0x00, 0xe2, 0x2f, 0x00, 0x21, 0x72, 0x52, 0x2e, 0x33, 0x00, 0x00, 0x00,
  0x00, 0x00, 0x01, 0x00, 0x00, 0xcc, 0x0f, 0x00, 0x08, 0x73, 0x2b, 0x00,
  0x2b, 0x00, 0x00, 0x00, 0x00, 0x08, 0x00, 0x00, 0x00, 0x62, 0x0e, 0x00,
  0x21, 0x72, 0x50, 0x42, 0x37, 0x00, 0x00, 0x00, 0x00, 0x00, 0x01, 0x00,
  0x00, 0xce, 0x1f, 0x00, 0x08, 0x73, 0x3b, 0x00, 0x3b, 0x00, 0x00, 0x00,
  0x00, 0x08, 0x00, 0x00, 0x00, 0x22, 0x0e, 0x00, 0x21, 0x72, 0x33, 0x2f,
  0x50, 0x00, 0x00, 0x00, 0x00, 0x00, 0x01, 0x00, 0x00, 0xc8, 0x4f, 0x00,
  0x21, 0x72, 0x54, 0x44, 0x33, 0x00, 0x00, 0x00, 0x00, 0x00, 0x01, 0x00,
  0x00, 0xc6, 0x0f, 0x00, 0x08, 0x73, 0x4e, 0x00, 0x1b, 0x00, 0x00, 0x00,
  0x00, 0x08, 0x00, 0x00, 0x00, 0xe2, 0x05, 0x00, 0x21, 0x72, 0x33, 0x2b,
  0x54, 0x00, 0x00, 0x00, 0x00, 0x00, 0x01, 0x00, 0x00, 0xce, 0x2f, 0x00,
  0x08, 0x73, 0x48, 0x00, 0x3f, 0x00, 0x00, 0x00, 0x00, 0x08, 0x00, 0x00,
  0x00, 0x62, 0x0e, 0x00, 0x21, 0x72, 0x1b, 0x29, 0x52, 0x00, 0x00, 0x00,
  0x00, 0x00, 0x01, 0x00, 0x00, 0xc8, 0x4f, 0x00, 0x21, 0x72, 0x52, 0x28,
  0x1b, 0x00, 0x00, 0x00, 0x00, 0x00, 0x01, 0x00, 0x00, 0xc6, 0x0f, 0x00,
  0x08, 0x73, 0x77, 0x00, 0x77, 0x00, 0x00, 0x00, 0x00, 0x08, 0x00, 0x00,
  0x00, 0xa2, 0x0e, 0x00, 0x21, 0x72, 0x1b, 0x4f, 0x52, 0x00, 0x00, 0x00,
  0x00, 0x00, 0x01, 0x00, 0x00, 0xe2, 0x0f, 0x00, 0x21, 0x72, 0x52, 0x46,
  0x33, 0x00, 0x00, 0x00, 0x00, 0x00, 0x01, 0x00, 0x00, 0xc6, 0x0f, 0x00,
  0x21, 0x72, 0x54, 0x2a, 0x1b, 0x00, 0x00, 0x00, 0x00, 0x00, 0x01, 0x00,
  0x00, 0xe2, 0x0f, 0x00, 0x21, 0x72, 0x33, 0x3b, 0x52, 0x00, 0x00, 0x00,
  0x00, 0x00, 0x01, 0x00, 0x00, 0xe4, 0x1f, 0x00, 0x08, 0x73, 0x4a, 0x00,
  0x79, 0x00, 0x00, 0x00, 0x00, 0x08, 0x00, 0x00, 0x00, 0x22, 0x0e, 0x00,
  0x21, 0x72, 0x1b, 0x39, 0x54, 0x00, 0x00, 0x00, 0x00, 0x00, 0x01, 0x00,
  0x00, 0xe2, 0x0f, 0x00, 0x21, 0x72, 0x56, 0x48, 0x33, 0x00, 0x00, 0x00,
  0x00, 0x00, 0x01, 0x00, 0x00, 0xc6, 0x2f, 0x00, 0x21, 0x72, 0x54, 0x24,
  0x1b, 0x00, 0x00, 0x00, 0x00, 0x00, 0x01, 0x00, 0x00, 0xc6, 0x0f, 0x00,
  0x08, 0x73, 0x7b, 0x00, 0x7b, 0x00, 0x00, 0x00, 0x00, 0x08, 0x00, 0x00,
  0x00, 0x62, 0x0e, 0x00, 0x21, 0x72, 0x33, 0x77, 0x56, 0x00, 0x00, 0x00,
  0x00, 0x00, 0x01, 0x00, 0x00, 0xe2, 0x4f, 0x00, 0x21, 0x72, 0x1b, 0x19,
  0x54, 0x00, 0x00, 0x00, 0x00, 0x00, 0x01, 0x00, 0x00, 0xc8, 0x0f, 0x00,
  0x21, 0x72, 0x56, 0x26, 0x1b, 0x00, 0x00, 0x00, 0x00, 0x00, 0x01, 0x00,
  0x00, 0xe4, 0x0f, 0x00, 0x08, 0x73, 0x4c, 0x00, 0x43, 0x00, 0x00, 0x00,
  0x00, 0x08, 0x00, 0x00, 0x00, 0xa2, 0x0e, 0x00, 0x21, 0x72, 0x54, 0x4a,
  0x33, 0x00, 0x00, 0x00, 0x00, 0x00, 0x01, 0x00, 0x00, 0xe2, 0x1f, 0x00,
  0x21, 0x72, 0x1b, 0x3d, 0x56, 0x00, 0x00, 0x00, 0x00, 0x00, 0x01, 0x00,
  0x00, 0xcc, 0x0f, 0x00, 0x08, 0x73, 0x20, 0x00, 0x20, 0x00, 0x00, 0x00,
  0x00, 0x08, 0x00, 0x00, 0x00, 0x22, 0x0e, 0x00, 0x21, 0x72, 0x33, 0x7b,
  0x54, 0x00, 0x00, 0x00, 0x00, 0x00, 0x01, 0x00, 0x00, 0xce, 0x2f, 0x00,
  0x08, 0x73, 0x7d, 0x00, 0x7d, 0x00, 0x00, 0x00, 0x00, 0x08, 0x00, 0x00,
  0x00, 0x62, 0x0e, 0x00, 0x21, 0x72, 0x5a, 0x4c, 0x33, 0x00, 0x00, 0x00,
  0x00, 0x00, 0x01, 0x00, 0x00, 0xce, 0x4f, 0x00, 0x08, 0x73, 0x41, 0x00,
  0x41, 0x00, 0x00, 0x00, 0x00, 0x08, 0x00, 0x00, 0x00, 0xa2, 0x0e, 0x00,
  0x21, 0x72, 0x56, 0x20, 0x1b, 0x00, 0x00, 0x00, 0x00, 0x00, 0x01, 0x00,
  0x00, 0xce, 0x1f, 0x00, 0x08, 0x73, 0x22, 0x00, 0x22, 0x00, 0x00, 0x00,
  0x00, 0x08, 0x00, 0x00, 0x00, 0x22, 0x0e, 0x00, 0x21, 0x72, 0x37, 0x7d,
  0x5a, 0x00, 0x00, 0x00, 0x00, 0x00, 0x01, 0x00, 0x00, 0xce, 0x2f, 0x00,
  0x08, 0x73, 0x5b, 0x00, 0x5b, 0x00, 0x00, 0x00, 0x00, 0x08, 0x00, 0x00,
  0x00, 0x62, 0x0e, 0x00, 0x21, 0x72, 0x33, 0x41, 0x56, 0x00, 0x00, 0x00,
  0x00, 0x00, 0x01, 0x00, 0x00, 0xe2, 0x4f, 0x00, 0x21, 0x72, 0x56, 0x4e,
  0x37, 0x00, 0x00, 0x00, 0x00, 0x00, 0x01, 0x00, 0x00, 0xcc, 0x0f, 0x00,
  0x08, 0x73, 0x45, 0x00, 0x45, 0x00, 0x00, 0x00, 0x00, 0x08, 0x00, 0x00,
  0x00, 0xe2, 0x0f, 0x00, 0x21, 0x72, 0x5a, 0x22, 0x33, 0x00, 0x00, 0x00,
  0x00, 0x00, 0x01, 0x00, 0x00, 0xce, 0x1f, 0x00, 0x08, 0x73, 0x50, 0x00,
  0x5d, 0x00, 0x00, 0x00, 0x00, 0x08, 0x00, 0x00, 0x00, 0x22, 0x0e, 0x00,
  0x21, 0x72, 0x33, 0x5b, 0x56, 0x00, 0x00, 0x00, 0x00, 0x00, 0x01, 0x00,
  0x00, 0xce, 0x2f, 0x00, 0x08, 0x73, 0x1c, 0x00, 0x1c, 0x00, 0x00, 0x00,
  0x00, 0x08, 0x00, 0x00, 0x00, 0x70, 0x0e, 0x00, 0x08, 0x73, 0x4b, 0x00,
  0x4b, 0x00, 0x00, 0x00, 0x00, 0x08, 0x00, 0x00, 0x00, 0xe2, 0x0f, 0x00,
  0x21, 0x72, 0x5c, 0x50, 0x33, 0x00, 0x00, 0x00, 0x00, 0x00, 0x01, 0x00,
  0x00, 0xe2, 0x1f, 0x00, 0x02, 0x7c, 0x33, 0x00, 0x0d, 0x00, 0x00, 0x00,
  0x00, 0x0f, 0x00, 0x08, 0x00, 0xc8, 0x0f, 0x00, 0x19, 0x78, 0x33, 0x33,
  0x1f, 0x00, 0x00, 0x00, 0xff, 0x06, 0x00, 0x00, 0x00, 0xe4, 0x0f, 0x00,
  0x08, 0x73, 0x49, 0x00, 0x49, 0x00, 0x00, 0x00, 0x00, 0x08, 0x00, 0x00,
  0x00, 0x30, 0x0e, 0x00, 0x08, 0x73, 0x52, 0x00, 0x67, 0x00, 0x00, 0x00,
  0x00, 0x08, 0x00, 0x00, 0x00, 0xf0, 0x0f, 0x00, 0x08, 0x73, 0x1e, 0x00,
  0x1e, 0x00, 0x00, 0x00, 0x00, 0x08, 0x00, 0x00, 0x00, 0xb0, 0x0e, 0x00,
  0x08, 0x73, 0x69, 0x00, 0x69, 0x00, 0x00, 0x00, 0x00, 0x08, 0x00, 0x00,
  0x00, 0xf0, 0x0f, 0x00, 0x08, 0x73, 0x4d, 0x00, 0x4d, 0x00, 0x00, 0x00,
  0x00, 0x08, 0x00, 0x00, 0x00, 0xf0, 0x0e, 0x00, 0x08, 0x73, 0x54, 0x00,
  0x2d, 0x00, 0x00, 0x00, 0x00, 0x08, 0x00, 0x00, 0x00, 0xf0, 0x09, 0x00,
  0x08, 0x73, 0x18, 0x00, 0x18, 0x00, 0x00, 0x00, 0x00, 0x08, 0x00, 0x00,
  0x00, 0x62, 0x0f, 0x00, 0x21, 0x72, 0x2d, 0x45, 0x5a, 0x00, 0x00, 0x00,
  0x00, 0x00, 0x01, 0x00, 0x00, 0xc8, 0x0f, 0x01, 0x21, 0x72, 0x5a, 0x1c,
  0x2d, 0x00, 0x00, 0x00, 0x00, 0x00, 0x01, 0x00, 0x00, 0xc6, 0x2f, 0x00,
  0x08, 0x73, 0x1b, 0x00, 0x31, 0x00, 0x00, 0x00, 0x00, 0x08, 0x00, 0x00,
  0x00, 0x22, 0x03, 0x00, 0x21, 0x72, 0x2d, 0x49, 0x5a, 0x00, 0x00, 0x00,
  0x00, 0x00, 0x01, 0x00, 0x00, 0xce, 0x1f, 0x00, 0x08, 0x73, 0x51, 0x00,
  0x51, 0x00, 0x00, 0x00, 0x00, 0x08, 0x00, 0x00, 0x00, 0x22, 0x0e, 0x00,
  0x21, 0x72, 0x31, 0x4b, 0x5c, 0x00, 0x00, 0x00, 0x00, 0x00, 0x01, 0x00,
  0x00, 0xe2, 0x2f, 0x00, 0x21, 0x72, 0x5c, 0x1e, 0x2d, 0x00, 0x00, 0x00,
  0x00, 0x00, 0x01, 0x00, 0x00, 0xc6, 0x4f, 0x00, 0x21, 0x72, 0x5a, 0x52,
  0x31, 0x00, 0x00, 0x00, 0x00, 0x00, 0x01, 0x00, 0x00, 0xe2, 0x0f, 0x00,
  0x21, 0x72, 0x2d, 0x4d, 0x5c, 0x00, 0x00, 0x00, 0x00, 0x00, 0x01, 0x00,
  0x00, 0xe4, 0x8f, 0x00, 0x08, 0x73, 0x56, 0x00, 0x35, 0x00, 0x00, 0x00,
  0x00, 0x08, 0x00, 0x00, 0x00, 0xa2, 0x02, 0x00, 0x21, 0x72, 0x31, 0x69,
  0x5a, 0x00, 0x00, 0x00, 0x00, 0x00, 0x01, 0x00, 0x00, 0xe2, 0x0f, 0x00,
  0x21, 0x72, 0x5c, 0x18, 0x2d, 0x00, 0x00, 0x00, 0x00, 0x00, 0x01, 0x00,
  0x00, 0xc6, 0x0f, 0x02, 0x21, 0x72, 0x5e, 0x54, 0x31, 0x00, 0x00, 0x00,
  0x00, 0x00, 0x01, 0x00, 0x00, 0xc6, 0x0f, 0x00, 0x08, 0x73, 0x3a, 0x00,
  0x3a, 0x00, 0x00, 0x00, 0x00, 0x08, 0x00, 0x00, 0x00, 0xe2, 0x0e, 0x00,
  0x24, 0x7e, 0x35, 0xff, 0x04, 0x00, 0x00, 0x00, 0xff, 0x00, 0x8e, 0x0f,
  0x00, 0xe4, 0x2f, 0x00, 0x21, 0x72, 0x31, 0x1b, 0x5e, 0x00, 0x00, 0x00,
  0x00, 0x00, 0x01, 0x00, 0x00, 0xe2, 0x0f, 0x01, 0x21, 0x72, 0x2d, 0x51,
  0x5c, 0x00, 0x00, 0x00, 0x00, 0x00, 0x01, 0x00, 0x00, 0xe2, 0x1f, 0x00,
  0x24, 0x78, 0xa4, 0x35, 0x08, 0x00, 0x00, 0x00, 0x14, 0x02, 0x8e, 0x07,
  0x00, 0xc6, 0x0f, 0x00, 0x08, 0x73, 0x53, 0x00, 0x53, 0x00, 0x00, 0x00,
  0x00, 0x08, 0x00, 0x00, 0x00, 0x22, 0x0e, 0x00, 0x21, 0x72, 0x5e, 0x56,
  0x31, 0x00, 0x00, 0x00, 0x00, 0x00, 0x01, 0x00, 0x00, 0xe2, 0x4f, 0x00,
  0xa7, 0x75, 0x00, 0xa4, 0x33, 0x28, 0x80, 0x02, 0x7f, 0x01, 0x02, 0x08,
  0x00, 0x6c, 0x0e, 0x00, 0x08, 0x73, 0x55, 0x00, 0x55, 0x00, 0x00, 0x00,
  0x00, 0x08, 0x00, 0x00, 0x00, 0xa2, 0x0e, 0x00, 0x21, 0x72, 0x5c, 0x3a,
  0x2d, 0x00, 0x00, 0x00, 0x00, 0x00, 0x01, 0x00, 0x00, 0xce, 0x8f, 0x00,
  0x08, 0x73, 0x5a, 0x00, 0x57, 0x00, 0x00, 0x00, 0x00, 0x08, 0x00, 0x00,
  0x00, 0xe2, 0x0e, 0x00, 0x21, 0x72, 0x2d, 0x53, 0x5e, 0x00, 0x00, 0x00,
  0x00, 0x00, 0x01, 0x00, 0x00, 0xe2, 0x1f, 0x00, 0x21, 0x72, 0x5c, 0x55,
  0x5c, 0x00, 0x00, 0x00, 0x00, 0x00, 0x01, 0x00, 0x00, 0xc6, 0x4f, 0x00,
  0x21, 0x72, 0x31, 0x5a, 0x2d, 0x00, 0x00, 0x00, 0x00, 0x00, 0x01, 0x00,
  0x00, 0xe4, 0x8f, 0x00, 0x89, 0x7f, 0x2d, 0x5c, 0x00, 0x1f, 0x20, 0x0c,
  0x00, 0x00, 0x0e, 0x00, 0x00, 0x28, 0x0e, 0x00, 0x89, 0x7f, 0x5e, 0x31,
  0x00, 0x1f, 0x20, 0x0c, 0x00, 0x00, 0x0e, 0x00, 0x00, 0xa2, 0x0e, 0x00,
  0x21, 0x72, 0xa0, 0x5c, 0x2d, 0x00, 0x00, 0x00, 0x00, 0x00, 0x01, 0x00,
  0x00, 0xe2, 0x1f, 0x00, 0x21, 0x72, 0x9e, 0x31, 0x5e, 0x00, 0x00, 0x00,
  0x00, 0x00, 0x01, 0x00, 0x00, 0xc8, 0x4f, 0x00, 0x89, 0x7f, 0x3f, 0xa0,
  0x00, 0x1f, 0x40, 0x0c, 0x00, 0x00, 0x0e, 0x00, 0x00, 0xa8, 0x00, 0x00,
  0x89, 0x7f, 0x43, 0x9e, 0x00, 0x1f, 0x40, 0x0c, 0x00, 0x00, 0x0e, 0x00,
  0x00, 0xe2, 0x00, 0x00, 0x47, 0x19, 0x08, 0x00, 0x00, 0x00, 0x00, 0x00,
  0x00, 0x00, 0x80, 0x03, 0x00, 0xea, 0x2f, 0x00, 0xa7, 0x75, 0x00, 0xa4,
  0x33, 0x28, 0x80, 0x02, 0x7f, 0x01, 0x02, 0x08, 0x00, 0x64, 0x0e, 0x00,
  0x47, 0x99, 0x88, 0x00, 0x78, 0x00, 0x00, 0x00, 0x00, 0x00, 0x80, 0x03,
  0x00, 0xea, 0x2f, 0x00, 0x3e, 0x72, 0x26, 0x3d, 0x26, 0x00, 0x00, 0x00,
  0xff, 0x10, 0x00, 0x00, 0x00, 0xe2, 0x0f, 0x00, 0x24, 0x72, 0x3d, 0xff,
  0xff, 0x00, 0x00, 0x00, 0x59, 0x00, 0x8e, 0x07, 0x00, 0xe2, 0x0f, 0x00,
  0x3e, 0x72, 0x37, 0x3c, 0x21, 0x00, 0x00, 0x00, 0xff, 0x10, 0x00, 0x00,
  0x00, 0xe4, 0x0f, 0x00, 0x05, 0x78, 0x5c, 0x00, 0x00, 0x00, 0x00, 0x00,
  0x00, 0xff, 0x01, 0x00, 0x00, 0xe4, 0x0f, 0x00, 0x02, 0x72, 0x3c, 0x00,
  0x58, 0x00, 0x00, 0x00, 0x00, 0x0f, 0x00, 0x00, 0x00, 0xe4, 0x0f, 0x00,
  0x05, 0x78, 0x58, 0x00, 0x00, 0x00, 0x00, 0x00, 0x00, 0xff, 0x01, 0x00,
  0x00, 0xe4, 0x0f, 0x00, 0x3e, 0x72, 0x24, 0x19, 0x24, 0x00, 0x00, 0x00,
  0xff, 0x10, 0x00, 0x00, 0x00, 0xc4, 0x0f, 0x00, 0x05, 0x78, 0x5e, 0x00,
  0x00, 0x00, 0x00, 0x00, 0x00, 0xff, 0x01, 0x00, 0x00, 0xe4, 0x0f, 0x00,
  0x3e, 0x72, 0x31, 0x3e, 0x1f, 0x00, 0x00, 0x00, 0xff, 0x10, 0x00, 0x00,
  0x00, 0xe4, 0x0f, 0x00, 0x05, 0x78, 0x60, 0x00, 0x00, 0x00, 0x00, 0x00,
  0x00, 0xff, 0x01, 0x00, 0x00, 0xe4, 0x0f, 0x00, 0x3e, 0x72, 0x32, 0x27,
  0x32, 0x00, 0x00, 0x00, 0xff, 0x10, 0x00, 0x00, 0x00, 0xe4, 0x0f, 0x00,
  0x05, 0x78, 0x64, 0x00, 0x00, 0x00, 0x00, 0x00, 0x00, 0xff, 0x01, 0x00,
  0x00, 0xe4, 0x0f, 0x00, 0x3e, 0x72, 0x33, 0x40, 0x23, 0x00, 0x00, 0x00,
  0xff, 0x10, 0x00, 0x00, 0x00, 0xc4, 0x2f, 0x00, 0x05, 0x78, 0x66, 0x00,
  0x00, 0x00, 0x00, 0x00, 0x00, 0xff, 0x01, 0x00, 0x00, 0xe4, 0x0f, 0x00,
  0x3e, 0x72, 0x2d, 0x42, 0x25, 0x00, 0x00, 0x00, 0xff, 0x10, 0x00, 0x00,
  0x00, 0xe4, 0x0f, 0x00, 0x05, 0x78, 0x6a, 0x00, 0x00, 0x00, 0x00, 0x00,
  0x00, 0xff, 0x01, 0x00, 0x00, 0xe4, 0x0f, 0x00, 0x3e, 0x72, 0x19, 0x56,
  0x1b, 0x00, 0x00, 0x00, 0xff, 0x10, 0x00, 0x00, 0x00, 0xe4, 0x0f, 0x00,
  0x05, 0x78, 0x6c, 0x00, 0x00, 0x00, 0x00, 0x00, 0x00, 0xff, 0x01, 0x00,
  0x00, 0xe4, 0x0f, 0x00, 0x3e, 0x72, 0x2c, 0x63, 0x2c, 0x00, 0x00, 0x00,
  0xff, 0x10, 0x00, 0x00, 0x00, 0xc4, 0x0f, 0x00, 0x05, 0x78, 0x62, 0x00,
  0x00, 0x00, 0x00, 0x00, 0x00, 0xff, 0x01, 0x00, 0x00, 0xe4, 0x0f, 0x00,
  0x3e, 0x72, 0x25, 0x4a, 0x77, 0x00, 0x00, 0x00, 0xff, 0x10, 0x00, 0x00,
  0x00, 0xe4, 0x0f, 0x00, 0x05, 0x78, 0x6e, 0x00, 0x00, 0x00, 0x00, 0x00,
  0x00, 0xff, 0x01, 0x00, 0x00, 0xe4, 0x0f, 0x00, 0x3e, 0x72, 0x27, 0x4c,
  0x7b, 0x00, 0x00, 0x00, 0xff, 0x10, 0x00, 0x00, 0x00, 0xe4, 0x0f, 0x00,
  0x05, 0x78, 0x70, 0x00, 0x00, 0x00, 0x00, 0x00, 0x00, 0xff, 0x01, 0x00,
  0x00, 0xe4, 0x0f, 0x00, 0x3e, 0x72, 0x21, 0x4e, 0x7d, 0x00, 0x00, 0x00,
  0xff, 0x10, 0x00, 0x00, 0x00, 0xc4, 0x0f, 0x00, 0x05, 0x78, 0x72, 0x00,
  0x00, 0x00, 0x00, 0x00, 0x00, 0xff, 0x01, 0x00, 0x00, 0xe4, 0x0f, 0x00,
  0x3e, 0x72, 0x23, 0x50, 0x5b, 0x00, 0x00, 0x00, 0xff, 0x10, 0x00, 0x00,
  0x00, 0xe4, 0x0f, 0x00, 0x05, 0x78, 0x74, 0x00, 0x00, 0x00, 0x00, 0x00,
  0x00, 0xff, 0x01, 0x00, 0x00, 0xe4, 0x0f, 0x00, 0x3e, 0x72, 0x1f, 0x54,
  0x69, 0x00, 0x00, 0x00, 0xff, 0x10, 0x00, 0x00, 0x00, 0xe4, 0x0f, 0x00,
  0x05, 0x78, 0x68, 0x00, 0x00, 0x00, 0x00, 0x00, 0x00, 0xff, 0x01, 0x00,
  0x00, 0xe4, 0x0f, 0x00, 0x3e, 0x72, 0x1b, 0x5a, 0x53, 0x00, 0x00, 0x00,
  0xff, 0x10, 0x00, 0x00, 0x00, 0xc4, 0x0f, 0x00, 0x05, 0x78, 0x5a, 0x00,
  0x00, 0x00, 0x00, 0x00, 0x00, 0xff, 0x01, 0x00, 0x00, 0xe4, 0x0f, 0x00,
  0xca, 0x72, 0x12, 0x3c, 0x00, 0x00, 0x00, 0x00, 0x00, 0x00, 0x0e, 0x00,
  0x00, 0xe4, 0x0f, 0x00, 0x05, 0x78, 0x76, 0x00, 0x00, 0x00, 0x00, 0x00,
  0x00, 0xff, 0x01, 0x00, 0x00, 0xe4, 0x0f, 0x00, 0xca, 0x72, 0x13, 0x3d,
  0x00, 0x00, 0x00, 0x00, 0x00, 0x00, 0x0e, 0x00, 0x00, 0xe4, 0x0f, 0x00,
  0x05, 0x78, 0x78, 0x00, 0x00, 0x00, 0x00, 0x00, 0x00, 0xff, 0x01, 0x00,
  0x00, 0xe4, 0x0f, 0x00, 0x3e, 0x72, 0x2e, 0x29, 0x2e, 0x00, 0x00, 0x00,
  0xff, 0x10, 0x00, 0x00, 0x00, 0xc4, 0x0f, 0x00, 0x05, 0x78, 0x7a, 0x00,
  0x00, 0x00, 0x00, 0x00, 0x00, 0xff, 0x01, 0x00, 0x00, 0xe4, 0x0f, 0x00,
  0x05, 0x78, 0x7c, 0x00, 0x00, 0x00, 0x00, 0x00, 0x00, 0xff, 0x01, 0x00,
  0x00, 0xe4, 0x0f, 0x00, 0x05, 0x78, 0x7e, 0x00, 0x00, 0x00, 0x00, 0x00,
  0x00, 0xff, 0x01, 0x00, 0x00, 0xe4, 0x0f, 0x00, 0x05, 0x78, 0x80, 0x00,
  0x00, 0x00, 0x00, 0x00, 0x00, 0xff, 0x01, 0x00, 0x00, 0xe4, 0x0f, 0x00,
  0x05, 0x78, 0x82, 0x00, 0x00, 0x00, 0x00, 0x00, 0x00, 0xff, 0x01, 0x00,
  0x00, 0xe4, 0x0f, 0x00, 0x05, 0x78, 0x84, 0x00, 0x00, 0x00, 0x00, 0x00,
  0x00, 0xff, 0x01, 0x00, 0x00, 0xc4, 0x0f, 0x00, 0x05, 0x78, 0x86, 0x00,
  0x00, 0x00, 0x00, 0x00, 0x00, 0xff, 0x01, 0x00, 0x00, 0xe4, 0x0f, 0x00,
  0x05, 0x78, 0x88, 0x00, 0x00, 0x00, 0x00, 0x00, 0x00, 0xff, 0x01, 0x00,
  0x00, 0xe4, 0x0f, 0x00, 0x05, 0x78, 0x8a, 0x00, 0x00, 0x00, 0x00, 0x00,
  0x00, 0xff, 0x01, 0x00, 0x00, 0xe4, 0x0f, 0x00, 0x05, 0x78, 0x8c, 0x00,
  0x00, 0x00, 0x00, 0x00, 0x00, 0xff, 0x01, 0x00, 0x00, 0xe4, 0x0f, 0x00,
  0x05, 0x78, 0x8e, 0x00, 0x00, 0x00, 0x00, 0x00, 0x00, 0xff, 0x01, 0x00,
  0x00, 0xe4, 0x0f, 0x00, 0x05, 0x78, 0x90, 0x00, 0x00, 0x00, 0x00, 0x00,
  0x00, 0xff, 0x01, 0x00, 0x00, 0xc4, 0x0f, 0x00, 0x05, 0x78, 0x92, 0x00,
  0x00, 0x00, 0x00, 0x00, 0x00, 0xff, 0x01, 0x00, 0x00, 0xe4, 0x0f, 0x00,
  0x05, 0x78, 0x94, 0x00, 0x00, 0x00, 0x00, 0x00, 0x00, 0xff, 0x01, 0x00,
  0x00, 0xe4, 0x0f, 0x00, 0x05, 0x78, 0x96, 0x00, 0x00, 0x00, 0x00, 0x00,
  0x00, 0xff, 0x01, 0x00, 0x00, 0xe4, 0x0f, 0x00, 0x3e, 0x72, 0x35, 0x1d,
  0x1a, 0x00, 0x00, 0x00, 0xff, 0x10, 0x00, 0x00, 0x00, 0xe2, 0x0f, 0x00,
  0x90, 0x78, 0x0d, 0x06, 0x01, 0x00, 0x00, 0x00, 0x3f, 0xe0, 0xff, 0x0f,
  0x00, 0xe2, 0x0f, 0x00, 0x3e, 0x72, 0x29, 0x46, 0x2b, 0x00, 0x00, 0x00,
  0xff, 0x10, 0x00, 0x00, 0x00, 0xe2, 0x0f, 0x00, 0x90, 0x78, 0x10, 0x04,
  0x01, 0x00, 0x00, 0x00, 0x3f, 0xe0, 0xff, 0x0f, 0x00, 0xe2, 0x0f, 0x00,
  0x3e, 0x72, 0x30, 0x47, 0x30, 0x00, 0x00, 0x00, 0xff, 0x10, 0x00, 0x00,
  0x00, 0xe2, 0x0f, 0x00, 0x82, 0x78, 0x11, 0x00, 0x01, 0x00, 0x00, 0x00,
  0x00, 0x00, 0x00, 0x00, 0x00, 0xe2, 0x0f, 0x00, 0x3e, 0x72, 0x2f, 0x44,
  0x2f, 0x00, 0x00, 0x00, 0xff, 0x10, 0x00, 0x00, 0x00, 0xe2, 0x0f, 0x00,
  0x99, 0x72, 0x06, 0x11, 0x06, 0x00, 0x00, 0x00, 0x3f, 0x06, 0x00, 0x08,
  0x00, 0xe2, 0x0f, 0x00, 0x3e, 0x72, 0x28, 0x4f, 0x28, 0x00, 0x00, 0x00,
  0xff, 0x10, 0x00, 0x00, 0x00, 0xe2, 0x0f, 0x00, 0x99, 0x72, 0x04, 0x11,
  0x04, 0x00, 0x00, 0x00, 0x3f, 0x06, 0x00, 0x08, 0x00, 0xe2, 0x0f, 0x00,
  0x3e, 0x72, 0x2a, 0x39, 0x2a, 0x00, 0x00, 0x00, 0xff, 0x10, 0x00, 0x00,
  0x00, 0xe2, 0x0f, 0x00, 0x8c, 0x78, 0x00, 0x0d, 0x01, 0x00, 0x00, 0x00,
  0x70, 0x40, 0xf0, 0x0b, 0x00, 0xe2, 0x0f, 0x00, 0x3e, 0x72, 0x2b, 0x48,
  0x3b, 0x00, 0x00, 0x00, 0xff, 0x10, 0x00, 0x00, 0x00, 0xe2, 0x0f, 0x00,
  0x24, 0x72, 0x3b, 0xff, 0xff, 0x00, 0x00, 0x00, 0x3d, 0x00, 0x8e, 0x07,
  0x00, 0xe2, 0x0f, 0x00, 0x3e, 0x72, 0x20, 0x41, 0x20, 0x00, 0x00, 0x00,
  0xff, 0x10, 0x00, 0x00, 0x00, 0xe2, 0x0f, 0x00, 0x8c, 0x78, 0x00, 0x10,
  0x01, 0x00, 0x00, 0x00, 0x70, 0x40, 0xf4, 0x0b, 0x00, 0xe2, 0x0f, 0x00,
  0x3e, 0x72, 0x22, 0x45, 0x22, 0x00, 0x00, 0x00, 0xff, 0x10, 0x00, 0x00,
  0x00, 0xe2, 0x0f, 0x00, 0x24, 0x78, 0x99, 0x99, 0x01, 0x00, 0x00, 0x00,
  0x9c, 0x02, 0x8e, 0x07, 0x00, 0xe2, 0x0f, 0x00, 0x3e, 0x72, 0x1c, 0x49,
  0x1c, 0x00, 0x00, 0x00, 0xff, 0x10, 0x00, 0x00, 0x00, 0xe2, 0x0f, 0x00,
  0x92, 0x72, 0x07, 0x06, 0x07, 0x00, 0x00, 0x00, 0x3f, 0x3c, 0x8e, 0x0f,
  0x00, 0xe2, 0x0f, 0x00, 0x3e, 0x72, 0x1d, 0x52, 0x4b, 0x00, 0x00, 0x00,
  0xff, 0x10, 0x00, 0x00, 0x00, 0xe2, 0x0f, 0x00, 0x92, 0x72, 0x05, 0x04,
  0x05, 0x00, 0x00, 0x00, 0x3f, 0x3c, 0x8e, 0x0f, 0x00, 0xe2, 0x0f, 0x00,
  0x3e, 0x72, 0x1e, 0x4d, 0x1e, 0x00, 0x00, 0x00, 0xff, 0x10, 0x00, 0x00,
  0x00, 0xe2, 0x0f, 0x00, 0x87, 0x72, 0x06, 0x0d, 0x3f, 0x00, 0x00, 0x00,
  0x00, 0x00, 0x00, 0x0c, 0x00, 0xe2, 0x0f, 0x00, 0x3e, 0x72, 0x18, 0x51,
  0x18, 0x00, 0x00, 0x00, 0xff, 0x10, 0x00, 0x00, 0x00, 0xe2, 0x0f, 0x00,
  0x87, 0x72, 0x04, 0x10, 0x3f, 0x00, 0x00, 0x00, 0x00, 0x00, 0x00, 0x0d,
  0x00, 0xe2, 0x0f, 0x00, 0x3e, 0x72, 0x1a, 0x55, 0x3a, 0x00, 0x00, 0x00,
  0xff, 0x10, 0x00, 0x00, 0x00, 0xe2, 0x0f, 0x00, 0x82, 0x78, 0x11, 0x00,
  0x01, 0x00, 0x00, 0x00, 0x00, 0x00, 0x00, 0x00, 0x00, 0xe2, 0x0f, 0x00,
  0x10, 0x78, 0x3a, 0x3c, 0x80, 0x00, 0x00, 0x00, 0xff, 0xe0, 0xff, 0x07,
  0x00, 0xe2, 0x0f, 0x00, 0xb9, 0x7a, 0x10, 0x00, 0x00, 0x1f, 0x01, 0x00,
  0x00, 0x08, 0x00, 0x00, 0x00, 0xe2, 0x0f, 0x00, 0xc5, 0x79, 0x00, 0x00,
  0x00, 0x00, 0x00, 0x00, 0x00, 0x00, 0x00, 0x00, 0x00, 0xe2, 0x0f, 0x00,
  0x0c, 0x78, 0x00, 0x9a, 0x82, 0x00, 0x00, 0x00, 0x70, 0x62, 0xf2, 0x03,
  0x00, 0xe2, 0x0f, 0x00, 0xb9, 0x7a, 0x0d, 0x00, 0x00, 0x1d, 0x01, 0x00,
  0x00, 0x08, 0x00, 0x00, 0x00, 0xe2, 0x0f, 0x00, 0x21, 0x72, 0xa0, 0xa0,
  0x3f, 0x00, 0x00, 0x00, 0x00, 0x00, 0x01, 0x00, 0x00, 0xe2, 0x5f, 0x00,
  0x21, 0x72, 0x9e, 0x9e, 0x43, 0x00, 0x00, 0x00, 0x00, 0x00, 0x01, 0x00,
  0x00, 0xe2, 0x8f, 0x00, 0x19, 0x78, 0x9f, 0xff, 0x1f, 0x00, 0x00, 0x00,
  0x99, 0x14, 0x01, 0x00, 0x00, 0xe2, 0x0f, 0x00, 0xf0, 0x7d, 0x58, 0x34,
  0x10, 0x00, 0xe0, 0x41, 0x58, 0x18, 0x70, 0x08, 0x00, 0xe2, 0x0f, 0x00,
  0xca, 0x72, 0x12, 0x3a, 0x00, 0x00, 0x00, 0x00, 0x00, 0x00, 0x0e, 0x00,
  0x00, 0xc4, 0x0f, 0x00, 0xca, 0x72, 0x13, 0x3b, 0x00, 0x00, 0x00, 0x00,
  0x00, 0x00, 0x0e, 0x00, 0x00, 0xe2, 0x0f, 0x00, 0x24, 0x72, 0x3b, 0xff,
  0xff, 0x00, 0x00, 0x00, 0x3d, 0x00, 0x8e, 0x07, 0x00, 0xe2, 0x0f, 0x00,
  0x10, 0x78, 0x3a, 0x3c, 0x00, 0x01, 0x00, 0x00, 0xff, 0xe0, 0xff, 0x07,
  0x00, 0xd6, 0x0f, 0x00, 0xf0, 0x7d, 0x58, 0x30, 0x10, 0x00, 0xe0, 0x41,
  0x58, 0x18, 0x70, 0x08, 0x00, 0xe2, 0x0f, 0x00, 0xca, 0x72, 0x12, 0x3a,
  0x00, 0x00, 0x00, 0x00, 0x00, 0x00, 0x0e, 0x00, 0x00, 0xe4, 0x0f, 0x00,
  0xca, 0x72, 0x13, 0x3b, 0x00, 0x00, 0x00, 0x00, 0x00, 0x00, 0x0e, 0x00,
  0x00, 0xe2, 0x0f, 0x00, 0x24, 0x72, 0x3b, 0xff, 0xff, 0x00, 0x00, 0x00,
  0x3d, 0x00, 0x8e, 0x07, 0x00, 0xe2, 0x0f, 0x00, 0x10, 0x78, 0x3a, 0x3c,
  0x80, 0x01, 0x00, 0x00, 0xff, 0xe0, 0xff, 0x07, 0x00, 0xd6, 0x0f, 0x00,
  0xf0, 0x7d, 0x58, 0x2c, 0x10, 0x00, 0xe0, 0x41, 0x58, 0x18, 0x70, 0x08,
  0x00, 0xe2, 0x0f, 0x00, 0xca, 0x72, 0x12, 0x3a, 0x00, 0x00, 0x00, 0x00,
  0x00, 0x00, 0x0e, 0x00, 0x00, 0xe4, 0x0f, 0x00, 0xca, 0x72, 0x13, 0x3b,
  0x00, 0x00, 0x00, 0x00, 0x00, 0x00, 0x0e, 0x00, 0x00, 0xe2, 0x0f, 0x00,
  0x24, 0x72, 0x3b, 0xff, 0xff, 0x00, 0x00, 0x00, 0x3d, 0x00, 0x8e, 0x07,
  0x00, 0xe2, 0x0f, 0x00, 0x10, 0x78, 0x3a, 0x3c, 0x00, 0x02, 0x00, 0x00,
  0xff, 0xe0, 0xff, 0x07, 0x00, 0xd6, 0x0f, 0x00, 0xf0, 0x7d, 0x58, 0x28,
  0x10, 0x00, 0xe0, 0x41, 0x58, 0x18, 0x70, 0x08, 0x00, 0xe2, 0x0f, 0x00,
  0xca, 0x72, 0x12, 0x3a, 0x00, 0x00, 0x00, 0x00, 0x00, 0x00, 0x0e, 0x00,
  0x00, 0xe4, 0x0f, 0x00, 0xca, 0x72, 0x13, 0x3b, 0x00, 0x00, 0x00, 0x00,
  0x00, 0x00, 0x0e, 0x00, 0x00, 0xe2, 0x0f, 0x00, 0x24, 0x72, 0x3b, 0xff,
  0xff, 0x00, 0x00, 0x00, 0x3d, 0x00, 0x8e, 0x07, 0x00, 0xe2, 0x0f, 0x00,
  0x10, 0x78, 0x3a, 0x3c, 0x80, 0x02, 0x00, 0x00, 0xff, 0xe0, 0xff, 0x07,
  0x00, 0xd6, 0x0f, 0x00, 0xf0, 0x7d, 0x58, 0x24, 0x10, 0x00, 0xe0, 0x41,
  0x58, 0x18, 0x70, 0x08, 0x00, 0xe2, 0x0f, 0x00, 0xca, 0x72, 0x12, 0x3a,
  0x00, 0x00, 0x00, 0x00, 0x00, 0x00, 0x0e, 0x00, 0x00, 0xe4, 0x0f, 0x00,
  0xca, 0x72, 0x13, 0x3b, 0x00, 0x00, 0x00, 0x00, 0x00, 0x00, 0x0e, 0x00,
  0x00, 0xe2, 0x0f, 0x00, 0x24, 0x72, 0x3b, 0xff, 0xff, 0x00, 0x00, 0x00,
  0x3d, 0x00, 0x8e, 0x07, 0x00, 0xe2, 0x0f, 0x00, 0x10, 0x78, 0x3a, 0x3c,
  0x00, 0x03, 0x00, 0x00, 0xff, 0xe0, 0xff, 0x07, 0x00, 0xd6, 0x0f, 0x00,
  0xf0, 0x7d, 0x58, 0x20, 0x10, 0x00, 0xe0, 0x41, 0x58, 0x18, 0x70, 0x08,
  0x00, 0xe2, 0x0f, 0x00, 0xca, 0x72, 0x12, 0x3a, 0x00, 0x00, 0x00, 0x00,
  0x00, 0x00, 0x0e, 0x00, 0x00, 0xe4, 0x0f, 0x00, 0xca, 0x72, 0x13, 0x3b,
  0x00, 0x00, 0x00, 0x00, 0x00, 0x00, 0x0e, 0x00, 0x00, 0xe2, 0x0f, 0x00,
  0x24, 0x72, 0x3b, 0xff, 0xff, 0x00, 0x00, 0x00, 0x3d, 0x00, 0x8e, 0x07,
  0x00, 0xe2, 0x0f, 0x00, 0x10, 0x78, 0x3a, 0x3c, 0x80, 0x03, 0x00, 0x00,
  0xff, 0xe0, 0xff, 0x07, 0x00, 0xd6, 0x0f, 0x00, 0xf0, 0x7d, 0x58, 0x1c,
  0x10, 0x00, 0xe0, 0x41, 0x58, 0x18, 0x70, 0x08, 0x00, 0xe2, 0x0f, 0x00,
  0xca, 0x72, 0x12, 0x3a, 0x00, 0x00, 0x00, 0x00, 0x00, 0x00, 0x0e, 0x00,
  0x00, 0xe4, 0x0f, 0x00, 0xca, 0x72, 0x13, 0x3b, 0x00, 0x00, 0x00, 0x00,
  0x00, 0x00, 0x0e, 0x00, 0x00, 0xda, 0x0f, 0x00, 0xf0, 0x7d, 0x58, 0x18,
  0x10, 0x00, 0xe0, 0x41, 0x58, 0x18, 0x00, 0x08, 0x00, 0xe6, 0x0f, 0x00,
  0xc5, 0x79, 0x00, 0x00, 0x00, 0x80, 0x00, 0x00, 0x00, 0x00, 0x01, 0x00,
  0x00, 0xe4, 0x0f, 0x00, 0x10, 0x78, 0x18, 0x9a, 0x7e, 0x00, 0x00, 0x00,
  0xff, 0xe0, 0xff, 0x07, 0x00, 0xe2, 0x0f, 0x00, 0xa7, 0x89, 0xff, 0x9b,
  0xff, 0x18, 0x80, 0x02, 0x3f, 0x00, 0x10, 0x08, 0x00, 0xe2, 0x01, 0x00,
  0x02, 0x72, 0x9a, 0x00, 0x3c, 0x00, 0x00, 0x00, 0x00, 0x0f, 0x00, 0x00,
  0x00, 0xe4, 0x0f, 0x00, 0x19, 0x78, 0x19, 0xff, 0x1f, 0x00, 0x00, 0x00,
  0x18, 0x14, 0x01, 0x00, 0x00, 0xc8, 0x0f, 0x00, 0x11, 0x72, 0x19, 0x19,
  0x18, 0x00, 0x00, 0x00, 0xff, 0x38, 0x8f, 0x07, 0x00, 0xe2, 0x0f, 0x00,
  0xa7, 0x89, 0xff, 0xa4, 0xff, 0x38, 0x80, 0x02, 0x3f, 0x00, 0x10, 0x08,
  0x00, 0xe2, 0x03, 0x00, 0x24, 0x72, 0x9b, 0xff, 0xff, 0x00, 0x00, 0x00,
  0x3d, 0x00, 0x8e, 0x07, 0x00, 0xe4, 0x1f, 0x00, 0x19, 0x78, 0x9d, 0xff,
  0x07, 0x00, 0x00, 0x00, 0x19, 0x14, 0x01, 0x00, 0x00, 0xe2, 0x0f, 0x00,
  0x47, 0x99, 0x98, 0x00, 0x40, 0x00, 0x00, 0x00, 0x00, 0x00, 0x80, 0x03,
  0x00, 0xec, 0x0f, 0x00, 0x02, 0x72, 0xa1, 0x00, 0x38, 0x00, 0x00, 0x00,
  0x00, 0x0f, 0x00, 0x00, 0x00, 0xce, 0x0f, 0x00, 0x90, 0x78, 0x13, 0x18,
  0x00, 0x04, 0x00, 0x00, 0x09, 0xe8, 0xa1, 0x0f, 0x00, 0xe4, 0x0f, 0x00,
  0x24, 0x7e, 0x18, 0xff, 0x18, 0x00, 0x00, 0x00, 0xff, 0x00, 0x8e, 0x0f,
  0x00, 0xe2, 0x0f, 0x00, 0x99, 0x72, 0x12, 0x3f, 0x06, 0x00, 0x00, 0x00,
  0x07, 0x16, 0x01, 0x08, 0x00, 0xe2, 0x0f, 0x00, 0x1c, 0x78, 0x00, 0x00,
  0x00, 0x00, 0x00, 0x00, 0x18, 0xf0, 0xf2, 0x03, 0x00, 0xe2, 0x0f, 0x00,
  0x90, 0x78, 0x14, 0x19, 0xff, 0xff, 0xff, 0xff, 0x3f, 0x44, 0x7e, 0x08,
  0x00, 0xe4, 0x0f, 0x00, 0x02, 0x7c, 0x0d, 0x00, 0x19, 0x00, 0x00, 0x00,
  0x00, 0x0f, 0x00, 0x08, 0x00, 0xe2, 0x0f, 0x00, 0x92, 0x78, 0x12, 0x12,
  0x01, 0x00, 0x00, 0x00, 0x3f, 0xc0, 0x8e, 0x0f, 0x00, 0xe2, 0x0f, 0x00,
  0x07, 0x7c, 0x18, 0x18, 0x13, 0x00, 0x00, 0x00, 0x00, 0x00, 0x80, 0x0c,
  0x00, 0xe2, 0x0f, 0x00, 0x24, 0x7e, 0x0f, 0xff, 0x06, 0x00, 0x00, 0x00,
  0xff, 0x00, 0x8e, 0x0f, 0x00, 0xe2, 0x0f, 0x00, 0x07, 0x7c, 0x19, 0x0d,
  0x14, 0x00, 0x00, 0x00, 0x00, 0x00, 0x80, 0x0c, 0x00, 0xc6, 0x0f, 0x00,
  0x02, 0x7c, 0x0d, 0x00, 0x12, 0x00, 0x00, 0x00, 0x00, 0x0f, 0x00, 0x08,
  0x00, 0xe4, 0x0f, 0x00, 0x02, 0x72, 0x14, 0x00, 0x18, 0x00, 0x00, 0x00,
  0x00, 0x0f, 0x00, 0x00, 0x00, 0xe4, 0x0f, 0x00, 0x19, 0x78, 0x0d, 0x0d,
  0x1f, 0x00, 0x00, 0x00, 0xff, 0x06, 0x00, 0x00, 0x00, 0xc6, 0x0f, 0x00,
  0x24, 0x78, 0x9c, 0x0f, 0x08, 0x00, 0x00, 0x00, 0x14, 0x02, 0x8e, 0x07,
  0x00, 0xe2, 0x1f, 0x00, 0x10, 0x78, 0x0f, 0x14, 0x00, 0x80, 0x00, 0x00,
  0xff, 0xe0, 0xff, 0x07, 0x00, 0xc6, 0x0f, 0x00, 0xa7, 0x75, 0x00, 0x9c,
  0x0d, 0x08, 0x80, 0x02, 0x7f, 0x01, 0x02, 0x08, 0x00, 0x22, 0x0e, 0x00,
  0x19, 0x78, 0x1b, 0x0f, 0x07, 0x00, 0x00, 0x00, 0xff, 0x12, 0x00, 0x00,
  0x00, 0xe4, 0x0f, 0x04, 0x19, 0x78, 0x1a, 0x0f, 0x04, 0x00, 0x00, 0x00,
  0xff, 0x12, 0x00, 0x00, 0x00, 0xe4, 0x0f, 0x00, 0x12, 0x78, 0x1b, 0x1b,
  0x07, 0x00, 0x00, 0x00, 0xff, 0xc0, 0x8e, 0x07, 0x00, 0xe4, 0x0f, 0x00,
  0x12, 0x78, 0x1a, 0x1a, 0xff, 0x3f, 0x00, 0x00, 0xff, 0xc0, 0x8e, 0x07,
  0x00, 0xc6, 0x0f, 0x00, 0x24, 0x78, 0x1b, 0x1b, 0x00, 0x00, 0x02, 0x00,
  0xff, 0x00, 0x8e, 0x07, 0x00, 0xe2, 0x0f, 0x00, 0x10, 0x78, 0x0f, 0x1a,
  0x00, 0x0c, 0x00, 0x00, 0xff, 0xe0, 0xf7, 0x07, 0x00, 0xe2, 0x0f, 0x00,
  0x47, 0x19, 0x08, 0x00, 0x00, 0x00, 0x00, 0x00, 0x00, 0x00, 0x80, 0x03,
  0x00, 0xd8, 0x1f, 0x00, 0xa7, 0x75, 0x00, 0x9c, 0x0d, 0x08, 0x80, 0x02,
  0x7f, 0x01, 0x02, 0x08, 0x00, 0x24, 0x0e, 0x00, 0x47, 0x99, 0x24, 0x00,
  0x70, 0x00, 0x00, 0x00, 0x00, 0x00, 0x80, 0x03, 0x00, 0xea, 0x1f, 0x00,
  0xca, 0x72, 0x13, 0x18, 0x00, 0x00, 0x00, 0x00, 0x00, 0x00, 0x0e, 0x00,
  0x00, 0xe2, 0x0f, 0x00, 0x99, 0x78, 0x12, 0x11, 0x03, 0x00, 0x00, 0x00,
  0x3f, 0x06, 0x00, 0x08, 0x00, 0xe2, 0x0f, 0x00, 0xca, 0x72, 0x14, 0x19,
  0x00, 0x00, 0x00, 0x00, 0x00, 0x00, 0x0e, 0x00, 0x00, 0xe2, 0x0f, 0x00,
  0x24, 0x84, 0xa7, 0xff, 0x01, 0x00, 0x00, 0x00, 0xff, 0x00, 0x8e, 0x07,
  0x00, 0xe2, 0x0f, 0x00, 0x12, 0x78, 0x1b, 0x1b, 0x40, 0x00, 0x00, 0x40,
  0xff, 0xfc, 0x8e, 0x07, 0x00, 0xe2, 0x0f, 0x00, 0x92, 0x78, 0x12, 0x12,
  0x08, 0x00, 0x00, 0x00, 0x3f, 0xc0, 0x8e, 0x0f, 0x00, 0xe2, 0x0f, 0x00,
  0x0c, 0x7c, 0x00, 0x06, 0x0b, 0x00, 0x00, 0x00, 0x70, 0x60, 0xf2, 0x0b,
  0x00, 0xe2, 0x0f, 0x04, 0x36, 0x78, 0xa3, 0x06, 0x00, 0x02, 0x00, 0x00,
  0x00, 0x00, 0x00, 0x00, 0x00, 0xe2, 0x0f, 0x00, 0x0c, 0x72, 0x00, 0x08,
  0x0f, 0x00, 0x00, 0x00, 0x70, 0x60, 0xf4, 0x03, 0x00, 0xe2, 0x0f, 0x04,
  0x24, 0x72, 0xab, 0xff, 0xff, 0x00, 0x00, 0x00, 0x09, 0x00, 0x8e, 0x07,
  0x00, 0xe2, 0x0f, 0x00, 0x10, 0x72, 0x0d, 0xff, 0x1b, 0x00, 0x00, 0x00,
  0xff, 0xe4, 0xff, 0x01, 0x00, 0xe2, 0x1f, 0x00, 0x24, 0x7e, 0xb6, 0xff,
  0x11, 0x00, 0x00, 0x00, 0xff, 0x00, 0x8e, 0x0f, 0x00, 0xe2, 0x0f, 0x00,
  0x0c, 0x7c, 0x00, 0x07, 0x0c, 0x00, 0x00, 0x00, 0x10, 0x61, 0xf2, 0x0b,
  0x00, 0xe2, 0x0f, 0x00, 0x90, 0x72, 0x12, 0x12, 0x13, 0x00, 0x00, 0x00,
  0x3f, 0xe0, 0xf1, 0x0f, 0x00, 0xe2, 0x0f, 0x00, 0x10, 0x78, 0xa8, 0x03,
  0x03, 0x00, 0x00, 0x00, 0xff, 0xe0, 0xff, 0x07, 0x00, 0xe2, 0x0f, 0x00,
  0x24, 0x74, 0xad, 0xff, 0xff, 0xff, 0x7f, 0xff, 0xff, 0x00, 0x8e, 0x07,
  0x00, 0xe2, 0x0f, 0x00, 0x0c, 0x72, 0x00, 0x09, 0x0d, 0x00, 0x00, 0x00,
  0x20, 0x61, 0xf4, 0x03, 0x00, 0xe2, 0x0f, 0x00, 0x90, 0x72, 0x13, 0x3f,
  0x14, 0x00, 0x00, 0x00, 0x3f, 0xe4, 0x7f, 0x08, 0x00, 0xe2, 0x0f, 0x00,
  0x10, 0x78, 0xa6, 0x08, 0x00, 0x04, 0x00, 0x00, 0xff, 0xe0, 0xff, 0x07,
  0x00, 0xc4, 0x0f, 0x00, 0x02, 0x72, 0xa9, 0x00, 0x07, 0x00, 0x00, 0x00,
  0x00, 0x0f, 0x00, 0x00, 0x00, 0xe2, 0x0f, 0x00, 0xa5, 0x78, 0x12, 0x08,
  0x04, 0x00, 0x00, 0x00, 0x12, 0x02, 0x8e, 0x0f, 0x00, 0xe2, 0x0f, 0x00,
  0x10, 0x78, 0xbb, 0x9d, 0xff, 0xff, 0xff, 0xff, 0xff, 0xe0, 0xff, 0x07,
  0x00, 0xc6, 0x0f, 0x00, 0x36, 0x18, 0xa3, 0x06, 0x00, 0xfe, 0xff, 0xff,
  0x00, 0x00, 0x00, 0x00, 0x00, 0xe2, 0x0f, 0x00, 0x0c, 0x7c, 0x00, 0xbb,
  0x11, 0x00, 0x00, 0x00, 0x70, 0x52, 0xfc, 0x0b, 0x00, 0xe2, 0x0f, 0x00,
  0x24, 0x7e, 0xa4, 0xff, 0x12, 0x00, 0x00, 0x00, 0xff, 0x00, 0x8e, 0x0f,
  0x00, 0xe2, 0x2f, 0x00, 0x02, 0x7c, 0xa5, 0x00, 0x13, 0x00, 0x00, 0x00,
  0x00, 0x0f, 0x00, 0x08, 0x00, 0xe2, 0x0f, 0x00, 0x48, 0x79, 0x00, 0x00,
  0x00, 0x00, 0x00, 0x00, 0x00, 0x00, 0x80, 0x03, 0x00, 0xea, 0x0f, 0x00,
  0x85, 0x89, 0x00, 0xa4, 0xa7, 0xe8, 0x80, 0x02, 0x0e, 0x19, 0x10, 0x0c,
  0x00, 0xe2, 0x01, 0x00, 0x10, 0x28, 0xa6, 0x08, 0x00, 0xf4, 0xff, 0xff,
  0xff, 0xe0, 0xff, 0x07, 0x00, 0xe2, 0x0f, 0x00, 0x24, 0x72, 0x06, 0xff,
  0xff, 0x00, 0x00, 0x00, 0xa3, 0x00, 0x8e, 0x07, 0x00, 0xe2, 0x0f, 0x00,
  0xca, 0x72, 0x15, 0x07, 0x00, 0x00, 0x00, 0x00, 0x00, 0x00, 0x0e, 0x00,
  0x00, 0xe2, 0x0f, 0x00, 0x1d, 0x75, 0x00, 0x00, 0xa8, 0x00, 0x02, 0x00,
  0x00, 0x00, 0x01, 0x00, 0x00, 0xe2, 0x03, 0x00, 0x02, 0x72, 0x08, 0x00,
  0xa6, 0x00, 0x00, 0x00, 0x00, 0x0f, 0x00, 0x00, 0x00, 0xc4, 0x0f, 0x00,
  0xca, 0x72, 0x14, 0x06, 0x00, 0x00, 0x00, 0x00, 0x00, 0x00, 0x0e, 0x00,
  0x00, 0xe2, 0x0f, 0x00, 0x36, 0x78, 0x06, 0xa3, 0x02, 0x00, 0x00, 0x00,
  0x00, 0x00, 0x00, 0x00, 0x00, 0xe2, 0x0f, 0x00, 0xca, 0x72, 0x16, 0x08,
  0x00, 0x00, 0x00, 0x00, 0x00, 0x00, 0x0e, 0x00, 0x00, 0xe2, 0x0f, 0x00,
  0x45, 0x79, 0x00, 0x00, 0x40, 0x18, 0x00, 0x00, 0x00, 0x00, 0x80, 0x03,
  0x00, 0xe2, 0x0f, 0x00, 0xca, 0x72, 0x17, 0x09, 0x00, 0x00, 0x00, 0x00,
  0x00, 0x00, 0x0e, 0x00, 0x00, 0xe2, 0x0f, 0x00, 0x24, 0x72, 0xa7, 0xff,
  0xff, 0x00, 0x00, 0x00, 0x09, 0x00, 0x8e, 0x07, 0x00, 0xe2, 0x1f, 0x00,
  0x10, 0x78, 0x08, 0xa6, 0x02, 0x00, 0x00, 0x00, 0xff, 0xe0, 0xff, 0x07,
  0x00, 0xe4, 0x0f, 0x04, 0x0c, 0x72, 0x00, 0xa6, 0x0f, 0x00, 0x00, 0x00,
  0x70, 0x60, 0xf4, 0x03, 0x00, 0xe4, 0x0f, 0x00, 0x0c, 0x7c, 0x00, 0xa3,
  0x0b, 0x00, 0x00, 0x00, 0x70, 0x10, 0xf2, 0x0b, 0x00, 0xc4, 0x0f, 0x00,
  0x0c, 0x72, 0x00, 0x09, 0x0d, 0x00, 0x00, 0x00, 0x20, 0x61, 0xf4, 0x03,
  0x00, 0xe4, 0x0f, 0x00, 0x02, 0x72, 0xa5, 0x00, 0x07, 0x00, 0x00, 0x00,
  0x00, 0x0f, 0x00, 0x00, 0x00, 0xe2, 0x0f, 0x00, 0xc5, 0x79, 0x00, 0x00,
  0x00, 0x00, 0x00, 0x00, 0x00, 0x00, 0x00, 0x00, 0x00, 0xcc, 0x0f, 0x00,
  0xf0, 0x79, 0x18, 0x14, 0x00, 0x00, 0xe0, 0x01, 0xff, 0x18, 0x70, 0x0c,
  0x00, 0xe2, 0x0f, 0x00, 0xca, 0x72, 0x14, 0x06, 0x00, 0x00, 0x00, 0x00,
  0x00, 0x00, 0x0e, 0x00, 0x00, 0xe2, 0x0f, 0x00, 0x36, 0x78, 0x06, 0xa3,
  0x04, 0x00, 0x00, 0x00, 0x00, 0x00, 0x00, 0x00, 0x00, 0xe2, 0x0f, 0x00,
  0xca, 0x72, 0x15, 0x07, 0x00, 0x00, 0x00, 0x00, 0x00, 0x00, 0x0e, 0x00,
  0x00, 0xe4, 0x0f, 0x00, 0xca, 0x72, 0x16, 0x08, 0x00, 0x00, 0x00, 0x00,
  0x00, 0x00, 0x0e, 0x00, 0x00, 0xe4, 0x0f, 0x00, 0xca, 0x72, 0x17, 0x09,
  0x00, 0x00, 0x00, 0x00, 0x00, 0x00, 0x0e, 0x00, 0x00, 0xe4, 0x0f, 0x00,
  0x10, 0x78, 0x08, 0xa6, 0x04, 0x00, 0x00, 0x00, 0xff, 0xe0, 0xff, 0x07,
  0x00, 0xd6, 0x0f, 0x00, 0xf0, 0x79, 0x18, 0x14, 0x00, 0x00, 0xe0, 0x01,
  0x18, 0x18, 0x70, 0x08, 0x00, 0xe2, 0x0f, 0x00, 0xca, 0x72, 0x14, 0x06,
  0x00, 0x00, 0x00, 0x00, 0x00, 0x00, 0x0e, 0x00, 0x00, 0xe2, 0x0f, 0x00,
  0x36, 0x78, 0x06, 0xa3, 0x06, 0x00, 0x00, 0x00, 0x00, 0x00, 0x00, 0x00,
  0x00, 0xe2, 0x0f, 0x00, 0xca, 0x72, 0x15, 0x07, 0x00, 0x00, 0x00, 0x00,
  0x00, 0x00, 0x0e, 0x00, 0x00, 0xe4, 0x0f, 0x00, 0xca, 0x72, 0x16, 0x08,
  0x00, 0x00, 0x00, 0x00, 0x00, 0x00, 0x0e, 0x00, 0x00, 0xe4, 0x0f, 0x00,
  0xca, 0x72, 0x17, 0x09, 0x00, 0x00, 0x00, 0x00, 0x00, 0x00, 0x0e, 0x00,
  0x00, 0xe4, 0x0f, 0x00, 0x10, 0x78, 0x08, 0xa6, 0x06, 0x00, 0x00, 0x00,
  0xff, 0xe0, 0xff, 0x07, 0x00, 0xd6, 0x0f, 0x00, 0xf0, 0x79, 0x18, 0x14,
  0x00, 0x00, 0xe0, 0x01, 0x18, 0x18, 0x70, 0x08, 0x00, 0xe2, 0x0f, 0x00,
  0xca, 0x72, 0x14, 0x06, 0x00, 0x00, 0x00, 0x00, 0x00, 0x00, 0x0e, 0x00,
  0x00, 0xe2, 0x0f, 0x00, 0x24, 0x7e, 0x06, 0xff, 0x0c, 0x00, 0x00, 0x00,
  0xff, 0x00, 0x8e, 0x0f, 0x00, 0xe2, 0x0f, 0x00, 0xca, 0x72, 0x15, 0x07,
  0x00, 0x00, 0x00, 0x00, 0x00, 0x00, 0x0e, 0x00, 0x00, 0xe4, 0x0f, 0x00,
  0xca, 0x72, 0x16, 0x08, 0x00, 0x00, 0x00, 0x00, 0x00, 0x00, 0x0e, 0x00,
  0x00, 0xe2, 0x0f, 0x00, 0x36, 0x78, 0x08, 0xa6, 0x00, 0x04, 0x00, 0x00,
  0x00, 0x00, 0x00, 0x00, 0x00, 0xe2, 0x0f, 0x04, 0xca, 0x72, 0x17, 0x09,
  0x00, 0x00, 0x00, 0x00, 0x00, 0x00, 0x0e, 0x00, 0x00, 0xe2, 0x0f, 0x00,
  0x36, 0x28, 0x08, 0xa6, 0x00, 0xf4, 0xff, 0xff, 0x00, 0x00, 0x00, 0x00,
  0x00, 0xe2, 0x0f, 0x00, 0x0c, 0x72, 0x00, 0x06, 0x07, 0x00, 0x00, 0x00,
  0x10, 0x41, 0xf2, 0x03, 0x00, 0xe4, 0x0f, 0x00, 0x10, 0x78, 0x06, 0xa3,
  0x00, 0x02, 0x00, 0x00, 0xff, 0xe0, 0xff, 0x07, 0x00, 0xe2, 0x0f, 0x00,
  0x36, 0x78, 0xa6, 0x08, 0x02, 0x00, 0x00, 0x00, 0x00, 0x00, 0x00, 0x00,
  0x00, 0xc4, 0x0f, 0x00, 0x36, 0x78, 0xaa, 0x08, 0x04, 0x00, 0x00, 0x00,
  0x00, 0x00, 0x00, 0x00, 0x00, 0xd0, 0x0f, 0x00, 0x10, 0x98, 0x06, 0xa3,
  0x00, 0xfe, 0xff, 0xff, 0xff, 0xe0, 0xff, 0x07, 0x00, 0xe4, 0x0f, 0x00,
  0x19, 0x78, 0xa3, 0x02, 0x01, 0x00, 0x00, 0x00, 0xff, 0x06, 0x00, 0x00,
  0x00, 0xe4, 0x0f, 0x00, 0x10, 0x78, 0xa4, 0x06, 0x02, 0x00, 0x00, 0x00,
  0xff, 0xe0, 0xff, 0x07, 0x00, 0xe4, 0x0f, 0x04, 0x10, 0x78, 0xa8, 0x06,
  0x04, 0x00, 0x00, 0x00, 0xff, 0xe0, 0xff, 0x07, 0x00, 0xe4, 0x2f, 0x00,
  0x12, 0x78, 0xa3, 0xa3, 0x06, 0x00, 0x00, 0x00, 0xff, 0xc0, 0x8e, 0x07,
  0x00, 0xc8, 0x0f, 0x00, 0x11, 0x72, 0xb6, 0xb6, 0xa3, 0x00, 0x00, 0x00,
  0xff, 0x38, 0x8e, 0x07, 0x00, 0xe4, 0x0f, 0x00, 0x02, 0x78, 0xa3, 0x00,
  0xff, 0xff, 0x7f, 0xff, 0x00, 0x0f, 0x00, 0x00, 0x00, 0xe4, 0x0f, 0x00,
  0x0c, 0x72, 0x00, 0xb6, 0x0b, 0x00, 0x00, 0x00, 0x70, 0x62, 0xf2, 0x03,
  0x00, 0xe2, 0x0f, 0x0c, 0x36, 0x7c, 0xb8, 0xb6, 0x10, 0x00, 0x00, 0x00,
  0x00, 0x00, 0x00, 0x08, 0x00, 0xe2, 0x0f, 0x04, 0x0c, 0x72, 0x00, 0xb6,
  0x0a, 0x00, 0x00, 0x00, 0x70, 0x62, 0xfa, 0x03, 0x00, 0xe2, 0x0f, 0x04,
  0x36, 0x78, 0xb7, 0xb6, 0x08, 0x00, 0x00, 0x00, 0x00, 0x00, 0x00, 0x00,
  0x00, 0xe2, 0x0f, 0x04, 0x10, 0x78, 0xb5, 0xb6, 0x10, 0x00, 0x00, 0x00,
  0xff, 0xe0, 0xff, 0x07, 0x00, 0xe2, 0x0f, 0x04, 0x36, 0x78, 0xb4, 0xb6,
  0x20, 0x00, 0x00, 0x00, 0x00, 0x00, 0x00, 0x00, 0x00, 0xe2, 0x0f, 0x04,
  0x10, 0x78, 0xb3, 0xb6, 0x18, 0x00, 0x00, 0x00, 0xff, 0xe0, 0xff, 0x07,
  0x00, 0xe2, 0x0f, 0x04, 0x36, 0x78, 0xb2, 0xb6, 0x30, 0x00, 0x00, 0x00,
  0x00, 0x00, 0x00, 0x00, 0x00, 0xe2, 0x0f, 0x04, 0x0c, 0x72, 0x00, 0xb5,
  0x0b, 0x00, 0x00, 0x00, 0x70, 0x62, 0xf6, 0x03, 0x00, 0xe2, 0x0f, 0x08,
  0x36, 0x78, 0xaf, 0xb6, 0x40, 0x00, 0x00, 0x00, 0x00, 0x00, 0x00, 0x00,
  0x00, 0xe2, 0x0f, 0x04, 0x0c, 0x72, 0x00, 0xb7, 0x0b, 0x00, 0x00, 0x00,
  0x70, 0x62, 0xf4, 0x03, 0x00, 0xe2, 0x0f, 0x08, 0x36, 0x78, 0xac, 0xb6,
  0x50, 0x00, 0x00, 0x00, 0x00, 0x00, 0x00, 0x00, 0x00, 0xe2, 0x0f, 0x00,
  0x0c, 0x72, 0x00, 0xb3, 0x0b, 0x00, 0x00, 0x00, 0x70, 0x62, 0xf8, 0x03,
  0x00, 0xc4, 0x0f, 0x00, 0x10, 0x78, 0xb1, 0xb6, 0x28, 0x00, 0x00, 0x00,
  0xff, 0xe0, 0xff, 0x07, 0x00, 0xe4, 0x0f, 0x04, 0x10, 0x78, 0xb0, 0xb6,
  0x38, 0x00, 0x00, 0x00, 0xff, 0xe0, 0xff, 0x07, 0x00, 0xe4, 0x0f, 0x04,
  0x10, 0x78, 0xae, 0xb6, 0x48, 0x00, 0x00, 0x00, 0xff, 0xe0, 0xff, 0x07,
  0x00, 0xe2, 0x0f, 0x00, 0xf0, 0x79, 0x18, 0x14, 0x00, 0x00, 0xe0, 0x01,
  0x18, 0x18, 0x70, 0x08, 0x00, 0xe2, 0x0f, 0x00, 0xca, 0x72, 0x14, 0x06,
  0x00, 0x00, 0x00, 0x00, 0x00, 0x00, 0x0e, 0x00, 0x00, 0xe4, 0x0f, 0x00,
  0xca, 0x72, 0x15, 0x07, 0x00, 0x00, 0x00, 0x00, 0x00, 0x00, 0x0e, 0x00,
  0x00, 0xe4, 0x0f, 0x00, 0xca, 0x72, 0x16, 0x08, 0x00, 0x00, 0x00, 0x00,
  0x00, 0x00, 0x0e, 0x00, 0x00, 0xc4, 0x0f, 0x00, 0xca, 0x72, 0x17, 0x09,
  0x00, 0x00, 0x00, 0x00, 0x00, 0x00, 0x0e, 0x00, 0x00, 0xda, 0x0f, 0x00,
  0xf0, 0x79, 0x18, 0x14, 0x00, 0x00, 0xe0, 0x01, 0x18, 0x18, 0x70, 0x08,
  0x00, 0xe2, 0x0f, 0x00, 0xca, 0x72, 0x14, 0xa4, 0x00, 0x00, 0x00, 0x00,
  0x00, 0x00, 0x0e, 0x00, 0x00, 0xe2, 0x0f, 0x00, 0x36, 0x98, 0xa4, 0xb8,
  0x01, 0x00, 0x00, 0x00, 0x00, 0x00, 0x00, 0x00, 0x00, 0xe2, 0x0f, 0x00,
  0xca, 0x72, 0x15, 0xa5, 0x00, 0x00, 0x00, 0x00, 0x00, 0x00, 0x0e, 0x00,
  0x00, 0xe4, 0x0f, 0x00, 0xca, 0x72, 0x16, 0xa6, 0x00, 0x00, 0x00, 0x00,
  0x00, 0x00, 0x0e, 0x00, 0x00, 0xe4, 0x0f, 0x00, 0xca, 0x72, 0x17, 0xa7,
  0x00, 0x00, 0x00, 0x00, 0x00, 0x00, 0x0e, 0x00, 0x00, 0xe4, 0x0f, 0x00,
  0x10, 0xd8, 0xa5, 0xb8, 0x01, 0x00, 0x00, 0x00, 0xff, 0xe0, 0xff, 0x07,
  0x00, 0xe4, 0x0f, 0x00, 0x45, 0x92, 0xa4, 0x00, 0xa4, 0x00, 0x00, 0x00,
  0x00, 0x14, 0x20, 0x00, 0x00, 0xc4, 0x0f, 0x00, 0x45, 0xd2, 0xa6, 0x00,
  0xa5, 0x00, 0x00, 0x00, 0x00, 0x14, 0x20, 0x00, 0x00, 0xe4, 0x0f, 0x00,
  0x02, 0x78, 0xa5, 0x00, 0xff, 0xff, 0x7f, 0xff, 0x00, 0x0f, 0x00, 0x00,
  0x00, 0xe4, 0x0f, 0x00, 0x02, 0x78, 0xa7, 0x00, 0xff, 0xff, 0x7f, 0xff,
  0x00, 0x0f, 0x00, 0x00, 0x00, 0xc6, 0x0f, 0x00, 0xf0, 0x79, 0x18, 0x14,
  0x00, 0x00, 0xe0, 0x01, 0x18, 0x18, 0x70, 0x08, 0x00, 0xe2, 0x0f, 0x00,
  0xca, 0x72, 0x14, 0xa8, 0x00, 0x00, 0x00, 0x00, 0x00, 0x00, 0x0e, 0x00,
  0x00, 0xe4, 0x0f, 0x00, 0xca, 0x72, 0x15, 0xa9, 0x00, 0x00, 0x00, 0x00,
  0x00, 0x00, 0x0e, 0x00, 0x00, 0xe4, 0x0f, 0x00, 0xca, 0x72, 0x16, 0xaa,
  0x00, 0x00, 0x00, 0x00, 0x00, 0x00, 0x0e, 0x00, 0x00, 0xe2, 0x0f, 0x00,
  0x36, 0x78, 0xaa, 0x08, 0x06, 0x00, 0x00, 0x00, 0x00, 0x00, 0x00, 0x00,
  0x00, 0xe2, 0x0f, 0x00, 0xca, 0x72, 0x17, 0xab, 0x00, 0x00, 0x00, 0x00,
  0x00, 0x00, 0x0e, 0x00, 0x00, 0xe4, 0x0f, 0x00, 0x10, 0x78, 0xa8, 0x06,
  0x06, 0x00, 0x00, 0x00, 0xff, 0xe0, 0xff, 0x07, 0x00, 0xd6, 0x0f, 0x00,
  0xf0, 0x79, 0x18, 0x14, 0x00, 0x00, 0xe0, 0x01, 0x18, 0x18, 0x70, 0x08,
  0x00, 0xe2, 0x0f, 0x00, 0xca, 0x72, 0x14, 0xa8, 0x00, 0x00, 0x00, 0x00,
  0x00, 0x00, 0x0e, 0x00, 0x00, 0xe2, 0x0f, 0x00, 0x36, 0x78, 0xa8, 0xb6,
  0x60, 0x00, 0x00, 0x00, 0x00, 0x00, 0x00, 0x00, 0x00, 0xe2, 0x0f, 0x00,
  0xca, 0x72, 0x15, 0xa9, 0x00, 0x00, 0x00, 0x00, 0x00, 0x00, 0x0e, 0x00,
  0x00, 0xe4, 0x0f, 0x00, 0xca, 0x72, 0x16, 0xaa, 0x00, 0x00, 0x00, 0x00,
  0x00, 0x00, 0x0e, 0x00, 0x00, 0xe4, 0x0f, 0x00, 0xca, 0x72, 0x17, 0xab,
  0x00, 0x00, 0x00, 0x00, 0x00, 0x00, 0x0e, 0x00, 0x00, 0xe2, 0x0f, 0x00,
  0x24, 0x74, 0xab, 0xff, 0xff, 0xff, 0x7f, 0xff, 0xff, 0x00, 0x8e, 0x07,
  0x00, 0xe2, 0x0f, 0x00, 0x02, 0x78, 0xa9, 0x00, 0xff, 0xff, 0x7f, 0xff,
  0x00, 0x0f, 0x00, 0x00, 0x00, 0xe4, 0x0f, 0x00, 0x10, 0x78, 0xaa, 0xb6,
  0x58, 0x00, 0x00, 0x00, 0xff, 0xe0, 0xff, 0x07, 0x00, 0xd2, 0x0f, 0x00,
  0xf0, 0x79, 0x18, 0x14, 0x00, 0x00, 0xe0, 0x01, 0x18, 0x18, 0x00, 0x08,
  0x00, 0xe6, 0x0f, 0x00, 0xc5, 0x79, 0x00, 0x00, 0x00, 0x80, 0x00, 0x00,
  0x00, 0x00, 0x01, 0x00, 0x00, 0xe4, 0x0f, 0x00, 0x20, 0x9c, 0x19, 0x19,
  0x0a, 0x00, 0x00, 0x00, 0x00, 0x00, 0x41, 0x08, 0x00, 0xe2, 0x0f, 0x00,
  0x20, 0xdc, 0x1b, 0x1b, 0x0a, 0x00, 0x00, 0x00, 0x00, 0x00, 0x41, 0x08,
  0x00, 0xe2, 0x0f, 0x00, 0x20, 0xbc, 0x21, 0x21, 0x0a, 0x00, 0x00, 0x00,
  0x00, 0x00, 0x41, 0x08, 0x00, 0xe2, 0x0f, 0x00, 0x20, 0xac, 0x1d, 0x1d,
  0x0a, 0x00, 0x00, 0x00, 0x00, 0x00, 0x41, 0x08, 0x00, 0xe2, 0x0f, 0x00,
  0x20, 0x9c, 0x19, 0x19, 0x0d, 0x00, 0x00, 0x00, 0x00, 0x00, 0x41, 0x08,
  0x00, 0xe2, 0x0f, 0x00, 0x20, 0xdc, 0x1b, 0x1b, 0x0d, 0x00, 0x00, 0x00,
  0x00, 0x00, 0x41, 0x08, 0x00, 0xe2, 0x0f, 0x00, 0x20, 0xbc, 0x21, 0x21,
  0x0d, 0x00, 0x00, 0x00, 0x00, 0x00, 0x41, 0x08, 0x00, 0xe2, 0x0f, 0x00,
  0x20, 0xcc, 0x25, 0x25, 0x0a, 0x00, 0x00, 0x00, 0x00, 0x00, 0x41, 0x08,
  0x00, 0xe2, 0x0f, 0x00, 0x23, 0x92, 0xad, 0x0e, 0xa4, 0x00, 0x00, 0x00,
  0x19, 0x00, 0x01, 0x00, 0x00, 0xe2, 0x0f, 0x00, 0x36, 0x7c, 0x19, 0xb7,
  0x10, 0x00, 0x00, 0x00, 0x00, 0x00, 0x00, 0x08, 0x00, 0xc4, 0x0f, 0x00,
  0x23, 0xd2, 0xa3, 0x0e, 0xa6, 0x00, 0x00, 0x00, 0x1b, 0x00, 0x01, 0x00,
  0x00, 0xe2, 0x0f, 0x00, 0x0c, 0x72, 0x00, 0xb1, 0x0b, 0x00, 0x00, 0x00,
  0x70, 0x62, 0xfa, 0x03, 0x00, 0xe2, 0x0f, 0x08, 0x20, 0xac, 0x1d, 0x1d,
  0x0d, 0x00, 0x00, 0x00, 0x00, 0x00, 0x41, 0x08, 0x00, 0xe2, 0x0f, 0x00,
  0x36, 0xa8, 0x1b, 0x19, 0x01, 0x00, 0x00, 0x00, 0x00, 0x00, 0x00, 0x00,
  0x00, 0xe2, 0x0f, 0x04, 0x10, 0xb8, 0xa4, 0x19, 0x09, 0x00, 0x00, 0x00,
  0xff, 0xe0, 0xff, 0x07, 0x00, 0xe2, 0x0f, 0x04, 0x36, 0xc8, 0xa6, 0x19,
  0x11, 0x00, 0x00, 0x00, 0x00, 0x00, 0x00, 0x00, 0x00, 0xe2, 0x0f, 0x00,
  0x0c, 0x72, 0x00, 0xb4, 0x0b, 0x00, 0x00, 0x00, 0x70, 0x62, 0xf2, 0x03,
  0x00, 0xe2, 0x0f, 0x00, 0x20, 0xcc, 0x25, 0x25, 0x0d, 0x00, 0x00, 0x00,
  0x00, 0x00, 0x41, 0x08, 0x00, 0xe2, 0x0f, 0x00, 0x45, 0xb2, 0xa4, 0x00,
  0xa4, 0x00, 0x00, 0x00, 0x00, 0x14, 0x20, 0x00, 0x00, 0xe2, 0x0f, 0x00,
  0x20, 0x7c, 0x18, 0x18, 0x0a, 0x00, 0x00, 0x00, 0x00, 0x00, 0x41, 0x08,
  0x00, 0xe2, 0x0f, 0x00, 0x45, 0xa2, 0x1b, 0x00, 0x1b, 0x00, 0x00, 0x00,
  0x00, 0x14, 0x20, 0x00, 0x00, 0xe2, 0x0f, 0x00, 0x20, 0x7c, 0x1a, 0x1a,
  0x0a, 0x00, 0x00, 0x00, 0x00, 0x00, 0x41, 0x08, 0x00, 0xe2, 0x0f, 0x00,
  0x45, 0xc2, 0xa6, 0x00, 0xa6, 0x00, 0x00, 0x00, 0x00, 0x14, 0x20, 0x00,
  0x00, 0xe2, 0x0f, 0x00, 0x23, 0xb2, 0xa9, 0x0e, 0xa4, 0x00, 0x00, 0x00,
  0x21, 0x00, 0x01, 0x00, 0x00, 0xe2, 0x0f, 0x00, 0x0c, 0x72, 0x00, 0xb0,
  0x0b, 0x00, 0x00, 0x00, 0x70, 0x62, 0xf6, 0x03, 0x00, 0xe2, 0x0f, 0x00,
  0x20, 0xdc, 0x2d, 0x2d, 0x0a, 0x00, 0x00, 0x00, 0x00, 0x00, 0x41, 0x08,
  0x00, 0xe2, 0x0f, 0x00, 0x10, 0xd8, 0x21, 0x19, 0x21, 0x00, 0x00, 0x00,
  0xff, 0xe0, 0xff, 0x07, 0x00, 0xe2, 0x0f, 0x04, 0x23, 0xa2, 0xab, 0x0e,
  0x1b, 0x00, 0x00, 0x00, 0x1d, 0x00, 0x01, 0x00, 0x00, 0xe2, 0x0f, 0x00,
  0x0c, 0x72, 0x00, 0xb2, 0x0b, 0x00, 0x00, 0x00, 0x70, 0x62, 0xf4, 0x03,
  0x00, 0xe2, 0x0f, 0x00, 0x23, 0xc2, 0xa5, 0x0e, 0xa6, 0x00, 0x00, 0x00,
  0x25, 0x00, 0x01, 0x00, 0x00, 0xe2, 0x0f, 0x00, 0x45, 0xd2, 0xa4, 0x00,
  0x21, 0x00, 0x00, 0x00, 0x00, 0x14, 0x20, 0x00, 0x00, 0xe2, 0x0f, 0x00,
  0x36, 0x98, 0x1d, 0x19, 0x19, 0x00, 0x00, 0x00, 0x00, 0x00, 0x00, 0x00,
  0x00, 0xe2, 0x0f, 0x00, 0x0c, 0x72, 0x00, 0xaf, 0x0b, 0x00, 0x00, 0x00,
  0x70, 0x62, 0xf8, 0x03, 0x00, 0xe2, 0x0f, 0x00, 0x20, 0xdc, 0x2d, 0x2d,
  0x0d, 0x00, 0x00, 0x00, 0x00, 0x00, 0x41, 0x08, 0x00, 0xe2, 0x0f, 0x00,
  0x20, 0x9c, 0x29, 0x29, 0x0a, 0x00, 0x00, 0x00, 0x00, 0x00, 0x41, 0x08,
  0x00, 0xe2, 0x0f, 0x00, 0x02, 0x78, 0x1b, 0x00, 0xff, 0xff, 0x7f, 0xff,
  0x00, 0x0f, 0x00, 0x00, 0x00, 0xe2, 0x0f, 0x00, 0x24, 0x74, 0x25, 0xff,
  0xff, 0xff, 0x7f, 0xff, 0xff, 0x00, 0x8e, 0x07, 0x00, 0xc4, 0x0f, 0x00,
  0x23, 0xd2, 0x1b, 0x0e, 0xa4, 0x00, 0x00, 0x00, 0x2d, 0x00, 0x01, 0x00,
  0x00, 0xe2, 0x0f, 0x00, 0x45, 0x92, 0x1d, 0x00, 0x1d, 0x00, 0x00, 0x00,
  0x00, 0x14, 0x20, 0x00, 0x00, 0xe2, 0x0f, 0x00, 0x20, 0x9c, 0x29, 0x29,
  0x0d, 0x00, 0x00, 0x00, 0x00, 0x00, 0x41, 0x08, 0x00, 0xe2, 0x0f, 0x00,
  0x0c, 0x72, 0x00, 0xac, 0x0b, 0x00, 0x00, 0x00, 0x70, 0x62, 0xfa, 0x03,
  0x00, 0xe2, 0x0f, 0x00, 0x36, 0xb8, 0x2d, 0x19, 0x31, 0x00, 0x00, 0x00,
  0x00, 0x00, 0x00, 0x00, 0x00, 0xe4, 0x0f, 0x00, 0x20, 0xbc, 0x35, 0x35,
  0x0a, 0x00, 0x00, 0x00, 0x00, 0x00, 0x41, 0x08, 0x00, 0xe2, 0x0f, 0x00,
  0x23, 0x92, 0xa7, 0x0e, 0x1d, 0x00, 0x00, 0x00, 0x29, 0x00, 0x01, 0x00,
  0x00, 0xe2, 0x0f, 0x00, 0x10, 0xa8, 0x29, 0x19, 0x29, 0x00, 0x00, 0x00,
  0xff, 0xe0, 0xff, 0x07, 0x00, 0xe2, 0x0f, 0x00, 0x20, 0xac, 0x31, 0x31,
  0x0a, 0x00, 0x00, 0x00, 0x00, 0x00, 0x41, 0x08, 0x00, 0xe2, 0x0f, 0x00,
  0x0c, 0x72, 0x00, 0xae, 0x0b, 0x00, 0x00, 0x00, 0x70, 0x62, 0xf2, 0x03,
  0x00, 0xe2, 0x0f, 0x00, 0x20, 0xbc, 0x35, 0x35, 0x0d, 0x00, 0x00, 0x00,
  0x00, 0x00, 0x41, 0x08, 0x00, 0xe2, 0x0f, 0x00, 0x45, 0xb2, 0xa4, 0x00,
  0x2d, 0x00, 0x00, 0x00, 0x00, 0x14, 0x20, 0x00, 0x00, 0xe2, 0x0f, 0x00,
  0x20, 0xcc, 0x39, 0x39, 0x0a, 0x00, 0x00, 0x00, 0x00, 0x00, 0x41, 0x08,
  0x00, 0xe2, 0x0f, 0x00, 0x10, 0xc8, 0xa6, 0x19, 0x39, 0x00, 0x00, 0x00,
  0xff, 0xe0, 0xff, 0x07, 0x00, 0xe2, 0x0f, 0x00, 0x20, 0xac, 0x31, 0x31,
  0x0d, 0x00, 0x00, 0x00, 0x00, 0x00, 0x41, 0x08, 0x00, 0xe2, 0x0f, 0x00,
  0x45, 0xa2, 0x29, 0x00, 0x29, 0x00, 0x00, 0x00, 0x00, 0x14, 0x20, 0x00,
  0x00, 0xe2, 0x0f, 0x00, 0x20, 0xcc, 0x39, 0x39, 0x0d, 0x00, 0x00, 0x00,
  0x00, 0x00, 0x41, 0x08, 0x00, 0xe2, 0x0f, 0x00, 0x02, 0x78, 0x21, 0x00,
  0xff, 0xff, 0x7f, 0xff, 0x00, 0x0f, 0x00, 0x00, 0x00, 0xe2, 0x0f, 0x00,
  0x23, 0xb2, 0x21, 0x0e, 0xa4, 0x00, 0x00, 0x00, 0x35, 0x00, 0x01, 0x00,
  0x00, 0xe2, 0x0f, 0x00, 0x45, 0xc2, 0xa6, 0x00, 0xa6, 0x00, 0x00, 0x00,
  0x00, 0x14, 0x20, 0x00, 0x00, 0xe2, 0x0f, 0x00, 0x36, 0xd8, 0x35, 0x19,
  0x49, 0x00, 0x00, 0x00, 0x00, 0x00, 0x00, 0x00, 0x00, 0xc4, 0x0f, 0x00,
  0x23, 0xa2, 0x25, 0x0e, 0x29, 0x00, 0x00, 0x00, 0x31, 0x00, 0x01, 0x00,
  0x00, 0xe2, 0x0f, 0x00, 0x20, 0xdc, 0x41, 0x41, 0x0a, 0x00, 0x00, 0x00,
  0x00, 0x00, 0x41, 0x08, 0x00, 0xe2, 0x0f, 0x00, 0x24, 0x74, 0x1d, 0xff,
  0xff, 0xff, 0x7f, 0xff, 0xff, 0x00, 0x8e, 0x07, 0x00, 0xe2, 0x0f, 0x00,
  0x0c, 0x72, 0x00, 0xaa, 0x0b, 0x00, 0x00, 0x00, 0x70, 0x62, 0xf4, 0x03,
  0x00, 0xe2, 0x0f, 0x00, 0x23, 0xc2, 0x1d, 0x0e, 0xa6, 0x00, 0x00, 0x00,
  0x39, 0x00, 0x01, 0x00, 0x00, 0xe2, 0x0f, 0x00, 0x45, 0xd2, 0xa6, 0x00,
  0x35, 0x00, 0x00, 0x00, 0x00, 0x14, 0x20, 0x00, 0x00, 0xe2, 0x0f, 0x00,
  0x20, 0xdc, 0x41, 0x41, 0x0d, 0x00, 0x00, 0x00, 0x00, 0x00, 0x41, 0x08,
  0x00, 0xe2, 0x0f, 0x00, 0x0c, 0x72, 0x00, 0xa8, 0x0b, 0x00, 0x00, 0x00,
  0x70, 0x62, 0xf6, 0x03, 0x00, 0xe2, 0x0f, 0x00, 0x20, 0x9c, 0x3d, 0x3d,
  0x0a, 0x00, 0x00, 0x00, 0x00, 0x00, 0x41, 0x08, 0x00, 0xe2, 0x0f, 0x00,
  0x10, 0x98, 0x31, 0x19, 0x41, 0x00, 0x00, 0x00, 0xff, 0xe0, 0xff, 0x07,
  0x00, 0xe2, 0x0f, 0x00, 0x24, 0x74, 0x29, 0xff, 0xff, 0xff, 0x7f, 0xff,
  0xff, 0x00, 0x8e, 0x07, 0x00, 0xe2, 0x0f, 0x00, 0x10, 0x78, 0xa4, 0xb6,
  0x68, 0x00, 0x00, 0x00, 0xff, 0xe0, 0xff, 0x07, 0x00, 0xe2, 0x0f, 0x00,
  0x23, 0xd2, 0x29, 0x0e, 0xa6, 0x00, 0x00, 0x00, 0x41, 0x00, 0x01, 0x00,
  0x00, 0xe2, 0x0f, 0x00, 0x45, 0x92, 0x31, 0x00, 0x31, 0x00, 0x00, 0x00,
  0x00, 0x14, 0x20, 0x00, 0x00, 0xe2, 0x0f, 0x00, 0x20, 0x9c, 0x3d, 0x3d,
  0x0d, 0x00, 0x00, 0x00, 0x00, 0x00, 0x41, 0x08, 0x00, 0xe2, 0x0f, 0x00,
  0x36, 0x78, 0xa6, 0xb6, 0x70, 0x00, 0x00, 0x00, 0x00, 0x00, 0x00, 0x00,
  0x00, 0xe2, 0x0f, 0x00, 0x0c, 0x72, 0x00, 0xa4, 0x0b, 0x00, 0x00, 0x00,
  0x70, 0x62, 0xf8, 0x03, 0x00, 0xe2, 0x0f, 0x00, 0x24, 0x74, 0x2d, 0xff,
  0xff, 0xff, 0x7f, 0xff, 0xff, 0x00, 0x8e, 0x07, 0x00, 0xc4, 0x0f, 0x00,
  0x23, 0x92, 0x2d, 0x0e, 0x31, 0x00, 0x00, 0x00, 0x3d, 0x00, 0x01, 0x00,
  0x00, 0xe2, 0x0f, 0x00, 0x36, 0xa8, 0x3d, 0x19, 0x51, 0x00, 0x00, 0x00,
  0x00, 0x00, 0x00, 0x00, 0x00, 0xe2, 0x0f, 0x00, 0x0c, 0x72, 0x00, 0xa6,
  0x0b, 0x00, 0x00, 0x00, 0x70, 0x62, 0xf2, 0x03, 0x00, 0xe2, 0x0f, 0x00,
  0x20, 0xac, 0x45, 0x45, 0x0a, 0x00, 0x00, 0x00, 0x00, 0x00, 0x41, 0x08,
  0x00, 0xe2, 0x0f, 0x00, 0x10, 0xb8, 0x41, 0x19, 0x59, 0x00, 0x00, 0x00,
  0xff, 0xe0, 0xff, 0x07, 0x00, 0xe2, 0x0f, 0x00, 0x20, 0xbc, 0x49, 0x49,
  0x0a, 0x00, 0x00, 0x00, 0x00, 0x00, 0x41, 0x08, 0x00, 0xe2, 0x0f, 0x00,
  0x45, 0xa2, 0x3d, 0x00, 0x3d, 0x00, 0x00, 0x00, 0x00, 0x14, 0x20, 0x00,
  0x00, 0xe2, 0x0f, 0x00, 0x20, 0xac, 0x45, 0x45, 0x0d, 0x00, 0x00, 0x00,
  0x00, 0x00, 0x41, 0x08, 0x00, 0xe2, 0x0f, 0x00, 0x45, 0xb2, 0xba, 0x00,
  0x41, 0x00, 0x00, 0x00, 0x00, 0x14, 0x20, 0x00, 0x00, 0xe2, 0x0f, 0x00,
  0x20, 0xbc, 0x49, 0x49, 0x0d, 0x00, 0x00, 0x00, 0x00, 0x00, 0x41, 0x08,
  0x00, 0xe2, 0x0f, 0x00, 0x24, 0x74, 0x39, 0xff, 0xff, 0xff, 0x7f, 0xff,
  0xff, 0x00, 0x8e, 0x07, 0x00, 0xc4, 0x0f, 0x00, 0x23, 0xa2, 0x39, 0x0e,
  0x3d, 0x00, 0x00, 0x00, 0x45, 0x00, 0x01, 0x00, 0x00, 0xe2, 0x0f, 0x04,
  0x36, 0xc8, 0xb9, 0x19, 0x61, 0x00, 0x00, 0x00, 0x00, 0x00, 0x00, 0x00,
  0x00, 0xe2, 0x0f, 0x00, 0x02, 0x78, 0x35, 0x00, 0xff, 0xff, 0x7f, 0xff,
  0x00, 0x0f, 0x00, 0x00, 0x00, 0xe2, 0x0f, 0x00, 0x20, 0xcc, 0x4d, 0x4d,
  0x0a, 0x00, 0x00, 0x00, 0x00, 0x00, 0x41, 0x08, 0x00, 0xe2, 0x0f, 0x00,
  0x45, 0x72, 0x45, 0x00, 0xb8, 0x00, 0x00, 0x00, 0x00, 0x14, 0x20, 0x00,
  0x00, 0xe2, 0x0f, 0x00, 0x23, 0xb2, 0x35, 0x0e, 0xba, 0x00, 0x00, 0x00,
  0x49, 0x00, 0x01, 0x00, 0x00, 0xe2, 0x0f, 0x04, 0x10, 0x98, 0x49, 0x19,
  0x69, 0x00, 0x00, 0x00, 0xff, 0xe0, 0xff, 0x07, 0x00, 0xe2, 0x0f, 0x00,
  0x20, 0x9c, 0x51, 0x51, 0x0a, 0x00, 0x00, 0x00, 0x00, 0x00, 0x41, 0x08,
  0x00, 0xe2, 0x0f, 0x00, 0x45, 0xc2, 0xbc, 0x00, 0xb9, 0x00, 0x00, 0x00,
  0x00, 0x14, 0x20, 0x00, 0x00, 0xe2, 0x0f, 0x00, 0x20, 0xcc, 0x4d, 0x4d,
  0x0d, 0x00, 0x00, 0x00, 0x00, 0x00, 0x41, 0x08, 0x00, 0xe2, 0x0f, 0x00,
  0x20, 0x72, 0x45, 0x0e, 0x45, 0x00, 0x00, 0x00, 0x00, 0x00, 0x41, 0x00,
  0x00, 0xe2, 0x0f, 0x04, 0x45, 0x92, 0x49, 0x00, 0x49, 0x00, 0x00, 0x00,
  0x00, 0x14, 0x20, 0x00, 0x00, 0xe2, 0x0f, 0x00, 0x20, 0x9c, 0x51, 0x51,
  0x0d, 0x00, 0x00, 0x00, 0x00, 0x00, 0x41, 0x08, 0x00, 0xe2, 0x0f, 0x00,
  0x02, 0x78, 0x31, 0x00, 0xff, 0xff, 0x7f, 0xff, 0x00, 0x0f, 0x00, 0x00,
  0x00, 0xe2, 0x0f, 0x00, 0x23, 0xc2, 0x31, 0x0e, 0xbc, 0x00, 0x00, 0x00,
  0x4d, 0x00, 0x01, 0x00, 0x00, 0xe2, 0x0f, 0x00, 0x23, 0x7c, 0x4d, 0x18,
  0x0d, 0x00, 0x00, 0x00, 0x45, 0x00, 0x01, 0x08, 0x00, 0xe2, 0x0f, 0x00,
  0x24, 0x74, 0x3d, 0xff, 0xff, 0xff, 0x7f, 0xff, 0xff, 0x00, 0x8e, 0x07,
  0x00, 0xc4, 0x0f, 0x00, 0x23, 0x7c, 0x18, 0x1a, 0x0d, 0x00, 0x00, 0x00,
  0x45, 0x00, 0x01, 0x08, 0x00, 0xe2, 0x0f, 0x00, 0x10, 0x78, 0x41, 0xb6,
  0x78, 0x00, 0x00, 0x00, 0xff, 0xe0, 0xff, 0x07, 0x00, 0xe2, 0x0f, 0x00,
  0x23, 0x92, 0x3d, 0x0e, 0x49, 0x00, 0x00, 0x00, 0x51, 0x00, 0x01, 0x00,
  0x00, 0xe2, 0x0f, 0x00, 0x0c, 0x72, 0x00, 0xb6, 0x0a, 0x00, 0x00, 0x00,
  0x70, 0x42, 0xf8, 0x03, 0x00, 0xe2, 0x0f, 0x08, 0x20, 0x7c, 0x1c, 0x1c,
  0x0a, 0x00, 0x00, 0x00, 0x00, 0x00, 0x41, 0x08, 0x00, 0xe2, 0x0f, 0x00,
  0x45, 0x72, 0x49, 0x00, 0x19, 0x00, 0x00, 0x00, 0x00, 0x14, 0x20, 0x00,
  0x00, 0xe2, 0x0f, 0x00, 0x20, 0x7c, 0x1e, 0x1e, 0x0a, 0x00, 0x00, 0x00,
  0x00, 0x00, 0x41, 0x08, 0x00, 0xe2, 0x0f, 0x00, 0x0c, 0x72, 0x00, 0x41,
  0x0b, 0x00, 0x00, 0x00, 0x70, 0x62, 0xf6, 0x03, 0x00, 0xe2, 0x0f, 0x00,
  0x20, 0x7c, 0x20, 0x20, 0x0a, 0x00, 0x00, 0x00, 0x00, 0x00, 0x41, 0x08,
  0x00, 0xe2, 0x0f, 0x00, 0x08, 0x78, 0x18, 0x18, 0xff, 0xff, 0x7f, 0xff,
  0x00, 0x00, 0x00, 0x06, 0x00, 0xe2, 0x0f, 0x00, 0x20, 0x72, 0x49, 0x0e,
  0x49, 0x00, 0x00, 0x00, 0x00, 0x00, 0x41, 0x00, 0x00, 0xe2, 0x0f, 0x00,
  0x0c, 0x72, 0x00, 0xb7, 0x0a, 0x00, 0x00, 0x00, 0x70, 0x62, 0xf8, 0x03,
  0x00, 0xe2, 0x0f, 0x00, 0x20, 0x7c, 0x22, 0x22, 0x0a, 0x00, 0x00, 0x00,
  0x00, 0x00, 0x41, 0x08, 0x00, 0xe2, 0x0f, 0x00, 0x0c, 0x72, 0x00, 0xb6,
  0x0b, 0x00, 0x00, 0x00, 0x70, 0x42, 0xf4, 0x03, 0x00, 0xe2, 0x0f, 0x00,
  0x23, 0x7c, 0xbb, 0x1c, 0x0d, 0x00, 0x00, 0x00, 0x49, 0x00, 0x01, 0x08,
  0x00, 0xe2, 0x0f, 0x00, 0x36, 0x7c, 0x1c, 0xb5, 0x10, 0x00, 0x00, 0x00,
  0x00, 0x00, 0x00, 0x08, 0x00, 0xc4, 0x0f, 0x00, 0x23, 0x7c, 0x1e, 0x1e,
  0x0d, 0x00, 0x00, 0x00, 0x49, 0x00, 0x01, 0x08, 0x00, 0xe2, 0x0f, 0x00,
  0x08, 0x78, 0xb6, 0x4d, 0xff, 0xff, 0x7f, 0xff, 0x00, 0x00, 0x00, 0x05,
  0x00, 0xe2, 0x0f, 0x00, 0x24, 0x74, 0x45, 0xff, 0xff, 0xff, 0x7f, 0xff,
  0xff, 0x00, 0x8e, 0x07, 0x00, 0xe2, 0x0f, 0x00, 0x0c, 0x72, 0x00, 0xb7,
  0x0b, 0x00, 0x00, 0x00, 0x70, 0x42, 0xf4, 0x03, 0x00, 0xe2, 0x0f, 0x00,
  0x20, 0xbc, 0x55, 0x55, 0x0a, 0x00, 0x00, 0x00, 0x00, 0x00, 0x41, 0x08,
  0x00, 0xe2, 0x0f, 0x00, 0x45, 0x72, 0x49, 0x00, 0x1c, 0x00, 0x00, 0x00,
  0x00, 0x14, 0x20, 0x00, 0x00, 0xe2, 0x0f, 0x00, 0x20, 0x7c, 0x24, 0x24,
  0x0a, 0x00, 0x00, 0x00, 0x00, 0x00, 0x41, 0x08, 0x00, 0xe2, 0x0f, 0x00,
  0x10, 0xb8, 0x1a, 0x19, 0x71, 0x00, 0x00, 0x00, 0xff, 0xe0, 0xff, 0x07,
  0x00, 0xe2, 0x0f, 0x04, 0x36, 0xc8, 0x4d, 0x19, 0x01, 0x00, 0x00, 0x00,
  0x00, 0x00, 0x00, 0x00, 0x00, 0xe2, 0x0f, 0x00, 0x0c, 0x72, 0x00, 0xb7,
  0x0a, 0x00, 0x00, 0x00, 0x70, 0x42, 0xf2, 0x03, 0x00, 0xe2, 0x0f, 0x00,
  0x20, 0xcc, 0x1f, 0x1f, 0x0a, 0x00, 0x00, 0x00, 0x00, 0x00, 0x41, 0x08,
  0x00, 0xe2, 0x0f, 0x00, 0x08, 0x78, 0xbb, 0xbb, 0xff, 0xff, 0x7f, 0xff,
  0x00, 0x00, 0x00, 0x05, 0x00, 0xe2, 0x0f, 0x00, 0x20, 0x72, 0x49, 0x0e,
  0x49, 0x00, 0x00, 0x00, 0x00, 0x00, 0x41, 0x00, 0x00, 0xe2, 0x0f, 0x00,
  0x45, 0xb2, 0x1a, 0x00, 0x1a, 0x00, 0x00, 0x00, 0x00, 0x14, 0x20, 0x00,
  0x00, 0xe2, 0x0f, 0x00, 0x20, 0xbc, 0x55, 0x55, 0x0d, 0x00, 0x00, 0x00,
  0x00, 0x00, 0x41, 0x08, 0x00, 0xe2, 0x0f, 0x00, 0x0c, 0x72, 0x00, 0xb5,
  0x0a, 0x00, 0x00, 0x00, 0x70, 0x62, 0xf4, 0x03, 0x00, 0xe2, 0x0f, 0x00,
  0x20, 0xcc, 0x1f, 0x1f, 0x0d, 0x00, 0x00, 0x00, 0x00, 0x00, 0x41, 0x08,
  0x00, 0xe2, 0x0f, 0x00, 0x08, 0x78, 0x1c, 0x1e, 0xff, 0xff, 0x7f, 0xff,
  0x00, 0x00, 0x80, 0x04, 0x00, 0xe2, 0x0f, 0x00, 0x23, 0x7c, 0x20, 0x20,
  0x0d, 0x00, 0x00, 0x00, 0x49, 0x00, 0x01, 0x08, 0x00, 0xe2, 0x0f, 0x10,
  0x10, 0x7c, 0x1e, 0xb3, 0x10, 0x00, 0x00, 0x00, 0xff, 0xe0, 0xff, 0x0f,
  0x00, 0xe2, 0x0f, 0x00, 0x23, 0x7c, 0x22, 0x22, 0x0d, 0x00, 0x00, 0x00,
  0x49, 0x00, 0x01, 0x08, 0x00, 0xe2, 0x0f, 0x00, 0x45, 0xc2, 0x4d, 0x00,
  0x4d, 0x00, 0x00, 0x00, 0x00, 0x14, 0x20, 0x00, 0x00, 0xe2, 0x0f, 0x00,
  0x23, 0xb2, 0x45, 0x0e, 0x1a, 0x00, 0x00, 0x00, 0x55, 0x00, 0x01, 0x00,
  0x00, 0xe2, 0x0f, 0x00, 0x45, 0x72, 0x49, 0x00, 0x1e, 0x00, 0x00, 0x00,
  0x00, 0x14, 0x20, 0x00, 0x00, 0xe2, 0x0f, 0x00, 0x20, 0x7c, 0xc7, 0x2a,
  0x0a, 0x00, 0x00, 0x00, 0x00, 0x00, 0x41, 0x08, 0x00, 0xe2, 0x0f, 0x00,
  0x02, 0x78, 0x1a, 0x00, 0xff, 0xff, 0x7f, 0xff, 0x00, 0x0f, 0x00, 0x00,
  0x00, 0xe2, 0x0f, 0x00, 0x23, 0xc2, 0x1a, 0x0e, 0x4d, 0x00, 0x00, 0x00,
  0x1f, 0x00, 0x01, 0x00, 0x00, 0xe2, 0x0f, 0x00, 0x0c, 0x72, 0x00, 0xb5,
  0x0b, 0x00, 0x00, 0x00, 0x70, 0x42, 0xf6, 0x03, 0x00, 0xe2, 0x0f, 0x00,
  0x36, 0x7c, 0x1f, 0xb4, 0x10, 0x00, 0x00, 0x00, 0x00, 0x00, 0x00, 0x08,
  0x00, 0xc4, 0x0f, 0x00, 0x20, 0x72, 0x51, 0x0e, 0x49, 0x00, 0x00, 0x00,
  0x00, 0x00, 0x41, 0x00, 0x00, 0xe2, 0x0f, 0x00, 0x0c, 0x72, 0x00, 0xb5,
  0x0a, 0x00, 0x00, 0x00, 0x70, 0x42, 0xf2, 0x03, 0x00, 0xe2, 0x0f, 0x00,
  0x20, 0xac, 0x23, 0x23, 0x0a, 0x00, 0x00, 0x00, 0x00, 0x00, 0x41, 0x08,
  0x00, 0xe2, 0x0f, 0x00, 0x08, 0x78, 0xbd, 0x20, 0xff, 0xff, 0x7f, 0xff,
  0x00, 0x00, 0x80, 0x05, 0x00, 0xe2, 0x0f, 0x00, 0x23, 0x7c, 0xc1, 0x24,
  0x0d, 0x00, 0x00, 0x00, 0x51, 0x00, 0x01, 0x08, 0x00, 0xe2, 0x0f, 0x00,
  0x10, 0xa8, 0x20, 0x19, 0x09, 0x00, 0x00, 0x00, 0xff, 0xe0, 0xff, 0x07,
  0x00, 0xe2, 0x0f, 0x00, 0x20, 0xac, 0x49, 0x23, 0x0d, 0x00, 0x00, 0x00,
  0x00, 0x00, 0x41, 0x08, 0x00, 0xe2, 0x0f, 0x00, 0x45, 0x72, 0x4d, 0x00,
  0x1f, 0x00, 0x00, 0x00, 0x00, 0x14, 0x20, 0x00, 0x00, 0xe2, 0x0f, 0x00,
  0x20, 0x7c, 0x23, 0x28, 0x0a, 0x00, 0x00, 0x00, 0x00, 0x00, 0x41, 0x08,
  0x00, 0xe2, 0x0f, 0x00, 0x09, 0x72, 0x24, 0xb6, 0xad, 0x00, 0x00, 0x00,
  0x00, 0x00, 0x81, 0x07, 0x00, 0xe2, 0x0f, 0x00, 0x24, 0x74, 0x1f, 0xff,
  0xff, 0xff, 0x7f, 0xff, 0xff, 0x00, 0x8e, 0x07, 0x00, 0xe2, 0x0f, 0x00,
  0x08, 0x78, 0x1e, 0x22, 0xff, 0xff, 0x7f, 0xff, 0x00, 0x00, 0x80, 0x04,
  0x00, 0xe2, 0x0f, 0x00, 0x20, 0x72, 0x22, 0x0e, 0x4d, 0x00, 0x00, 0x00,
  0x00, 0x00, 0x41, 0x00, 0x00, 0xe2, 0x0f, 0x00, 0x45, 0xa2, 0x55, 0x00,
  0x20, 0x00, 0x00, 0x00, 0x00, 0x14, 0x20, 0x00, 0x00, 0xe2, 0x0f, 0x00,
  0x20, 0x7c, 0x20, 0x26, 0x0a, 0x00, 0x00, 0x00, 0x00, 0x00, 0x41, 0x08,
  0x00, 0xe2, 0x0f, 0x00, 0x09, 0x72, 0x26, 0xbb, 0x24, 0x00, 0x00, 0x00,
  0x00, 0x00, 0x81, 0x07, 0x00, 0xe2, 0x0f, 0x00, 0x23, 0x7c, 0x23, 0x23,
  0x0d, 0x00, 0x00, 0x00, 0x22, 0x00, 0x01, 0x08, 0x00, 0xe2, 0x0f, 0x00,
  0x0c, 0x72, 0x00, 0xb3, 0x0b, 0x00, 0x00, 0x00, 0x70, 0x42, 0xf8, 0x03,
  0x00, 0xe2, 0x0f, 0x00, 0x23, 0xa2, 0x1f, 0x0e, 0x55, 0x00, 0x00, 0x00,
  0x49, 0x00, 0x01, 0x00, 0x00, 0xe2, 0x0f, 0x00, 0x0c, 0x72, 0x00, 0xb4,
  0x0b, 0x00, 0x00, 0x00, 0x70, 0x42, 0xf4, 0x03, 0x00, 0xe2, 0x0f, 0x00,
  0x36, 0x7c, 0x24, 0xb2, 0x10, 0x00, 0x00, 0x00, 0x00, 0x00, 0x00, 0x08,
  0x00, 0xe2, 0x0f, 0x00, 0x09, 0x72, 0x28, 0x26, 0xab, 0x00, 0x00, 0x00,
  0x00, 0x00, 0x81, 0x07, 0x00, 0xe2, 0x0f, 0x00, 0x23, 0x7c, 0x20, 0x20,
  0x0d, 0x00, 0x00, 0x00, 0x51, 0x00, 0x01, 0x08, 0x00, 0xe2, 0x0f, 0x00,
  0x08, 0x78, 0xbf, 0x23, 0xff, 0xff, 0x7f, 0xff, 0x00, 0x00, 0x00, 0x05,
  0x00, 0xe2, 0x0f, 0x00, 0x36, 0x7c, 0x51, 0xaf, 0x10, 0x00, 0x00, 0x00,
  0x00, 0x00, 0x00, 0x08, 0x00, 0xe2, 0x0f, 0x00, 0x09, 0x72, 0xb8, 0xbd,
  0x28, 0x00, 0x00, 0x00, 0x00, 0x00, 0x81, 0x07, 0x00, 0xc4, 0x0f, 0x00,
  0x10, 0x7c, 0x23, 0xb1, 0x10, 0x00, 0x00, 0x00, 0xff, 0xe0, 0xff, 0x0f,
  0x00, 0xe4, 0x0f, 0x00, 0x08, 0x78, 0xc1, 0xc1, 0xff, 0xff, 0x7f, 0xff,
  0x00, 0x00, 0x00, 0x06, 0x00, 0xe4, 0x0f, 0x00, 0x09, 0x72, 0xb8, 0xb8,
  0xa9, 0x00, 0x00, 0x00, 0x00, 0x00, 0x81, 0x07, 0x00, 0xe4, 0x0f, 0x00,
  0x45, 0x72, 0x23, 0x00, 0x23, 0x00, 0x00, 0x00, 0x00, 0x14, 0x20, 0x00,
  0x00, 0xe4, 0x0f, 0x00, 0x09, 0x72, 0xb8, 0xc1, 0xb8, 0x00, 0x00, 0x00,
  0x00, 0x00, 0x81, 0x07, 0x00, 0xe4, 0x0f, 0x00, 0x45, 0x72, 0x49, 0x00,
  0x24, 0x00, 0x00, 0x00, 0x00, 0x14, 0x20, 0x00, 0x00, 0xe2, 0x0f, 0x00,
  0x20, 0x72, 0x28, 0x0e, 0x23, 0x00, 0x00, 0x00, 0x00, 0x00, 0x41, 0x00,
  0x00, 0xe2, 0x0f, 0x00, 0x20, 0x7c, 0x23, 0x2c, 0x0a, 0x00, 0x00, 0x00,
  0x00, 0x00, 0x41, 0x08, 0x00, 0xe2, 0x0f, 0x00, 0x09, 0x72, 0xb8, 0xb8,
  0xa5, 0x00, 0x00, 0x00, 0x00, 0x00, 0x81, 0x07, 0x00, 0xc4, 0x0f, 0x00,
  0x0c, 0x72, 0x00, 0xb1, 0x0b, 0x00, 0x00, 0x00, 0x70, 0x42, 0xf8, 0x03,
  0x00, 0xe2, 0x0f, 0x00, 0x23, 0x7c, 0xc3, 0x23, 0x0d, 0x00, 0x00, 0x00,
  0x28, 0x00, 0x01, 0x08, 0x00, 0xe2, 0x0f, 0x00, 0x09, 0x72, 0xb8, 0xbf,
  0xb8, 0x00, 0x00, 0x00, 0x00, 0x00, 0x81, 0x07, 0x00, 0xe2, 0x0f, 0x00,
  0x20, 0x72, 0x2c, 0x0e, 0x49, 0x00, 0x00, 0x00, 0x00, 0x00, 0x41, 0x00,
  0x00, 0xe2, 0x0f, 0x00, 0x10, 0x7c, 0x26, 0xb0, 0x10, 0x00, 0x00, 0x00,
  0xff, 0xe0, 0xff, 0x0f, 0x00, 0xe2, 0x0f, 0x00, 0x20, 0x7c, 0x49, 0x30,
  0x0a, 0x00, 0x00, 0x00, 0x00, 0x00, 0x41, 0x08, 0x00, 0xe2, 0x0f, 0x00,
  0x08, 0x78, 0xc3, 0xc3, 0xff, 0xff, 0x7f, 0xff, 0x00, 0x00, 0x00, 0x06,
  0x00, 0xe2, 0x0f, 0x00, 0x20, 0x7c, 0x23, 0x34, 0x0a, 0x00, 0x00, 0x00,
  0x00, 0x00, 0x41, 0x08, 0x00, 0xe2, 0x0f, 0x00, 0x09, 0x72, 0xb8, 0xb8,
  0xa7, 0x00, 0x00, 0x00, 0x00, 0x00, 0x81, 0x07, 0x00, 0xe2, 0x0f, 0x00,
  0x23, 0x7c, 0x49, 0x49, 0x0d, 0x00, 0x00, 0x00, 0x2c, 0x00, 0x01, 0x08,
  0x00, 0xe2, 0x0f, 0x00, 0x45, 0x72, 0x4d, 0x00, 0x26, 0x00, 0x00, 0x00,
  0x00, 0x14, 0x20, 0x00, 0x00, 0xe2, 0x0f, 0x00, 0x36, 0x7c, 0x26, 0xac,
  0x10, 0x00, 0x00, 0x00, 0x00, 0x00, 0x00, 0x08, 0x00, 0xe2, 0x0f, 0x00,
  0x0c, 0x72, 0x00, 0xb2, 0x0b, 0x00, 0x00, 0x00, 0x70, 0x42, 0xf4, 0x03,
  0x00, 0xc4, 0x0f, 0x00, 0x09, 0x72, 0xb8, 0xc3, 0xb8, 0x00, 0x00, 0x00,
  0x00, 0x00, 0x81, 0x07, 0x00, 0xe2, 0x0f, 0x00, 0x20, 0x72, 0x30, 0x0e,
  0x4d, 0x00, 0x00, 0x00, 0x00, 0x00, 0x41, 0x00, 0x00, 0xe2, 0x0f, 0x00,
  0x08, 0x78, 0xc5, 0x49, 0xff, 0xff, 0x7f, 0xff, 0x00, 0x00, 0x00, 0x05,
  0x00, 0xe4, 0x0f, 0x00, 0x09, 0x72, 0xb8, 0xb8, 0x1b, 0x00, 0x00, 0x00,
  0x00, 0x00, 0x81, 0x07, 0x00, 0xe2, 0x0f, 0x00, 0x23, 0x7c, 0x55, 0x23,
  0x0d, 0x00, 0x00, 0x00, 0x30, 0x00, 0x01, 0x08, 0x00, 0xe2, 0x0f, 0x00,
  0x45, 0x72, 0x51, 0x00, 0x51, 0x00, 0x00, 0x00, 0x00, 0x14, 0x20, 0x00,
  0x00, 0xe2, 0x0f, 0x00, 0x20, 0x7c, 0x23, 0x38, 0x0a, 0x00, 0x00, 0x00,
  0x00, 0x00, 0x41, 0x08, 0x00, 0xe2, 0x0f, 0x00, 0x0c, 0x72, 0x00, 0xb0,
  0x0b, 0x00, 0x00, 0x00, 0x70, 0x42, 0xf8, 0x03, 0x00, 0xe4, 0x0f, 0x00,
  0x09, 0x72, 0xb8, 0xc5, 0xb8, 0x00, 0x00, 0x00, 0x00, 0x00, 0x81, 0x07,
  0x00, 0xe2, 0x0f, 0x00, 0x20, 0x72, 0x34, 0x0e, 0x51, 0x00, 0x00, 0x00,
  0x00, 0x00, 0x41, 0x00, 0x00, 0xe2, 0x0f, 0x00, 0x10, 0x7c, 0x24, 0xae,
  0x10, 0x00, 0x00, 0x00, 0xff, 0xe0, 0xff, 0x0f, 0x00, 0xc4, 0x0f, 0x00,
  0x08, 0x78, 0x55, 0x55, 0xff, 0xff, 0x7f, 0xff, 0x00, 0x00, 0x00, 0x06,
  0x00, 0xe2, 0x0f, 0x00, 0x23, 0x7c, 0x23, 0x23, 0x0d, 0x00, 0x00, 0x00,
  0x34, 0x00, 0x01, 0x08, 0x00, 0xe2, 0x0f, 0x00, 0x09, 0x72, 0xb8, 0xb8,
  0x25, 0x00, 0x00, 0x00, 0x00, 0x00, 0x81, 0x07, 0x00, 0xe4, 0x0f, 0x00,
  0x10, 0x7c, 0x38, 0xaa, 0x10, 0x00, 0x00, 0x00, 0xff, 0xe0, 0xff, 0x0f,
  0x00, 0xe4, 0x0f, 0x00, 0x45, 0x72, 0x49, 0x00, 0x24, 0x00, 0x00, 0x00,
  0x00, 0x14, 0x20, 0x00, 0x00, 0xe2, 0x0f, 0x00, 0x36, 0x7c, 0x24, 0xa8,
  0x10, 0x00, 0x00, 0x00, 0x00, 0x00, 0x00, 0x08, 0x00, 0xe2, 0x0f, 0x00,
  0x0c, 0x72, 0x00, 0xaf, 0x0b, 0x00, 0x00, 0x00, 0x70, 0x42, 0xf4, 0x03,
  0x00, 0xe4, 0x0f, 0x00, 0x09, 0x72, 0xb8, 0x55, 0xb8, 0x00, 0x00, 0x00,
  0x00, 0x00, 0x81, 0x07, 0x00, 0xc4, 0x0f, 0x00, 0x45, 0x72, 0x51, 0x00,
  0x38, 0x00, 0x00, 0x00, 0x00, 0x14, 0x20, 0x00, 0x00, 0xe2, 0x0f, 0x00,
  0x20, 0x72, 0x38, 0x0e, 0x49, 0x00, 0x00, 0x00, 0x00, 0x00, 0x41, 0x00,
  0x00, 0xe2, 0x0f, 0x00, 0x20, 0x7c, 0x49, 0x3c, 0x0a, 0x00, 0x00, 0x00,
  0x00, 0x00, 0x41, 0x08, 0x00, 0xe2, 0x0f, 0x00, 0x08, 0x78, 0x23, 0x23,
  0xff, 0xff, 0x7f, 0xff, 0x00, 0x00, 0x00, 0x05, 0x00, 0xe4, 0x0f, 0x00,
  0x09, 0x72, 0xb8, 0xb8, 0x21, 0x00, 0x00, 0x00, 0x00, 0x00, 0x81, 0x07,
  0x00, 0xe2, 0x0f, 0x00, 0x23, 0x7c, 0x49, 0x49, 0x0d, 0x00, 0x00, 0x00,
  0x38, 0x00, 0x01, 0x08, 0x00, 0xe2, 0x0f, 0x00, 0x45, 0x72, 0x4d, 0x00,
  0x26, 0x00, 0x00, 0x00, 0x00, 0x14, 0x20, 0x00, 0x00, 0xe2, 0x0f, 0x00,
  0x36, 0x7c, 0x26, 0xa6, 0x10, 0x00, 0x00, 0x00, 0x00, 0x00, 0x00, 0x08,
  0x00, 0xe2, 0x0f, 0x00, 0x0c, 0x72, 0x00, 0xae, 0x0b, 0x00, 0x00, 0x00,
  0x70, 0x42, 0xf8, 0x03, 0x00, 0xe4, 0x0f, 0x00, 0x09, 0x72, 0xb8, 0x23,
  0xb8, 0x00, 0x00, 0x00, 0x00, 0x00, 0x81, 0x07, 0x00, 0xe2, 0x0f, 0x00,
  0x20, 0x72, 0x3c, 0x0e, 0x4d, 0x00, 0x00, 0x00, 0x00, 0x00, 0x41, 0x00,
  0x00, 0xe2, 0x0f, 0x00, 0x20, 0x7c, 0x4d, 0x40, 0x0a, 0x00, 0x00, 0x00,
  0x00, 0x00, 0x41, 0x08, 0x00, 0xe2, 0x0f, 0x00, 0x08, 0x78, 0x49, 0x49,
  0xff, 0xff, 0x7f, 0xff, 0x00, 0x00, 0x00, 0x06, 0x00, 0xe2, 0x0f, 0x00,
  0x20, 0x72, 0x40, 0x0e, 0x51, 0x00, 0x00, 0x00, 0x00, 0x00, 0x41, 0x00,
  0x00, 0xe2, 0x0f, 0x00, 0x09, 0x72, 0xb8, 0xb8, 0x1d, 0x00, 0x00, 0x00,
  0x00, 0x00, 0x81, 0x07, 0x00, 0xe2, 0x0f, 0x00, 0x23, 0x7c, 0x4d, 0x4d,
  0x0d, 0x00, 0x00, 0x00, 0x3c, 0x00, 0x01, 0x08, 0x00, 0xe2, 0x0f, 0x00,
  0x0c, 0x72, 0x00, 0xac, 0x0b, 0x00, 0x00, 0x00, 0x70, 0x42, 0xf4, 0x03,
  0x00, 0xe2, 0x0f, 0x00, 0x20, 0x7c, 0x51, 0x44, 0x0a, 0x00, 0x00, 0x00,
  0x00, 0x00, 0x41, 0x08, 0x00, 0xe2, 0x0f, 0x00, 0x09, 0x72, 0xb8, 0x49,
  0xb8, 0x00, 0x00, 0x00, 0x00, 0x00, 0x81, 0x07, 0x00, 0xc4, 0x0f, 0x00,
  0x0c, 0x72, 0x00, 0xb3, 0x0a, 0x00, 0x00, 0x00, 0x70, 0x42, 0xf6, 0x03,
  0x00, 0xe2, 0x0f, 0x08, 0x23, 0x7c, 0x51, 0x51, 0x0d, 0x00, 0x00, 0x00,
  0x40, 0x00, 0x01, 0x08, 0x00, 0xe2, 0x0f, 0x00, 0x0c, 0x72, 0x00, 0xb3,
  0x0a, 0x00, 0x00, 0x00, 0x70, 0x62, 0xf2, 0x03, 0x00, 0xe4, 0x0f, 0x00,
  0x08, 0x78, 0x4d, 0x4d, 0xff, 0xff, 0x7f, 0xff, 0x00, 0x00, 0x00, 0x05,
  0x00, 0xe4, 0x0f, 0x00, 0x09, 0x72, 0xb8, 0xb8, 0x2d, 0x00, 0x00, 0x00,
  0x00, 0x00, 0x81, 0x07, 0x00, 0xe4, 0x0f, 0x00, 0x45, 0x72, 0xb3, 0x00,
  0x24, 0x00, 0x00, 0x00, 0x00, 0x14, 0x20, 0x00, 0x00, 0xe4, 0x0f, 0x00,
  0x0c, 0x72, 0x00, 0xaa, 0x0b, 0x00, 0x00, 0x00, 0x70, 0x42, 0xf8, 0x03,
  0x00, 0xc4, 0x0f, 0x00, 0x09, 0x72, 0x44, 0x4d, 0xb8, 0x00, 0x00, 0x00,
  0x00, 0x00, 0x81, 0x07, 0x00, 0xe2, 0x0f, 0x00, 0x20, 0x72, 0xb8, 0x0e,
  0xb3, 0x00, 0x00, 0x00, 0x00, 0x00, 0x41, 0x00, 0x00, 0xe2, 0x0f, 0x00,
  0x10, 0x7c, 0x24, 0xa4, 0x10, 0x00, 0x00, 0x00, 0xff, 0xe0, 0xff, 0x0f,
  0x00, 0xe2, 0x0f, 0x00, 0x20, 0x7c, 0xb3, 0x48, 0x0a, 0x00, 0x00, 0x00,
  0x00, 0x00, 0x41, 0x08, 0x00, 0xe2, 0x0f, 0x00, 0x08, 0x78, 0x51, 0x51,
  0xff, 0xff, 0x7f, 0xff, 0x00, 0x00, 0x00, 0x06, 0x00, 0xe2, 0x0f, 0x00,
  0x20, 0x9c, 0x27, 0x27, 0x0a, 0x00, 0x00, 0x00, 0x00, 0x00, 0x41, 0x08,
  0x00, 0xe2, 0x0f, 0x00, 0x09, 0x72, 0x44, 0x44, 0x29, 0x00, 0x00, 0x00,
  0x00, 0x00, 0x81, 0x07, 0x00, 0xe2, 0x0f, 0x00, 0x23, 0x7c, 0xb3, 0xb3,
  0x0d, 0x00, 0x00, 0x00, 0xb8, 0x00, 0x01, 0x08, 0x00, 0xe2, 0x0f, 0x00,
  0x45, 0x72, 0xb5, 0x00, 0x24, 0x00, 0x00, 0x00, 0x00, 0x14, 0x20, 0x00,
  0x00, 0xe2, 0x0f, 0x00, 0x20, 0x9c, 0x27, 0x27, 0x0d, 0x00, 0x00, 0x00,
  0x00, 0x00, 0x41, 0x08, 0x00, 0xe2, 0x0f, 0x00, 0x45, 0x72, 0xb7, 0x00,
  0x26, 0x00, 0x00, 0x00, 0x00, 0x14, 0x20, 0x00, 0x00, 0xc4, 0x0f, 0x00,
  0x0c, 0x72, 0x00, 0xa8, 0x0b, 0x00, 0x00, 0x00, 0x70, 0x42, 0xf8, 0x03,
  0x00, 0xe4, 0x0f, 0x00, 0x09, 0x72, 0x26, 0x51, 0x44, 0x00, 0x00, 0x00,
  0x00, 0x00, 0x81, 0x07, 0x00, 0xe2, 0x0f, 0x00, 0x20, 0x72, 0x44, 0x0e,
  0xb5, 0x00, 0x00, 0x00, 0x00, 0x00, 0x41, 0x00, 0x00, 0xe2, 0x0f, 0x00,
  0x20, 0x7c, 0xb5, 0x4c, 0x0a, 0x00, 0x00, 0x00, 0x00, 0x00, 0x41, 0x08,
  0x00, 0xe2, 0x0f, 0x00, 0x08, 0x78, 0xb3, 0xb3, 0xff, 0xff, 0x7f, 0xff,
  0x00, 0x00, 0x00, 0x06, 0x00, 0xe2, 0x0f, 0x00, 0x20, 0x72, 0x4c, 0x0e,
  0xb7, 0x00, 0x00, 0x00, 0x00, 0x00, 0x41, 0x00, 0x00, 0xe2, 0x0f, 0x00,
  0x09, 0x72, 0x26, 0x26, 0x39, 0x00, 0x00, 0x00, 0x00, 0x00, 0x81, 0x07,
  0x00, 0xe2, 0x0f, 0x00, 0x23, 0x7c, 0xb5, 0xb5, 0x0d, 0x00, 0x00, 0x00,
  0x44, 0x00, 0x01, 0x08, 0x00, 0xe2, 0x0f, 0x00, 0x0c, 0x72, 0x00, 0xa4,
  0x0b, 0x00, 0x00, 0x00, 0x70, 0x42, 0xf8, 0x03, 0x00, 0xe2, 0x0f, 0x00,
  0x20, 0x7c, 0xb7, 0x50, 0x0a, 0x00, 0x00, 0x00, 0x00, 0x00, 0x41, 0x08,
  0x00, 0xe2, 0x0f, 0x00, 0x09, 0x72, 0x26, 0xb3, 0x26, 0x00, 0x00, 0x00,
  0x00, 0x00, 0x81, 0x07, 0x00, 0xc4, 0x0f, 0x00, 0x10, 0x7c, 0x24, 0x41,
  0x10, 0x00, 0x00, 0x00, 0xff, 0xe0, 0xff, 0x0f, 0x00, 0xe2, 0x0f, 0x00,
  0x23, 0x7c, 0xb7, 0xb7, 0x0d, 0x00, 0x00, 0x00, 0x4c, 0x00, 0x01, 0x08,
  0x00, 0xe2, 0x0f, 0x00, 0x08, 0x78, 0xb5, 0xb5, 0xff, 0xff, 0x7f, 0xff,
  0x00, 0x00, 0x00, 0x06, 0x00, 0xe4, 0x0f, 0x00, 0x09, 0x72, 0x26, 0x26,
  0x35, 0x00, 0x00, 0x00, 0x00, 0x00, 0x81, 0x07, 0x00, 0xe4, 0x0f, 0x00,
  0x45, 0x72, 0xb9, 0x00, 0x24, 0x00, 0x00, 0x00, 0x00, 0x14, 0x20, 0x00,
  0x00, 0xe4, 0x0f, 0x00, 0x0c, 0x72, 0x00, 0xa6, 0x0b, 0x00, 0x00, 0x00,
  0x70, 0x42, 0xf8, 0x03, 0x00, 0xe4, 0x0f, 0x00, 0x09, 0x72, 0x26, 0xb5,
  0x26, 0x00, 0x00, 0x00, 0x00, 0x00, 0x81, 0x07, 0x00, 0xe2, 0x0f, 0x00,
  0x20, 0x72, 0x48, 0x0e, 0xb9, 0x00, 0x00, 0x00, 0x00, 0x00, 0x41, 0x00,
  0x00, 0xe2, 0x0f, 0x00, 0x20, 0x7c, 0xb9, 0x54, 0x0a, 0x00, 0x00, 0x00,
  0x00, 0x00, 0x41, 0x08, 0x00, 0xe2, 0x0f, 0x00, 0x08, 0x78, 0xb7, 0xb7,
  0xff, 0xff, 0x7f, 0xff, 0x00, 0x00, 0x00, 0x06, 0x00, 0xc4, 0x0f, 0x00,
  0x09, 0x72, 0x26, 0x26, 0x31, 0x00, 0x00, 0x00, 0x00, 0x00, 0x81, 0x07,
  0x00, 0xe2, 0x0f, 0x00, 0x23, 0x7c, 0xb9, 0xb9, 0x0d, 0x00, 0x00, 0x00,
  0x48, 0x00, 0x01, 0x08, 0x00, 0xe2, 0x0f, 0x00, 0x0c, 0x72, 0x00, 0x41,
  0x0b, 0x00, 0x00, 0x00, 0x70, 0x42, 0xf8, 0x03, 0x00, 0xe4, 0x0f, 0x00,
  0x09, 0x72, 0x24, 0xb7, 0x26, 0x00, 0x00, 0x00, 0x00, 0x00, 0x81, 0x07,
  0x00, 0xe2, 0x0f, 0x00, 0x23, 0x7c, 0x26, 0xc7, 0x0d, 0x00, 0x00, 0x00,
  0x22, 0x00, 0x01, 0x08, 0x00, 0xe2, 0x0f, 0x00, 0x08, 0x78, 0xb9, 0xb9,
  0xff, 0xff, 0x7f, 0xff, 0x00, 0x00, 0x00, 0x06, 0x00, 0xe2, 0x0f, 0x00,
  0x24, 0x74, 0x22, 0xff, 0xff, 0xff, 0x7f, 0xff, 0xff, 0x00, 0x8e, 0x07,
  0x00, 0xe2, 0x0f, 0x00, 0x09, 0x72, 0x24, 0x24, 0x3d, 0x00, 0x00, 0x00,
  0x00, 0x00, 0x81, 0x07, 0x00, 0xe4, 0x0f, 0x00, 0x10, 0x98, 0x2a, 0x19,
  0x11, 0x00, 0x00, 0x00, 0xff, 0xe0, 0xff, 0x07, 0x00, 0xc4, 0x0f, 0x00,
  0x09, 0x72, 0x24, 0xb9, 0x24, 0x00, 0x00, 0x00, 0x00, 0x00, 0x81, 0x07,
  0x00, 0xe4, 0x0f, 0x00, 0x08, 0x78, 0x20, 0x20, 0xff, 0xff, 0x7f, 0xff,
  0x00, 0x00, 0x80, 0x05, 0x00, 0xe4, 0x0f, 0x00, 0x45, 0x92, 0x50, 0x00,
  0x2a, 0x00, 0x00, 0x00, 0x00, 0x14, 0x20, 0x00, 0x00, 0xe4, 0x0f, 0x00,
  0x0c, 0x72, 0x00, 0xb4, 0x0a, 0x00, 0x00, 0x00, 0x70, 0x42, 0xf4, 0x03,
  0x00, 0xe4, 0x0f, 0x0c, 0x0c, 0x72, 0x00, 0xb4, 0x0a, 0x00, 0x00, 0x00,
  0x70, 0x62, 0xf6, 0x03, 0x00, 0xe4, 0x0f, 0x08, 0x0c, 0x72, 0x00, 0xb1,
  0x0a, 0x00, 0x00, 0x00, 0x70, 0x42, 0xf8, 0x03, 0x00, 0xc4, 0x0f, 0x00,
  0x09, 0x72, 0x2a, 0x24, 0x45, 0x00, 0x00, 0x00, 0x00, 0x00, 0x81, 0x07,
  0x00, 0xe4, 0x0f, 0x00, 0x0c, 0x72, 0x00, 0xb1, 0x0a, 0x00, 0x00, 0x00,
  0x70, 0x62, 0xfa, 0x03, 0x00, 0xe2, 0x0f, 0x00, 0x47, 0x69, 0x10, 0x00,
  0x00, 0x00, 0x00, 0x00, 0x00, 0x00, 0x80, 0x03, 0x00, 0xd8, 0x0f, 0x00,
  0x24, 0x7e, 0xb1, 0xff, 0x08, 0x00, 0x00, 0x00, 0xff, 0x00, 0x8e, 0x0f,
  0x00, 0xe2, 0x0f, 0x00, 0x12, 0x78, 0x16, 0x16, 0x01, 0x00, 0x00, 0x00,
  0xff, 0x3c, 0x8e, 0x07, 0x00, 0xc8, 0x0f, 0x00, 0x11, 0x82, 0x24, 0xb1,
  0x14, 0x00, 0x00, 0x00, 0xff, 0x20, 0x8e, 0x07, 0x00, 0xc8, 0x0f, 0x00,
  0xa7, 0x89, 0xff, 0x24, 0xff, 0x50, 0x80, 0x02, 0x3f, 0x00, 0x10, 0x08,
  0x00, 0xe6, 0x01, 0x00, 0x41, 0x79, 0x00, 0x00, 0x00, 0x00, 0x00, 0x00,
  0x00, 0x00, 0x80, 0x03, 0x00, 0xea, 0x0f, 0x00, 0x23, 0x92, 0x22, 0x0e,
  0x50, 0x00, 0x00, 0x00, 0x27, 0x00, 0x01, 0x00, 0x00, 0xe2, 0x0f, 0x00,
  0x36, 0xb8, 0x27, 0x19, 0x19, 0x00, 0x00, 0x00, 0x00, 0x00, 0x00, 0x00,
  0x00, 0xe4, 0x0f, 0x00, 0x20, 0xbc, 0x2b, 0x2b, 0x0a, 0x00, 0x00, 0x00,
  0x00, 0x00, 0x41, 0x08, 0x00, 0xe2, 0x0f, 0x00, 0x89, 0x7f, 0xb1, 0x2a,
  0x00, 0x1f, 0x20, 0x0c, 0x00, 0x00, 0x0e, 0x00, 0x00, 0x62, 0x0e, 0x00,
  0x02, 0x78, 0x24, 0x00, 0xff, 0xff, 0x7f, 0xff, 0x00, 0x0f, 0x00, 0x00,
  0x00, 0xe2, 0x1f, 0x00, 0x20, 0xdc, 0x2f, 0x2f, 0x0a, 0x00, 0x00, 0x00,
  0x00, 0x00, 0x41, 0x08, 0x00, 0xe2, 0x0f, 0x00, 0x45, 0xb2, 0x50, 0x00,
  0x27, 0x00, 0x00, 0x00, 0x00, 0x14, 0x20, 0x00, 0x00, 0xe2, 0x0f, 0x00,
  0x20, 0x7c, 0x27, 0x2e, 0x0a, 0x00, 0x00, 0x00, 0x00, 0x00, 0x41, 0x08,
  0x00, 0xe2, 0x0f, 0x00, 0x20, 0xbc, 0x2b, 0x2b, 0x0d, 0x00, 0x00, 0x00,
  0x00, 0x00, 0x41, 0x08, 0x00, 0xe2, 0x0f, 0x00, 0x08, 0x78, 0x26, 0x26,
  0xff, 0xff, 0x7f, 0xff, 0x00, 0x00, 0x00, 0x05, 0x00, 0xe2, 0x0f, 0x00,
  0x20, 0xdc, 0x2f, 0x2f, 0x0d, 0x00, 0x00, 0x00, 0x00, 0x00, 0x41, 0x08,
  0x00, 0xe2, 0x0f, 0x00, 0x0c, 0x72, 0x00, 0xb2, 0x0a, 0x00, 0x00, 0x00,
  0x70, 0x62, 0xf4, 0x03, 0x00, 0xe2, 0x0f, 0x00, 0x23, 0x7c, 0x28, 0x27,
  0x0d, 0x00, 0x00, 0x00, 0x28, 0x00, 0x01, 0x08, 0x00, 0xe2, 0x0f, 0x00,
  0x23, 0xb2, 0x24, 0x0e, 0x50, 0x00, 0x00, 0x00, 0x2b, 0x00, 0x01, 0x00,
  0x00, 0xe2, 0x0f, 0x00, 0x36, 0xd8, 0x2b, 0x19, 0x21, 0x00, 0x00, 0x00,
  0x00, 0x00, 0x00, 0x00, 0x00, 0xe2, 0x0f, 0x00, 0x0c, 0x72, 0x00, 0xb2,
  0x0a, 0x00, 0x00, 0x00, 0x70, 0x42, 0xf2, 0x03, 0x00, 0xe2, 0x0f, 0x08,
  0x24, 0x74, 0x54, 0xff, 0xff, 0xff, 0x7f, 0xff, 0xff, 0x00, 0x8e, 0x07,
  0x00, 0xe2, 0x0f, 0x00, 0x08, 0x78, 0x28, 0x28, 0xff, 0xff, 0x7f, 0xff,
  0x00, 0x00, 0x00, 0x06, 0x00, 0xe2, 0x0f, 0x00, 0x99, 0x72, 0x12, 0x3f,
  0x04, 0x00, 0x00, 0x00, 0x05, 0x16, 0x01, 0x08, 0x00, 0xe2, 0x0f, 0x00,
  0x45, 0xd2, 0x2e, 0x00, 0x2b, 0x00, 0x00, 0x00, 0x00, 0x14, 0x20, 0x00,
  0x00, 0xe2, 0x0f, 0x00, 0x20, 0x7c, 0x2b, 0x32, 0x0a, 0x00, 0x00, 0x00,
  0x00, 0x00, 0x41, 0x08, 0x00, 0xe2, 0x0f, 0x00, 0x0c, 0x72, 0x00, 0xb0,
  0x0a, 0x00, 0x00, 0x00, 0x70, 0x62, 0xf8, 0x03, 0x00, 0xe2, 0x0f, 0x00,
  0x92, 0x78, 0x12, 0x12, 0x01, 0x00, 0x00, 0x00, 0x3f, 0xc0, 0x8e, 0x0f,
  0x00, 0xe2, 0x0f, 0x00, 0x02, 0x78, 0x27, 0x00, 0xff, 0xff, 0x7f, 0xff,
  0x00, 0x0f, 0x00, 0x00, 0x00, 0xe2, 0x0f, 0x00, 0x23, 0x7c, 0x2b, 0x2b,
  0x0d, 0x00, 0x00, 0x00, 0x2c, 0x00, 0x01, 0x08, 0x00, 0xe2, 0x0f, 0x00,
  0x23, 0xd2, 0x27, 0x0e, 0x2e, 0x00, 0x00, 0x00, 0x2f, 0x00, 0x01, 0x00,
  0x00, 0xe2, 0x0f, 0x00, 0x36, 0xa8, 0x2c, 0x19, 0x29, 0x00, 0x00, 0x00,
  0x00, 0x00, 0x00, 0x00, 0x00, 0xc4, 0x0f, 0x00, 0x20, 0x7c, 0x2f, 0x36,
  0x0a, 0x00, 0x00, 0x00, 0x00, 0x00, 0x41, 0x08, 0x00, 0xe2, 0x0f, 0x00,
  0x20, 0xac, 0x33, 0x33, 0x0a, 0x00, 0x00, 0x00, 0x00, 0x00, 0x41, 0x08,
  0x00, 0xe2, 0x0f, 0x00, 0x08, 0x78, 0x2b, 0x2b, 0xff, 0xff, 0x7f, 0xff,
  0x00, 0x00, 0x80, 0x04, 0x00, 0xe4, 0x0f, 0x00, 0x0c, 0x72, 0x00, 0xaf,
  0x0a, 0x00, 0x00, 0x00, 0x70, 0x62, 0xf2, 0x03, 0x00, 0xe2, 0x0f, 0x00,
  0x23, 0x7c, 0x2e, 0x2f, 0x0d, 0x00, 0x00, 0x00, 0x30, 0x00, 0x01, 0x08,
  0x00, 0xe2, 0x0f, 0x00, 0x45, 0xa2, 0x2c, 0x00, 0x2c, 0x00, 0x00, 0x00,
  0x00, 0x14, 0x20, 0x00, 0x00, 0xe2, 0x0f, 0x00, 0x20, 0xac, 0x33, 0x33,
  0x0d, 0x00, 0x00, 0x00, 0x00, 0x00, 0x41, 0x08, 0x00, 0xe2, 0x0f, 0x00,
  0x36, 0xc8, 0x2f, 0x19, 0x31, 0x00, 0x00, 0x00, 0x00, 0x00, 0x00, 0x00,
  0x00, 0xe2, 0x0f, 0x00, 0x09, 0x72, 0xb1, 0x2a, 0xb1, 0x00, 0x00, 0x00,
  0x00, 0x00, 0x81, 0x07, 0x00, 0xe2, 0x2f, 0x00, 0x20, 0xcc, 0x37, 0x37,
  0x0a, 0x00, 0x00, 0x00, 0x00, 0x00, 0x41, 0x08, 0x00, 0xe2, 0x0f, 0x00,
  0x02, 0x78, 0x2a, 0x00, 0xff, 0xff, 0x7f, 0xff, 0x00, 0x0f, 0x00, 0x00,
  0x00, 0xe2, 0x0f, 0x00, 0x23, 0xa2, 0x2a, 0x0e, 0x2c, 0x00, 0x00, 0x00,
  0x33, 0x00, 0x01, 0x00, 0x00, 0xe2, 0x0f, 0x00, 0x0c, 0x72, 0x00, 0xb0,
  0x0a, 0x00, 0x00, 0x00, 0x70, 0x42, 0xf6, 0x03, 0x00, 0xe2, 0x0f, 0x08,
  0x89, 0x7f, 0x32, 0xb1, 0x00, 0x1f, 0x40, 0x0c, 0x00, 0x00, 0x0e, 0x00,
  0x00, 0x22, 0x0e, 0x00, 0x45, 0xc2, 0x33, 0x00, 0x2f, 0x00, 0x00, 0x00,
  0x00, 0x14, 0x20, 0x00, 0x00, 0xe2, 0x0f, 0x00, 0x20, 0xcc, 0x37, 0x37,
  0x0d, 0x00, 0x00, 0x00, 0x00, 0x00, 0x41, 0x08, 0x00, 0xe2, 0x0f, 0x00,
  0x08, 0x78, 0x2e, 0x2e, 0xff, 0xff, 0x7f, 0xff, 0x00, 0x00, 0x80, 0x05,
  0x00, 0xe2, 0x0f, 0x00, 0x20, 0x9c, 0x3b, 0x3b, 0x0a, 0x00, 0x00, 0x00,
  0x00, 0x00, 0x41, 0x08, 0x00, 0xe2, 0x0f, 0x00, 0x02, 0x78, 0x2c, 0x00,
  0xff, 0xff, 0x7f, 0xff, 0x00, 0x0f, 0x00, 0x00, 0x00, 0xe2, 0x0f, 0x00,
  0x23, 0xc2, 0x2c, 0x0e, 0x33, 0x00, 0x00, 0x00, 0x37, 0x00, 0x01, 0x00,
  0x00, 0xe2, 0x0f, 0x00, 0x0c, 0x72, 0x00, 0xae, 0x0a, 0x00, 0x00, 0x00,
  0x70, 0x62, 0xf6, 0x03, 0x00, 0xe2, 0x0f, 0x00, 0x36, 0x98, 0x33, 0x19,
  0x39, 0x00, 0x00, 0x00, 0x00, 0x00, 0x00, 0x00, 0x00, 0xc4, 0x0f, 0x00,
  0x20, 0x7c, 0x2f, 0x3a, 0x0a, 0x00, 0x00, 0x00, 0x00, 0x00, 0x41, 0x08,
  0x00, 0xe2, 0x0f, 0x00, 0x20, 0x9c, 0x3b, 0x3b, 0x0d, 0x00, 0x00, 0x00,
  0x00, 0x00, 0x41, 0x08, 0x00, 0xe2, 0x0f, 0x00, 0x0c, 0x72, 0x00, 0xac,
  0x0a, 0x00, 0x00, 0x00, 0x70, 0x62, 0xf8, 0x03, 0x00, 0xe4, 0x0f, 0x08,
  0x45, 0x92, 0x36, 0x00, 0x33, 0x00, 0x00, 0x00, 0x00, 0x14, 0x20, 0x00,
  0x00, 0xe2, 0x0f, 0x00, 0x23, 0x7c, 0x30, 0x2f, 0x0d, 0x00, 0x00, 0x00,
  0x34, 0x00, 0x01, 0x08, 0x00, 0xe2, 0x0f, 0x00, 0x02, 0x78, 0x2f, 0x00,
  0xff, 0xff, 0x7f, 0xff, 0x00, 0x0f, 0x00, 0x00, 0x00, 0xe2, 0x0f, 0x00,
  0x20, 0x7c, 0x33, 0x3e, 0x0a, 0x00, 0x00, 0x00, 0x00, 0x00, 0x41, 0x08,
  0x00, 0xe2, 0x0f, 0x00, 0x0c, 0x72, 0x00, 0xae, 0x0a, 0x00, 0x00, 0x00,
  0x70, 0x42, 0xf4, 0x03, 0x00, 0xe2, 0x0f, 0x00, 0x23, 0x92, 0x2f, 0x0e,
  0x36, 0x00, 0x00, 0x00, 0x3b, 0x00, 0x01, 0x00, 0x00, 0xe2, 0x0f, 0x00,
  0x0c, 0x72, 0x00, 0xaa, 0x0a, 0x00, 0x00, 0x00, 0x70, 0x62, 0xf2, 0x03,
  0x00, 0xe2, 0x0f, 0x00, 0x36, 0xb8, 0x36, 0x19, 0x41, 0x00, 0x00, 0x00,
  0x00, 0x00, 0x00, 0x00, 0x00, 0xc4, 0x0f, 0x00, 0x20, 0xbc, 0x3f, 0x3f,
  0x0a, 0x00, 0x00, 0x00, 0x00, 0x00, 0x41, 0x08, 0x00, 0xe2, 0x0f, 0x00,
  0x23, 0x7c, 0x34, 0x33, 0x0d, 0x00, 0x00, 0x00, 0x38, 0x00, 0x01, 0x08,
  0x00, 0xe2, 0x0f, 0x00, 0x02, 0x78, 0x33, 0x00, 0xff, 0xff, 0x7f, 0xff,
  0x00, 0x0f, 0x00, 0x00, 0x00, 0xe2, 0x0f, 0x00, 0x20, 0xcc, 0x43, 0x43,
  0x0a, 0x00, 0x00, 0x00, 0x00, 0x00, 0x41, 0x08, 0x00, 0xe2, 0x0f, 0x00,
  0x45, 0xb2, 0x36, 0x00, 0x36, 0x00, 0x00, 0x00, 0x00, 0x14, 0x20, 0x00,
  0x00, 0xe2, 0x0f, 0x00, 0x20, 0xbc, 0x3f, 0x3f, 0x0d, 0x00, 0x00, 0x00,
  0x00, 0x00, 0x41, 0x08, 0x00, 0xe2, 0x0f, 0x00, 0x09, 0x72, 0x38, 0xb1,
  0x32, 0x00, 0x00, 0x00, 0x00, 0x00, 0x81, 0x07, 0x00, 0xe2, 0x1f, 0x00,
  0x24, 0x74, 0x32, 0xff, 0xff, 0xff, 0x7f, 0xff, 0xff, 0x00, 0x8e, 0x07,
  0x00, 0xe2, 0x0f, 0x00, 0x10, 0xc8, 0x37, 0x19, 0x49, 0x00, 0x00, 0x00,
  0xff, 0xe0, 0xff, 0x07, 0x00, 0xe2, 0x0f, 0x00, 0x23, 0xb2, 0x32, 0x0e,
  0x36, 0x00, 0x00, 0x00, 0x3f, 0x00, 0x01, 0x00, 0x00, 0xe2, 0x0f, 0x00,
  0x20, 0x7c, 0x3f, 0x46, 0x0a, 0x00, 0x00, 0x00, 0x00, 0x00, 0x41, 0x08,
  0x00, 0xe2, 0x0f, 0x00, 0x20, 0xcc, 0x43, 0x43, 0x0d, 0x00, 0x00, 0x00,
  0x00, 0x00, 0x41, 0x08, 0x00, 0xe2, 0x0f, 0x00, 0x45, 0xc2, 0x3a, 0x00,
  0x37, 0x00, 0x00, 0x00, 0x00, 0x14, 0x20, 0x00, 0x00, 0xe2, 0x0f, 0x00,
  0x20, 0x9c, 0x47, 0x47, 0x0a, 0x00, 0x00, 0x00, 0x00, 0x00, 0x41, 0x08,
  0x00, 0xe2, 0x0f, 0x00, 0x23, 0x7c, 0x50, 0x3f, 0x0d, 0x00, 0x00, 0x00,
  0x40, 0x00, 0x01, 0x08, 0x00, 0xe2, 0x0f, 0x00, 0x09, 0x72, 0x3f, 0x18,
  0xa3, 0x00, 0x00, 0x00, 0x00, 0x00, 0x81, 0x07, 0x00, 0xe2, 0x0f, 0x00,
  0x20, 0x7c, 0x3b, 0x42, 0x0a, 0x00, 0x00, 0x00, 0x00, 0x00, 0x41, 0x08,
  0x00, 0xe2, 0x0f, 0x00, 0x23, 0xc2, 0x33, 0x0e, 0x3a, 0x00, 0x00, 0x00,
  0x43, 0x00, 0x01, 0x00, 0x00, 0xe2, 0x0f, 0x00, 0x08, 0x78, 0x34, 0x34,
  0xff, 0xff, 0x7f, 0xff, 0x00, 0x00, 0x00, 0x05, 0x00, 0xe2, 0x0f, 0x00,
  0x36, 0x98, 0x3a, 0x19, 0x51, 0x00, 0x00, 0x00, 0x00, 0x00, 0x00, 0x00,
  0x00, 0xe2, 0x0f, 0x00, 0x09, 0x72, 0x43, 0x1c, 0x3f, 0x00, 0x00, 0x00,
  0x00, 0x00, 0x81, 0x07, 0x00, 0xe2, 0x0f, 0x00, 0x20, 0x9c, 0x47, 0x47,
  0x0d, 0x00, 0x00, 0x00, 0x00, 0x00, 0x41, 0x08, 0x00, 0xe2, 0x0f, 0x00,
  0x0c, 0x72, 0x00, 0xa8, 0x0a, 0x00, 0x00, 0x00, 0x70, 0x62, 0xf4, 0x03,
  0x00, 0xe2, 0x0f, 0x00, 0x23, 0x7c, 0x46, 0x3b, 0x0d, 0x00, 0x00, 0x00,
  0x3c, 0x00, 0x01, 0x08, 0x00, 0xe2, 0x0f, 0x00, 0x09, 0x72, 0x43, 0x43,
  0x1a, 0x00, 0x00, 0x00, 0x00, 0x00, 0x81, 0x07, 0x00, 0xe2, 0x0f, 0x00,
  0x24, 0x74, 0x3b, 0xff, 0xff, 0xff, 0x7f, 0xff, 0xff, 0x00, 0x8e, 0x07,
  0x00, 0xe2, 0x0f, 0x00, 0x45, 0x92, 0x3e, 0x00, 0x3a, 0x00, 0x00, 0x00,
  0x00, 0x14, 0x20, 0x00, 0x00, 0xe2, 0x0f, 0x00, 0x24, 0x74, 0xae, 0xff,
  0xff, 0xff, 0x7f, 0xff, 0xff, 0x00, 0x8e, 0x07, 0x00, 0xe2, 0x0f, 0x00,
  0x09, 0x72, 0x40, 0x1e, 0x43, 0x00, 0x00, 0x00, 0x00, 0x00, 0x81, 0x07,
  0x00, 0xc4, 0x0f, 0x00, 0x02, 0x78, 0x36, 0x00, 0xff, 0xff, 0x7f, 0xff,
  0x00, 0x0f, 0x00, 0x00, 0x00, 0xe2, 0x0f, 0x00, 0x23, 0x92, 0x36, 0x0e,
  0x3e, 0x00, 0x00, 0x00, 0x47, 0x00, 0x01, 0x00, 0x00, 0xe2, 0x0f, 0x00,
  0x09, 0x72, 0x43, 0x40, 0x1f, 0x00, 0x00, 0x00, 0x00, 0x00, 0x81, 0x07,
  0x00, 0xe4, 0x0f, 0x00, 0x0c, 0x72, 0x00, 0xaf, 0x0a, 0x00, 0x00, 0x00,
  0x70, 0x42, 0xfa, 0x03, 0x00, 0xe2, 0x0f, 0x00, 0x20, 0xac, 0x4b, 0x4b,
  0x0a, 0x00, 0x00, 0x00, 0x00, 0x00, 0x41, 0x08, 0x00, 0xe2, 0x0f, 0x00,
  0x10, 0xa8, 0x3e, 0x19, 0x59, 0x00, 0x00, 0x00, 0xff, 0xe0, 0xff, 0x07,
  0x00, 0xe4, 0x0f, 0x00, 0x09, 0x72, 0x47, 0x20, 0x43, 0x00, 0x00, 0x00,
  0x00, 0x00, 0x81, 0x07, 0x00, 0xe2, 0x0f, 0x00, 0x20, 0xac, 0x4b, 0x4b,
  0x0d, 0x00, 0x00, 0x00, 0x00, 0x00, 0x41, 0x08, 0x00, 0xe2, 0x0f, 0x00,
  0x45, 0xa2, 0x42, 0x00, 0x3e, 0x00, 0x00, 0x00, 0x00, 0x14, 0x20, 0x00,
  0x00, 0xc4, 0x0f, 0x00, 0x08, 0x78, 0x30, 0x30, 0xff, 0xff, 0x7f, 0xff,
  0x00, 0x00, 0x80, 0x06, 0x00, 0xe4, 0x0f, 0x00, 0x0c, 0x72, 0x00, 0xac,
  0x0a, 0x00, 0x00, 0x00, 0x70, 0x42, 0xfa, 0x03, 0x00, 0xe2, 0x0f, 0x00,
  0x23, 0xa2, 0x3b, 0x0e, 0x42, 0x00, 0x00, 0x00, 0x4b, 0x00, 0x01, 0x00,
  0x00, 0xe2, 0x0f, 0x00, 0x09, 0x72, 0x47, 0x47, 0x22, 0x00, 0x00, 0x00,
  0x00, 0x00, 0x81, 0x07, 0x00, 0xe4, 0x0f, 0x00, 0x08, 0x78, 0x46, 0x46,
  0xff, 0xff, 0x7f, 0xff, 0x00, 0x00, 0x80, 0x06, 0x00, 0xe4, 0x0f, 0x00,
  0x09, 0x72, 0x4b, 0x26, 0x47, 0x00, 0x00, 0x00, 0x00, 0x00, 0x81, 0x07,
  0x00, 0xe2, 0x0f, 0x00, 0x20, 0x7c, 0x47, 0x4a, 0x0a, 0x00, 0x00, 0x00,
  0x00, 0x00, 0x41, 0x08, 0x00, 0xe2, 0x0f, 0x00, 0x0c, 0x72, 0x00, 0xa4,
  0x0a, 0x00, 0x00, 0x00, 0x70, 0x62, 0xfa, 0x03, 0x00, 0xc4, 0x0f, 0x00,
  0x09, 0x72, 0x4b, 0x4b, 0x24, 0x00, 0x00, 0x00, 0x00, 0x00, 0x81, 0x07,
  0x00, 0xe4, 0x0f, 0x00, 0x09, 0x72, 0x38, 0x38, 0xa1, 0x00, 0x00, 0x00,
  0x00, 0x00, 0x81, 0x07, 0x00, 0xe4, 0x0f, 0x00, 0x09, 0x72, 0x42, 0x28,
  0x4b, 0x00, 0x00, 0x00, 0x00, 0x00, 0x81, 0x07, 0x00, 0xe4, 0x0f, 0x00,
  0x0c, 0x72, 0x00, 0xa4, 0x0a, 0x00, 0x00, 0x00, 0x70, 0x42, 0xf2, 0x03,
  0x00, 0xe2, 0x0f, 0x00, 0x21, 0x72, 0xa5, 0x38, 0xa5, 0x00, 0x00, 0x00,
  0x00, 0x01, 0x01, 0x00, 0x00, 0xe2, 0x0f, 0x00, 0x09, 0x72, 0x42, 0x42,
  0x27, 0x00, 0x00, 0x00, 0x00, 0x00, 0x81, 0x07, 0x00, 0xe2, 0x0f, 0x00,
  0x21, 0x72, 0xa7, 0x38, 0xa7, 0x00, 0x00, 0x00, 0x00, 0x01, 0x01, 0x00,
  0x00, 0xe2, 0x0f, 0x00, 0x23, 0x7c, 0xa4, 0x47, 0x0d, 0x00, 0x00, 0x00,
  0xb8, 0x00, 0x01, 0x08, 0x00, 0xe2, 0x0f, 0x00, 0x10, 0xd8, 0x4a, 0x19,
  0x61, 0x00, 0x00, 0x00, 0xff, 0xe0, 0xff, 0x07, 0x00, 0xe2, 0x0f, 0x00,
  0x20, 0xdc, 0x4f, 0x4f, 0x0a, 0x00, 0x00, 0x00, 0x00, 0x00, 0x41, 0x08,
  0x00, 0xe2, 0x0f, 0x00, 0x09, 0x72, 0x4b, 0x2b, 0x42, 0x00, 0x00, 0x00,
  0x00, 0x00, 0x81, 0x07, 0x00, 0xe2, 0x0f, 0x00, 0x20, 0x78, 0x47, 0xa5,
  0x3b, 0xaa, 0xb8, 0x3f, 0x00, 0x00, 0x41, 0x00, 0x00, 0xe2, 0x0f, 0x00,
  0x45, 0xd2, 0x4a, 0x00, 0x4a, 0x00, 0x00, 0x00, 0x00, 0x14, 0x20, 0x00,
  0x00, 0xe2, 0x0f, 0x00, 0x20, 0xdc, 0x4f, 0x4f, 0x0d, 0x00, 0x00, 0x00,
  0x00, 0x00, 0x41, 0x08, 0x00, 0xe2, 0x0f, 0x00, 0x09, 0x72, 0x4b, 0x4b,
  0x2a, 0x00, 0x00, 0x00, 0x00, 0x00, 0x81, 0x07, 0x00, 0xe2, 0x0f, 0x00,
  0x20, 0x78, 0xa5, 0xa7, 0x3b, 0xaa, 0xb8, 0x3f, 0x00, 0x00, 0x41, 0x00,
  0x00, 0xe2, 0x0f, 0x00, 0x0c, 0x72, 0x00, 0xa8, 0x0a, 0x00, 0x00, 0x00,
  0x70, 0x42, 0xf8, 0x03, 0x00, 0xe2, 0x0f, 0x00, 0x23, 0xd2, 0x54, 0x0e,
  0x4a, 0x00, 0x00, 0x00, 0x4f, 0x00, 0x01, 0x00, 0x00, 0xe2, 0x0f, 0x00,
  0x09, 0x72, 0x4f, 0x2e, 0x4b, 0x00, 0x00, 0x00, 0x00, 0x00, 0x81, 0x07,
  0x00, 0xe2, 0x0f, 0x00, 0x21, 0x72, 0xb6, 0xb6, 0x38, 0x00, 0x00, 0x80,
  0x00, 0x00, 0x01, 0x00, 0x00, 0xe2, 0x0f, 0x10, 0x08, 0x78, 0xa4, 0xa4,
  0xff, 0xff, 0x7f, 0xff, 0x00, 0x00, 0x00, 0x06, 0x00, 0xe2, 0x0f, 0x00,
  0x08, 0x73, 0x4b, 0x00, 0xa5, 0x00, 0x00, 0x00, 0x00, 0x08, 0x00, 0x00,
  0x00, 0xe2, 0x01, 0x00, 0x09, 0x72, 0x4f, 0x4f, 0x2c, 0x00, 0x00, 0x00,
  0x00, 0x00, 0x81, 0x07, 0x00, 0xe2, 0x0f, 0x00, 0x20, 0x78, 0x37, 0xb6,
  0x3b, 0xaa, 0xb8, 0x3f, 0x00, 0x00, 0x41, 0x00, 0x00, 0xe2, 0x0f, 0x00,
  0x0c, 0x72, 0x00, 0x41, 0x0a, 0x00, 0x00, 0x00, 0x70, 0x62, 0xfa, 0x03,
  0x00, 0xe2, 0x0f, 0x08, 0x21, 0x72, 0x23, 0x23, 0x38, 0x00, 0x00, 0x80,
  0x00, 0x00, 0x01, 0x00, 0x00, 0xe2, 0x0f, 0x00, 0x09, 0x72, 0x4a, 0x30,
  0x4f, 0x00, 0x00, 0x00, 0x00, 0x00, 0x81, 0x07, 0x00, 0xe2, 0x0f, 0x00,
  0x20, 0x7c, 0x4f, 0x52, 0x0a, 0x00, 0x00, 0x00, 0x00, 0x00, 0x41, 0x08,
  0x00, 0xe2, 0x0f, 0x00, 0x0c, 0x72, 0x00, 0x41, 0x0a, 0x00, 0x00, 0x00,
  0x70, 0x42, 0xf8, 0x03, 0x00, 0xe2, 0x0f, 0x08, 0x20, 0x7c, 0x41, 0x4e,
  0x0a, 0x00, 0x00, 0x00, 0x00, 0x00, 0x41, 0x08, 0x00, 0xe2, 0x0f, 0x00,
  0x09, 0x72, 0xa7, 0x4a, 0x2f, 0x00, 0x00, 0x00, 0x00, 0x00, 0x81, 0x07,
  0x00, 0xe2, 0x0f, 0x00, 0x20, 0x7c, 0xa5, 0x56, 0x0a, 0x00, 0x00, 0x00,
  0x00, 0x00, 0x41, 0x08, 0x00, 0xe2, 0x1f, 0x00, 0x0c, 0x72, 0x00, 0xaa,
  0x0a, 0x00, 0x00, 0x00, 0x70, 0x42, 0xf6, 0x03, 0x00, 0xe2, 0x0f, 0x00,
  0x23, 0x7c, 0x41, 0x41, 0x0d, 0x00, 0x00, 0x00, 0x44, 0x00, 0x01, 0x08,
  0x00, 0xe2, 0x0f, 0x00, 0x09, 0x72, 0xa7, 0x34, 0xa7, 0x00, 0x00, 0x00,
  0x00, 0x00, 0x81, 0x07, 0x00, 0xe2, 0x0f, 0x00, 0x23, 0x7c, 0xa5, 0xa5,
  0x0d, 0x00, 0x00, 0x00, 0x48, 0x00, 0x01, 0x08, 0x00, 0xe2, 0x0f, 0x00,
  0x08, 0x78, 0x50, 0x50, 0xff, 0xff, 0x7f, 0xff, 0x00, 0x00, 0x80, 0x05,
  0x00, 0xe2, 0x0f, 0x00, 0x21, 0x72, 0x4e, 0x38, 0x1b, 0x00, 0x00, 0x00,
  0x00, 0x01, 0x01, 0x00, 0x00, 0xe2, 0x0f, 0x00, 0x09, 0x72, 0xa7, 0xa7,
  0x32, 0x00, 0x00, 0x00, 0x00, 0x00, 0x81, 0x07, 0x00, 0xe2, 0x0f, 0x00,
  0x23, 0x7c, 0x4f, 0x4f, 0x0d, 0x00, 0x00, 0x00, 0x4c, 0x00, 0x01, 0x08,
  0x00, 0xe2, 0x0f, 0x00, 0x0c, 0x72, 0x00, 0xa6, 0x0a, 0x00, 0x00, 0x00,
  0x70, 0x62, 0xf6, 0x03, 0x00, 0xe2, 0x0f, 0x08, 0x20, 0x78, 0x4a, 0x4e,
  0x3b, 0xaa, 0xb8, 0x3f, 0x00, 0x00, 0x41, 0x00, 0x00, 0xe2, 0x0f, 0x00,
  0x09, 0x72, 0x44, 0x46, 0xa7, 0x00, 0x00, 0x00, 0x00, 0x00, 0x81, 0x07,
  0x00, 0xe2, 0x0f, 0x00, 0x21, 0x72, 0x4e, 0x38, 0x25, 0x00, 0x00, 0x00,
  0x00, 0x01, 0x01, 0x00, 0x00, 0xe2, 0x0f, 0x00, 0x08, 0x78, 0xb2, 0x41,
  0xff, 0xff, 0x7f, 0xff, 0x00, 0x00, 0x80, 0x04, 0x00, 0xe2, 0x0f, 0x00,
  0x20, 0xdc, 0x57, 0x57, 0x0a, 0x00, 0x00, 0x00, 0x00, 0x00, 0x41, 0x08,
  0x00, 0xe2, 0x0f, 0x00, 0x09, 0x72, 0xa7, 0x44, 0x33, 0x00, 0x00, 0x00,
  0x00, 0x00, 0x81, 0x07, 0x00, 0xe2, 0x0f, 0x00, 0x20, 0x78, 0x44, 0x4e,
  0x3b, 0xaa, 0xb8, 0x3f, 0x00, 0x00, 0x41, 0x00, 0x00, 0xe2, 0x0f, 0x00,
  0x0c, 0x72, 0x00, 0xa6, 0x0a, 0x00, 0x00, 0x00, 0x70, 0x42, 0xf4, 0x03,
  0x00, 0xe2, 0x0f, 0x00, 0x21, 0x72, 0x4e, 0x38, 0x21, 0x00, 0x00, 0x00,
  0x00, 0x01, 0x01, 0x00, 0x00, 0xe2, 0x0f, 0x00, 0x09, 0x72, 0xa7, 0x50,
  0xa7, 0x00, 0x00, 0x00, 0x00, 0x00, 0x81, 0x07, 0x00, 0xe2, 0x0f, 0x00,
  0x20, 0xdc, 0x57, 0x57, 0x0d, 0x00, 0x00, 0x00, 0x00, 0x00, 0x41, 0x08,
  0x00, 0xe2, 0x0f, 0x00, 0x08, 0x78, 0xb4, 0x4f, 0xff, 0xff, 0x7f, 0xff,
  0x00, 0x00, 0x00, 0x05, 0x00, 0xe2, 0x0f, 0x00, 0x36, 0xb8, 0x52, 0x19,
  0x69, 0x00, 0x00, 0x00, 0x00, 0x00, 0x00, 0x00, 0x00, 0xe2, 0x0f, 0x00,
  0x09, 0x72, 0xa7, 0xa7, 0x36, 0x00, 0x00, 0x00, 0x00, 0x00, 0x81, 0x07,
  0x00, 0xe2, 0x0f, 0x00, 0x20, 0xbc, 0x53, 0x53, 0x0a, 0x00, 0x00, 0x00,
  0x00, 0x00, 0x41, 0x08, 0x00, 0xe2, 0x0f, 0x00, 0x02, 0x78, 0x4c, 0x00,
  0xff, 0xff, 0x7f, 0xff, 0x00, 0x0f, 0x00, 0x00, 0x00, 0xe2, 0x0f, 0x00,
  0x21, 0x72, 0x29, 0x38, 0x29, 0x00, 0x00, 0x00, 0x00, 0x01, 0x01, 0x00,
  0x00, 0xe2, 0x0f, 0x00, 0x09, 0x72, 0x48, 0xa4, 0xa7, 0x00, 0x00, 0x00,
  0x00, 0x00, 0x81, 0x07, 0x00, 0xe2, 0x0f, 0x00, 0x20, 0xbc, 0x53, 0x53,
  0x0d, 0x00, 0x00, 0x00, 0x00, 0x00, 0x41, 0x08, 0x00, 0xe2, 0x0f, 0x00,
  0x45, 0xb2, 0x52, 0x00, 0x52, 0x00, 0x00, 0x00, 0x00, 0x14, 0x20, 0x00,
  0x00, 0xe2, 0x0f, 0x00, 0x20, 0x78, 0x56, 0x29, 0x3b, 0xaa, 0xb8, 0x3f,
  0x00, 0x00, 0x41, 0x00, 0x00, 0xe2, 0x0f, 0x00, 0x09, 0x72, 0x41, 0x48,
  0x3b, 0x00, 0x00, 0x00, 0x00, 0x00, 0x81, 0x07, 0x00, 0xe2, 0x0f, 0x00,
  0x20, 0x78, 0x48, 0x4e, 0x3b, 0xaa, 0xb8, 0x3f, 0x00, 0x00, 0x41, 0x00,
  0x00, 0xe2, 0x0f, 0x00, 0x10, 0xd8, 0x19, 0x19, 0x71, 0x00, 0x00, 0x00,
  0xff, 0xe0, 0xff, 0x07, 0x00, 0xe2, 0x0f, 0x00, 0x23, 0xb2, 0x4c, 0x0e,
  0x52, 0x00, 0x00, 0x00, 0x53, 0x00, 0x01, 0x00, 0x00, 0xe2, 0x0f, 0x00,
  0x09, 0x72, 0x41, 0xb2, 0x41, 0x00, 0x00, 0x00, 0x00, 0x00, 0x81, 0x07,
  0x00, 0xe2, 0x0f, 0x00, 0x21, 0x72, 0x39, 0x38, 0x39, 0x00, 0x00, 0x00,
  0x00, 0x01, 0x01, 0x00, 0x00, 0xe2, 0x0f, 0x00, 0x45, 0xd2, 0x4e, 0x00,
  0x19, 0x00, 0x00, 0x00, 0x00, 0x14, 0x20, 0x00, 0x00, 0xe2, 0x0f, 0x00,
  0x20, 0x78, 0x19, 0x23, 0x3b, 0xaa, 0xb8, 0x3f, 0x00, 0x00, 0x41, 0x00,
  0x00, 0xe2, 0x0f, 0x00, 0x09, 0x72, 0x41, 0x41, 0x54, 0x00, 0x00, 0x00,
  0x00, 0x00, 0x81, 0x07, 0x00, 0xe2, 0x0f, 0x00, 0x21, 0x72, 0x23, 0x49,
  0x38, 0x00, 0x00, 0x80, 0x00, 0x00, 0x01, 0x00, 0x00, 0xe2, 0x0f, 0x10,
  0x08, 0x78, 0xb6, 0xa5, 0xff, 0xff, 0x7f, 0xff, 0x00, 0x00, 0x00, 0x06,
  0x00, 0xe2, 0x0f, 0x00, 0x23, 0xd2, 0xae, 0x0e, 0x4e, 0x00, 0x00, 0x00,
  0x57, 0x00, 0x01, 0x00, 0x00, 0xe2, 0x0f, 0x00, 0x09, 0x72, 0x41, 0xb4,
  0x41, 0x00, 0x00, 0x00, 0x00, 0x00, 0x81, 0x07, 0x00, 0xe2, 0x0f, 0x00,
  0x20, 0x78, 0x39, 0x39, 0x3b, 0xaa, 0xb8, 0x3f, 0x00, 0x00, 0x41, 0x00,
  0x00, 0xe2, 0x0f, 0x00, 0x21, 0x72, 0x2d, 0x38, 0x2d, 0x00, 0x00, 0x00,
  0x00, 0x01, 0x01, 0x00, 0x00, 0xe2, 0x0f, 0x04, 0x21, 0x72, 0x35, 0x38,
  0x35, 0x00, 0x00, 0x00, 0x00, 0x01, 0x01, 0x00, 0x00, 0xe2, 0x0f, 0x04,
  0x09, 0x72, 0x41, 0x41, 0x4c, 0x00, 0x00, 0x00, 0x00, 0x00, 0x81, 0x07,
  0x00, 0xe2, 0x0f, 0x00, 0x08, 0x73, 0xa6, 0x00, 0x39, 0x00, 0x00, 0x00,
  0x00, 0x08, 0x00, 0x00, 0x00, 0xe2, 0x0f, 0x00, 0x20, 0x78, 0x2d, 0x2d,
  0x3b, 0xaa, 0xb8, 0x3f, 0x00, 0x00, 0x41, 0x00, 0x00, 0xe2, 0x0f, 0x00,
  0x21, 0x72, 0xad, 0x38, 0xad, 0x00, 0x00, 0x00, 0x00, 0x01, 0x01, 0x00,
  0x00, 0xe2, 0x0f, 0x00, 0x09, 0x72, 0x41, 0xb6, 0x41, 0x00, 0x00, 0x00,
  0x00, 0x00, 0x81, 0x07, 0x00, 0xe2, 0x0f, 0x00, 0x20, 0x78, 0x35, 0x35,
  0x3b, 0xaa, 0xb8, 0x3f, 0x00, 0x00, 0x41, 0x00, 0x00, 0xe2, 0x0f, 0x00,
  0x21, 0x72, 0xbb, 0xbb, 0x38, 0x00, 0x00, 0x80, 0x00, 0x00, 0x01, 0x00,
  0x00, 0xe2, 0x0f, 0x10, 0x20, 0x78, 0x3a, 0xad, 0x3b, 0xaa, 0xb8, 0x3f,
  0x00, 0x00, 0x41, 0x00, 0x00, 0xe2, 0x0f, 0x00, 0x09, 0x72, 0x49, 0x41,
  0xae, 0x00, 0x00, 0x00, 0x00, 0x00, 0x81, 0x07, 0x00, 0xe2, 0x0f, 0x00,
  0x08, 0x73, 0x52, 0x00, 0x2d, 0x00, 0x00, 0x00, 0x00, 0x08, 0x00, 0x00,
  0x00, 0xe2, 0x01, 0x00, 0x20, 0x78, 0x3c, 0xbb, 0x3b, 0xaa, 0xb8, 0x3f,
  0x00, 0x00, 0x41, 0x00, 0x00, 0xe2, 0x0f, 0x00, 0x21, 0x72, 0xab, 0x38,
  0xab, 0x00, 0x00, 0x00, 0x00, 0x01, 0x01, 0x00, 0x00, 0xe2, 0x0f, 0x04,
  0x21, 0x72, 0x31, 0x38, 0x31, 0x00, 0x00, 0x00, 0x00, 0x01, 0x01, 0x00,
  0x00, 0xe2, 0x0f, 0x04, 0x89, 0x7f, 0xa8, 0x49, 0x00, 0x1f, 0x20, 0x0c,
  0x00, 0x00, 0x0e, 0x00, 0x00, 0x62, 0x0e, 0x00, 0x21, 0x72, 0xbd, 0xbd,
  0x38, 0x00, 0x00, 0x80, 0x00, 0x00, 0x01, 0x00, 0x00, 0xe2, 0x0f, 0x10,
  0x20, 0x78, 0xab, 0xab, 0x3b, 0xaa, 0xb8, 0x3f, 0x00, 0x00, 0x41, 0x00,
  0x00, 0xe2, 0x0f, 0x00, 0x20, 0x78, 0x31, 0x31, 0x3b, 0xaa, 0xb8, 0x3f,
  0x00, 0x00, 0x41, 0x00, 0x00, 0xe2, 0x0f, 0x00, 0x08, 0x73, 0x37, 0x00,
  0x37, 0x00, 0x00, 0x00, 0x00, 0x08, 0x00, 0x00, 0x00, 0xe2, 0x0f, 0x00,
  0x21, 0x72, 0x2d, 0x38, 0x3d, 0x00, 0x00, 0x00, 0x00, 0x01, 0x01, 0x00,
  0x00, 0xe2, 0x1f, 0x04, 0x20, 0x78, 0x3e, 0xbd, 0x3b, 0xaa, 0xb8, 0x3f,
  0x00, 0x00, 0x41, 0x00, 0x00, 0xe2, 0x0f, 0x00, 0x21, 0x72, 0xa9, 0x38,
  0xa9, 0x00, 0x00, 0x00, 0x00, 0x01, 0x01, 0x00, 0x00, 0xe2, 0x0f, 0x04,
  0x21, 0x72, 0x55, 0x55, 0x38, 0x00, 0x00, 0x80, 0x00, 0x00, 0x01, 0x00,
  0x00, 0xe2, 0x0f, 0x10, 0x20, 0x78, 0x2d, 0x2d, 0x3b, 0xaa, 0xb8, 0x3f,
  0x00, 0x00, 0x41, 0x00, 0x00, 0xe2, 0x0f, 0x00, 0x21, 0x72, 0xc1, 0xc1,
  0x38, 0x00, 0x00, 0x80, 0x00, 0x00, 0x01, 0x00, 0x00, 0xe2, 0x0f, 0x10,
  0x20, 0x78, 0xa9, 0xa9, 0x3b, 0xaa, 0xb8, 0x3f, 0x00, 0x00, 0x41, 0x00,
  0x00, 0xe2, 0x0f, 0x00, 0x08, 0x73, 0x3a, 0x00, 0x3a, 0x00, 0x00, 0x00,
  0x00, 0x08, 0x00, 0x00, 0x00, 0xe2, 0x0f, 0x00, 0x20, 0x78, 0x55, 0x55,
  0x3b, 0xaa, 0xb8, 0x3f, 0x00, 0x00, 0x41, 0x00, 0x00, 0xe2, 0x0f, 0x00,
  0x20, 0x78, 0x40, 0xc1, 0x3b, 0xaa, 0xb8, 0x3f, 0x00, 0x00, 0x41, 0x00,
  0x00, 0xe2, 0x0f, 0x00, 0x21, 0x72, 0xbf, 0xbf, 0x38, 0x00, 0x00, 0x80,
  0x00, 0x00, 0x01, 0x00, 0x00, 0xe2, 0x0f, 0x10, 0x21, 0x72, 0xc3, 0xc3,
  0x38, 0x00, 0x00, 0x80, 0x00, 0x00, 0x01, 0x00, 0x00, 0xe2, 0x0f, 0x10,
  0x21, 0x72, 0xc5, 0xc5, 0x38, 0x00, 0x00, 0x80, 0x00, 0x00, 0x01, 0x00,
  0x00, 0xe2, 0x0f, 0x10, 0x21, 0x72, 0x1d, 0x38, 0x1d, 0x00, 0x00, 0x00,
  0x00, 0x01, 0x01, 0x00, 0x00, 0xe2, 0x0f, 0x00, 0x20, 0x78, 0xbf, 0xbf,
  0x3b, 0xaa, 0xb8, 0x3f, 0x00, 0x00, 0x41, 0x00, 0x00, 0xe2, 0x0f, 0x00,
  0x08, 0x73, 0x3c, 0x00, 0x3c, 0x00, 0x00, 0x00, 0x00, 0x08, 0x00, 0x00,
  0x00, 0xe2, 0x0f, 0x00, 0x20, 0x78, 0xc3, 0xc3, 0x3b, 0xaa, 0xb8, 0x3f,
  0x00, 0x00, 0x41, 0x00, 0x00, 0xe2, 0x0f, 0x00, 0x20, 0x78, 0xc5, 0xc5,
  0x3b, 0xaa, 0xb8, 0x3f, 0x00, 0x00, 0x41, 0x00, 0x00, 0xe2, 0x0f, 0x00,
  0x20, 0x78, 0x1d, 0x1d, 0x3b, 0xaa, 0xb8, 0x3f, 0x00, 0x00, 0x41, 0x00,
  0x00, 0xe2, 0x0f, 0x00, 0x09, 0x72, 0x29, 0x49, 0xa8, 0x00, 0x00, 0x00,
  0x00, 0x00, 0x81, 0x07, 0x00, 0xe2, 0x2f, 0x00, 0x20, 0x78, 0x41, 0x23,
  0x3b, 0xaa, 0xb8, 0x3f, 0x00, 0x00, 0x41, 0x00, 0x00, 0xe2, 0x0f, 0x00,
  0x21, 0x72, 0x4d, 0x4d, 0x38, 0x00, 0x00, 0x80, 0x00, 0x00, 0x01, 0x00,
  0x00, 0xe2, 0x0f, 0x10, 0x21, 0x72, 0x51, 0x51, 0x38, 0x00, 0x00, 0x80,
  0x00, 0x00, 0x01, 0x00, 0x00, 0xe2, 0x0f, 0x10, 0x08, 0x73, 0xa8, 0x00,
  0x35, 0x00, 0x00, 0x00, 0x00, 0x08, 0x00, 0x00, 0x00, 0xe2, 0x01, 0x00,
  0x89, 0x7f, 0xac, 0x29, 0x00, 0x1f, 0x40, 0x0c, 0x00, 0x00, 0x0e, 0x00,
  0x00, 0x62, 0x0e, 0x00, 0x20, 0x78, 0x23, 0x4d, 0x3b, 0xaa, 0xb8, 0x3f,
  0x00, 0x00, 0x41, 0x00, 0x00, 0xe2, 0x0f, 0x00, 0x21, 0x72, 0xb3, 0xb3,
  0x38, 0x00, 0x00, 0x80, 0x00, 0x00, 0x01, 0x00, 0x00, 0xe2, 0x0f, 0x10,
  0x21, 0x72, 0xb5, 0xb5, 0x38, 0x00, 0x00, 0x80, 0x00, 0x00, 0x01, 0x00,
  0x00, 0xe2, 0x0f, 0x10, 0x21, 0x72, 0xb7, 0xb7, 0x38, 0x00, 0x00, 0x80,
  0x00, 0x00, 0x01, 0x00, 0x00, 0xe2, 0x0f, 0x10, 0x21, 0x72, 0xb9, 0xb9,
  0x38, 0x00, 0x00, 0x80, 0x00, 0x00, 0x01, 0x00, 0x00, 0xe2, 0x0f, 0x00,
  0x20, 0x78, 0x4d, 0xb3, 0x3b, 0xaa, 0xb8, 0x3f, 0x00, 0x00, 0x41, 0x00,
  0x00, 0xe2, 0x0f, 0x00, 0x08, 0x73, 0x3f, 0x00, 0xab, 0x00, 0x00, 0x00,
  0x00, 0x08, 0x00, 0x00, 0x00, 0xe2, 0x0f, 0x00, 0x20, 0x78, 0x49, 0xb5,
  0x3b, 0xaa, 0xb8, 0x3f, 0x00, 0x00, 0x41, 0x00, 0x00, 0xe2, 0x0f, 0x00,
  0x20, 0x78, 0xb7, 0xb7, 0x3b, 0xaa, 0xb8, 0x3f, 0x00, 0x00, 0x41, 0x00,
  0x00, 0xe2, 0x0f, 0x00, 0x20, 0x78, 0xb9, 0xb9, 0x3b, 0xaa, 0xb8, 0x3f,
  0x00, 0x00, 0x41, 0x00, 0x00, 0xca, 0x0f, 0x00, 0x08, 0x73, 0xaa, 0x00,
  0x31, 0x00, 0x00, 0x00, 0x00, 0x08, 0x00, 0x00, 0x00, 0xf0, 0x0f, 0x00,
  0x08, 0x73, 0x3e, 0x00, 0x3e, 0x00, 0x00, 0x00, 0x00, 0x08, 0x00, 0x00,
  0x00, 0xe2, 0x0f, 0x00, 0x09, 0x72, 0x39, 0x29, 0xac, 0x00, 0x00, 0x00,
  0x00, 0x00, 0x81, 0x07, 0x00, 0xe2, 0x2f, 0x00, 0x21, 0x72, 0x29, 0x38,
  0x45, 0x00, 0x00, 0x00, 0x00, 0x01, 0x01, 0x00, 0x00, 0xc6, 0x0f, 0x00,
  0x09, 0x72, 0x39, 0x39, 0xa2, 0x00, 0x00, 0x00, 0x00, 0x00, 0x81, 0x07,
  0x00, 0xe2, 0x0f, 0x00, 0x20, 0x78, 0xb0, 0x29, 0x3b, 0xaa, 0xb8, 0x3f,
  0x00, 0x00, 0x41, 0x00, 0x00, 0xe4, 0x0f, 0x00, 0x08, 0x73, 0xac, 0x00,
  0x2d, 0x00, 0x00, 0x00, 0x00, 0x08, 0x00, 0x00, 0x00, 0xe4, 0x03, 0x00,
  0x21, 0x72, 0x18, 0x18, 0x39, 0x00, 0x00, 0x80, 0x00, 0x00, 0x01, 0x00,
  0x00, 0xe2, 0x0f, 0x00, 0x21, 0x72, 0xa3, 0x39, 0xa3, 0x00, 0x00, 0x00,
  0x00, 0x01, 0x01, 0x00, 0x00, 0xe2, 0x0f, 0x00, 0x21, 0x72, 0x1c, 0x1c,
  0x39, 0x00, 0x00, 0x80, 0x00, 0x00, 0x01, 0x00, 0x00, 0xe2, 0x0f, 0x10,
  0x21, 0x72, 0x1e, 0x1e, 0x39, 0x00, 0x00, 0x80, 0x00, 0x00, 0x01, 0x00,
  0x00, 0xe2, 0x0f, 0x00, 0x20, 0x78, 0x35, 0x18, 0x3b, 0xaa, 0xb8, 0x3f,
  0x00, 0x00, 0x41, 0x00, 0x00, 0xe2, 0x1f, 0x00, 0x20, 0x78, 0x18, 0xa3,
  0x3b, 0xaa, 0xb8, 0x3f, 0x00, 0x00, 0x41, 0x00, 0x00, 0xe2, 0x0f, 0x00,
  0x21, 0x72, 0x1f, 0x39, 0x1f, 0x00, 0x00, 0x00, 0x00, 0x01, 0x01, 0x00,
  0x00, 0xe2, 0x0f, 0x04, 0x20, 0x78, 0x2d, 0x1c, 0x3b, 0xaa, 0xb8, 0x3f,
  0x00, 0x00, 0x41, 0x00, 0x00, 0xe2, 0x2f, 0x00, 0x21, 0x72, 0x1c, 0x39,
  0x1a, 0x00, 0x00, 0x00, 0x00, 0x01, 0x01, 0x00, 0x00, 0xe2, 0x0f, 0x04,
  0x20, 0x78, 0x31, 0x1e, 0x3b, 0xaa, 0xb8, 0x3f, 0x00, 0x00, 0x41, 0x00,
  0x00, 0xe2, 0x0f, 0x00, 0x08, 0x73, 0x35, 0x00, 0x35, 0x00, 0x00, 0x00,
  0x00, 0x08, 0x00, 0x00, 0x00, 0xe2, 0x0f, 0x00, 0x21, 0x72, 0x2a, 0x39,
  0x2a, 0x00, 0x00, 0x00, 0x00, 0x01, 0x01, 0x00, 0x00, 0xe2, 0x0f, 0x00,
  0x20, 0x78, 0x29, 0x1c, 0x3b, 0xaa, 0xb8, 0x3f, 0x00, 0x00, 0x41, 0x00,
  0x00, 0xe2, 0x0f, 0x00, 0x20, 0x78, 0x1c, 0x1f, 0x3b, 0xaa, 0xb8, 0x3f,
  0x00, 0x00, 0x41, 0x00, 0x00, 0xe2, 0x0f, 0x00, 0x21, 0x72, 0x20, 0x20,
  0x39, 0x00, 0x00, 0x80, 0x00, 0x00, 0x01, 0x00, 0x00, 0xe2, 0x0f, 0x10,
  0x21, 0x72, 0x24, 0x39, 0x24, 0x00, 0x00, 0x00, 0x00, 0x01, 0x01, 0x00,
  0x00, 0xe2, 0x0f, 0x00, 0x21, 0x72, 0x2b, 0x2b, 0x39, 0x00, 0x00, 0x80,
  0x00, 0x00, 0x01, 0x00, 0x00, 0xe2, 0x0f, 0x00, 0x21, 0x72, 0x2c, 0x39,
  0x2c, 0x00, 0x00, 0x00, 0x00, 0x01, 0x01, 0x00, 0x00, 0xe2, 0x0f, 0x04,
  0x08, 0x73, 0x18, 0x00, 0x18, 0x00, 0x00, 0x00, 0x00, 0x08, 0x00, 0x00,
  0x00, 0x22, 0x0e, 0x00, 0x20, 0x78, 0x2a, 0x2a, 0x3b, 0xaa, 0xb8, 0x3f,
  0x00, 0x00, 0x41, 0x00, 0x00, 0xe2, 0x0f, 0x00, 0x21, 0x72, 0x2f, 0x39,
  0x2f, 0x00, 0x00, 0x00, 0x00, 0x01, 0x01, 0x00, 0x00, 0xe2, 0x0f, 0x04,
  0x20, 0x78, 0x1e, 0x20, 0x3b, 0xaa, 0xb8, 0x3f, 0x00, 0x00, 0x41, 0x00,
  0x00, 0xe2, 0x0f, 0x00, 0x21, 0x72, 0x22, 0x39, 0x22, 0x00, 0x00, 0x00,
  0x00, 0x01, 0x01, 0x00, 0x00, 0xe2, 0x0f, 0x00, 0x20, 0x78, 0x20, 0x24,
  0x3b, 0xaa, 0xb8, 0x3f, 0x00, 0x00, 0x41, 0x00, 0x00, 0xe2, 0x0f, 0x00,
  0x20, 0x78, 0x24, 0x2b, 0x3b, 0xaa, 0xb8, 0x3f, 0x00, 0x00, 0x41, 0x00,
  0x00, 0xe2, 0x0f, 0x00, 0x20, 0x78, 0x2c, 0x2c, 0x3b, 0xaa, 0xb8, 0x3f,
  0x00, 0x00, 0x41, 0x00, 0x00, 0xe2, 0x0f, 0x00, 0x08, 0x73, 0x1a, 0x00,
  0x2d, 0x00, 0x00, 0x00, 0x00, 0x08, 0x00, 0x00, 0x00, 0x62, 0x0e, 0x00,
  0x20, 0x78, 0x2f, 0x2f, 0x3b, 0xaa, 0xb8, 0x3f, 0x00, 0x00, 0x41, 0x00,
  0x00, 0xe2, 0x0f, 0x00, 0x20, 0x78, 0x1f, 0x22, 0x3b, 0xaa, 0xb8, 0x3f,
  0x00, 0x00, 0x41, 0x00, 0x00, 0xe2, 0x0f, 0x00, 0x21, 0x72, 0x26, 0x26,
  0x39, 0x00, 0x00, 0x80, 0x00, 0x00, 0x01, 0x00, 0x00, 0xe2, 0x0f, 0x10,
  0x21, 0x72, 0x28, 0x28, 0x39, 0x00, 0x00, 0x80, 0x00, 0x00, 0x01, 0x00,
  0x00, 0xe2, 0x0f, 0x10, 0x21, 0x72, 0x2e, 0x2e, 0x39, 0x00, 0x00, 0x80,
  0x00, 0x00, 0x01, 0x00, 0x00, 0xe2, 0x0f, 0x00, 0x21, 0x72, 0x27, 0x39,
  0x27, 0x00, 0x00, 0x00, 0x00, 0x01, 0x01, 0x00, 0x00, 0xe2, 0x0f, 0x00,
  0x20, 0x78, 0x26, 0x26, 0x3b, 0xaa, 0xb8, 0x3f, 0x00, 0x00, 0x41, 0x00,
  0x00, 0xe2, 0x0f, 0x00, 0x08, 0x73, 0x29, 0x00, 0x29, 0x00, 0x00, 0x00,
  0x00, 0x08, 0x00, 0x00, 0x00, 0xa2, 0x0e, 0x00, 0x21, 0x72, 0x57, 0x35,
  0x18, 0x00, 0x00, 0x00, 0x00, 0x00, 0x01, 0x00, 0x00, 0xe2, 0x1f, 0x00,
  0x20, 0x78, 0x22, 0x28, 0x3b, 0xaa, 0xb8, 0x3f, 0x00, 0x00, 0x41, 0x00,
  0x00, 0xe2, 0x0f, 0x00, 0x21, 0x72, 0x28, 0x46, 0x39, 0x00, 0x00, 0x80,
  0x00, 0x00, 0x01, 0x00, 0x00, 0xe2, 0x0f, 0x00, 0x20, 0x78, 0x27, 0x27,
  0x3b, 0xaa, 0xb8, 0x3f, 0x00, 0x00, 0x41, 0x00, 0x00, 0xe2, 0x0f, 0x00,
  0x21, 0x72, 0x33, 0x39, 0x33, 0x00, 0x00, 0x00, 0x00, 0x01, 0x01, 0x00,
  0x00, 0xe2, 0x0f, 0x00, 0x21, 0x72, 0x30, 0x30, 0x39, 0x00, 0x00, 0x80,
  0x00, 0x00, 0x01, 0x00, 0x00, 0xe2, 0x0f, 0x10, 0x20, 0x78, 0x28, 0x28,
  0x3b, 0xaa, 0xb8, 0x3f, 0x00, 0x00, 0x41, 0x00, 0x00, 0xe2, 0x0f, 0x00,
  0x08, 0x73, 0x31, 0x00, 0x31, 0x00, 0x00, 0x00, 0x00, 0x08, 0x00, 0x00,
  0x00, 0x22, 0x0e, 0x00, 0x20, 0x78, 0x33, 0x33, 0x3b, 0xaa, 0xb8, 0x3f,
  0x00, 0x00, 0x41, 0x00, 0x00, 0xe2, 0x0f, 0x00, 0x20, 0x78, 0x30, 0x30,
  0x3b, 0xaa, 0xb8, 0x3f, 0x00, 0x00, 0x41, 0x00, 0x00, 0xe2, 0x0f, 0x00,
  0x21, 0x72, 0x34, 0x34, 0x39, 0x00, 0x00, 0x80, 0x00, 0x00, 0x01, 0x00,
  0x00, 0xe2, 0x0f, 0x10, 0x21, 0x72, 0x32, 0x39, 0x32, 0x00, 0x00, 0x00,
  0x00, 0x01, 0x01, 0x00, 0x00, 0xe2, 0x0f, 0x04, 0x21, 0x72, 0x36, 0x39,
  0x36, 0x00, 0x00, 0x00, 0x00, 0x01, 0x01, 0x00, 0x00, 0xe2, 0x0f, 0x04,
  0x21, 0x72, 0xb4, 0xb4, 0x39, 0x00, 0x00, 0x80, 0x00, 0x00, 0x01, 0x00,
  0x00, 0xe2, 0x0f, 0x10, 0x20, 0x78, 0x34, 0x34, 0x3b, 0xaa, 0xb8, 0x3f,
  0x00, 0x00, 0x41, 0x00, 0x00, 0xe2, 0x0f, 0x00, 0x08, 0x73, 0x43, 0x00,
  0xa9, 0x00, 0x00, 0x00, 0x00, 0x08, 0x00, 0x00, 0x00, 0xe2, 0x0f, 0x00,
  0x20, 0x78, 0x32, 0x32, 0x3b, 0xaa, 0xb8, 0x3f, 0x00, 0x00, 0x41, 0x00,
  0x00, 0xe2, 0x0f, 0x00, 0x20, 0x78, 0x36, 0x36, 0x3b, 0xaa, 0xb8, 0x3f,
  0x00, 0x00, 0x41, 0x00, 0x00, 0xe2, 0x0f, 0x00, 0x20, 0x78, 0xb4, 0xb4,
  0x3b, 0xaa, 0xb8, 0x3f, 0x00, 0x00, 0x41, 0x00, 0x00, 0xe2, 0x0f, 0x00,
  0x21, 0x72, 0xb6, 0xb6, 0x39, 0x00, 0x00, 0x80, 0x00, 0x00, 0x01, 0x00,
  0x00, 0xe2, 0x0f, 0x00, 0x21, 0x72, 0xae, 0x39, 0xae, 0x00, 0x00, 0x00,
  0x00, 0x01, 0x01, 0x00, 0x00, 0xe2, 0x0f, 0x00, 0x3e, 0x72, 0x35, 0x18,
  0x35, 0x00, 0x00, 0x00, 0xff, 0x10, 0x00, 0x00, 0x00, 0xc4, 0x0f, 0x00,
  0x08, 0x73, 0x21, 0x00, 0x55, 0x00, 0x00, 0x00, 0x00, 0x08, 0x00, 0x00,
  0x00, 0xe2, 0x07, 0x00, 0x20, 0x78, 0xa7, 0xb6, 0x3b, 0xaa, 0xb8, 0x3f,
  0x00, 0x00, 0x41, 0x00, 0x00, 0xe2, 0x0f, 0x00, 0x20, 0x78, 0xae, 0xae,
  0x3b, 0xaa, 0xb8, 0x3f, 0x00, 0x00, 0x41, 0x00, 0x00, 0xcc, 0x0f, 0x00,
  0x08, 0x73, 0x1c, 0x00, 0x1c, 0x00, 0x00, 0x00, 0x00, 0x08, 0x00, 0x00,
  0x00, 0x22, 0x0f, 0x00, 0x21, 0x72, 0x55, 0x37, 0x3a, 0x00, 0x00, 0x00,
  0x00, 0x00, 0x01, 0x00, 0x00, 0xce, 0x8f, 0x00, 0x08, 0x73, 0x40, 0x00,
  0x40, 0x00, 0x00, 0x00, 0x00, 0x08, 0x00, 0x00, 0x00, 0xf0, 0x0e, 0x00,
  0x08, 0x73, 0x2b, 0x00, 0x2a, 0x00, 0x00, 0x00, 0x00, 0x08, 0x00, 0x00,
  0x00, 0xf0, 0x0b, 0x00, 0x08, 0x73, 0x1e, 0x00, 0x1e, 0x00, 0x00, 0x00,
  0x00, 0x08, 0x00, 0x00, 0x00, 0xe2, 0x0f, 0x00, 0x21, 0x72, 0x2a, 0x3c,
  0x55, 0x00, 0x00, 0x00, 0x00, 0x00, 0x01, 0x00, 0x00, 0xce, 0x0f, 0x02,
  0x08, 0x73, 0x4f, 0x00, 0x2c, 0x00, 0x00, 0x00, 0x00, 0x08, 0x00, 0x00,
  0x00, 0xf0, 0x03, 0x00, 0x08, 0x73, 0x47, 0x00, 0x47, 0x00, 0x00, 0x00,
  0x00, 0x08, 0x00, 0x00, 0x00, 0x62, 0x0f, 0x00, 0x21, 0x72, 0x2c, 0x1a,
  0x57, 0x00, 0x00, 0x00, 0x00, 0x00, 0x01, 0x00, 0x00, 0xc8, 0x2f, 0x00,
  0x21, 0x72, 0x2c, 0x29, 0x2c, 0x00, 0x00, 0x00, 0x00, 0x00, 0x01, 0x00,
  0x00, 0xc6, 0x4f, 0x00, 0x08, 0x73, 0xb8, 0x00, 0x2f, 0x00, 0x00, 0x00,
  0x00, 0x08, 0x00, 0x00, 0x00, 0xe2, 0x03, 0x00, 0x21, 0x72, 0x57, 0x31,
  0x2c, 0x00, 0x00, 0x00, 0x00, 0x00, 0x01, 0x00, 0x00, 0xe2, 0x1f, 0x00,
  0x3e, 0x72, 0x31, 0x1c, 0x31, 0x00, 0x00, 0x00, 0xff, 0x10, 0x00, 0x00,
  0x00, 0xc6, 0x0f, 0x01, 0x21, 0x72, 0x57, 0x1c, 0x57, 0x00, 0x00, 0x00,
  0x00, 0x00, 0x01, 0x00, 0x00, 0xc6, 0x0f, 0x00, 0x08, 0x73, 0x1f, 0x00,
  0x1f, 0x00, 0x00, 0x00, 0x00, 0x08, 0x00, 0x00, 0x00, 0x22, 0x0e, 0x00,
  0x21, 0x72, 0x2f, 0x3f, 0x2a, 0x00, 0x00, 0x00, 0x00, 0x00, 0x01, 0x00,
  0x00, 0xc8, 0x2f, 0x00, 0x21, 0x72, 0x2a, 0x3e, 0x2f, 0x00, 0x00, 0x00,
  0x00, 0x00, 0x01, 0x00, 0x00, 0xc6, 0x0f, 0x00, 0x08, 0x73, 0x42, 0x00,
  0xbf, 0x00, 0x00, 0x00, 0x00, 0x08, 0x00, 0x00, 0x00, 0x62, 0x0e, 0x00,
  0x21, 0x72, 0x2f, 0x43, 0x2a, 0x00, 0x00, 0x00, 0x00, 0x00, 0x01, 0x00,
  0x00, 0xe2, 0x0f, 0x00, 0x21, 0x72, 0x2a, 0x50, 0x39, 0x00, 0x00, 0x80,
  0x00, 0x00, 0x01, 0x00, 0x00, 0xc6, 0x0f, 0x00, 0x21, 0x72, 0x2c, 0x40,
  0x2f, 0x00, 0x00, 0x00, 0x00, 0x00, 0x01, 0x00, 0x00, 0xe2, 0x8f, 0x00,
  0x20, 0x78, 0x2a, 0x2a, 0x3b, 0xaa, 0xb8, 0x3f, 0x00, 0x00, 0x41, 0x00,
  0x00, 0xe4, 0x0f, 0x00, 0x08, 0x73, 0x2d, 0x00, 0x26, 0x00, 0x00, 0x00,
  0x00, 0x08, 0x00, 0x00, 0x00, 0xe2, 0x04, 0x00, 0x21, 0x72, 0x2f, 0x47,
  0x2c, 0x00, 0x00, 0x00, 0x00, 0x00, 0x01, 0x00, 0x00, 0xce, 0x0f, 0x02,
  0x08, 0x73, 0x20, 0x00, 0x20, 0x00, 0x00, 0x00, 0x00, 0x08, 0x00, 0x00,
  0x00, 0x22, 0x0f, 0x00, 0x20, 0x78, 0x26, 0x2e, 0x3b, 0xaa, 0xb8, 0x3f,
  0x00, 0x00, 0x41, 0x00, 0x00, 0xe2, 0x4f, 0x00, 0x21, 0x72, 0x2e, 0x1e,
  0x57, 0x00, 0x00, 0x00, 0x00, 0x00, 0x01, 0x00, 0x00, 0xc8, 0x0f, 0x00,
  0x21, 0x72, 0x2e, 0x1f, 0x2e, 0x00, 0x00, 0x00, 0x00, 0x00, 0x01, 0x00,
  0x00, 0xe4, 0x1f, 0x00, 0x08, 0x73, 0x1b, 0x00, 0xc3, 0x00, 0x00, 0x00,
  0x00, 0x08, 0x00, 0x00, 0x00, 0x30, 0x0e, 0x00, 0x08, 0x73, 0x4a, 0x00,
  0x4a, 0x00, 0x00, 0x00, 0x00, 0x08, 0x00, 0x00, 0x00, 0xf0, 0x0f, 0x00,
  0x08, 0x73, 0x22, 0x00, 0x22, 0x00, 0x00, 0x00, 0x00, 0x08, 0x00, 0x00,
  0x00, 0xb0, 0x0e, 0x00, 0x08, 0x73, 0x25, 0x00, 0xc5, 0x00, 0x00, 0x00,
  0x00, 0x08, 0x00, 0x00, 0x00, 0x70, 0x0f, 0x00, 0x08, 0x73, 0x55, 0x00,
  0x28, 0x00, 0x00, 0x00, 0x00, 0x08, 0x00, 0x00, 0x00, 0xf0, 0x03, 0x00,
  0x08, 0x73, 0x27, 0x00, 0x27, 0x00, 0x00, 0x00, 0x00, 0x08, 0x00, 0x00,
  0x00, 0xe2, 0x0f, 0x00, 0x21, 0x72, 0x28, 0x42, 0x2f, 0x00, 0x00, 0x00,
  0x00, 0x00, 0x01, 0x00, 0x00, 0xe2, 0x2f, 0x00, 0x21, 0x72, 0x2f, 0x2d,
  0x2e, 0x00, 0x00, 0x00, 0x00, 0x00, 0x01, 0x00, 0x00, 0xe2, 0x8f, 0x00,
  0x3e, 0x72, 0x2d, 0x20, 0x2d, 0x00, 0x00, 0x00, 0xff, 0x10, 0x00, 0x00,
  0x00, 0xc4, 0x0f, 0x01, 0x21, 0x72, 0x28, 0x4b, 0x28, 0x00, 0x00, 0x00,
  0x00, 0x00, 0x01, 0x00, 0x00, 0xe2, 0x0f, 0x00, 0x21, 0x72, 0xa3, 0x20,
  0x2f, 0x00, 0x00, 0x00, 0x00, 0x00, 0x01, 0x00, 0x00, 0xe4, 0x0f, 0x00,
  0x08, 0x73, 0x44, 0x00, 0x44, 0x00, 0x00, 0x00, 0x00, 0x08, 0x00, 0x00,
  0x00, 0x62, 0x0e, 0x00, 0x21, 0x72, 0x2f, 0x1b, 0x28, 0x00, 0x00, 0x00,
  0x00, 0x00, 0x01, 0x00, 0x00, 0xe2, 0x1f, 0x00, 0x21, 0x72, 0x2e, 0x22,
  0xa3, 0x00, 0x00, 0x00, 0x00, 0x00, 0x01, 0x00, 0x00, 0xe2, 0x4f, 0x00,
  0x21, 0x72, 0x28, 0xa4, 0x39, 0x00, 0x00, 0x80, 0x00, 0x00, 0x01, 0x00,
  0x00, 0xe4, 0x0f, 0x00, 0x21, 0x72, 0x2c, 0x4a, 0x2f, 0x00, 0x00, 0x00,
  0x00, 0x00, 0x01, 0x00, 0x00, 0xe4, 0x0f, 0x00, 0x20, 0x78, 0x28, 0x28,
  0x3b, 0xaa, 0xb8, 0x3f, 0x00, 0x00, 0x41, 0x00, 0x00, 0xe2, 0x0f, 0x00,
  0x08, 0x73, 0x24, 0x00, 0x24, 0x00, 0x00, 0x00, 0x00, 0x08, 0x00, 0x00,
  0x00, 0x22, 0x0e, 0x00, 0x21, 0x72, 0x2f, 0x25, 0x2c, 0x00, 0x00, 0x00,
  0x00, 0x00, 0x01, 0x00, 0x00, 0xce, 0x0f, 0x02, 0x08, 0x73, 0x48, 0x00,
  0x48, 0x00, 0x00, 0x00, 0x00, 0x08, 0x00, 0x00, 0x00, 0xa2, 0x0e, 0x00,
  0x21, 0x72, 0x2c, 0x44, 0x2f, 0x00, 0x00, 0x00, 0x00, 0x00, 0x01, 0x00,
  0x00, 0xc8, 0x2f, 0x00, 0x21, 0x72, 0x2f, 0x21, 0x2c, 0x00, 0x00, 0x00,
  0x00, 0x00, 0x01, 0x00, 0x00, 0xe2, 0x0f, 0x00, 0x21, 0x72, 0x2c, 0xb2,
  0x39, 0x00, 0x00, 0x80, 0x00, 0x00, 0x01, 0x00, 0x00, 0xe4, 0x0f, 0x00,
  0x08, 0x73, 0x19, 0x00, 0x19, 0x00, 0x00, 0x00, 0x00, 0x08, 0x00, 0x00,
  0x00, 0x64, 0x0e, 0x00, 0x20, 0x78, 0x2c, 0x2c, 0x3b, 0xaa, 0xb8, 0x3f,
  0x00, 0x00, 0x41, 0x00, 0x00, 0xcc, 0x0f, 0x00, 0x08, 0x73, 0x50, 0x00,
  0x33, 0x00, 0x00, 0x00, 0x00, 0x08, 0x00, 0x00, 0x00, 0xf0, 0x07, 0x00,
  0x08, 0x73, 0x4e, 0x00, 0x1d, 0x00, 0x00, 0x00, 0x00, 0x08, 0x00, 0x00,
  0x00, 0x62, 0x09, 0x00, 0x21, 0x72, 0x33, 0x27, 0x2e, 0x00, 0x00, 0x00,
  0x00, 0x00, 0x01, 0x00, 0x00, 0xc8, 0x8f, 0x00, 0x21, 0x72, 0x2e, 0x24,
  0x33, 0x00, 0x00, 0x00, 0x00, 0x00, 0x01, 0x00, 0x00, 0xc6, 0x1f, 0x00,
  0x08, 0x73, 0x41, 0x00, 0x41, 0x00, 0x00, 0x00, 0x00, 0x08, 0x00, 0x00,
  0x00, 0x22, 0x0e, 0x00, 0x21, 0x72, 0x33, 0x2b, 0x2e, 0x00, 0x00, 0x00,
  0x00, 0x00, 0x01, 0x00, 0x00, 0xe2, 0x0f, 0x00, 0x21, 0x72, 0x2e, 0x48,
  0x2f, 0x00, 0x00, 0x00, 0x00, 0x00, 0x01, 0x00, 0x00, 0xe2, 0x4f, 0x00,
  0x20, 0x78, 0x1d, 0x51, 0x3b, 0xaa, 0xb8, 0x3f, 0x00, 0x00, 0x41, 0x00,
  0x00, 0xc6, 0x0f, 0x01, 0x21, 0x72, 0x2f, 0x19, 0x2e, 0x00, 0x00, 0x00,
  0x00, 0x00, 0x01, 0x00, 0x00, 0xe4, 0x2f, 0x00, 0x08, 0x73, 0x23, 0x00,
  0x23, 0x00, 0x00, 0x00, 0x00, 0x08, 0x00, 0x00, 0x00, 0xe4, 0x0f, 0x00,
  0x21, 0x72, 0x2e, 0x4e, 0x2f, 0x00, 0x00, 0x00, 0x00, 0x00, 0x01, 0x00,
  0x00, 0xcc, 0x0f, 0x02, 0x08, 0x73, 0x57, 0x00, 0x2a, 0x00, 0x00, 0x00,
  0x00, 0x08, 0x00, 0x00, 0x00, 0xe2, 0x03, 0x00, 0x21, 0x72, 0x2f, 0x41,
  0x2e, 0x00, 0x00, 0x00, 0x00, 0x00, 0x01, 0x00, 0x00, 0xce, 0x1f, 0x00,
  0x08, 0x73, 0x56, 0x00, 0x56, 0x00, 0x00, 0x00, 0x00, 0x08, 0x00, 0x00,
  0x00, 0x22, 0x0e, 0x00, 0x21, 0x72, 0x2a, 0x39, 0x3b, 0x00, 0x00, 0x00,
  0x00, 0x01, 0x01, 0x00, 0x00, 0xc8, 0x2f, 0x00, 0x20, 0x78, 0x2a, 0x2a,
  0x3b, 0xaa, 0xb8, 0x3f, 0x00, 0x00, 0x41, 0x00, 0x00, 0xc6, 0x0f, 0x00,
  0x08, 0x73, 0x1d, 0x00, 0x1d, 0x00, 0x00, 0x00, 0x00, 0x08, 0x00, 0x00,
  0x00, 0xf0, 0x0f, 0x00, 0x08, 0x73, 0x26, 0x00, 0x26, 0x00, 0x00, 0x00,
  0x00, 0x08, 0x00, 0x00, 0x00, 0x62, 0x0e, 0x00, 0x3e, 0x72, 0x20, 0x56,
  0x23, 0x00, 0x00, 0x00, 0xff, 0x10, 0x00, 0x00, 0x00, 0xce, 0x1f, 0x00,
  0x08, 0x73, 0xb2, 0x00, 0x2a, 0x00, 0x00, 0x00, 0x00, 0x08, 0x00, 0x00,
  0x00, 0xf0, 0x01, 0x00, 0x08, 0x73, 0x4d, 0x00, 0x4d, 0x00, 0x00, 0x00,
  0x00, 0x08, 0x00, 0x00, 0x00, 0xa2, 0x0e, 0x00, 0x21, 0x72, 0x2a, 0x52,
  0x2f, 0x00, 0x00, 0x00, 0x00, 0x00, 0x01, 0x00, 0x00, 0xc8, 0x1f, 0x00,
  0x21, 0x72, 0x2f, 0x23, 0x2a, 0x00, 0x00, 0x00, 0x00, 0x00, 0x01, 0x00,
  0x00, 0xe2, 0x0f, 0x00, 0x21, 0x72, 0x2a, 0x39, 0x4c, 0x00, 0x00, 0x00,
  0x00, 0x01, 0x01, 0x00, 0x00, 0xe4, 0x0f, 0x00, 0x08, 0x73, 0x51, 0x00,
  0x30, 0x00, 0x00, 0x00, 0x00, 0x08, 0x00, 0x00, 0x00, 0x24, 0x02, 0x00,
  0x20, 0x78, 0x2a, 0x2a, 0x3b, 0xaa, 0xb8, 0x3f, 0x00, 0x00, 0x41, 0x00,
  0x00, 0xcc, 0x0f, 0x00, 0x08, 0x73, 0x3b, 0x00, 0x28, 0x00, 0x00, 0x00,
  0x00, 0x08, 0x00, 0x00, 0x00, 0xe2, 0x07, 0x00, 0x21, 0x72, 0x30, 0x26,
  0x33, 0x00, 0x00, 0x00, 0x00, 0x00, 0x01, 0x00, 0x00, 0xe2, 0x2f, 0x00,
  0x3e, 0x72, 0x1c, 0xa8, 0x4d, 0x00, 0x00, 0x00, 0xff, 0x10, 0x00, 0x00,
  0x00, 0xc6, 0x4f, 0x00, 0x21, 0x72, 0x30, 0x4f, 0x30, 0x00, 0x00, 0x00,
  0x00, 0x00, 0x01, 0x00, 0x00, 0xc6, 0x0f, 0x00, 0x08, 0x73, 0x49, 0x00,
  0x49, 0x00, 0x00, 0x00, 0x00, 0x08, 0x00, 0x00, 0x00, 0xe2, 0x0f, 0x00,
  0x21, 0x72, 0x28, 0x39, 0x54, 0x00, 0x00, 0x00, 0x00, 0x01, 0x01, 0x00,
  0x00, 0xe2, 0x8f, 0x00, 0x21, 0x72, 0x33, 0x51, 0x30, 0x00, 0x00, 0x00,
  0x00, 0x00, 0x01, 0x00, 0x00, 0xc6, 0x1f, 0x00, 0x20, 0x78, 0x28, 0x28,
  0x3b, 0xaa, 0xb8, 0x3f, 0x00, 0x00, 0x41, 0x00, 0x00, 0xe2, 0x0f, 0x00,
  0x21, 0x72, 0x30, 0xb8, 0x33, 0x00, 0x00, 0x00, 0x00, 0x00, 0x01, 0x00,
  0x00, 0xe4, 0x0f, 0x00, 0x08, 0x73, 0x54, 0x00, 0x2c, 0x00, 0x00, 0x00,
  0x00, 0x08, 0x00, 0x00, 0x00, 0xf0, 0x01, 0x00, 0x08, 0x73, 0x53, 0x00,
  0x34, 0x00, 0x00, 0x00, 0x00, 0x08, 0x00, 0x00, 0x00, 0xa2, 0x02, 0x00,
  0x21, 0x72, 0x2c, 0x56, 0x2f, 0x00, 0x00, 0x00, 0x00, 0x00, 0x01, 0x00,
  0x00, 0xc8, 0x1f, 0x00, 0x21, 0x72, 0x2f, 0x1d, 0x2c, 0x00, 0x00, 0x00,
  0x00, 0x00, 0x01, 0x00, 0x00, 0xc6, 0x0f, 0x00, 0x08, 0x73, 0xa3, 0x00,
  0x28, 0x00, 0x00, 0x00, 0x00, 0x08, 0x00, 0x00, 0x00, 0xe2, 0x01, 0x00,
  0x3e, 0x72, 0x34, 0x3a, 0x37, 0x00, 0x00, 0x00, 0xff, 0x10, 0x00, 0x00,
  0x00, 0xe2, 0x2f, 0x00, 0x24, 0x7e, 0x3a, 0xff, 0x12, 0x00, 0x00, 0x00,
  0xff, 0x00, 0x8e, 0x0f, 0x00, 0xe2, 0x0f, 0x00, 0x3e, 0x72, 0x37, 0x29,
  0x1a, 0x00, 0x00, 0x00, 0xff, 0x10, 0x00, 0x00, 0x00, 0xe4, 0x0f, 0x00,
  0x3e, 0x72, 0x29, 0x2b, 0x24, 0x00, 0x00, 0x00, 0xff, 0x10, 0x00, 0x00,
  0x00, 0xe4, 0x0f, 0x00, 0x3e, 0x72, 0x2b, 0x4f, 0x26, 0x00, 0x00, 0x00,
  0xff, 0x10, 0x00, 0x00, 0x00, 0xe2, 0x0f, 0x00, 0x08, 0x73, 0x46, 0x00,
  0x32, 0x00, 0x00, 0x00, 0x00, 0x08, 0x00, 0x00, 0x00, 0xe2, 0x02, 0x00,
  0x21, 0x72, 0x28, 0xa6, 0x2f, 0x00, 0x00, 0x00, 0x00, 0x00, 0x01, 0x00,
  0x00, 0xe2, 0x1f, 0x00, 0x21, 0x72, 0x33, 0x53, 0x30, 0x00, 0x00, 0x00,
  0x00, 0x00, 0x01, 0x00, 0x00, 0xe2, 0x4f, 0x00, 0x3e, 0x72, 0x26, 0x52,
  0x41, 0x00, 0x00, 0x00, 0xff, 0x10, 0x00, 0x00, 0x00, 0xe2, 0x0f, 0x00,
  0x21, 0x72, 0x30, 0x39, 0xa2, 0x00, 0x00, 0x00, 0x00, 0x01, 0x01, 0x00,
  0x00, 0xe2, 0x0f, 0x00, 0x21, 0x72, 0x2f, 0x4d, 0x28, 0x00, 0x00, 0x00,
  0x00, 0x00, 0x01, 0x00, 0x00, 0xe2, 0x0f, 0x00, 0x02, 0x7c, 0x41, 0x00,
  0x04, 0x00, 0x00, 0x00, 0x00, 0x0f, 0x00, 0x08, 0x00, 0xc4, 0x0f, 0x00,
  0x08, 0x73, 0x3d, 0x00, 0xb7, 0x00, 0x00, 0x00, 0x00, 0x08, 0x00, 0x00,
  0x00, 0x22, 0x0e, 0x00, 0x21, 0x72, 0x28, 0xa8, 0x2f, 0x00, 0x00, 0x00,
  0x00, 0x00, 0x01, 0x00, 0x00, 0xe2, 0x0f, 0x00, 0x36, 0x78, 0x32, 0x14,
  0x00, 0x80, 0x01, 0x00, 0x00, 0x00, 0x00, 0x00, 0x00, 0xe2, 0x2f, 0x00,
  0x11, 0x72, 0x41, 0x41, 0x14, 0x00, 0x00, 0x00, 0xff, 0x18, 0x8e, 0x07,
  0x00, 0xe2, 0x0f, 0x00, 0x20, 0x78, 0x30, 0x30, 0x3b, 0xaa, 0xb8, 0x3f,
  0x00, 0x00, 0x41, 0x00, 0x00, 0xe2, 0x0f, 0x00, 0x21, 0x72, 0x2f, 0x49,
  0x28, 0x00, 0x00, 0x00, 0x00, 0x00, 0x01, 0x00, 0x00, 0xe2, 0x0f, 0x00,
  0x19, 0x78, 0x3a, 0x3a, 0x1f, 0x00, 0x00, 0x00, 0xff, 0x06, 0x00, 0x00,
  0x00, 0xe4, 0x0f, 0x00, 0x08, 0x73, 0x45, 0x00, 0xb9, 0x00, 0x00, 0x00,
  0x00, 0x08, 0x00, 0x00, 0x00, 0x62, 0x0e, 0x00, 0x21, 0x72, 0x28, 0xaa,
  0x2f, 0x00, 0x00, 0x00, 0x00, 0x00, 0x01, 0x00, 0x00, 0xe2, 0x0f, 0x00,
  0x21, 0x72, 0x2e, 0x46, 0x33, 0x00, 0x00, 0x00, 0x00, 0x00, 0x01, 0x00,
  0x00, 0xe2, 0x8f, 0x00, 0x3e, 0x72, 0x24, 0x4e, 0x19, 0x00, 0x00, 0x00,
  0xff, 0x10, 0x00, 0x00, 0x00, 0xc6, 0x0f, 0x00, 0x21, 0x72, 0x33, 0x55,
  0x2e, 0x00, 0x00, 0x00, 0x00, 0x00, 0x01, 0x00, 0x00, 0xe4, 0x0f, 0x00,
  0x08, 0x73, 0xb0, 0x00, 0xb0, 0x00, 0x00, 0x00, 0x00, 0x08, 0x00, 0x00,
  0x00, 0xa2, 0x0e, 0x00, 0x21, 0x72, 0x2f, 0x3d, 0x28, 0x00, 0x00, 0x00,
  0x00, 0x00, 0x01, 0x00, 0x00, 0xe2, 0x1f, 0x00, 0x21, 0x72, 0x2e, 0x50,
  0x33, 0x00, 0x00, 0x00, 0x00, 0x00, 0x01, 0x00, 0x00, 0xe2, 0x0f, 0x00,
  0x3e, 0x72, 0x18, 0xac, 0x3d, 0x00, 0x00, 0x00, 0xff, 0x10, 0x00, 0x00,
  0x00, 0xe4, 0x0f, 0x04, 0x21, 0x72, 0x28, 0xac, 0x2f, 0x00, 0x00, 0x00,
  0x00, 0x00, 0x01, 0x00, 0x00, 0xe2, 0x0f, 0x00, 0x21, 0x72, 0x33, 0x57,
  0x2e, 0x00, 0x00, 0x00, 0x00, 0x00, 0x01, 0x00, 0x00, 0xe2, 0x0f, 0x00,
  0x21, 0x72, 0x2e, 0x38, 0xa1, 0x00, 0x00, 0x00, 0x00, 0x01, 0x01, 0x00,
  0x00, 0xe2, 0x0f, 0x00, 0x08, 0x73, 0xa4, 0x00, 0x36, 0x00, 0x00, 0x00,
  0x00, 0x08, 0x00, 0x00, 0x00, 0xe2, 0x00, 0x00, 0x21, 0x72, 0x2f, 0x45,
  0x28, 0x00, 0x00, 0x00, 0x00, 0x00, 0x01, 0x00, 0x00, 0xe2, 0x2f, 0x00,
  0x02, 0x72, 0x3d, 0x00, 0x9b, 0x00, 0x00, 0x00, 0x00, 0x0f, 0x00, 0x00,
  0x00, 0xe2, 0x0f, 0x00, 0x20, 0x78, 0x2e, 0x2e, 0x3b, 0xaa, 0xb8, 0x3f,
  0x00, 0x00, 0x41, 0x00, 0x00, 0xca, 0x0f, 0x00, 0x08, 0x73, 0x4c, 0x00,
  0xb4, 0x00, 0x00, 0x00, 0x00, 0x08, 0x00, 0x00, 0x00, 0xe2, 0x0f, 0x00,
  0x21, 0x72, 0x2f, 0xb0, 0x2f, 0x00, 0x00, 0x00, 0x00, 0x00, 0x01, 0x00,
  0x00, 0xe2, 0x4f, 0x00, 0x3e, 0x72, 0x36, 0x3f, 0x3c, 0x00, 0x00, 0x00,
  0xff, 0x10, 0x00, 0x00, 0x00, 0xe2, 0x1f, 0x00, 0x36, 0x78, 0x3f, 0x9a,
  0x00, 0x08, 0x00, 0x00, 0x00, 0x00, 0x00, 0x00, 0x00, 0xe2, 0x0f, 0x00,
  0x3e, 0x72, 0x1a, 0xb0, 0x45, 0x00, 0x00, 0x00, 0xff, 0x10, 0x00, 0x00,
  0x00, 0xe4, 0x0f, 0x00, 0x89, 0x7f, 0x28, 0x2f, 0x00, 0x1f, 0x20, 0x0c,
  0x00, 0x00, 0x0e, 0x00, 0x00, 0x24, 0x0e, 0x00, 0x08, 0x73, 0xa5, 0x00,
  0x2a, 0x00, 0x00, 0x00, 0x00, 0x08, 0x00, 0x00, 0x00, 0xa2, 0x02, 0x00,
  0x21, 0x72, 0x2c, 0xa4, 0x33, 0x00, 0x00, 0x00, 0x00, 0x00, 0x01, 0x00,
  0x00, 0xe2, 0x8f, 0x04, 0x3e, 0x72, 0x23, 0xa4, 0x57, 0x00, 0x00, 0x00,
  0xff, 0x10, 0x00, 0x00, 0x00, 0xc6, 0x0f, 0x00, 0x21, 0x72, 0x33, 0x3b,
  0x2c, 0x00, 0x00, 0x00, 0x00, 0x00, 0x01, 0x00, 0x00, 0xc6, 0x0f, 0x00,
  0x08, 0x73, 0xa7, 0x00, 0xa7, 0x00, 0x00, 0x00, 0x00, 0x08, 0x00, 0x00,
  0x00, 0xe2, 0x0e, 0x00, 0x21, 0x72, 0x33, 0xb2, 0x33, 0x00, 0x00, 0x00,
  0x00, 0x00, 0x01, 0x00, 0x00, 0xc8, 0x0f, 0x00, 0x21, 0x72, 0x2a, 0x54,
  0x33, 0x00, 0x00, 0x00, 0x00, 0x00, 0x01, 0x00, 0x00, 0xc6, 0x2f, 0x00,
  0x08, 0x73, 0xae, 0x00, 0xae, 0x00, 0x00, 0x00, 0x00, 0x08, 0x00, 0x00,
  0x00, 0x62, 0x0e, 0x00, 0x21, 0x72, 0x33, 0xa3, 0x2a, 0x00, 0x00, 0x00,
  0x00, 0x00, 0x01, 0x00, 0x00, 0xe2, 0x0f, 0x00, 0x3e, 0x72, 0x19, 0xa5,
  0x4c, 0x00, 0x00, 0x00, 0xff, 0x10, 0x00, 0x00, 0x00, 0xc6, 0x4f, 0x00,
  0x21, 0x72, 0x2a, 0x4c, 0x33, 0x00, 0x00, 0x00, 0x00, 0x00, 0x01, 0x00,
  0x00, 0xe2, 0x0f, 0x00, 0x21, 0x72, 0x28, 0x2f, 0x28, 0x00, 0x00, 0x00,
  0x00, 0x00, 0x01, 0x00, 0x00, 0xe2, 0x1f, 0x00, 0x12, 0x78, 0x2f, 0x32,
  0xf0, 0xff, 0x03, 0x00, 0xff, 0xc0, 0x8e, 0x07, 0x00, 0xe2, 0x0f, 0x04,
  0x08, 0x73, 0xa2, 0x00, 0x2e, 0x00, 0x00, 0x00, 0x00, 0x08, 0x00, 0x00,
  0x00, 0xa2, 0x00, 0x00, 0x21, 0x72, 0x2a, 0xa5, 0x2a, 0x00, 0x00, 0x00,
  0x00, 0x00, 0x01, 0x00, 0x00, 0xe2, 0x0f, 0x00, 0x19, 0x78, 0x32, 0x32,
  0x0a, 0x00, 0x00, 0x00, 0xff, 0x06, 0x00, 0x00, 0x00, 0xe4, 0x0f, 0x00,
  0x19, 0x78, 0x2f, 0x2f, 0x04, 0x00, 0x00, 0x00, 0xff, 0x12, 0x00, 0x00,
  0x00, 0xe2, 0x0f, 0x00, 0x21, 0x72, 0x33, 0xa7, 0x2a, 0x00, 0x00, 0x00,
  0x00, 0x00, 0x01, 0x00, 0x00, 0xe2, 0x8f, 0x00, 0x12, 0x78, 0x32, 0x32,
  0x00, 0x00, 0x0e, 0x00, 0xff, 0xc0, 0x8e, 0x07, 0x00, 0xe4, 0x0f, 0x00,
  0x12, 0x78, 0x2f, 0x2f, 0x00, 0x00, 0x00, 0x04, 0xff, 0xfc, 0x8e, 0x07,
  0x00, 0xe2, 0x0f, 0x00, 0x21, 0x72, 0x2a, 0xae, 0x33, 0x00, 0x00, 0x00,
  0x00, 0x00, 0x01, 0x00, 0x00, 0xe2, 0x2f, 0x00, 0x12, 0x78, 0x32, 0x32,
  0x40, 0x00, 0x00, 0x40, 0xff, 0xfc, 0x8e, 0x07, 0x00, 0xe2, 0x0f, 0x00,
  0x08, 0x73, 0xb4, 0x00, 0x30, 0x00, 0x00, 0x00, 0x00, 0x08, 0x00, 0x00,
  0x00, 0xe2, 0x02, 0x00, 0x10, 0x78, 0x2f, 0x2f, 0x00, 0x08, 0x00, 0x00,
  0xff, 0xe0, 0xf5, 0x07, 0x00, 0xc4, 0x0f, 0x00, 0x89, 0x7f, 0x33, 0x2a,
  0x00, 0x1f, 0x20, 0x0c, 0x00, 0x00, 0x0e, 0x00, 0x00, 0x22, 0x0f, 0x00,
  0x3e, 0x72, 0x2e, 0x4a, 0x1b, 0x00, 0x00, 0x00, 0xff, 0x10, 0x00, 0x00,
  0x00, 0xe4, 0x1f, 0x00, 0x0c, 0x72, 0x00, 0x9a, 0x2f, 0x00, 0x00, 0x00,
  0x70, 0x60, 0xf2, 0x03, 0x00, 0xe2, 0x0f, 0x00, 0x24, 0x72, 0x2f, 0xff,
  0xff, 0x00, 0x00, 0x00, 0x32, 0x06, 0x0e, 0x01, 0x00, 0xe4, 0x0f, 0x00,
  0x20, 0x72, 0x58, 0x58, 0xa2, 0x00, 0x00, 0x00, 0x00, 0x00, 0x40, 0x00,
  0x00, 0xe2, 0x4f, 0x08, 0x20, 0x72, 0x59, 0x59, 0xa2, 0x00, 0x00, 0x00,
  0x00, 0x00, 0x40, 0x00, 0x00, 0xe2, 0x0f, 0x08, 0x20, 0x72, 0x5c, 0x5c,
  0xa2, 0x00, 0x00, 0x00, 0x00, 0x00, 0x40, 0x00, 0x00, 0xe2, 0x0f, 0x08,
  0x20, 0x72, 0x5d, 0x5d, 0xa2, 0x00, 0x00, 0x00, 0x00, 0x00, 0x40, 0x00,
  0x00, 0xe2, 0x0f, 0x00, 0x0c, 0x72, 0x00, 0x9b, 0x2f, 0x00, 0x00, 0x00,
  0x10, 0x61, 0xf2, 0x03, 0x00, 0xe2, 0x0f, 0x00, 0xa7, 0x75, 0x00, 0x41,
  0x3a, 0x28, 0x80, 0x02, 0x7f, 0x01, 0x04, 0x08, 0x00, 0x22, 0x0e, 0x00,
  0x3e, 0x72, 0x2f, 0x27, 0x22, 0x00, 0x00, 0x00, 0xff, 0x10, 0x00, 0x00,
  0x00, 0xe2, 0x0f, 0x00, 0x20, 0x72, 0x60, 0x60, 0xa2, 0x00, 0x00, 0x00,
  0x00, 0x00, 0x40, 0x00, 0x00, 0xe2, 0x0f, 0x08, 0x3e, 0x72, 0x22, 0xa6,
  0x1d, 0x00, 0x00, 0x00, 0xff, 0x10, 0x00, 0x00, 0x00, 0xe2, 0x0f, 0x00,
  0x20, 0x72, 0x61, 0x61, 0xa2, 0x00, 0x00, 0x00, 0x00, 0x00, 0x40, 0x00,
  0x00, 0xe2, 0x0f, 0x08, 0x20, 0x72, 0x64, 0x64, 0xa2, 0x00, 0x00, 0x00,
  0x00, 0x00, 0x40, 0x00, 0x00, 0xe2, 0x0f, 0x08, 0x20, 0x72, 0x65, 0x65,
  0xa2, 0x00, 0x00, 0x00, 0x00, 0x00, 0x40, 0x00, 0x00, 0xe2, 0x0f, 0x08,
  0x20, 0x72, 0x68, 0x68, 0xa2, 0x00, 0x00, 0x00, 0x00, 0x00, 0x40, 0x00,
  0x00, 0xe2, 0x0f, 0x08, 0x20, 0x72, 0x69, 0x69, 0xa2, 0x00, 0x00, 0x00,
  0x00, 0x00, 0x40, 0x00, 0x00, 0xe2, 0x0f, 0x08, 0x20, 0x72, 0x6c, 0x6c,
  0xa2, 0x00, 0x00, 0x00, 0x00, 0x00, 0x40, 0x00, 0x00, 0xe2, 0x0f, 0x08,
  0x20, 0x72, 0x6d, 0x6d, 0xa2, 0x00, 0x00, 0x00, 0x00, 0x00, 0x40, 0x00,
  0x00, 0xe2, 0x0f, 0x08, 0x20, 0x72, 0x70, 0x70, 0xa2, 0x00, 0x00, 0x00,
  0x00, 0x00, 0x40, 0x00, 0x00, 0xe2, 0x0f, 0x08, 0x20, 0x72, 0x71, 0x71,
  0xa2, 0x00, 0x00, 0x00, 0x00, 0x00, 0x40, 0x00, 0x00, 0xe2, 0x0f, 0x08,
  0x20, 0x72, 0x74, 0x74, 0xa2, 0x00, 0x00, 0x00, 0x00, 0x00, 0x40, 0x00,
  0x00, 0xe2, 0x0f, 0x08, 0x21, 0x72, 0x2c, 0x2a, 0x33, 0x00, 0x00, 0x00,
  0x00, 0x00, 0x01, 0x00, 0x00, 0xe2, 0x0f, 0x01, 0x3e, 0x72, 0x2a, 0x48,
  0x21, 0x00, 0x00, 0x00, 0xff, 0x10, 0x00, 0x00, 0x00, 0xe2, 0x0f, 0x00,
  0x89, 0x7f, 0x33, 0x28, 0x00, 0x1f, 0x40, 0x0c, 0x00, 0x00, 0x0e, 0x00,
  0x00, 0xa2, 0x0e, 0x00, 0x20, 0x72, 0x75, 0x75, 0xa2, 0x00, 0x00, 0x00,
  0x00, 0x00, 0x40, 0x00, 0x00, 0xe2, 0x0f, 0x08, 0x20, 0x72, 0x78, 0x78,
  0xa2, 0x00, 0x00, 0x00, 0x00, 0x00, 0x40, 0x00, 0x00, 0xe2, 0x0f, 0x08,
  0x20, 0x72, 0x79, 0x79, 0xa2, 0x00, 0x00, 0x00, 0x00, 0x00, 0x40, 0x00,
  0x00, 0xe2, 0x0f, 0x08, 0x89, 0x7f, 0xa1, 0x2c, 0x00, 0x1f, 0x40, 0x0c,
  0x00, 0x00, 0x0e, 0x00, 0x00, 0x22, 0x0f, 0x00, 0x20, 0x72, 0x7c, 0x7c,
  0xa2, 0x00, 0x00, 0x00, 0x00, 0x00, 0x40, 0x00, 0x00, 0xe2, 0x0f, 0x08,
  0x20, 0x72, 0x7d, 0x7d, 0xa2, 0x00, 0x00, 0x00, 0x00, 0x00, 0x40, 0x00,
  0x00, 0xe2, 0x0f, 0x08, 0x20, 0x72, 0x80, 0x80, 0xa2, 0x00, 0x00, 0x00,
  0x00, 0x00, 0x40, 0x00, 0x00, 0xe2, 0x0f, 0x08, 0x20, 0x72, 0x81, 0x81,
  0xa2, 0x00, 0x00, 0x00, 0x00, 0x00, 0x40, 0x00, 0x00, 0xe2, 0x0f, 0x08,
  0x20, 0x72, 0x84, 0x84, 0xa2, 0x00, 0x00, 0x00, 0x00, 0x00, 0x40, 0x00,
  0x00, 0xe2, 0x0f, 0x08, 0x20, 0x72, 0x85, 0x85, 0xa2, 0x00, 0x00, 0x00,
  0x00, 0x00, 0x40, 0x00, 0x00, 0xe2, 0x0f, 0x08, 0x20, 0x72, 0x88, 0x88,
  0xa2, 0x00, 0x00, 0x00, 0x00, 0x00, 0x40, 0x00, 0x00, 0xe2, 0x0f, 0x08,
  0x20, 0x72, 0x89, 0x89, 0xa2, 0x00, 0x00, 0x00, 0x00, 0x00, 0x40, 0x00,
  0x00, 0xe2, 0x0f, 0x08, 0x20, 0x72, 0x8c, 0x8c, 0xa2, 0x00, 0x00, 0x00,
  0x00, 0x00, 0x40, 0x00, 0x00, 0xe2, 0x0f, 0x08, 0x20, 0x72, 0x8d, 0x8d,
  0xa2, 0x00, 0x00, 0x00, 0x00, 0x00, 0x40, 0x00, 0x00, 0xe2, 0x0f, 0x08,
  0x20, 0x72, 0x90, 0x90, 0xa2, 0x00, 0x00, 0x00, 0x00, 0x00, 0x40, 0x00,
  0x00, 0xe2, 0x0f, 0x08, 0x20, 0x72, 0x91, 0x91, 0xa2, 0x00, 0x00, 0x00,
  0x00, 0x00, 0x40, 0x00, 0x00, 0xe2, 0x0f, 0x08, 0x20, 0x72, 0x94, 0x94,
  0xa2, 0x00, 0x00, 0x00, 0x00, 0x00, 0x40, 0x00, 0x00, 0xe2, 0x0f, 0x08,
  0x20, 0x72, 0x95, 0x95, 0xa2, 0x00, 0x00, 0x00, 0x00, 0x00, 0x40, 0x00,
  0x00, 0xe2, 0x0f, 0x00, 0x3e, 0x72, 0x30, 0x43, 0x3e, 0x00, 0x00, 0x00,
  0xff, 0x10, 0x00, 0x00, 0x00, 0xe2, 0x2f, 0x00, 0x20, 0x72, 0x5a, 0x5a,
  0xb4, 0x00, 0x00, 0x00, 0x00, 0x00, 0x40, 0x00, 0x00, 0xe2, 0x8f, 0x00,
  0x3e, 0x72, 0x32, 0x47, 0x40, 0x00, 0x00, 0x00, 0xff, 0x10, 0x00, 0x00,
  0x00, 0xe2, 0x0f, 0x00, 0x20, 0x72, 0x5b, 0x5b, 0xb4, 0x00, 0x00, 0x00,
  0x00, 0x00, 0x40, 0x00, 0x00, 0xe2, 0x0f, 0x08, 0x3e, 0x72, 0x27, 0x46,
  0x53, 0x00, 0x00, 0x00, 0xff, 0x10, 0x00, 0x00, 0x00, 0xe2, 0x0f, 0x00,
  0x21, 0x72, 0x33, 0x28, 0x33, 0x00, 0x00, 0x00, 0x00, 0x00, 0x01, 0x00,
  0x00, 0xe2, 0x4f, 0x00, 0x3e, 0x72, 0x28, 0x44, 0x25, 0x00, 0x00, 0x00,
  0xff, 0x10, 0x00, 0x00, 0x00, 0xe2, 0x0f, 0x00, 0x20, 0x72, 0x5e, 0x5e,
  0xb4, 0x00, 0x00, 0x00, 0x00, 0x00, 0x40, 0x00, 0x00, 0xe2, 0x0f, 0x00,
  0x3e, 0x72, 0x25, 0xb8, 0x51, 0x00, 0x00, 0x00, 0xff, 0x10, 0x00, 0x00,
  0x00, 0xe2, 0x0f, 0x00, 0x21, 0x72, 0xa1, 0x2c, 0xa1, 0x00, 0x00, 0x00,
  0x00, 0x00, 0x01, 0x00, 0x00, 0xe2, 0x0f, 0x01, 0x23, 0x72, 0xa0, 0xa2,
  0xa0, 0x00, 0x00, 0x00, 0x33, 0x00, 0x01, 0x00, 0x00, 0xe2, 0x0f, 0x00,
  0x3e, 0x72, 0x33, 0x1f, 0x1e, 0x00, 0x00, 0x00, 0xff, 0x10, 0x00, 0x00,
  0x00, 0xe2, 0x0f, 0x00, 0x20, 0x72, 0x5f, 0x5f, 0xb4, 0x00, 0x00, 0x00,
  0x00, 0x00, 0x40, 0x00, 0x00, 0xe2, 0x0f, 0x00, 0x23, 0x72, 0x9e, 0xb4,
  0x9e, 0x00, 0x00, 0x00, 0xa1, 0x00, 0x01, 0x00, 0x00, 0xe2, 0x0f, 0x00,
  0x3e, 0x72, 0x2c, 0x4b, 0x42, 0x00, 0x00, 0x00, 0xff, 0x10, 0x00, 0x00,
  0x00, 0xe2, 0x0f, 0x00, 0x20, 0x72, 0x62, 0x62, 0xb4, 0x00, 0x00, 0x00,
  0x00, 0x00, 0x40, 0x00, 0x00, 0xe2, 0x0f, 0x08, 0x3e, 0x72, 0x21, 0x50,
  0x55, 0x00, 0x00, 0x00, 0xff, 0x10, 0x00, 0x00, 0x00, 0xe2, 0x0f, 0x00,
  0x20, 0x72, 0x63, 0x63, 0xb4, 0x00, 0x00, 0x00, 0x00, 0x00, 0x40, 0x00,
  0x00, 0xe2, 0x0f, 0x08, 0x3e, 0x72, 0x1d, 0xb2, 0x3b, 0x00, 0x00, 0x00,
  0xff, 0x10, 0x00, 0x00, 0x00, 0xe2, 0x0f, 0x00, 0x20, 0x72, 0x66, 0x66,
  0xb4, 0x00, 0x00, 0x00, 0x00, 0x00, 0x40, 0x00, 0x00, 0xe2, 0x0f, 0x08,
  0x3e, 0x72, 0x1e, 0xaa, 0x49, 0x00, 0x00, 0x00, 0xff, 0x10, 0x00, 0x00,
  0x00, 0xe2, 0x0f, 0x00, 0x20, 0x72, 0x67, 0x67, 0xb4, 0x00, 0x00, 0x00,
  0x00, 0x00, 0x40, 0x00, 0x00, 0xe2, 0x0f, 0x00, 0x3e, 0x72, 0x1f, 0xa3,
  0x54, 0x00, 0x00, 0x00, 0xff, 0x10, 0x00, 0x00, 0x00, 0xe2, 0x0f, 0x00,
  0x20, 0x72, 0x6a, 0x6a, 0xb4, 0x00, 0x00, 0x00, 0x00, 0x00, 0x40, 0x00,
  0x00, 0xe2, 0x0f, 0x08, 0x3e, 0x72, 0x1b, 0xae, 0xa7, 0x00, 0x00, 0x00,
  0xff, 0x10, 0x00, 0x00, 0x00, 0xe2, 0x0f, 0x00, 0x20, 0x72, 0x6b, 0x6b,
  0xb4, 0x00, 0x00, 0x00, 0x00, 0x00, 0x40, 0x00, 0x00, 0xe2, 0x0f, 0x08,
  0x20, 0x72, 0x6e, 0x6e, 0xb4, 0x00, 0x00, 0x00, 0x00, 0x00, 0x40, 0x00,
  0x00, 0xe2, 0x0f, 0x08, 0x20, 0x72, 0x6f, 0x6f, 0xb4, 0x00, 0x00, 0x00,
  0x00, 0x00, 0x40, 0x00, 0x00, 0xe2, 0x0f, 0x08, 0x20, 0x72, 0x72, 0x72,
  0xb4, 0x00, 0x00, 0x00, 0x00, 0x00, 0x40, 0x00, 0x00, 0xe2, 0x0f, 0x08,
  0x20, 0x72, 0x73, 0x73, 0xb4, 0x00, 0x00, 0x00, 0x00, 0x00, 0x40, 0x00,
  0x00, 0xe2, 0x0f, 0x08, 0x20, 0x72, 0x76, 0x76, 0xb4, 0x00, 0x00, 0x00,
  0x00, 0x00, 0x40, 0x00, 0x00, 0xe2, 0x0f, 0x08, 0x20, 0x72, 0x77, 0x77,
  0xb4, 0x00, 0x00, 0x00, 0x00, 0x00, 0x40, 0x00, 0x00, 0xe2, 0x0f, 0x08,
  0x20, 0x72, 0x7a, 0x7a, 0xb4, 0x00, 0x00, 0x00, 0x00, 0x00, 0x40, 0x00,
  0x00, 0xe2, 0x0f, 0x08, 0x20, 0x72, 0x7b, 0x7b, 0xb4, 0x00, 0x00, 0x00,
  0x00, 0x00, 0x40, 0x00, 0x00, 0xe2, 0x0f, 0x08, 0x20, 0x72, 0x7e, 0x7e,
  0xb4, 0x00, 0x00, 0x00, 0x00, 0x00, 0x40, 0x00, 0x00, 0xe2, 0x0f, 0x08,
  0x20, 0x72, 0x7f, 0x7f, 0xb4, 0x00, 0x00, 0x00, 0x00, 0x00, 0x40, 0x00,
  0x00, 0xe2, 0x0f, 0x08, 0x20, 0x72, 0x82, 0x82, 0xb4, 0x00, 0x00, 0x00,
  0x00, 0x00, 0x40, 0x00, 0x00, 0xe2, 0x0f, 0x08, 0x20, 0x72, 0x83, 0x83,
  0xb4, 0x00, 0x00, 0x00, 0x00, 0x00, 0x40, 0x00, 0x00, 0xe2, 0x0f, 0x08,
  0x20, 0x72, 0x86, 0x86, 0xb4, 0x00, 0x00, 0x00, 0x00, 0x00, 0x40, 0x00,
  0x00, 0xe2, 0x0f, 0x08, 0x20, 0x72, 0x87, 0x87, 0xb4, 0x00, 0x00, 0x00,
  0x00, 0x00, 0x40, 0x00, 0x00, 0xe2, 0x0f, 0x08, 0x20, 0x72, 0x8a, 0x8a,
  0xb4, 0x00, 0x00, 0x00, 0x00, 0x00, 0x40, 0x00, 0x00, 0xe2, 0x0f, 0x08,
  0x20, 0x72, 0x8b, 0x8b, 0xb4, 0x00, 0x00, 0x00, 0x00, 0x00, 0x40, 0x00,
  0x00, 0xe2, 0x0f, 0x08, 0x20, 0x72, 0x8e, 0x8e, 0xb4, 0x00, 0x00, 0x00,
  0x00, 0x00, 0x40, 0x00, 0x00, 0xe2, 0x0f, 0x08, 0x20, 0x72, 0x8f, 0x8f,
  0xb4, 0x00, 0x00, 0x00, 0x00, 0x00, 0x40, 0x00, 0x00, 0xe2, 0x0f, 0x08,
  0x20, 0x72, 0x92, 0x92, 0xb4, 0x00, 0x00, 0x00, 0x00, 0x00, 0x40, 0x00,
  0x00, 0xe2, 0x0f, 0x08, 0x20, 0x72, 0x93, 0x93, 0xb4, 0x00, 0x00, 0x00,
  0x00, 0x00, 0x40, 0x00, 0x00, 0xe2, 0x0f, 0x08, 0x20, 0x72, 0x96, 0x96,
  0xb4, 0x00, 0x00, 0x00, 0x00, 0x00, 0x40, 0x00, 0x00, 0xe2, 0x0f, 0x08,
  0x20, 0x72, 0x97, 0x97, 0xb4, 0x00, 0x00, 0x00, 0x00, 0x00, 0x40, 0x00,
  0x00, 0xe2, 0x0f, 0x00, 0x36, 0x18, 0x3f, 0x9a, 0x00, 0xf8, 0xff, 0xff,
  0x00, 0x00, 0x00, 0x00, 0x00, 0xe2, 0x0f, 0x00, 0x02, 0x72, 0xa2, 0x00,
  0x39, 0x00, 0x00, 0x00, 0x00, 0x0f, 0x00, 0x00, 0x00, 0xe2, 0x0f, 0x00,
  0x47, 0x29, 0x08, 0x00, 0x00, 0x00, 0x00, 0x00, 0x00, 0x00, 0x80, 0x03,
  0x00, 0xec, 0x1f, 0x00, 0xa7, 0x75, 0x00, 0x41, 0x3a, 0x28, 0x80, 0x02,
  0x7f, 0x01, 0x02, 0x08, 0x00, 0x24, 0x0e, 0x00, 0x47, 0x99, 0xd8, 0x00,
  0x30, 0x00, 0x00, 0x00, 0x00, 0x00, 0x80, 0x03, 0x00, 0xea, 0x1f, 0x00,
  0x24, 0x72, 0x9a, 0xff, 0xff, 0x00, 0x00, 0x00, 0x3f, 0x00, 0x8e, 0x07,
  0x00, 0xe2, 0x0f, 0x00, 0xca, 0x72, 0x13, 0x9b, 0x00, 0x00, 0x00, 0x00,
  0x00, 0x00, 0x0e, 0x00, 0x00, 0xe2, 0x0f, 0x00, 0xc5, 0x79, 0x00, 0x00,
  0x00, 0x00, 0x00, 0x00, 0x00, 0x00, 0x00, 0x00, 0x00, 0xe2, 0x0f, 0x00,
  0x36, 0x78, 0x3a, 0x3f, 0x80, 0x00, 0x00, 0x00, 0x00, 0x00, 0x00, 0x00,
  0x00, 0xe2, 0x1f, 0x04, 0x02, 0x72, 0x3b, 0x00, 0x9b, 0x00, 0x00, 0x00,
  0x00, 0x0f, 0x00, 0x00, 0x00, 0xe2, 0x0f, 0x00, 0x90, 0x78, 0x11, 0x11,
  0x01, 0x00, 0x00, 0x00, 0x3f, 0xe0, 0xff, 0x0f, 0x00, 0xe2, 0x0f, 0x00,
  0xca, 0x72, 0x12, 0x9a, 0x00, 0x00, 0x00, 0x00, 0x00, 0x00, 0x0e, 0x00,
  0x00, 0xe2, 0x0f, 0x00, 0x82, 0x78, 0x14, 0x00, 0x01, 0x00, 0x00, 0x00,
  0x00, 0x00, 0x00, 0x00, 0x00, 0xe2, 0x0f, 0x00, 0x10, 0x78, 0x3c, 0x3f,
  0x00, 0x01, 0x00, 0x00, 0xff, 0xe0, 0xff, 0x07, 0x00, 0xe4, 0x0f, 0x00,
  0x02, 0x72, 0xa1, 0x00, 0x38, 0x00, 0x00, 0x00, 0x00, 0x0f, 0x00, 0x00,
  0x00, 0xc4, 0x0f, 0x00, 0x0c, 0x7c, 0x00, 0x9d, 0x11, 0x00, 0x00, 0x00,
  0x70, 0x32, 0xf2, 0x0b, 0x00, 0xce, 0x0f, 0x00, 0xf0, 0x7d, 0x58, 0x34,
  0x10, 0x00, 0xe0, 0x41, 0x58, 0x18, 0x70, 0x08, 0x00, 0xe2, 0x0f, 0x00,
  0xca, 0x72, 0x12, 0x3a, 0x00, 0x00, 0x00, 0x00, 0x00, 0x00, 0x0e, 0x00,
  0x00, 0xe4, 0x0f, 0x00, 0xca, 0x72, 0x13, 0x3b, 0x00, 0x00, 0x00, 0x00,
  0x00, 0x00, 0x0e, 0x00, 0x00, 0xda, 0x0f, 0x00, 0xf0, 0x7d, 0x58, 0x30,
  0x10, 0x00, 0xe0, 0x41, 0x58, 0x18, 0x70, 0x08, 0x00, 0xe2, 0x0f, 0x00,
  0xca, 0x72, 0x12, 0x3c, 0x00, 0x00, 0x00, 0x00, 0x00, 0x00, 0x0e, 0x00,
  0x00, 0xe2, 0x0f, 0x00, 0x36, 0x78, 0x3c, 0x3f, 0x80, 0x01, 0x00, 0x00,
  0x00, 0x00, 0x00, 0x00, 0x00, 0xe2, 0x0f, 0x00, 0xca, 0x72, 0x13, 0x3d,
  0x00, 0x00, 0x00, 0x00, 0x00, 0x00, 0x0e, 0x00, 0x00, 0xda, 0x0f, 0x00,
  0xf0, 0x7d, 0x58, 0x2c, 0x10, 0x00, 0xe0, 0x41, 0x58, 0x18, 0x70, 0x08,
  0x00, 0xe2, 0x0f, 0x00, 0xca, 0x72, 0x12, 0x3c, 0x00, 0x00, 0x00, 0x00,
  0x00, 0x00, 0x0e, 0x00, 0x00, 0xe4, 0x0f, 0x00, 0xca, 0x72, 0x13, 0x3d,
  0x00, 0x00, 0x00, 0x00, 0x00, 0x00, 0x0e, 0x00, 0x00, 0xe4, 0x0f, 0x00,
  0x10, 0x78, 0x3c, 0x3f, 0x00, 0x02, 0x00, 0x00, 0xff, 0xe0, 0xff, 0x07,
  0x00, 0xd6, 0x0f, 0x00, 0xf0, 0x7d, 0x58, 0x28, 0x10, 0x00, 0xe0, 0x41,
  0x58, 0x18, 0x70, 0x08, 0x00, 0xe2, 0x0f, 0x00, 0xca, 0x72, 0x12, 0x3c,
  0x00, 0x00, 0x00, 0x00, 0x00, 0x00, 0x0e, 0x00, 0x00, 0xe2, 0x0f, 0x00,
  0x36, 0x78, 0x3c, 0x3f, 0x80, 0x02, 0x00, 0x00, 0x00, 0x00, 0x00, 0x00,
  0x00, 0xe2, 0x0f, 0x00, 0xca, 0x72, 0x13, 0x3d, 0x00, 0x00, 0x00, 0x00,
  0x00, 0x00, 0x0e, 0x00, 0x00, 0xda, 0x0f, 0x00, 0xf0, 0x7d, 0x58, 0x24,
  0x10, 0x00, 0xe0, 0x41, 0x58, 0x18, 0x70, 0x08, 0x00, 0xe2, 0x0f, 0x00,
  0xca, 0x72, 0x12, 0x3c, 0x00, 0x00, 0x00, 0x00, 0x00, 0x00, 0x0e, 0x00,
  0x00, 0xe4, 0x0f, 0x00, 0xca, 0x72, 0x13, 0x3d, 0x00, 0x00, 0x00, 0x00,
  0x00, 0x00, 0x0e, 0x00, 0x00, 0xe4, 0x0f, 0x00, 0x10, 0x78, 0x3c, 0x3f,
  0x00, 0x03, 0x00, 0x00, 0xff, 0xe0, 0xff, 0x07, 0x00, 0xd6, 0x0f, 0x00,
  0xf0, 0x7d, 0x58, 0x20, 0x10, 0x00, 0xe0, 0x41, 0x58, 0x18, 0x70, 0x08,
  0x00, 0xe2, 0x0f, 0x00, 0xca, 0x72, 0x12, 0x3c, 0x00, 0x00, 0x00, 0x00,
  0x00, 0x00, 0x0e, 0x00, 0x00, 0xe2, 0x0f, 0x00, 0x36, 0x78, 0x3c, 0x3f,
  0x80, 0x03, 0x00, 0x00, 0x00, 0x00, 0x00, 0x00, 0x00, 0xe2, 0x0f, 0x00,
  0xca, 0x72, 0x13, 0x3d, 0x00, 0x00, 0x00, 0x00, 0x00, 0x00, 0x0e, 0x00,
  0x00, 0xda, 0x0f, 0x00, 0xf0, 0x7d, 0x58, 0x1c, 0x10, 0x00, 0xe0, 0x41,
  0x58, 0x18, 0x70, 0x08, 0x00, 0xe2, 0x0f, 0x00, 0xca, 0x72, 0x12, 0x3c,
  0x00, 0x00, 0x00, 0x00, 0x00, 0x00, 0x0e, 0x00, 0x00, 0xe4, 0x0f, 0x00,
  0xca, 0x72, 0x13, 0x3d, 0x00, 0x00, 0x00, 0x00, 0x00, 0x00, 0x0e, 0x00,
  0x00, 0xda, 0x0f, 0x00, 0xf0, 0x7d, 0x58, 0x18, 0x10, 0x00, 0xe0, 0x41,
  0x58, 0x18, 0x00, 0x08, 0x00, 0xe2, 0x0f, 0x00, 0x90, 0x78, 0x12, 0x06,
  0x01, 0x00, 0x00, 0x00, 0x3f, 0xe0, 0xff, 0x0f, 0x00, 0xe4, 0x0f, 0x00,
  0x90, 0x78, 0x13, 0x04, 0x01, 0x00, 0x00, 0x00, 0x3f, 0xe0, 0xff, 0x0f,
  0x00, 0xe4, 0x0f, 0x00, 0x99, 0x72, 0x06, 0x14, 0x06, 0x00, 0x00, 0x00,
  0x3f, 0x06, 0x00, 0x08, 0x00, 0xe4, 0x0f, 0x00, 0x99, 0x72, 0x04, 0x14,
  0x04, 0x00, 0x00, 0x00, 0x3f, 0x06, 0x00, 0x08, 0x00, 0xe4, 0x0f, 0x00,
  0x8c, 0x78, 0x00, 0x12, 0x01, 0x00, 0x00, 0x00, 0x70, 0x40, 0xf0, 0x0b,
  0x00, 0xe4, 0x0f, 0x00, 0x8c, 0x78, 0x00, 0x13, 0x01, 0x00, 0x00, 0x00,
  0x70, 0x40, 0xf4, 0x0b, 0x00, 0xc4, 0x0f, 0x00, 0x92, 0x72, 0x07, 0x06,
  0x07, 0x00, 0x00, 0x00, 0x3f, 0x3c, 0x8e, 0x0f, 0x00, 0xe4, 0x0f, 0x00,
  0x92, 0x72, 0x05, 0x04, 0x05, 0x00, 0x00, 0x00, 0x3f, 0x3c, 0x8e, 0x0f,
  0x00, 0xe4, 0x0f, 0x00, 0x87, 0x72, 0x06, 0x12, 0x3f, 0x00, 0x00, 0x00,
  0x00, 0x00, 0x00, 0x0c, 0x00, 0xe4, 0x0f, 0x00, 0x87, 0x72, 0x04, 0x13,
  0x3f, 0x00, 0x00, 0x00, 0x00, 0x00, 0x00, 0x0d, 0x00, 0xe2, 0x0f, 0x00,
  0xc5, 0x79, 0x00, 0x00, 0x00, 0x80, 0x00, 0x00, 0x00, 0x00, 0x01, 0x00,
  0x00, 0xe4, 0x0f, 0x00, 0xa7, 0x89, 0xff, 0x9c, 0xff, 0x18, 0x80, 0x02,
  0x3f, 0x00, 0x10, 0x08, 0x00, 0xe2, 0x01, 0x00, 0xa7, 0x89, 0xff, 0x41,
  0xff, 0x38, 0x80, 0x02, 0x3f, 0x00, 0x10, 0x08, 0x00, 0xe2, 0x01, 0x00,
  0x47, 0x99, 0x6c, 0x00, 0xbc, 0xff, 0xff, 0xff, 0xff, 0xff, 0x83, 0x03,
  0x00, 0xee, 0x0f, 0x00, 0x24, 0x78, 0x0a, 0x0c, 0x40, 0x00, 0x00, 0x00,
  0x15, 0x02, 0x8e, 0x07, 0x00, 0xe2, 0x0f, 0x00, 0x45, 0x79, 0x00, 0x00,
  0x50, 0x0a, 0x00, 0x00, 0x00, 0x00, 0x80, 0x03, 0x00, 0xe8, 0x0f, 0x00,
  0x0c, 0x72, 0x00, 0x0a, 0x11, 0x00, 0x00, 0x00, 0x70, 0x62, 0xf0, 0x03,
  0x00, 0xda, 0x0f, 0x00, 0x47, 0x09, 0x88, 0x00, 0x08, 0x00, 0x00, 0x00,
  0x00, 0x00, 0x80, 0x03, 0x00, 0xea, 0x0f, 0x00, 0x0c, 0x72, 0x00, 0x98,
  0xff, 0x00, 0x00, 0x00, 0x70, 0x52, 0xf2, 0x03, 0x00, 0xe4, 0x0f, 0x00,
  0x02, 0x78, 0x0a, 0x00, 0x00, 0x00, 0x80, 0x3f, 0x00, 0x0f, 0x00, 0x00,
  0x00, 0xd6, 0x0f, 0x00, 0x21, 0x12, 0x38, 0x38, 0x10, 0x00, 0x00, 0x00,
  0x00, 0x01, 0x01, 0x00, 0x00, 0xe2, 0x0f, 0x10, 0x21, 0x12, 0xa2, 0xa2,
  0x10, 0x00, 0x00, 0x00, 0x00, 0x01, 0x01, 0x00, 0x00, 0xc6, 0x0f, 0x00,
  0x20, 0x18, 0x38, 0x38, 0x3b, 0xaa, 0xb8, 0x3f, 0x00, 0x00, 0x41, 0x00,
  0x00, 0xe2, 0x0f, 0x00, 0x20, 0x18, 0xa2, 0xa2, 0x3b, 0xaa, 0xb8, 0x3f,
  0x00, 0x00, 0x41, 0x00, 0x00, 0xc6, 0x0f, 0x00, 0x08, 0x13, 0x0b, 0x00,
  0x38, 0x00, 0x00, 0x00, 0x00, 0x08, 0x00, 0x00, 0x00, 0xb0, 0x0e, 0x00,
  0x08, 0x13, 0x19, 0x00, 0xa2, 0x00, 0x00, 0x00, 0x00, 0x08, 0x00, 0x00,
  0x00, 0xe2, 0x0e, 0x00, 0x21, 0x12, 0xa0, 0xa0, 0x0b, 0x00, 0x00, 0x00,
  0x00, 0x00, 0x01, 0x00, 0x00, 0xe2, 0x4f, 0x00, 0x24, 0x74, 0x0b, 0xff,
  0x00, 0x00, 0x80, 0x3f, 0xff, 0x00, 0x8e, 0x07, 0x00, 0xc8, 0x0f, 0x00,
  0x0b, 0x72, 0x00, 0xa0, 0xff, 0x00, 0x00, 0x00, 0x00, 0xd0, 0xf1, 0x03,
  0x00, 0xe2, 0x0f, 0x00, 0x21, 0x12, 0x9e, 0x9e, 0x19, 0x00, 0x00, 0x00,
  0x00, 0x00, 0x01, 0x00, 0x00, 0xd8, 0x8f, 0x00, 0x08, 0x03, 0x0a, 0x00,
  0xa0, 0x00, 0x00, 0x00, 0x00, 0x10, 0x00, 0x00, 0x00, 0xa2, 0x0e, 0x00,
  0x0b, 0x72, 0x00, 0x9e, 0xff, 0x00, 0x00, 0x00, 0x00, 0xd0, 0xf1, 0x03,
  0x00, 0xda, 0x0f, 0x00, 0x08, 0x03, 0x0b, 0x00, 0x9e, 0x00, 0x00, 0x00,
  0x00, 0x10, 0x00, 0x00, 0x00, 0xe2, 0x0e, 0x00, 0x0c, 0x72, 0x00, 0x99,
  0x11, 0x00, 0x00, 0x00, 0x70, 0x62, 0xf0, 0x03, 0x00, 0xe2, 0x0f, 0x00,
  0x20, 0x72, 0x1d, 0x58, 0x0a, 0x00, 0x00, 0x00, 0x00, 0x00, 0x41, 0x00,
  0x00, 0xe2, 0x4f, 0x08, 0x20, 0x72, 0x1a, 0x59, 0x0a, 0x00, 0x00, 0x00,
  0x00, 0x00, 0x41, 0x00, 0x00, 0xe2, 0x0f, 0x08, 0x20, 0x72, 0x1f, 0x5c,
  0x0a, 0x00, 0x00, 0x00, 0x00, 0x00, 0x41, 0x00, 0x00, 0xe2, 0x0f, 0x08,
  0x20, 0x72, 0x1c, 0x5d, 0x0a, 0x00, 0x00, 0x00, 0x00, 0x00, 0x41, 0x00,
  0x00, 0xe2, 0x0f, 0x08, 0x20, 0x72, 0x21, 0x60, 0x0a, 0x00, 0x00, 0x00,
  0x00, 0x00, 0x41, 0x00, 0x00, 0xe2, 0x0f, 0x08, 0x20, 0x72, 0x1e, 0x61,
  0x0a, 0x00, 0x00, 0x00, 0x00, 0x00, 0x41, 0x00, 0x00, 0xe2, 0x0f, 0x08,
  0x20, 0x72, 0x23, 0x64, 0x0a, 0x00, 0x00, 0x00, 0x00, 0x00, 0x41, 0x00,
  0x00, 0xe2, 0x0f, 0x08, 0x20, 0x72, 0x20, 0x65, 0x0a, 0x00, 0x00, 0x00,
  0x00, 0x00, 0x41, 0x00, 0x00, 0xe2, 0x0f, 0x08, 0x20, 0x72, 0x25, 0x68,
  0x0a, 0x00, 0x00, 0x00, 0x00, 0x00, 0x41, 0x00, 0x00, 0xe2, 0x0f, 0x08,
  0x20, 0x72, 0x22, 0x69, 0x0a, 0x00, 0x00, 0x00, 0x00, 0x00, 0x41, 0x00,
  0x00, 0xe2, 0x0f, 0x08, 0x20, 0x72, 0x27, 0x6c, 0x0a, 0x00, 0x00, 0x00,
  0x00, 0x00, 0x41, 0x00, 0x00, 0xe2, 0x0f, 0x08, 0x20, 0x72, 0x24, 0x6d,
  0x0a, 0x00, 0x00, 0x00, 0x00, 0x00, 0x41, 0x00, 0x00, 0xe2, 0x0f, 0x08,
  0x20, 0x72, 0x29, 0x70, 0x0a, 0x00, 0x00, 0x00, 0x00, 0x00, 0x41, 0x00,
  0x00, 0xe2, 0x0f, 0x08, 0x20, 0x72, 0x26, 0x71, 0x0a, 0x00, 0x00, 0x00,
  0x00, 0x00, 0x41, 0x00, 0x00, 0xe2, 0x0f, 0x08, 0x20, 0x72, 0x2b, 0x74,
  0x0a, 0x00, 0x00, 0x00, 0x00, 0x00, 0x41, 0x00, 0x00, 0xe2, 0x0f, 0x08,
  0x20, 0x72, 0x28, 0x75, 0x0a, 0x00, 0x00, 0x00, 0x00, 0x00, 0x41, 0x00,
  0x00, 0xe2, 0x0f, 0x08, 0x20, 0x72, 0x2d, 0x78, 0x0a, 0x00, 0x00, 0x00,
  0x00, 0x00, 0x41, 0x00, 0x00, 0xe2, 0x0f, 0x08, 0x20, 0x72, 0x2a, 0x79,
  0x0a, 0x00, 0x00, 0x00, 0x00, 0x00, 0x41, 0x00, 0x00, 0xe2, 0x0f, 0x08,
  0x20, 0x72, 0x2f, 0x7c, 0x0a, 0x00, 0x00, 0x00, 0x00, 0x00, 0x41, 0x00,
  0x00, 0xe2, 0x0f, 0x08, 0x20, 0x72, 0x2c, 0x7d, 0x0a, 0x00, 0x00, 0x00,
  0x00, 0x00, 0x41, 0x00, 0x00, 0xe2, 0x0f, 0x08, 0x20, 0x72, 0x31, 0x80,
  0x0a, 0x00, 0x00, 0x00, 0x00, 0x00, 0x41, 0x00, 0x00, 0xe2, 0x0f, 0x08,
  0x20, 0x72, 0x2e, 0x81, 0x0a, 0x00, 0x00, 0x00, 0x00, 0x00, 0x41, 0x00,
  0x00, 0xe2, 0x0f, 0x08, 0x20, 0x72, 0x33, 0x84, 0x0a, 0x00, 0x00, 0x00,
  0x00, 0x00, 0x41, 0x00, 0x00, 0xe2, 0x0f, 0x08, 0x20, 0x72, 0x30, 0x85,
  0x0a, 0x00, 0x00, 0x00, 0x00, 0x00, 0x41, 0x00, 0x00, 0xe2, 0x0f, 0x08,
  0x20, 0x72, 0x35, 0x88, 0x0a, 0x00, 0x00, 0x00, 0x00, 0x00, 0x41, 0x00,
  0x00, 0xe2, 0x0f, 0x08, 0x20, 0x72, 0x32, 0x89, 0x0a, 0x00, 0x00, 0x00,
  0x00, 0x00, 0x41, 0x00, 0x00, 0xe2, 0x0f, 0x08, 0x20, 0x72, 0x37, 0x8c,
  0x0a, 0x00, 0x00, 0x00, 0x00, 0x00, 0x41, 0x00, 0x00, 0xe2, 0x0f, 0x08,
  0x20, 0x72, 0x34, 0x8d, 0x0a, 0x00, 0x00, 0x00, 0x00, 0x00, 0x41, 0x00,
  0x00, 0xe2, 0x0f, 0x08, 0x20, 0x72, 0x39, 0x90, 0x0a, 0x00, 0x00, 0x00,
  0x00, 0x00, 0x41, 0x00, 0x00, 0xe2, 0x0f, 0x08, 0x20, 0x72, 0x36, 0x91,
  0x0a, 0x00, 0x00, 0x00, 0x00, 0x00, 0x41, 0x00, 0x00, 0xe2, 0x0f, 0x08,
  0x20, 0x72, 0x3b, 0x94, 0x0a, 0x00, 0x00, 0x00, 0x00, 0x00, 0x41, 0x00,
  0x00, 0xe2, 0x0f, 0x08, 0x20, 0x72, 0x38, 0x95, 0x0a, 0x00, 0x00, 0x00,
  0x00, 0x00, 0x41, 0x00, 0x00, 0xe2, 0x0f, 0x00, 0x20, 0x72, 0x5a, 0x5a,
  0x0b, 0x00, 0x00, 0x00, 0x00, 0x00, 0x41, 0x00, 0x00, 0xe2, 0x8f, 0x08,
  0x20, 0x72, 0x5b, 0x5b, 0x0b, 0x00, 0x00, 0x00, 0x00, 0x00, 0x41, 0x00,
  0x00, 0xe2, 0x0f, 0x08, 0x20, 0x72, 0x5e, 0x5e, 0x0b, 0x00, 0x00, 0x00,
  0x00, 0x00, 0x41, 0x00, 0x00, 0xe2, 0x0f, 0x08, 0x20, 0x72, 0x5f, 0x5f,
  0x0b, 0x00, 0x00, 0x00, 0x00, 0x00, 0x41, 0x00, 0x00, 0xe2, 0x0f, 0x08,
  0x20, 0x72, 0x62, 0x62, 0x0b, 0x00, 0x00, 0x00, 0x00, 0x00, 0x41, 0x00,
  0x00, 0xe2, 0x0f, 0x08, 0x20, 0x72, 0x63, 0x63, 0x0b, 0x00, 0x00, 0x00,
  0x00, 0x00, 0x41, 0x00, 0x00, 0xe2, 0x0f, 0x08, 0x20, 0x72, 0x66, 0x66,
  0x0b, 0x00, 0x00, 0x00, 0x00, 0x00, 0x41, 0x00, 0x00, 0xe2, 0x0f, 0x08,
  0x20, 0x72, 0x67, 0x67, 0x0b, 0x00, 0x00, 0x00, 0x00, 0x00, 0x41, 0x00,
  0x00, 0xe2, 0x0f, 0x08, 0x20, 0x72, 0x6a, 0x6a, 0x0b, 0x00, 0x00, 0x00,
  0x00, 0x00, 0x41, 0x00, 0x00, 0xe2, 0x0f, 0x08, 0x20, 0x72, 0x6b, 0x6b,
  0x0b, 0x00, 0x00, 0x00, 0x00, 0x00, 0x41, 0x00, 0x00, 0xe2, 0x0f, 0x08,
  0x20, 0x72, 0x6e, 0x6e, 0x0b, 0x00, 0x00, 0x00, 0x00, 0x00, 0x41, 0x00,
  0x00, 0xe2, 0x0f, 0x08, 0x20, 0x72, 0x6f, 0x6f, 0x0b, 0x00, 0x00, 0x00,
  0x00, 0x00, 0x41, 0x00, 0x00, 0xe2, 0x0f, 0x08, 0x20, 0x72, 0x72, 0x72,
  0x0b, 0x00, 0x00, 0x00, 0x00, 0x00, 0x41, 0x00, 0x00, 0xe2, 0x0f, 0x08,
  0x20, 0x72, 0x73, 0x73, 0x0b, 0x00, 0x00, 0x00, 0x00, 0x00, 0x41, 0x00,
  0x00, 0xe2, 0x0f, 0x08, 0x20, 0x72, 0x76, 0x76, 0x0b, 0x00, 0x00, 0x00,
  0x00, 0x00, 0x41, 0x00, 0x00, 0xe2, 0x0f, 0x08, 0x20, 0x72, 0x77, 0x77,
  0x0b, 0x00, 0x00, 0x00, 0x00, 0x00, 0x41, 0x00, 0x00, 0xe2, 0x0f, 0x08,
  0x20, 0x72, 0x7a, 0x7a, 0x0b, 0x00, 0x00, 0x00, 0x00, 0x00, 0x41, 0x00,
  0x00, 0xe2, 0x0f, 0x08, 0x20, 0x72, 0x7b, 0x7b, 0x0b, 0x00, 0x00, 0x00,
  0x00, 0x00, 0x41, 0x00, 0x00, 0xe2, 0x0f, 0x08, 0x20, 0x72, 0x7e, 0x7e,
  0x0b, 0x00, 0x00, 0x00, 0x00, 0x00, 0x41, 0x00, 0x00, 0xe2, 0x0f, 0x08,
  0x20, 0x72, 0x7f, 0x7f, 0x0b, 0x00, 0x00, 0x00, 0x00, 0x00, 0x41, 0x00,
  0x00, 0xe2, 0x0f, 0x08, 0x20, 0x72, 0x82, 0x82, 0x0b, 0x00, 0x00, 0x00,
  0x00, 0x00, 0x41, 0x00, 0x00, 0xe2, 0x0f, 0x08, 0x20, 0x72, 0x83, 0x83,
  0x0b, 0x00, 0x00, 0x00, 0x00, 0x00, 0x41, 0x00, 0x00, 0xe2, 0x0f, 0x08,
  0x20, 0x72, 0x86, 0x86, 0x0b, 0x00, 0x00, 0x00, 0x00, 0x00, 0x41, 0x00,
  0x00, 0xe2, 0x0f, 0x08, 0x20, 0x72, 0x87, 0x87, 0x0b, 0x00, 0x00, 0x00,
  0x00, 0x00, 0x41, 0x00, 0x00, 0xe2, 0x0f, 0x08, 0x20, 0x72, 0x8a, 0x8a,
  0x0b, 0x00, 0x00, 0x00, 0x00, 0x00, 0x41, 0x00, 0x00, 0xe2, 0x0f, 0x08,
  0x20, 0x72, 0x8b, 0x8b, 0x0b, 0x00, 0x00, 0x00, 0x00, 0x00, 0x41, 0x00,
  0x00, 0xe2, 0x0f, 0x08, 0x20, 0x72, 0x8e, 0x8e, 0x0b, 0x00, 0x00, 0x00,
  0x00, 0x00, 0x41, 0x00, 0x00, 0xe2, 0x0f, 0x08, 0x20, 0x72, 0x8f, 0x8f,
  0x0b, 0x00, 0x00, 0x00, 0x00, 0x00, 0x41, 0x00, 0x00, 0xe2, 0x0f, 0x08,
  0x20, 0x72, 0x92, 0x92, 0x0b, 0x00, 0x00, 0x00, 0x00, 0x00, 0x41, 0x00,
  0x00, 0xe2, 0x0f, 0x08, 0x20, 0x72, 0x93, 0x93, 0x0b, 0x00, 0x00, 0x00,
  0x00, 0x00, 0x41, 0x00, 0x00, 0xe2, 0x0f, 0x08, 0x20, 0x72, 0x96, 0x96,
  0x0b, 0x00, 0x00, 0x00, 0x00, 0x00, 0x41, 0x00, 0x00, 0xe2, 0x0f, 0x08,
  0x20, 0x72, 0x97, 0x97, 0x0b, 0x00, 0x00, 0x00, 0x00, 0x00, 0x41, 0x00,
  0x00, 0xe2, 0x0f, 0x00, 0x47, 0x09, 0x44, 0x00, 0x04, 0x00, 0x00, 0x00,
  0x00, 0x00, 0x80, 0x03, 0x00, 0xec, 0x0f, 0x00, 0x82, 0x7b, 0x18, 0xff,
  0x00, 0xb4, 0x00, 0x00, 0x00, 0x0a, 0x00, 0x00, 0x00, 0xa2, 0x0e, 0x00,
  0x3e, 0x72, 0x1d, 0x1a, 0x1d, 0x00, 0x00, 0x00, 0xff, 0x10, 0x00, 0x00,
  0x00, 0xe4, 0x0f, 0x00, 0x3e, 0x72, 0x1f, 0x1c, 0x1f, 0x00, 0x00, 0x00,
  0xff, 0x10, 0x00, 0x00, 0x00, 0xe4, 0x0f, 0x00, 0x3e, 0x72, 0x21, 0x1e,
  0x21, 0x00, 0x00, 0x00, 0xff, 0x10, 0x00, 0x00, 0x00, 0xe4, 0x0f, 0x00,
  0x3e, 0x72, 0x23, 0x20, 0x23, 0x00, 0x00, 0x00, 0xff, 0x10, 0x00, 0x00,
  0x00, 0xe2, 0x0f, 0x00, 0x82, 0x7b, 0x0a, 0xff, 0x00, 0xa8, 0x00, 0x00,
  0x00, 0x0a, 0x00, 0x00, 0x00, 0xe2, 0x0e, 0x00, 0x3e, 0x72, 0x25, 0x22,
  0x25, 0x00, 0x00, 0x00, 0xff, 0x10, 0x00, 0x00, 0x00, 0xe4, 0x0f, 0x00,
  0x3e, 0x72, 0x27, 0x24, 0x27, 0x00, 0x00, 0x00, 0xff, 0x10, 0x00, 0x00,
  0x00, 0xc4, 0x0f, 0x00, 0x3e, 0x72, 0x29, 0x26, 0x29, 0x00, 0x00, 0x00,
  0xff, 0x10, 0x00, 0x00, 0x00, 0xe4, 0x0f, 0x00, 0x3e, 0x72, 0x2b, 0x28,
  0x2b, 0x00, 0x00, 0x00, 0xff, 0x10, 0x00, 0x00, 0x00, 0xe4, 0x0f, 0x00,
  0x3e, 0x72, 0x2d, 0x2a, 0x2d, 0x00, 0x00, 0x00, 0xff, 0x10, 0x00, 0x00,
  0x00, 0xe4, 0x0f, 0x00, 0x3e, 0x72, 0x2f, 0x2c, 0x2f, 0x00, 0x00, 0x00,
  0xff, 0x10, 0x00, 0x00, 0x00, 0xe4, 0x0f, 0x00, 0x3e, 0x72, 0x31, 0x2e,
  0x31, 0x00, 0x00, 0x00, 0xff, 0x10, 0x00, 0x00, 0x00, 0xe4, 0x0f, 0x00,
  0x3e, 0x72, 0x33, 0x30, 0x33, 0x00, 0x00, 0x00, 0xff, 0x10, 0x00, 0x00,
  0x00, 0xe2, 0x0f, 0x00, 0x24, 0x72, 0x1c, 0x9f, 0x18, 0x00, 0x00, 0x00,
  0xff, 0x02, 0x8e, 0x07, 0x00, 0xe2, 0x4f, 0x08, 0x3e, 0x72, 0x35, 0x32,
  0x35, 0x00, 0x00, 0x00, 0xff, 0x10, 0x00, 0x00, 0x00, 0xe2, 0x0f, 0x00,
  0x25, 0x72, 0x1a, 0x99, 0x18, 0x00, 0x00, 0x00, 0x04, 0x00, 0x8e, 0x07,
  0x00, 0xe2, 0x0f, 0x00, 0x3e, 0x72, 0x37, 0x34, 0x37, 0x00, 0x00, 0x00,
  0xff, 0x10, 0x00, 0x00, 0x00, 0xc4, 0x0f, 0x00, 0x3e, 0x72, 0x39, 0x36,
  0x39, 0x00, 0x00, 0x00, 0xff, 0x10, 0x00, 0x00, 0x00, 0xe2, 0x0f, 0x00,
  0x24, 0x72, 0x1c, 0x99, 0x19, 0x00, 0x00, 0x00, 0x1c, 0x02, 0x8e, 0x07,
  0x00, 0xe2, 0x0f, 0x00, 0x3e, 0x72, 0x3b, 0x38, 0x3b, 0x00, 0x00, 0x00,
  0xff, 0x10, 0x00, 0x00, 0x00, 0xe4, 0x0f, 0x00, 0x10, 0x72, 0x1a, 0x1a,
  0x0a, 0x00, 0x00, 0x00, 0xff, 0xe0, 0xf1, 0x07, 0x00, 0xc8, 0x8f, 0x00,
  0x10, 0x72, 0x1b, 0x0b, 0x1b, 0x00, 0x00, 0x00, 0x1c, 0xe4, 0x7f, 0x00,
  0x00, 0xe4, 0x0f, 0x00, 0x10, 0x78, 0x1c, 0x99, 0x08, 0x00, 0x00, 0x00,
  0xff, 0xe0, 0xff, 0x07, 0x00, 0xc6, 0x0f, 0x00, 0x86, 0x79, 0x00, 0x1a,
  0x1d, 0x00, 0x00, 0x00, 0x0e, 0x19, 0x10, 0x0c, 0x00, 0xe2, 0x05, 0x00,
  0x0c, 0x72, 0x00, 0x1c, 0x11, 0x00, 0x00, 0x00, 0x70, 0x62, 0xf0, 0x03,
  0x00, 0xc6, 0x0f, 0x00, 0x86, 0x79, 0x00, 0x1a, 0x1f, 0x10, 0x00, 0x00,
  0x0e, 0x19, 0x10, 0x0c, 0x00, 0xe8, 0x05, 0x00, 0x86, 0x79, 0x00, 0x1a,
  0x21, 0x20, 0x00, 0x00, 0x0e, 0x19, 0x10, 0x0c, 0x00, 0xe8, 0x05, 0x00,
  0x86, 0x79, 0x00, 0x1a, 0x23, 0x30, 0x00, 0x00, 0x0e, 0x19, 0x10, 0x0c,
  0x00, 0xe8, 0x05, 0x00, 0x86, 0x79, 0x00, 0x1a, 0x25, 0x40, 0x00, 0x00,
  0x0e, 0x19, 0x10, 0x0c, 0x00, 0xe8, 0x05, 0x00, 0x86, 0x79, 0x00, 0x1a,
  0x27, 0x50, 0x00, 0x00, 0x0e, 0x19, 0x10, 0x0c, 0x00, 0xe8, 0x05, 0x00,
  0x86, 0x79, 0x00, 0x1a, 0x29, 0x60, 0x00, 0x00, 0x0e, 0x19, 0x10, 0x0c,
  0x00, 0xe8, 0x05, 0x00, 0x86, 0x79, 0x00, 0x1a, 0x2b, 0x70, 0x00, 0x00,
  0x0e, 0x19, 0x10, 0x0c, 0x00, 0xe8, 0x05, 0x00, 0x86, 0x79, 0x00, 0x1a,
  0x2d, 0x80, 0x00, 0x00, 0x0e, 0x19, 0x10, 0x0c, 0x00, 0xe8, 0x05, 0x00,
  0x86, 0x79, 0x00, 0x1a, 0x2f, 0x90, 0x00, 0x00, 0x0e, 0x19, 0x10, 0x0c,
  0x00, 0xe8, 0x05, 0x00, 0x86, 0x79, 0x00, 0x1a, 0x31, 0xa0, 0x00, 0x00,
  0x0e, 0x19, 0x10, 0x0c, 0x00, 0xe8, 0x05, 0x00, 0x86, 0x79, 0x00, 0x1a,
  0x33, 0xb0, 0x00, 0x00, 0x0e, 0x19, 0x10, 0x0c, 0x00, 0xe8, 0x05, 0x00,
  0x86, 0x79, 0x00, 0x1a, 0x35, 0xc0, 0x00, 0x00, 0x0e, 0x19, 0x10, 0x0c,
  0x00, 0xe8, 0x05, 0x00, 0x86, 0x79, 0x00, 0x1a, 0x37, 0xd0, 0x00, 0x00,
  0x0e, 0x19, 0x10, 0x0c, 0x00, 0xe8, 0x05, 0x00, 0x86, 0x79, 0x00, 0x1a,
  0x39, 0xe0, 0x00, 0x00, 0x0e, 0x19, 0x10, 0x0c, 0x00, 0xe8, 0x05, 0x00,
  0x86, 0x79, 0x00, 0x1a, 0x3b, 0xf0, 0x00, 0x00, 0x0e, 0x19, 0x10, 0x0c,
  0x00, 0xe2, 0x05, 0x00, 0x47, 0x09, 0x9c, 0x00, 0x00, 0x00, 0x00, 0x00,
  0x00, 0x00, 0x80, 0x03, 0x00, 0xea, 0x0f, 0x00, 0x10, 0x78, 0x99, 0x99,
  0x08, 0x00, 0x00, 0x00, 0xff, 0xe0, 0xf1, 0x07, 0x00, 0xe4, 0x0f, 0x00,
  0x3e, 0x72, 0x1d, 0x5b, 0x5a, 0x00, 0x00, 0x00, 0xff, 0x10, 0x00, 0x00,
  0x00, 0xe4, 0x4f, 0x00, 0x3e, 0x72, 0x1f, 0x5f, 0x5e, 0x00, 0x00, 0x00,
  0xff, 0x10, 0x00, 0x00, 0x00, 0xe2, 0x0f, 0x00, 0x24, 0x72, 0x9f, 0xff,
  0xff, 0x00, 0x00, 0x00, 0x9f, 0x06, 0x0e, 0x00, 0x00, 0xe2, 0x0f, 0x00,
  0x3e, 0x72, 0x21, 0x63, 0x62, 0x00, 0x00, 0x00, 0xff, 0x10, 0x00, 0x00,
  0x00, 0xe2, 0x0f, 0x00, 0x25, 0x72, 0x1a, 0x99, 0x18, 0x00, 0x00, 0x00,
  0x04, 0x00, 0x8e, 0x07, 0x00, 0xe2, 0x0f, 0x00, 0x3e, 0x72, 0x23, 0x67,
  0x66, 0x00, 0x00, 0x00, 0xff, 0x10, 0x00, 0x00, 0x00, 0xe4, 0x0f, 0x00,
  0x3e, 0x72, 0x25, 0x6b, 0x6a, 0x00, 0x00, 0x00, 0xff, 0x10, 0x00, 0x00,
  0x00, 0xe2, 0x0f, 0x00, 0x24, 0x72, 0x18, 0x9f, 0x18, 0x00, 0x00, 0x00,
  0xff, 0x02, 0x8e, 0x07, 0x00, 0xe2, 0x0f, 0x00, 0x10, 0x72, 0x0a, 0x1a,
  0x0a, 0x00, 0x00, 0x00, 0xff, 0xe0, 0xf1, 0x07, 0x00, 0xc4, 0x0f, 0x00,
  0x3e, 0x72, 0x27, 0x6f, 0x6e, 0x00, 0x00, 0x00, 0xff, 0x10, 0x00, 0x00,
  0x00, 0xe2, 0x0f, 0x00, 0x24, 0x72, 0x18, 0x99, 0x19, 0x00, 0x00, 0x00,
  0x18, 0x02, 0x8e, 0x07, 0x00, 0xe2, 0x0f, 0x00, 0x3e, 0x72, 0x29, 0x73,
  0x72, 0x00, 0x00, 0x00, 0xff, 0x10, 0x00, 0x00, 0x00, 0xe4, 0x0f, 0x00,
  0x3e, 0x72, 0x2b, 0x77, 0x76, 0x00, 0x00, 0x00, 0xff, 0x10, 0x00, 0x00,
  0x00, 0xe4, 0x0f, 0x00, 0x10, 0x72, 0x0b, 0x0b, 0x1b, 0x00, 0x00, 0x00,
  0x18, 0xe4, 0x7f, 0x00, 0x00, 0xe4, 0x0f, 0x00, 0x3e, 0x72, 0x2d, 0x7b,
  0x7a, 0x00, 0x00, 0x00, 0xff, 0x10, 0x00, 0x00, 0x00, 0xe4, 0x0f, 0x00,
  0x3e, 0x72, 0x19, 0x7f, 0x7e, 0x00, 0x00, 0x00, 0xff, 0x10, 0x00, 0x00,
  0x00, 0xe2, 0x0f, 0x00, 0x86, 0x79, 0x00, 0x0a, 0x1d, 0x00, 0x00, 0x00,
  0x0e, 0x19, 0x10, 0x0c, 0x00, 0xe2, 0x07, 0x00, 0x3e, 0x72, 0x2f, 0x83,
  0x82, 0x00, 0x00, 0x00, 0xff, 0x10, 0x00, 0x00, 0x00, 0xc4, 0x0f, 0x00,
  0x3e, 0x72, 0x31, 0x87, 0x86, 0x00, 0x00, 0x00, 0xff, 0x10, 0x00, 0x00,
  0x00, 0xe2, 0x0f, 0x00, 0x86, 0x79, 0x00, 0x0a, 0x1f, 0x10, 0x00, 0x00,
  0x0e, 0x19, 0x10, 0x0c, 0x00, 0xe2, 0x07, 0x00, 0x3e, 0x72, 0x1b, 0x8b,
  0x8a, 0x00, 0x00, 0x00, 0xff, 0x10, 0x00, 0x00, 0x00, 0xe4, 0x0f, 0x00,
  0x3e, 0x72, 0x33, 0x8f, 0x8e, 0x00, 0x00, 0x00, 0xff, 0x10, 0x00, 0x00,
  0x00, 0xe2, 0x0f, 0x00, 0x86, 0x79, 0x00, 0x0a, 0x21, 0x20, 0x00, 0x00,
  0x0e, 0x19, 0x10, 0x0c, 0x00, 0xe2, 0x07, 0x00, 0x3e, 0x72, 0x35, 0x93,
  0x92, 0x00, 0x00, 0x00, 0xff, 0x10, 0x00, 0x00, 0x00, 0xe4, 0x0f, 0x00,
  0x3e, 0x72, 0x37, 0x97, 0x96, 0x00, 0x00, 0x00, 0xff, 0x10, 0x00, 0x00,
  0x00, 0xe2, 0x0f, 0x00, 0x86, 0x79, 0x00, 0x0a, 0x23, 0x30, 0x00, 0x00,
  0x0e, 0x19, 0x10, 0x0c, 0x00, 0xe8, 0x07, 0x00, 0x86, 0x79, 0x00, 0x0a,
  0x25, 0x40, 0x00, 0x00, 0x0e, 0x19, 0x10, 0x0c, 0x00, 0xe8, 0x07, 0x00,
  0x86, 0x79, 0x00, 0x0a, 0x27, 0x50, 0x00, 0x00, 0x0e, 0x19, 0x10, 0x0c,
  0x00, 0xe8, 0x07, 0x00, 0x86, 0x79, 0x00, 0x0a, 0x29, 0x60, 0x00, 0x00,
  0x0e, 0x19, 0x10, 0x0c, 0x00, 0xe8, 0x07, 0x00, 0x86, 0x79, 0x00, 0x0a,
  0x2b, 0x70, 0x00, 0x00, 0x0e, 0x19, 0x10, 0x0c, 0x00, 0xe8, 0x07, 0x00,
  0x86, 0x79, 0x00, 0x0a, 0x2d, 0x80, 0x00, 0x00, 0x0e, 0x19, 0x10, 0x0c,
  0x00, 0xe8, 0x07, 0x00, 0x86, 0x79, 0x00, 0x0a, 0x19, 0x90, 0x00, 0x00,
  0x0e, 0x19, 0x10, 0x0c, 0x00, 0xe8, 0x07, 0x00, 0x86, 0x79, 0x00, 0x0a,
  0x2f, 0xa0, 0x00, 0x00, 0x0e, 0x19, 0x10, 0x0c, 0x00, 0xe8, 0x07, 0x00,
  0x86, 0x79, 0x00, 0x0a, 0x31, 0xb0, 0x00, 0x00, 0x0e, 0x19, 0x10, 0x0c,
  0x00, 0xe8, 0x07, 0x00, 0x86, 0x79, 0x00, 0x0a, 0x1b, 0xc0, 0x00, 0x00,
  0x0e, 0x19, 0x10, 0x0c, 0x00, 0xe8, 0x07, 0x00, 0x86, 0x79, 0x00, 0x0a,
  0x33, 0xd0, 0x00, 0x00, 0x0e, 0x19, 0x10, 0x0c, 0x00, 0xe8, 0x07, 0x00,
  0x86, 0x79, 0x00, 0x0a, 0x35, 0xe0, 0x00, 0x00, 0x0e, 0x19, 0x10, 0x0c,
  0x00, 0xe8, 0x07, 0x00, 0x86, 0x79, 0x00, 0x0a, 0x37, 0xf0, 0x00, 0x00,
  0x0e, 0x19, 0x10, 0x0c, 0x00, 0xe4, 0x07, 0x00, 0x41, 0x79, 0x00, 0x00,
  0x00, 0x00, 0x00, 0x00, 0x00, 0x00, 0x80, 0x03, 0x00, 0xea, 0x0f, 0x00,
  0x10, 0x78, 0x0a, 0x14, 0x00, 0x80, 0x01, 0x00, 0xff, 0xe0, 0xff, 0x07,
  0x00, 0xe2, 0x8f, 0x00, 0x36, 0x78, 0x0c, 0x0c, 0x02, 0x00, 0x00, 0x00,
  0x00, 0x00, 0x00, 0x00, 0x00, 0xe2, 0x0f, 0x00, 0x0c, 0x72, 0x00, 0x08,
  0x0f, 0x00, 0x00, 0x00, 0x70, 0x60, 0xf0, 0x03, 0x00, 0xe2, 0x0f, 0x00,
  0x24, 0x72, 0x5b, 0xff, 0xff, 0x00, 0x00, 0x00, 0x09, 0x00, 0x8e, 0x07,
  0x00, 0xe2, 0x0f, 0x00, 0x12, 0x78, 0x0b, 0x0a, 0xf0, 0xff, 0x03, 0x00,
  0xff, 0xc0, 0x8e, 0x07, 0x00, 0xe2, 0x0f, 0x04, 0x24, 0x78, 0x0a, 0x0a,
  0x00, 0x04, 0x00, 0x00, 0xff, 0x00, 0x8e, 0x07, 0x00, 0xe2, 0x0f, 0x00,
  0x0c, 0x7c, 0x00, 0x06, 0x0b, 0x00, 0x00, 0x00, 0x70, 0x60, 0xf2, 0x0b,
  0x00, 0xe2, 0x0f, 0x00, 0x24, 0x72, 0x5f, 0xff, 0xff, 0x00, 0x00, 0x00,
  0x07, 0x00, 0x8e, 0x07, 0x00, 0xe2, 0x0f, 0x00, 0x19, 0x78, 0x0b, 0x0b,
  0x04, 0x00, 0x00, 0x00, 0xff, 0x12, 0x00, 0x00, 0x00, 0xe2, 0x0f, 0x00,
  0x24, 0x72, 0x59, 0xff, 0xff, 0x00, 0x00, 0x00, 0x9b, 0x00, 0x8e, 0x07,
  0x00, 0xe2, 0x0f, 0x00, 0x12, 0x78, 0x0a, 0x0a, 0x00, 0x00, 0x0e, 0x00,
  0xff, 0xc0, 0x8e, 0x07, 0x00, 0xc4, 0x0f, 0x00, 0x12, 0x78, 0x0b, 0x0b,
  0x00, 0x00, 0x00, 0x04, 0xff, 0xfc, 0x8e, 0x07, 0x00, 0xe4, 0x0f, 0x00,
  0x12, 0x78, 0x0a, 0x0a, 0x40, 0x00, 0x00, 0x40, 0xff, 0xfc, 0x8e, 0x07,
  0x00, 0xe4, 0x0f, 0x00, 0x10, 0x78, 0x0b, 0x0b, 0x00, 0x08, 0x00, 0x00,
  0xff, 0xe0, 0xf7, 0x07, 0x00, 0xe4, 0x0f, 0x00, 0x0c, 0x72, 0x00, 0x09,
  0x0d, 0x00, 0x00, 0x00, 0x00, 0x61, 0xf0, 0x03, 0x00, 0xe4, 0x0f, 0x00,
  0x0c, 0x72, 0x00, 0x9a, 0x0b, 0x00, 0x00, 0x00, 0x70, 0x60, 0xf4, 0x03,
  0x00, 0xe4, 0x0f, 0x00, 0x10, 0x72, 0x0b, 0xff, 0x0a, 0x00, 0x00, 0x00,
  0xff, 0xe4, 0xff, 0x01, 0x00, 0xc4, 0x0f, 0x00, 0x0c, 0x72, 0x00, 0x0c,
  0x17, 0x00, 0x00, 0x00, 0x70, 0x62, 0xf6, 0x03, 0x00, 0xe4, 0x0f, 0x00,
  0x0c, 0x7c, 0x00, 0x07, 0x0c, 0x00, 0x00, 0x00, 0x10, 0x61, 0xf2, 0x0b,
  0x00, 0xe4, 0x0f, 0x00, 0x0c, 0x72, 0x00, 0x9b, 0x0b, 0x00, 0x00, 0x00,
  0x20, 0x61, 0xf4, 0x03, 0x00, 0xe4, 0x0f, 0x00, 0x10, 0x78, 0x5a, 0x08,
  0x00, 0x04, 0x00, 0x00, 0xff, 0xe0, 0xff, 0x07, 0x00, 0xe2, 0x0f, 0x04,
  0x36, 0x08, 0x5a, 0x08, 0x00, 0xf4, 0xff, 0xff, 0x00, 0x00, 0x00, 0x00,
  0x00, 0xe2, 0x0f, 0x00, 0x10, 0x78, 0x5d, 0x06, 0x00, 0x02, 0x00, 0x00,
  0xff, 0xe0, 0xff, 0x07, 0x00, 0xe4, 0x0f, 0x00, 0x10, 0x78, 0x58, 0x9a,
  0x00, 0x08, 0x00, 0x00, 0xff, 0xe0, 0xff, 0x07, 0x00, 0xca, 0x0f, 0x00,
  0x10, 0x18, 0x5d, 0x06, 0x00, 0xfe, 0xff, 0xff, 0xff, 0xe0, 0xff, 0x07,
  0x00, 0xe4, 0x0f, 0x00, 0x10, 0x28, 0x58, 0x9a, 0x00, 0xf8, 0xff, 0xff,
  0xff, 0xe0, 0xff, 0x07, 0x00, 0xe2, 0x0f, 0x00, 0x47, 0xb9, 0x7c, 0x00,
  0x70, 0xff, 0xff, 0xff, 0xff, 0xff, 0x83, 0x03, 0x00, 0xec, 0x0f, 0x00,
  0x47, 0x79, 0x7c, 0x00, 0x6c, 0xff, 0xff, 0xff, 0xff, 0xff, 0x83, 0x03,
  0x00, 0xea, 0x0f, 0x00, 0x18, 0x79, 0x00, 0x00, 0x00, 0x00, 0x00, 0x00,
  0x00, 0x00, 0x00, 0x00, 0x00, 0xd0, 0x0f, 0x00, 0xc8, 0x79, 0x00, 0x00,
  0x28, 0x00, 0x00, 0x00, 0x00, 0x05, 0x0e, 0x08, 0x00, 0x00, 0x0e, 0x00,
  0x0c, 0x72, 0x00, 0x00, 0xff, 0x00, 0x00, 0x00, 0x70, 0x52, 0xf4, 0x03,
  0x00, 0xe4, 0x1f, 0x04, 0x0c, 0x78, 0x00, 0x00, 0x1f, 0x00, 0x00, 0x00,
  0x70, 0x40, 0xf0, 0x03, 0x00, 0xda, 0x0f, 0x00, 0x4d, 0x09, 0x00, 0x00,
  0x00, 0x00, 0x00, 0x00, 0x00, 0x00, 0x80, 0x03, 0x00, 0xea, 0x0f, 0x00,
  0x0c, 0x72, 0x00, 0x00, 0xff, 0x00, 0x00, 0x00, 0x70, 0x52, 0xf2, 0x03,
  0x00, 0xe2, 0x0f, 0x00, 0x45, 0x79, 0x00, 0x00, 0xe0, 0x00, 0x00, 0x00,
  0x00, 0x00, 0x80, 0x03, 0x00, 0xd8, 0x0f, 0x00, 0x47, 0x19, 0x30, 0x00,
  0x00, 0x00, 0x00, 0x00, 0x00, 0x00, 0x80, 0x03, 0x00, 0xea, 0x0f, 0x00,
  0x19, 0x79, 0x07, 0x00, 0x00, 0x00, 0x00, 0x00, 0x00, 0x00, 0x00, 0x00,
  0x00, 0x22, 0x0e, 0x00, 0x86, 0x78, 0x04, 0x00, 0x00, 0x00, 0x00, 0x00,
  0x00, 0x01, 0x8e, 0x03, 0x00, 0xe2, 0x0f, 0x00, 0x82, 0x7b, 0x02, 0xff,
  0x00, 0x20, 0x01, 0x00, 0x00, 0x0a, 0x00, 0x00, 0x00, 0x62, 0x0e, 0x00,
  0x00, 0x7d, 0x00, 0x00, 0x04, 0x00, 0x00, 0x00, 0x00, 0x00, 0x0e, 0x08,
  0x00, 0x30, 0x0e, 0x00, 0x09, 0x7d, 0x05, 0x00, 0x04, 0x00, 0x00, 0x00,
  0x00, 0x00, 0x00, 0x08, 0x00, 0x62, 0x0e, 0x00, 0x0c, 0x72, 0x00, 0x00,
  0x07, 0x00, 0x00, 0x00, 0x70, 0x20, 0xf0, 0x03, 0x00, 0xda, 0x1f, 0x00,
  0xa8, 0x09, 0x03, 0x02, 0x05, 0x00, 0x00, 0x00, 0xce, 0xe1, 0x1e, 0x08,
  0x00, 0xa2, 0x2e, 0x00, 0x19, 0x79, 0x06, 0x00, 0x00, 0x00, 0x00, 0x00,
  0x00, 0x39, 0x00, 0x00, 0x00, 0x24, 0x0e, 0x00, 0x12, 0x7c, 0x06, 0x06,
  0x04, 0x00, 0x00, 0x00, 0xff, 0xc0, 0x8e, 0x0f, 0x00, 0xc8, 0x1f, 0x00,
  0x09, 0x73, 0x07, 0x00, 0x06, 0x00, 0x00, 0x00, 0x00, 0x00, 0x00, 0x00,
  0x00, 0x22, 0x0e, 0x00, 0x89, 0x75, 0x04, 0x03, 0x00, 0x1f, 0x00, 0x00,
  0x00, 0x00, 0x0e, 0x00, 0x00, 0x24, 0x4e, 0x00, 0x24, 0x78, 0x04, 0x04,
  0x01, 0x00, 0x00, 0x00, 0x07, 0x02, 0x8e, 0x07, 0x00, 0xce, 0x1f, 0x00,
  0x41, 0x79, 0x00, 0x00, 0x00, 0x00, 0x00, 0x00, 0x00, 0x00, 0x80, 0x03,
  0x00, 0xea, 0x0f, 0x00, 0x89, 0x75, 0x0a, 0x04, 0xff, 0x1f, 0x00, 0x00,
  0x00, 0x00, 0x0e, 0x00, 0x00, 0x22, 0x0e, 0x00, 0xb9, 0x7a, 0x04, 0x00,
  0x00, 0x22, 0x01, 0x00, 0x00, 0x08, 0x00, 0x00, 0x00, 0xe2, 0x0f, 0x00,
  0x02, 0x78, 0x06, 0x00, 0xff, 0xff, 0xff, 0xff, 0x00, 0x0f, 0x00, 0x00,
  0x00, 0xe2, 0x0f, 0x00, 0x24, 0x74, 0x00, 0xff, 0xff, 0xff, 0xff, 0xff,
  0xff, 0x00, 0x8e, 0x07, 0x00, 0xe2, 0x0f, 0x00, 0x0c, 0x7c, 0x00, 0x0a,
  0x04, 0x00, 0x00, 0x00, 0x70, 0x60, 0xf0, 0x0b, 0x00, 0xda, 0x1f, 0x00,
  0x47, 0x09, 0x40, 0x00, 0x1c, 0x00, 0x00, 0x00, 0x00, 0x00, 0x80, 0x03,
  0x00, 0xea, 0x0f, 0x00, 0x02, 0x78, 0x09, 0x00, 0xff, 0xff, 0xff, 0xff,
  0x00, 0x0f, 0x00, 0x00, 0x00, 0xe2, 0x0f, 0x00, 0x24, 0x74, 0x08, 0xff,
  0xff, 0xff, 0xff, 0xff, 0xff, 0x00, 0x8e, 0x07, 0x00, 0xe2, 0x0f, 0x00,
  0x02, 0x78, 0x07, 0x00, 0xff, 0xff, 0xff, 0xff, 0x00, 0x0f, 0x00, 0x00,
  0x00, 0xe2, 0x0f, 0x00, 0x24, 0x74, 0x00, 0xff, 0xff, 0xff, 0xff, 0xff,
  0xff, 0x00, 0x8e, 0x07, 0x00, 0xe2, 0x0f, 0x00, 0x02, 0x78, 0x06, 0x00,
  0xff, 0xff, 0xff, 0xff, 0x00, 0x0f, 0x00, 0x00, 0x00, 0xe2, 0x0f, 0x00,
  0x82, 0x7c, 0x05, 0x00, 0x3f, 0x00, 0x00, 0x00, 0x00, 0x00, 0x00, 0x08,
  0x00, 0xe2, 0x0f, 0x00, 0xb9, 0x7a, 0x16, 0x00, 0x00, 0x66, 0x00, 0x00,
  0x00, 0x0a, 0x00, 0x00, 0x00, 0xe2, 0x0f, 0x00, 0x82, 0x78, 0x0d, 0x00,
  0xff, 0xff, 0xff, 0xff, 0x00, 0x00, 0x00, 0x00, 0x00, 0xe2, 0x0f, 0x00,
  0x82, 0x7c, 0x04, 0x00, 0x3f, 0x00, 0x00, 0x00, 0x00, 0x00, 0x00, 0x08,
  0x00, 0xca, 0x0f, 0x00, 0xb9, 0x7a, 0x06, 0x00, 0x00, 0x24, 0x01, 0x00,
  0x00, 0x00, 0x00, 0x00, 0x00, 0xe4, 0x0f, 0x00, 0x0c, 0x7c, 0x00, 0xff,
  0x06, 0x00, 0x00, 0x00, 0x70, 0x52, 0xf0, 0x0b, 0x00, 0xda, 0x0f, 0x00,
  0x47, 0x89, 0xec, 0x00, 0x00, 0x00, 0x00, 0x00, 0x00, 0x00, 0x80, 0x03,
  0x00, 0xea, 0x6f, 0x00, 0xb9, 0x7a, 0x1a, 0x00, 0x00, 0x02, 0x01, 0x00,
  0x00, 0x0a, 0x00, 0x00, 0x00, 0xe2, 0x0f, 0x00, 0xca, 0x72, 0x09, 0x0a,
  0x00, 0x00, 0x00, 0x00, 0x00, 0x00, 0x0e, 0x00, 0x00, 0xe2, 0x0f, 0x04,
  0xa4, 0x72, 0x1b, 0x1b, 0x1a, 0x00, 0x00, 0x00, 0x3f, 0x02, 0x8e, 0x0f,
  0x00, 0xe4, 0x0f, 0x00, 0x13, 0x7c, 0x04, 0x00, 0x1a, 0x00, 0x00, 0x00,
  0x00, 0x00, 0x00, 0x08, 0x00, 0xe2, 0x0f, 0x00, 0x82, 0x7c, 0x06, 0x00,
  0x3f, 0x00, 0x00, 0x00, 0x00, 0x00, 0x00, 0x08, 0x00, 0xe2, 0x0f, 0x00,
  0xca, 0x72, 0x0a, 0x0a, 0x00, 0x00, 0x00, 0x00, 0x00, 0x00, 0x0e, 0x00,
  0x00, 0xe2, 0x0f, 0x00, 0x90, 0x72, 0x08, 0x3f, 0x1b, 0x00, 0x00, 0x80,
  0x3f, 0xe0, 0xff, 0x0f, 0x00, 0xe2, 0x0f, 0x00, 0xca, 0x72, 0x0b, 0x04,
  0x00, 0x00, 0x00, 0x00, 0x00, 0x00, 0x0e, 0x00, 0x00, 0xe2, 0x0f, 0x00,
  0x8c, 0x72, 0x00, 0x1b, 0x3f, 0x00, 0x00, 0x00, 0x70, 0x50, 0xf4, 0x0b,
  0x00, 0xe2, 0x0f, 0x00, 0xb9, 0x7a, 0x19, 0x00, 0x00, 0x23, 0x01, 0x00,
  0x00, 0x08, 0x00, 0x00, 0x00, 0xe2, 0x0f, 0x00, 0x06, 0x7d, 0x02, 0x00,
  0x1b, 0x00, 0x00, 0x00, 0x00, 0x90, 0x20, 0x08, 0x00, 0x30, 0x0e, 0x00,
  0x08, 0x73, 0x02, 0x00, 0x02, 0x00, 0x00, 0x00, 0x00, 0x10, 0x00, 0x00,
  0x00, 0x24, 0x1e, 0x00, 0x36, 0x78, 0x03, 0x02, 0xfe, 0xff, 0xff, 0x0f,
  0x00, 0x00, 0x00, 0x00, 0x00, 0xcc, 0x1f, 0x00, 0x06, 0x7d, 0x02, 0x00,
  0x0b, 0x00, 0x00, 0x00, 0x00, 0x94, 0x20, 0x08, 0x00, 0x30, 0x0e, 0x00,
  0x05, 0x73, 0x03, 0x00, 0x03, 0x00, 0x00, 0x00, 0x00, 0xf0, 0x21, 0x00,
  0x00, 0x70, 0x0e, 0x00, 0x08, 0x73, 0x02, 0x00, 0x02, 0x00, 0x00, 0x00,
  0x00, 0x10, 0x00, 0x00, 0x00, 0x22, 0x1e, 0x00, 0xca, 0x72, 0x07, 0x03,
  0x00, 0x00, 0x00, 0x00, 0x00, 0x00, 0x0e, 0x00, 0x00, 0xc4, 0x2f, 0x00,
  0x10, 0x78, 0x03, 0x02, 0xfe, 0xff, 0xff, 0x0f, 0xff, 0xe0, 0xff, 0x07,
  0x00, 0xd6, 0x1f, 0x00, 0xa4, 0x72, 0x08, 0x08, 0x07, 0x00, 0x00, 0x00,
  0x3f, 0x02, 0x8e, 0x0f, 0x00, 0xe2, 0x0f, 0x00, 0x05, 0x73, 0x03, 0x00,
  0x03, 0x00, 0x00, 0x00, 0x00, 0xf0, 0x21, 0x00, 0x00, 0x26, 0x0e, 0x00,
  0xa5, 0x72, 0x06, 0x07, 0x08, 0x00, 0x00, 0x00, 0x06, 0x00, 0x8e, 0x0f,
  0x00, 0xc8, 0x0f, 0x00, 0xa5, 0x72, 0x06, 0x07, 0x09, 0x00, 0x00, 0x00,
  0x3f, 0x00, 0x8e, 0x0f, 0x00, 0xce, 0x0f, 0x00, 0x82, 0x7c, 0x08, 0x00,
  0x07, 0x00, 0x00, 0x00, 0x00, 0x00, 0x00, 0x08, 0x00, 0xe4, 0x0f, 0x00,
  0x90, 0x72, 0x06, 0x08, 0x3f, 0x00, 0x00, 0x00, 0x3f, 0xe1, 0xff, 0x0f,
  0x00, 0xe2, 0x0f, 0x00, 0xca, 0x72, 0x07, 0x03, 0x00, 0x00, 0x00, 0x00,
  0x00, 0x00, 0x0e, 0x00, 0x00, 0xc6, 0x1f, 0x00, 0xa4, 0x72, 0x06, 0x1b,
  0x06, 0x00, 0x00, 0x00, 0x0a, 0x02, 0x8e, 0x0f, 0x00, 0xc8, 0x0f, 0x00,
  0x8c, 0x72, 0x00, 0x06, 0x1b, 0x00, 0x00, 0x00, 0x70, 0x60, 0xf0, 0x0b,
  0x00, 0xcc, 0x0f, 0x00, 0x90, 0x72, 0x09, 0x3f, 0x07, 0x00, 0x00, 0x80,
  0x3f, 0xe0, 0xff, 0x0f, 0x00, 0xc8, 0x0f, 0x00, 0xa4, 0x72, 0x09, 0x09,
  0x0b, 0x00, 0x00, 0x00, 0x3f, 0x02, 0x8e, 0x0f, 0x00, 0xe4, 0x0f, 0x00,
  0x90, 0x02, 0x06, 0x1b, 0x06, 0x00, 0x00, 0x00, 0x3f, 0xe1, 0xff, 0x0f,
  0x00, 0xe4, 0x0f, 0x00, 0x90, 0x08, 0x08, 0x08, 0x01, 0x00, 0x00, 0x00,
  0x3f, 0xe0, 0xff, 0x0f, 0x00, 0xe4, 0x0f, 0x00, 0x8c, 0x72, 0x00, 0x06,
  0x1b, 0x00, 0x00, 0x00, 0x70, 0x60, 0xf2, 0x0b, 0x00, 0xd6, 0x0f, 0x00,
  0x90, 0x18, 0x08, 0x08, 0x01, 0x00, 0x00, 0x00, 0x3f, 0xe0, 0xff, 0x0f,
  0x00, 0xe4, 0x0f, 0x00, 0x92, 0xa2, 0x08, 0x3f, 0x1b, 0x00, 0x00, 0x00,
  0x3f, 0x33, 0x8e, 0x0f, 0x00, 0xc8, 0x0f, 0x00, 0x90, 0x72, 0x06, 0x08,
  0x3f, 0x00, 0x00, 0x00, 0x3f, 0xe1, 0xff, 0x0f, 0x00, 0xe4, 0x0f, 0x00,
  0x92, 0x78, 0x08, 0x08, 0xff, 0xff, 0xff, 0x7f, 0x3f, 0x3c, 0x8e, 0x0f,
  0x00, 0xe4, 0x0f, 0x00, 0xa4, 0x72, 0x1b, 0x1b, 0x06, 0x00, 0x00, 0x00,
  0x0a, 0x02, 0x8e, 0x0f, 0x00, 0xe4, 0x0f, 0x00, 0x90, 0x72, 0x19, 0x08,
  0x19, 0x00, 0x00, 0x00, 0x3f, 0xe0, 0xff, 0x0f, 0x00, 0xe2, 0x0f, 0x00,
  0x82, 0x7c, 0x06, 0x00, 0x3f, 0x00, 0x00, 0x00, 0x00, 0x00, 0x00, 0x08,
  0x00, 0xc6, 0x0f, 0x00, 0x13, 0x7c, 0x02, 0x00, 0x1b, 0x00, 0x00, 0x00,
  0x00, 0x00, 0x00, 0x08, 0x00, 0xe2, 0x0f, 0x00, 0xa5, 0x72, 0x06, 0x07,
  0x09, 0x00, 0x00, 0x00, 0x06, 0x00, 0x8e, 0x0f, 0x00, 0xc6, 0x0f, 0x00,
  0xca, 0x72, 0x0a, 0x02, 0x00, 0x00, 0x00, 0x00, 0x00, 0x00, 0x0e, 0x00,
  0x00, 0xda, 0x0f, 0x00, 0xa5, 0x72, 0x06, 0x07, 0x0a, 0x00, 0x00, 0x00,
  0x3f, 0x00, 0x8e, 0x0f, 0x00, 0xc8, 0x0f, 0x00, 0x90, 0x72, 0x06, 0x07,
  0x3f, 0x00, 0x00, 0x00, 0x3f, 0xe1, 0xff, 0x0f, 0x00, 0xc8, 0x0f, 0x00,
  0xa4, 0x72, 0x06, 0x0b, 0x06, 0x00, 0x00, 0x00, 0x0a, 0x02, 0x8e, 0x0f,
  0x00, 0xc8, 0x0f, 0x00, 0x8c, 0x72, 0x00, 0x0b, 0x06, 0x00, 0x00, 0x00,
  0x70, 0x40, 0xf2, 0x0b, 0x00, 0xd6, 0x0f, 0x00, 0x90, 0x92, 0x06, 0x06,
  0x0b, 0x00, 0x00, 0x80, 0x3f, 0xe0, 0xff, 0x0f, 0x00, 0xe4, 0x0f, 0x00,
  0x90, 0x98, 0x07, 0x07, 0x01, 0x00, 0x00, 0x00, 0x3f, 0xe0, 0xff, 0x0f,
  0x00, 0xe4, 0x0f, 0x00, 0x8c, 0x72, 0x00, 0x06, 0x0b, 0x00, 0x00, 0x00,
  0x70, 0x60, 0xf0, 0x0b, 0x00, 0xe4, 0x0f, 0x00, 0x92, 0x72, 0x06, 0x1b,
  0x1a, 0x00, 0x00, 0x00, 0x3f, 0x3c, 0x8e, 0x0f, 0x00, 0xc8, 0x0f, 0x00,
  0x8c, 0x72, 0x00, 0x06, 0x3f, 0x00, 0x00, 0x00, 0x70, 0x62, 0xf2, 0x0b,
  0x00, 0xca, 0x0f, 0x00, 0x90, 0x08, 0x07, 0x07, 0x01, 0x00, 0x00, 0x00,
  0x3f, 0xe0, 0xff, 0x0f, 0x00, 0xe4, 0x0f, 0x00, 0x8c, 0x72, 0x00, 0x1a,
  0x3f, 0x00, 0x00, 0x00, 0x70, 0x52, 0xf0, 0x0b, 0x00, 0xc8, 0x0f, 0x00,
  0x90, 0x92, 0x07, 0x07, 0x3f, 0x00, 0x00, 0x00, 0x3f, 0xe1, 0xff, 0x0f,
  0x00, 0xce, 0x0f, 0x00, 0x92, 0x82, 0x07, 0x3f, 0x1a, 0x00, 0x00, 0x00,
  0x3f, 0x33, 0x8e, 0x0f, 0x00, 0xc8, 0x0f, 0x00, 0x90, 0x72, 0x06, 0x07,
  0x3f, 0x00, 0x00, 0x00, 0x3f, 0xe1, 0xff, 0x0f, 0x00, 0xc6, 0x0f, 0x00,
  0x82, 0x7c, 0x0b, 0x00, 0x07, 0x00, 0x00, 0x00, 0x00, 0x00, 0x00, 0x08,
  0x00, 0xe2, 0x0f, 0x00, 0xa4, 0x72, 0x1a, 0x1a, 0x06, 0x00, 0x00, 0x00,
  0x1b, 0x02, 0x8e, 0x0f, 0x00, 0xe2, 0x0f, 0x00, 0x47, 0x79, 0xc4, 0x00,
  0x00, 0x00, 0x00, 0x00, 0x00, 0x00, 0x80, 0x03, 0x00, 0xf6, 0x0f, 0x00,
  0xb9, 0x7a, 0x0b, 0x00, 0x00, 0x23, 0x01, 0x00, 0x00, 0x08, 0x00, 0x00,
  0x00, 0xe2, 0x0f, 0x00, 0xb9, 0x7a, 0x08, 0x00, 0x00, 0x03, 0x01, 0x00,
  0x00, 0x08, 0x00, 0x00, 0x00, 0xe2, 0x0f, 0x00, 0x06, 0x7d, 0x04, 0x00,
  0x0b, 0x00, 0x00, 0x00, 0x00, 0x90, 0x20, 0x08, 0x00, 0x22, 0x0e, 0x00,
  0xa4, 0x72, 0x08, 0x08, 0x0b, 0x00, 0x00, 0x00, 0x3f, 0x02, 0x8e, 0x0f,
  0x00, 0xe2, 0x0f, 0x00, 0xca, 0x72, 0x0a, 0x0a, 0x00, 0x00, 0x00, 0x00,
  0x00, 0x00, 0x0e, 0x00, 0x00, 0xe2, 0x0f, 0x04, 0x82, 0x7c, 0x06, 0x00,
  0x3f, 0x00, 0x00, 0x00, 0x00, 0x00, 0x00, 0x08, 0x00, 0xe2, 0x0f, 0x00,
  0xca, 0x72, 0x0c, 0x0a, 0x00, 0x00, 0x00, 0x00, 0x00, 0x00, 0x0e, 0x00,
  0x00, 0xe2, 0x0f, 0x00, 0x90, 0x72, 0x09, 0x3f, 0x08, 0x00, 0x00, 0x80,
  0x3f, 0xe0, 0xff, 0x0f, 0x00, 0xe4, 0x0f, 0x00, 0x8c, 0x72, 0x00, 0x08,
  0x3f, 0x00, 0x00, 0x00, 0x70, 0x50, 0xf4, 0x0b, 0x00, 0xc6, 0x0f, 0x00,
  0x06, 0x7d, 0x02, 0x00, 0x08, 0x00, 0x00, 0x00, 0x00, 0x90, 0x20, 0x08,
  0x00, 0x70, 0x0e, 0x00, 0x08, 0x73, 0x04, 0x00, 0x04, 0x00, 0x00, 0x00,
  0x00, 0x10, 0x00, 0x00, 0x00, 0xf0, 0x1f, 0x00, 0x08, 0x73, 0x02, 0x00,
  0x02, 0x00, 0x00, 0x00, 0x00, 0x10, 0x00, 0x00, 0x00, 0x24, 0x2e, 0x00,
  0x36, 0x78, 0x03, 0x02, 0xfe, 0xff, 0xff, 0x0f, 0x00, 0x00, 0x00, 0x00,
  0x00, 0xe2, 0x1f, 0x00, 0x10, 0x78, 0x02, 0x04, 0xfe, 0xff, 0xff, 0x0f,
  0xff, 0xe0, 0xff, 0x07, 0x00, 0xca, 0x0f, 0x00, 0x05, 0x73, 0x03, 0x00,
  0x03, 0x00, 0x00, 0x00, 0x00, 0xf0, 0x21, 0x00, 0x00, 0x30, 0x0e, 0x00,
  0x05, 0x73, 0x02, 0x00, 0x02, 0x00, 0x00, 0x00, 0x00, 0xf0, 0x21, 0x00,
  0x00, 0x62, 0x0e, 0x00, 0xca, 0x72, 0x07, 0x03, 0x00, 0x00, 0x00, 0x00,
  0x00, 0x00, 0x0e, 0x00, 0x00, 0xda, 0x1f, 0x00, 0xa4, 0x72, 0x09, 0x09,
  0x07, 0x00, 0x00, 0x00, 0x3f, 0x02, 0x8e, 0x0f, 0x00, 0xc8, 0x0f, 0x00,
  0xa5, 0x72, 0x06, 0x07, 0x09, 0x00, 0x00, 0x00, 0x06, 0x00, 0x8e, 0x0f,
  0x00, 0xc8, 0x0f, 0x00, 0xa5, 0x72, 0x06, 0x07, 0x0a, 0x00, 0x00, 0x00,
  0x3f, 0x00, 0x8e, 0x0f, 0x00, 0xce, 0x0f, 0x00, 0x82, 0x7c, 0x1a, 0x00,
  0x07, 0x00, 0x00, 0x00, 0x00, 0x00, 0x00, 0x08, 0x00, 0xe2, 0x0f, 0x00,
  0xca, 0x72, 0x07, 0x02, 0x00, 0x00, 0x00, 0x00, 0x00, 0x00, 0x0e, 0x00,
  0x00, 0xe2, 0x2f, 0x00, 0x90, 0x72, 0x06, 0x1a, 0x3f, 0x00, 0x00, 0x00,
  0x3f, 0xe1, 0xff, 0x0f, 0x00, 0xc8, 0x0f, 0x00, 0xa4, 0x72, 0x06, 0x08,
  0x06, 0x00, 0x00, 0x00, 0x0c, 0x02, 0x8e, 0x0f, 0x00, 0xc8, 0x0f, 0x00,
  0x8c, 0x72, 0x00, 0x06, 0x08, 0x00, 0x00, 0x00, 0x70, 0x60, 0xf0, 0x0b,
  0x00, 0xc8, 0x0f, 0x00, 0x90, 0x72, 0x0a, 0x3f, 0x07, 0x00, 0x00, 0x80,
  0x3f, 0xe0, 0xff, 0x0f, 0x00, 0xc8, 0x0f, 0x00, 0xa4, 0x72, 0x0a, 0x0a,
  0x0b, 0x00, 0x00, 0x00, 0x3f, 0x02, 0x8e, 0x0f, 0x00, 0xc6, 0x0f, 0x00,
  0x90, 0x02, 0x06, 0x08, 0x06, 0x00, 0x00, 0x00, 0x3f, 0xe1, 0xff, 0x0f,
  0x00, 0xe4, 0x0f, 0x00, 0x90, 0x08, 0x1a, 0x1a, 0x01, 0x00, 0x00, 0x00,
  0x3f, 0xe0, 0xff, 0x0f, 0x00, 0xe4, 0x0f, 0x00, 0x8c, 0x72, 0x00, 0x06,
  0x08, 0x00, 0x00, 0x00, 0x70, 0x60, 0xf2, 0x0b, 0x00, 0xc6, 0x0f, 0x00,
  0x82, 0x7c, 0x06, 0x00, 0x3f, 0x00, 0x00, 0x00, 0x00, 0x00, 0x00, 0x08,
  0x00, 0xe4, 0x0f, 0x00, 0xa5, 0x72, 0x06, 0x07, 0x0a, 0x00, 0x00, 0x00,
  0x06, 0x00, 0x8e, 0x0f, 0x00, 0xcc, 0x0f, 0x00, 0x90, 0x18, 0x1a, 0x1a,
  0x01, 0x00, 0x00, 0x00, 0x3f, 0xe0, 0xff, 0x0f, 0x00, 0xe4, 0x0f, 0x00,
  0x92, 0xa2, 0x1a, 0x3f, 0x08, 0x00, 0x00, 0x00, 0x3f, 0x33, 0x8e, 0x0f,
  0x00, 0xe4, 0x0f, 0x00, 0x8c, 0x72, 0x00, 0x0b, 0x3f, 0x00, 0x00, 0x00,
  0x70, 0x50, 0xf4, 0x0b, 0x00, 0xe4, 0x0f, 0x00, 0x90, 0x72, 0x09, 0x1a,
  0x3f, 0x00, 0x00, 0x00, 0x3f, 0xe1, 0xff, 0x0f, 0x00, 0xc8, 0x0f, 0x00,
  0xa4, 0x72, 0x08, 0x08, 0x09, 0x00, 0x00, 0x00, 0x0c, 0x02, 0x8e, 0x0f,
  0x00, 0xc8, 0x0f, 0x00, 0xa5, 0x72, 0x06, 0x07, 0x08, 0x00, 0x00, 0x00,
  0x3f, 0x00, 0x8e, 0x0f, 0x00, 0xc8, 0x0f, 0x00, 0x90, 0x72, 0x06, 0x07,
  0x3f, 0x00, 0x00, 0x00, 0x3f, 0xe1, 0xff, 0x0f, 0x00, 0xc8, 0x0f, 0x00,
  0xa4, 0x72, 0x06, 0x0b, 0x06, 0x00, 0x00, 0x00, 0x08, 0x02, 0x8e, 0x0f,
  0x00, 0xc8, 0x0f, 0x00, 0x8c, 0x72, 0x00, 0x06, 0x0b, 0x00, 0x00, 0x00,
  0x70, 0x60, 0xf0, 0x0b, 0x00, 0xd6, 0x0f, 0x00, 0x90, 0x02, 0x06, 0x06,
  0x0b, 0x00, 0x00, 0x80, 0x3f, 0xe0, 0xff, 0x0f, 0x00, 0xe4, 0x0f, 0x00,
  0x90, 0x08, 0x07, 0x07, 0x01, 0x00, 0x00, 0x00, 0x3f, 0xe0, 0xff, 0x0f,
  0x00, 0xe4, 0x0f, 0x00, 0x8c, 0x72, 0x00, 0x06, 0x0b, 0x00, 0x00, 0x00,
  0x70, 0x60, 0xf2, 0x0b, 0x00, 0xd6, 0x0f, 0x00, 0x90, 0x18, 0x07, 0x07,
  0x01, 0x00, 0x00, 0x00, 0x3f, 0xe0, 0xff, 0x0f, 0x00, 0xe4, 0x0f, 0x00,
  0x92, 0xa2, 0x07, 0x3f, 0x0b, 0x00, 0x00, 0x00, 0x3f, 0x33, 0x8e, 0x0f,
  0x00, 0xc8, 0x0f, 0x00, 0x90, 0x72, 0x19, 0x07, 0x3f, 0x00, 0x00, 0x00,
  0x3f, 0xe1, 0xff, 0x0f, 0x00, 0xc8, 0x0f, 0x00, 0xa4, 0x72, 0x19, 0x0b,
  0x19, 0x00, 0x00, 0x00, 0x08, 0x02, 0x8e, 0x0f, 0x00, 0xc6, 0x0f, 0x00,
  0x82, 0x7c, 0x0b, 0x00, 0x07, 0x00, 0x00, 0x00, 0x00, 0x00, 0x00, 0x08,
  0x00, 0xd2, 0x0f, 0x00, 0xb9, 0x7a, 0x06, 0x00, 0x00, 0x14, 0x01, 0x00,
  0x00, 0x0a, 0x00, 0x00, 0x00, 0xe4, 0x0f, 0x00, 0xa5, 0x78, 0x06, 0x1a,
  0x04, 0x00, 0x00, 0x00, 0x06, 0x02, 0x8e, 0x0f, 0x00, 0xcc, 0x0f, 0x00,
  0x24, 0x7e, 0x04, 0xff, 0x06, 0x00, 0x00, 0x00, 0xff, 0x00, 0x8e, 0x0f,
  0x00, 0xe2, 0x0f, 0x00, 0x02, 0x7c, 0x02, 0x00, 0x06, 0x00, 0x00, 0x00,
  0x00, 0x0f, 0x00, 0x08, 0x00, 0xe2, 0x0f, 0x00, 0x24, 0x7e, 0x03, 0xff,
  0x07, 0x00, 0x00, 0x00, 0xff, 0x00, 0x8e, 0x0f, 0x00, 0xe2, 0x0f, 0x00,
  0x02, 0x7c, 0x05, 0x00, 0x07, 0x00, 0x00, 0x00, 0x00, 0x0f, 0x00, 0x08,
  0x00, 0xc8, 0x0f, 0x00, 0x81, 0x79, 0x02, 0x02, 0x0e, 0x04, 0x00, 0x00,
  0x00, 0x19, 0x1e, 0x0c, 0x00, 0xa8, 0x0e, 0x00, 0x81, 0x79, 0x04, 0x04,
  0x0e, 0x00, 0x00, 0x00, 0x00, 0x19, 0x1e, 0x0c, 0x00, 0xe2, 0x0e, 0x00,
  0xb9, 0x7a, 0x08, 0x00, 0x40, 0x24, 0x01, 0x00, 0x00, 0x00, 0x00, 0x00,
  0x00, 0xe4, 0x0f, 0x00, 0x8c, 0x72, 0x00, 0x08, 0x3f, 0x00, 0x00, 0x00,
  0x70, 0x52, 0xf0, 0x0b, 0x00, 0xe4, 0x0f, 0x00, 0x99, 0x78, 0x19, 0x19,
  0x07, 0x00, 0x00, 0x00, 0x3f, 0x06, 0x00, 0x08, 0x00, 0xd2, 0x0f, 0x00,
  0xb9, 0x0a, 0x15, 0x00, 0x00, 0x06, 0x01, 0x00, 0x00, 0x08, 0x00, 0x00,
  0x00, 0xe4, 0x0f, 0x00, 0xa4, 0x02, 0x15, 0x1a, 0x15, 0x00, 0x00, 0x00,
  0x3f, 0x02, 0x8e, 0x0f, 0x00, 0xe2, 0x0f, 0x00, 0xca, 0x72, 0x06, 0x02,
  0x00, 0x00, 0x00, 0x00, 0x00, 0x00, 0x0e, 0x00, 0x00, 0xe4, 0x4f, 0x00,
  0xca, 0x72, 0x07, 0x04, 0x00, 0x00, 0x00, 0x00, 0x00, 0x00, 0x0e, 0x00,
  0x00, 0xda, 0x8f, 0x00, 0x90, 0x72, 0x06, 0x07, 0x06, 0x00, 0x00, 0x00,
  0x3f, 0xe1, 0xff, 0x0f, 0x00, 0xce, 0x0f, 0x00, 0x82, 0x0c, 0x18, 0x00,
  0x06, 0x00, 0x00, 0x00, 0x00, 0x00, 0x00, 0x08, 0x00, 0xe2, 0x0f, 0x00,
  0x82, 0x8c, 0x18, 0x00, 0x06, 0x00, 0x00, 0x00, 0x00, 0x00, 0x00, 0x08,
  0x00, 0xe4, 0x0f, 0x00, 0x8c, 0x72, 0x00, 0x19, 0x18, 0x00, 0x00, 0x00,
  0x70, 0x62, 0xf2, 0x0b, 0x00, 0xcc, 0x0f, 0x00, 0x1c, 0x78, 0x00, 0x00,
  0x00, 0x00, 0x00, 0x00, 0x18, 0xf0, 0xf0, 0x03, 0x00, 0xe2, 0x0f, 0x00,
  0x82, 0x8c, 0x15, 0x00, 0x07, 0x00, 0x00, 0x00, 0x00, 0x00, 0x00, 0x08,
  0x00, 0xd8, 0x0f, 0x00, 0x47, 0x89, 0x44, 0x00, 0x00, 0x00, 0x00, 0x00,
  0x00, 0x00, 0x80, 0x03, 0x00, 0xea, 0x0f, 0x00, 0x45, 0x79, 0x00, 0x00,
  0xe0, 0x00, 0x00, 0x00, 0x00, 0x00, 0x80, 0x03, 0x00, 0xe8, 0x0f, 0x00,
  0x47, 0x19, 0x30, 0x00, 0x00, 0x00, 0x00, 0x00, 0x00, 0x00, 0x80, 0x03,
  0x00, 0xea, 0x0f, 0x00, 0x19, 0x79, 0x0b, 0x00, 0x00, 0x00, 0x00, 0x00,
  0x00, 0x00, 0x00, 0x00, 0x00, 0x22, 0x0e, 0x00, 0x86, 0x78, 0x06, 0x00,
  0x00, 0x00, 0x00, 0x00, 0x00, 0x01, 0x8e, 0x03, 0x00, 0xe2, 0x0f, 0x00,
  0x82, 0x7b, 0x02, 0xff, 0x00, 0x20, 0x01, 0x00, 0x00, 0x0a, 0x00, 0x00,
  0x00, 0x62, 0x0e, 0x00, 0x00, 0x7d, 0x04, 0x00, 0x06, 0x00, 0x00, 0x00,
  0x00, 0x00, 0x0e, 0x08, 0x00, 0x30, 0x0e, 0x00, 0x09, 0x7d, 0x05, 0x00,
  0x06, 0x00, 0x00, 0x00, 0x00, 0x00, 0x00, 0x08, 0x00, 0x62, 0x0e, 0x00,
  0x0c, 0x72, 0x00, 0x04, 0x0b, 0x00, 0x00, 0x00, 0x70, 0x20, 0xf0, 0x03,
  0x00, 0xda, 0x1f, 0x00, 0xa8, 0x09, 0x03, 0x02, 0x05, 0x00, 0x00, 0x00,
  0xce, 0xe1, 0x1e, 0x08, 0x00, 0xa2, 0x2e, 0x00, 0x19, 0x79, 0x0b, 0x00,
  0x00, 0x00, 0x00, 0x00, 0x00, 0x39, 0x00, 0x00, 0x00, 0x24, 0x0e, 0x00,
  0x12, 0x7c, 0x0b, 0x0b, 0x06, 0x00, 0x00, 0x00, 0xff, 0xc0, 0x8e, 0x0f,
  0x00, 0xcc, 0x1f, 0x00, 0x09, 0x73, 0x0b, 0x00, 0x0b, 0x00, 0x00, 0x00,
  0x00, 0x00, 0x00, 0x00, 0x00, 0x22, 0x0e, 0x00, 0x89, 0x75, 0x04, 0x03,
  0x04, 0x1f, 0x00, 0x00, 0x00, 0x00, 0x0e, 0x00, 0x00, 0x24, 0x4e, 0x00,
  0x10, 0x72, 0x0a, 0x04, 0x0b, 0x00, 0x00, 0x00, 0xff, 0xe0, 0xff, 0x07,
  0x00, 0xce, 0x1f, 0x00, 0x41, 0x79, 0x00, 0x00, 0x00, 0x00, 0x00, 0x00,
  0x00, 0x00, 0x80, 0x03, 0x00, 0xea, 0x0f, 0x00, 0x89, 0x75, 0x0a, 0x0a,
  0xff, 0x1f, 0x00, 0x00, 0x00, 0x00, 0x0e, 0x00, 0x00, 0x22, 0x0e, 0x00,
  0x47, 0x79, 0xb8, 0x00, 0x10, 0x00, 0x00, 0x00, 0x00, 0x00, 0x80, 0x03,
  0x00, 0xea, 0x0f, 0x00, 0xc3, 0x79, 0x07, 0x00, 0x00, 0x00, 0x00, 0x00,
  0x00, 0x88, 0x00, 0x00, 0x00, 0x22, 0x0e, 0x00, 0x82, 0x78, 0x06, 0x00,
  0x00, 0x04, 0x00, 0x00, 0x00, 0x00, 0x00, 0x00, 0x00, 0xe2, 0x0f, 0x00,
  0x12, 0x78, 0x02, 0x09, 0x01, 0x00, 0x00, 0x00, 0xff, 0xc0, 0x8e, 0x07,
  0x00, 0xe4, 0x0f, 0x00, 0x02, 0xa8, 0x03, 0x00, 0x00, 0x40, 0x00, 0x00,
  0x00, 0x0f, 0x00, 0x00, 0x00, 0xe4, 0x0f, 0x00, 0x19, 0x78, 0x02, 0x02,
  0x1f, 0x00, 0x00, 0x00, 0xff, 0x06, 0x00, 0x00, 0x00, 0xe4, 0x0f, 0x00,
  0xc3, 0x79, 0x08, 0x00, 0x00, 0x00, 0x00, 0x00, 0x00, 0x2f, 0x00, 0x00,
  0x00, 0x62, 0x0e, 0x00, 0x91, 0x72, 0x06, 0x07, 0x06, 0x00, 0x00, 0x00,
  0x3f, 0xc0, 0x8e, 0x0f, 0x00, 0xce, 0x1f, 0x00, 0x82, 0x7c, 0x1c, 0x00,
  0x06, 0x00, 0x00, 0x00, 0x00, 0x00, 0x00, 0x08, 0x00, 0xe2, 0x0f, 0x00,
  0x82, 0x7c, 0x1d, 0x00, 0x08, 0x00, 0x00, 0x00, 0x00, 0x00, 0x00, 0x08,
  0x00, 0xe2, 0x2f, 0x00, 0x92, 0x78, 0x20, 0x1c, 0xff, 0x03, 0x00, 0x00,
  0x3f, 0xc0, 0x8e, 0x0f, 0x00, 0xc8, 0x0f, 0x00, 0x8c, 0x72, 0x00, 0x20,
  0x3f, 0x00, 0x00, 0x00, 0x70, 0x50, 0xf0, 0x0b, 0x00, 0xe4, 0x0f, 0x00,
  0x90, 0x78, 0x08, 0x1c, 0x00, 0x04, 0x00, 0x00, 0x20, 0xe8, 0xa3, 0x0f,
  0x00, 0xe4, 0x0f, 0x00, 0x8c, 0x72, 0x00, 0x3f, 0x3f, 0x00, 0x00, 0x00,
  0x00, 0x53, 0xf0, 0x0b, 0x00, 0xe4, 0x0f, 0x00, 0x90, 0x78, 0x06, 0x1d,
  0xff, 0xff, 0xff, 0xff, 0x3f, 0x44, 0xfe, 0x08, 0x00, 0xe4, 0x0f, 0x00,
  0x87, 0x72, 0x08, 0x1c, 0x08, 0x00, 0x00, 0x00, 0x00, 0x00, 0x00, 0x0c,
  0x00, 0xe4, 0x0f, 0x00, 0x87, 0x72, 0x09, 0x1d, 0x06, 0x00, 0x00, 0x00,
  0x00, 0x00, 0x00, 0x0c, 0x00, 0xc4, 0x0f, 0x00, 0x90, 0x78, 0x06, 0x18,
  0x7f, 0x00, 0x00, 0x00, 0x3f, 0xe0, 0xff, 0x0f, 0x00, 0xc8, 0x0f, 0x00,
  0x99, 0x78, 0x07, 0x3f, 0x1f, 0x00, 0x00, 0x00, 0x06, 0x14, 0x01, 0x08,
  0x00, 0xe2, 0x0f, 0x00, 0x82, 0x7c, 0x08, 0x00, 0x08, 0x00, 0x00, 0x00,
  0x00, 0x00, 0x00, 0x08, 0x00, 0xe4, 0x0f, 0x00, 0xa7, 0x75, 0x00, 0xff,
  0x02, 0x50, 0x80, 0x02, 0x48, 0x01, 0x00, 0x08, 0x00, 0x22, 0x0e, 0x00,
  0x91, 0x72, 0x07, 0x07, 0x06, 0x00, 0x00, 0x00, 0x3f, 0x38, 0x8f, 0x0f,
  0x00, 0xc8, 0x0f, 0x00, 0x99, 0x78, 0x1b, 0x3f, 0x07, 0x00, 0x00, 0x00,
  0x07, 0x14, 0x01, 0x08, 0x00, 0xe2, 0x0f, 0x00, 0x47, 0x09, 0x08, 0x00,
  0x00, 0x00, 0x00, 0x00, 0x00, 0x00, 0x80, 0x03, 0x00, 0xf6, 0x1f, 0x00,
  0xa7, 0x75, 0x00, 0xff, 0x02, 0x50, 0x80, 0x02, 0x48, 0x01, 0x00, 0x08,
  0x00, 0x24, 0x0e, 0x00, 0x47, 0x89, 0xc4, 0x00, 0x14, 0x00, 0x00, 0x00,
  0x00, 0x00, 0x80, 0x03, 0x00, 0xea, 0x1f, 0x00, 0xa7, 0xa9, 0xff, 0xff,
  0x03, 0x48, 0x80, 0x02, 0x08, 0x00, 0x00, 0x08, 0x00, 0xe2, 0x03, 0x00,
  0x86, 0x78, 0x3f, 0x00, 0x00, 0x00, 0x00, 0x00, 0x00, 0x00, 0x82, 0x00,
  0x00, 0xe2, 0x0f, 0x00, 0x1d, 0x7b, 0x00, 0x00, 0x00, 0x80, 0x40, 0x00,
  0x00, 0x00, 0x01, 0x00, 0x00, 0xe2, 0x0f, 0x00, 0x1c, 0x78, 0x00, 0x00,
  0x00, 0x00, 0x00, 0x00, 0x70, 0xe1, 0xf0, 0x03, 0x00, 0xe2, 0x0f, 0x00,
  0x90, 0x72, 0x0c, 0x19, 0x15, 0x00, 0x00, 0x00, 0x3f, 0xe0, 0xff, 0x0f,
  0x00, 0xe2, 0x0f, 0x00, 0x1c, 0x78, 0x00, 0x00, 0x00, 0x00, 0x00, 0x00,
  0x70, 0xe1, 0xf6, 0x00, 0x00, 0xe2, 0x0f, 0x00, 0x90, 0x98, 0x06, 0x16,
  0xf0, 0x00, 0x00, 0x00, 0x3f, 0xe0, 0xf5, 0x0f, 0x00, 0xe4, 0x0f, 0x00,
  0x90, 0x98, 0x09, 0x08, 0x48, 0x80, 0x02, 0x00, 0x3f, 0xe0, 0xff, 0x0f,
  0x00, 0xe4, 0x0f, 0x00, 0x90, 0x92, 0x07, 0x3f, 0x17, 0x00, 0x00, 0x00,
  0x3f, 0xe4, 0x7f, 0x09, 0x00, 0xe2, 0x0f, 0x00, 0x82, 0x9c, 0x0a, 0x00,
  0x3f, 0x00, 0x00, 0x00, 0x00, 0x00, 0x00, 0x08, 0x00, 0xc4, 0x0f, 0x00,
  0x86, 0x78, 0x3f, 0x00, 0x00, 0x00, 0x00, 0x00, 0x00, 0x00, 0x84, 0x00,
  0x00, 0xd2, 0x2f, 0x00, 0x2f, 0x38, 0x3f, 0x00, 0x00, 0x00, 0x00, 0x00,
  0x00, 0x00, 0x80, 0x03, 0x00, 0xe2, 0x0f, 0x00, 0xb4, 0xa5, 0x00, 0x06,
  0x08, 0x00, 0x00, 0x00, 0x00, 0x00, 0x01, 0x08, 0x00, 0xd8, 0x03, 0x00,
  0x1c, 0x08, 0x00, 0x00, 0x00, 0x00, 0x00, 0x00, 0x70, 0xe1, 0x76, 0x00,
  0x00, 0xe4, 0x0f, 0x00, 0x1c, 0x78, 0x00, 0x00, 0x00, 0x00, 0x00, 0x00,
  0x70, 0xe1, 0xf0, 0x03, 0x00, 0xd6, 0x0f, 0x00, 0x47, 0x39, 0xec, 0x00,
  0xfd, 0xff, 0xff, 0xff, 0xff, 0xff, 0x93, 0x03, 0x00, 0xea, 0x2f, 0x00,
  0x1c, 0x78, 0x00, 0x00, 0x00, 0x00, 0x00, 0x00, 0x70, 0xe1, 0xf0, 0x03,
  0x00, 0xe2, 0x0f, 0x00, 0x90, 0x98, 0x10, 0x08, 0x00, 0x20, 0x00, 0x00,
  0x3f, 0xe0, 0xff, 0x0f, 0x00, 0xe2, 0x0f, 0x00, 0x1c, 0x78, 0x00, 0x00,
  0x00, 0x00, 0x00, 0x00, 0x70, 0xe1, 0xf6, 0x00, 0x00, 0xe2, 0x0f, 0x00,
  0x86, 0x78, 0x3f, 0x00, 0x00, 0x00, 0x00, 0x00, 0x00, 0x00, 0x84, 0x00,
  0x00, 0xe2, 0x0f, 0x00, 0x82, 0x98, 0x12, 0x00, 0x40, 0x00, 0x00, 0x00,
  0x00, 0x00, 0x00, 0x00, 0x00, 0xd6, 0x0f, 0x00, 0x2f, 0x38, 0x3f, 0x00,
  0x00, 0x00, 0x00, 0x00, 0x00, 0x00, 0x80, 0x03, 0x00, 0xe2, 0x0f, 0x00,
  0x82, 0x7c, 0x11, 0x00, 0x09, 0x00, 0x00, 0x00, 0x00, 0x00, 0x00, 0x08,
  0x00, 0xe2, 0x0f, 0x00, 0x82, 0x7c, 0x13, 0x00, 0x0b, 0x00, 0x00, 0x00,
  0x00, 0x00, 0x00, 0x08, 0x00, 0xe2, 0x0f, 0x00, 0x82, 0x7c, 0x14, 0x00,
  0x0c, 0x00, 0x00, 0x00, 0x00, 0x00, 0x00, 0x08, 0x00, 0xe4, 0x0f, 0x00,
  0xb4, 0xa5, 0x00, 0x06, 0x10, 0x00, 0x00, 0x00, 0x00, 0x00, 0x01, 0x08,
  0x00, 0xf0, 0x03, 0x00, 0x1c, 0x08, 0x00, 0x00, 0x00, 0x00, 0x00, 0x00,
  0x70, 0xe1, 0x76, 0x00, 0x00, 0xc4, 0x0f, 0x00, 0x1c, 0x78, 0x00, 0x00,
  0x00, 0x00, 0x00, 0x00, 0x70, 0xe1, 0xf0, 0x03, 0x00, 0xd6, 0x0f, 0x00,
  0x47, 0x39, 0xe0, 0x00, 0xfd, 0xff, 0xff, 0xff, 0xff, 0xff, 0x93, 0x03,
  0x00, 0xea, 0x2f, 0x00, 0x12, 0x78, 0x02, 0x08, 0x01, 0x00, 0x00, 0x00,
  0xff, 0xc0, 0x8e, 0x07, 0x00, 0xe2, 0x1f, 0x00, 0x24, 0xa4, 0x03, 0xff,
  0x00, 0x40, 0x00, 0x00, 0xff, 0x00, 0x8e, 0x07, 0x00, 0xc6, 0x0f, 0x00,
  0x19, 0x78, 0x02, 0x02, 0x1f, 0x00, 0x00, 0x00, 0xff, 0x06, 0x00, 0x00,
  0x00, 0xc8, 0x0f, 0x00, 0xa7, 0x75, 0x00, 0xff, 0x02, 0x60, 0x80, 0x02,
  0x48, 0x01, 0x00, 0x08, 0x00, 0x24, 0x0e, 0x00, 0x47, 0x09, 0x08, 0x00,
  0x00, 0x00, 0x00, 0x00, 0x00, 0x00, 0x80, 0x03, 0x00, 0xea, 0x1f, 0x00,
  0xa7, 0x75, 0x00, 0xff, 0x02, 0x60, 0x80, 0x02, 0x48, 0x01, 0x00, 0x08,
  0x00, 0x24, 0x0e, 0x00, 0x47, 0x89, 0x4c, 0x00, 0x14, 0x00, 0x00, 0x00,
  0x00, 0x00, 0x80, 0x03, 0x00, 0xea, 0x1f, 0x00, 0xa7, 0xa9, 0xff, 0xff,
  0x03, 0x58, 0x80, 0x02, 0x08, 0x00, 0x00, 0x08, 0x00, 0xe2, 0x03, 0x00,
  0x45, 0x79, 0x00, 0x00, 0x90, 0x01, 0x00, 0x00, 0x00, 0x00, 0x80, 0x03,
  0x00, 0xe2, 0x0f, 0x00, 0x1d, 0x7b, 0x00, 0x00, 0x00, 0x80, 0x40, 0x00,
  0x00, 0x00, 0x01, 0x00, 0x00, 0xec, 0x0f, 0x00, 0x47, 0x19, 0x58, 0x00,
  0x00, 0x00, 0x00, 0x00, 0x00, 0x00, 0x80, 0x03, 0x00, 0xea, 0x2f, 0x00,
  0x90, 0x78, 0x06, 0x16, 0xf0, 0x00, 0x00, 0x00, 0x3f, 0xe0, 0xf3, 0x0f,
  0x00, 0xe2, 0x0f, 0x00, 0x1c, 0x78, 0x00, 0x00, 0x00, 0x00, 0x00, 0x00,
  0x70, 0xf0, 0xf0, 0x03, 0x00, 0xe2, 0x0f, 0x00, 0x90, 0x78, 0x14, 0x0c,
  0x40, 0x00, 0x00, 0x00, 0x3f, 0xe0, 0xff, 0x0f, 0x00, 0xe4, 0x0f, 0x00,
  0x90, 0x78, 0x10, 0x08, 0x00, 0x40, 0x00, 0x00, 0x3f, 0xe0, 0xff, 0x0f,
  0x00, 0xe4, 0x0f, 0x00, 0x90, 0x78, 0x11, 0x08, 0x58, 0x80, 0x02, 0x00,
  0x3f, 0xe0, 0xff, 0x0f, 0x00, 0xe4, 0x0f, 0x00, 0x90, 0x72, 0x07, 0x3f,
  0x17, 0x00, 0x00, 0x00, 0x3f, 0xe4, 0xff, 0x08, 0x00, 0xe2, 0x0f, 0x00,
  0x82, 0x7c, 0x12, 0x00, 0x3f, 0x00, 0x00, 0x00, 0x00, 0x00, 0x00, 0x08,
  0x00, 0xd6, 0x0f, 0x00, 0x2f, 0x08, 0x3f, 0x00, 0x00, 0x00, 0x00, 0x00,
  0x00, 0x00, 0x86, 0x03, 0x00, 0xe2, 0x0f, 0x00, 0x82, 0x7c, 0x13, 0x00,
  0x0b, 0x00, 0x00, 0x00, 0x00, 0x00, 0x00, 0x08, 0x00, 0xe4, 0x0f, 0x00,
  0xb4, 0x75, 0x00, 0x06, 0x10, 0x00, 0x00, 0x00, 0x00, 0x00, 0x01, 0x08,
  0x00, 0xf4, 0x03, 0x00, 0x1c, 0x38, 0x00, 0x00, 0x00, 0x00, 0x00, 0x00,
  0x70, 0xe1, 0xf0, 0x01, 0x00, 0xc4, 0x0f, 0x00, 0x1c, 0x78, 0x00, 0x00,
  0x00, 0x00, 0x00, 0x00, 0x70, 0xe1, 0xf6, 0x03, 0x00, 0xd6, 0x0f, 0x00,
  0x47, 0x09, 0xe8, 0x00, 0xfd, 0xff, 0xff, 0xff, 0xff, 0xff, 0x93, 0x03,
  0x00, 0xea, 0x2f, 0x00, 0x1c, 0x78, 0x00, 0x00, 0x00, 0x00, 0x00, 0x00,
  0x70, 0xf0, 0xf0, 0x03, 0x00, 0xe2, 0x0f, 0x00, 0x90, 0x78, 0x10, 0x08,
  0x00, 0x60, 0x00, 0x00, 0x3f, 0xe0, 0xff, 0x0f, 0x00, 0xe2, 0x0f, 0x00,
  0x82, 0x78, 0x12, 0x00, 0x40, 0x00, 0x00, 0x00, 0x00, 0x00, 0x00, 0x00,
  0x00, 0xd6, 0x0f, 0x00, 0x2f, 0x08, 0x3f, 0x00, 0x00, 0x00, 0x00, 0x00,
  0x00, 0x00, 0x86, 0x03, 0x00, 0xe2, 0x0f, 0x00, 0x82, 0x7c, 0x13, 0x00,
  0x0b, 0x00, 0x00, 0x00, 0x00, 0x00, 0x00, 0x08, 0x00, 0xe4, 0x0f, 0x00,
  0xb4, 0x75, 0x00, 0x06, 0x10, 0x00, 0x00, 0x00, 0x00, 0x00, 0x01, 0x08,
  0x00, 0xf4, 0x03, 0x00, 0x1c, 0x38, 0x00, 0x00, 0x00, 0x00, 0x00, 0x00,
  0x70, 0xe1, 0xf0, 0x01, 0x00, 0xc4, 0x0f, 0x00, 0x1c, 0x78, 0x00, 0x00,
  0x00, 0x00, 0x00, 0x00, 0x70, 0xe1, 0xf6, 0x03, 0x00, 0xd6, 0x0f, 0x00,
  0x47, 0x09, 0xe8, 0x00, 0xfd, 0xff, 0xff, 0xff, 0xff, 0xff, 0x93, 0x03,
  0x00, 0xea, 0x2f, 0x00, 0x41, 0x79, 0x00, 0x00, 0x00, 0x00, 0x00, 0x00,
  0x00, 0x00, 0x80, 0x03, 0x00, 0xea, 0x0f, 0x00, 0x8c, 0x78, 0x00, 0x19,
  0x82, 0xff, 0xff, 0xff, 0x70, 0x62, 0xf2, 0x0b, 0x00, 0xcc, 0x0f, 0x00,
  0x1c, 0x78, 0x00, 0x00, 0x00, 0x00, 0x00, 0x00, 0x18, 0xf0, 0xf0, 0x03,
  0x00, 0xda, 0x0f, 0x00, 0x47, 0x89, 0x04, 0x00, 0x0c, 0x00, 0x00, 0x00,
  0x00, 0x00, 0x80, 0x03, 0x00, 0xea, 0x0f, 0x00, 0xb9, 0x7a, 0x1f, 0x00,
  0x00, 0x05, 0x01, 0x00, 0x00, 0x08, 0x00, 0x00, 0x00, 0xe2, 0x0f, 0x00,
  0x24, 0x7e, 0x04, 0xff, 0x0b, 0x00, 0x00, 0x00, 0xff, 0x00, 0x8e, 0x0f,
  0x00, 0xe2, 0x0f, 0x00, 0x02, 0x7c, 0x02, 0x00, 0x1f, 0x00, 0x00, 0x00,
  0x00, 0x0f, 0x00, 0x08, 0x00, 0xe2, 0x1f, 0x00, 0x90, 0x78, 0x06, 0x19,
  0xfe, 0x00, 0x00, 0x00, 0x3f, 0xe0, 0xff, 0x0f, 0x00, 0xe4, 0x0f, 0x00,
  0x90, 0x78, 0x08, 0x1c, 0x00, 0x04, 0x00, 0x00, 0x20, 0xe8, 0xb5, 0x0f,
  0x00, 0xe2, 0x0f, 0x00, 0x13, 0x72, 0x02, 0x00, 0x02, 0x00, 0x00, 0x00,
  0x00, 0x00, 0x00, 0x00, 0x00, 0xe2, 0x0f, 0x00, 0x99, 0x78, 0x09, 0x3f,
  0x1f, 0x00, 0x00, 0x00, 0x06, 0x14, 0x01, 0x08, 0x00, 0xe4, 0x0f, 0x00,
  0x87, 0x72, 0x08, 0x1c, 0x08, 0x00, 0x00, 0x00, 0x00, 0x00, 0x00, 0x0c,
  0x00, 0xe2, 0x0f, 0x00, 0xca, 0x72, 0x1e, 0x02, 0x00, 0x00, 0x00, 0x00,
  0x00, 0x00, 0x0e, 0x00, 0x00, 0xe2, 0x0f, 0x00, 0x90, 0x78, 0x11, 0x1d,
  0xff, 0xff, 0xff, 0xff, 0x3f, 0x64, 0x7e, 0x09, 0x00, 0xc4, 0x0f, 0x00,
  0x91, 0x72, 0x0a, 0x09, 0x06, 0x00, 0x00, 0x00, 0x3f, 0x38, 0x8f, 0x0f,
  0x00, 0xe4, 0x0f, 0x00, 0x87, 0x72, 0x09, 0x1d, 0x11, 0x00, 0x00, 0x00,
  0x00, 0x00, 0x00, 0x0c, 0x00, 0xe2, 0x0f, 0x00, 0x82, 0x7c, 0x06, 0x00,
  0x3f, 0x00, 0x00, 0x00, 0x00, 0x00, 0x00, 0x08, 0x00, 0xe2, 0x0f, 0x00,
  0x92, 0x72, 0x0c, 0x0b, 0x1f, 0x00, 0x00, 0x00, 0x3f, 0x3c, 0x8e, 0x0f,
  0x00, 0xe4, 0x0f, 0x00, 0x8c, 0x72, 0x00, 0x1f, 0x3f, 0x00, 0x00, 0x00,
  0x70, 0x52, 0xf2, 0x0b, 0x00, 0xe4, 0x0f, 0x00, 0x99, 0x78, 0x0a, 0x3f,
  0x07, 0x00, 0x00, 0x00, 0x0a, 0x14, 0x01, 0x08, 0x00, 0xe4, 0x0f, 0x00,
  0x06, 0x7d, 0x02, 0x00, 0x1e, 0x00, 0x00, 0x00, 0x00, 0x94, 0x20, 0x08,
  0x00, 0x22, 0x0e, 0x00, 0x8c, 0x72, 0x00, 0x0c, 0x3f, 0x00, 0x00, 0x00,
  0x70, 0x62, 0xf0, 0x0b, 0x00, 0xe2, 0x0f, 0x00, 0xb9, 0x7a, 0x22, 0x00,
  0x00, 0x03, 0x01, 0x00, 0x00, 0x08, 0x00, 0x00, 0x00, 0xe2, 0x0f, 0x00,
  0x82, 0x7c, 0x14, 0x00, 0x15, 0x00, 0x00, 0x00, 0x00, 0x00, 0x00, 0x08,
  0x00, 0xe2, 0x0f, 0x00, 0x82, 0x7c, 0x1d, 0x00, 0x08, 0x00, 0x00, 0x00,
  0x00, 0x00, 0x00, 0x08, 0x00, 0xc8, 0x0f, 0x00, 0x08, 0x73, 0x02, 0x00,
  0x02, 0x00, 0x00, 0x00, 0x00, 0x10, 0x00, 0x00, 0x00, 0x24, 0x1e, 0x00,
  0x10, 0x78, 0x03, 0x02, 0xfe, 0xff, 0xff, 0x0f, 0xff, 0xe0, 0xff, 0x07,
  0x00, 0xe4, 0x1f, 0x00, 0x13, 0x72, 0x02, 0x00, 0x04, 0x00, 0x00, 0x00,
  0x00, 0x00, 0x00, 0x00, 0x00, 0xc8, 0x0f, 0x00, 0x05, 0x73, 0x03, 0x00,
  0x03, 0x00, 0x00, 0x00, 0x00, 0xf0, 0x21, 0x00, 0x00, 0x22, 0x0e, 0x00,
  0xca, 0x72, 0x1c, 0x02, 0x00, 0x00, 0x00, 0x00, 0x00, 0x00, 0x0e, 0x00,
  0x00, 0xe4, 0x0f, 0x00, 0xca, 0x72, 0x07, 0x03, 0x00, 0x00, 0x00, 0x00,
  0x00, 0x00, 0x0e, 0x00, 0x00, 0xda, 0x1f, 0x00, 0x90, 0x72, 0x10, 0x3f,
  0x07, 0x00, 0x00, 0x80, 0x3f, 0xe0, 0xff, 0x0f, 0x00, 0xc8, 0x0f, 0x00,
  0xa4, 0x72, 0x10, 0x10, 0x1e, 0x00, 0x00, 0x00, 0x3f, 0x02, 0x8e, 0x0f,
  0x00, 0xc8, 0x0f, 0x00, 0xa5, 0x72, 0x10, 0x07, 0x10, 0x00, 0x00, 0x00,
  0x06, 0x00, 0x8e, 0x0f, 0x00, 0xce, 0x0f, 0x00, 0x82, 0x7c, 0x07, 0x00,
  0x11, 0x00, 0x00, 0x00, 0x00, 0x00, 0x00, 0x08, 0x00, 0xca, 0x0f, 0x00,
  0x19, 0x7c, 0x02, 0xff, 0x05, 0x00, 0x00, 0x00, 0x07, 0x16, 0x01, 0x08,
  0x00, 0xe2, 0x7f, 0x00, 0x91, 0x72, 0x23, 0x05, 0x1d, 0x00, 0x00, 0x00,
  0x3f, 0x18, 0x8e, 0x0f, 0x00, 0xe4, 0x0f, 0x00, 0xa5, 0x72, 0x10, 0x07,
  0x1c, 0x00, 0x00, 0x00, 0x3f, 0x00, 0x8e, 0x0f, 0x00, 0xe2, 0x0f, 0x00,
  0x12, 0x78, 0x02, 0x02, 0x01, 0x00, 0x00, 0x00, 0xff, 0xc0, 0x8e, 0x07,
  0x00, 0xc6, 0x0f, 0x00, 0x90, 0x72, 0x0c, 0x11, 0x3f, 0x00, 0x00, 0x00,
  0x3f, 0xe1, 0xff, 0x0f, 0x00, 0xe2, 0x0f, 0x00, 0x19, 0x78, 0x02, 0x02,
  0x1f, 0x00, 0x00, 0x00, 0xff, 0x06, 0x00, 0x00, 0x00, 0xc6, 0x0f, 0x00,
  0xa4, 0x72, 0x0c, 0x1e, 0x0c, 0x00, 0x00, 0x00, 0x1c, 0x02, 0x8e, 0x0f,
  0x00, 0xe2, 0x0f, 0x00, 0xa7, 0x75, 0x00, 0xff, 0x02, 0x18, 0x80, 0x02,
  0x63, 0x01, 0x00, 0x08, 0x00, 0x26, 0x0e, 0x00, 0x8c, 0x72, 0x00, 0x1e,
  0x0c, 0x00, 0x00, 0x00, 0x70, 0x40, 0xf6, 0x0b, 0x00, 0xd6, 0x0f, 0x00,
  0x90, 0xb2, 0x0c, 0x0c, 0x1e, 0x00, 0x00, 0x80, 0x3f, 0xe0, 0xff, 0x0f,
  0x00, 0xe4, 0x0f, 0x00, 0x90, 0xb8, 0x11, 0x11, 0x01, 0x00, 0x00, 0x00,
  0x3f, 0xe0, 0xff, 0x0f, 0x00, 0xe4, 0x0f, 0x00, 0x8c, 0x72, 0x00, 0x0c,
  0x1e, 0x00, 0x00, 0x00, 0x70, 0x60, 0xf4, 0x0b, 0x00, 0xd6, 0x0f, 0x00,
  0x90, 0x28, 0x11, 0x11, 0x01, 0x00, 0x00, 0x00, 0x3f, 0xe0, 0xff, 0x0f,
  0x00, 0xce, 0x0f, 0x00, 0x82, 0x7c, 0x13, 0x00, 0x11, 0x00, 0x00, 0x00,
  0x00, 0x00, 0x00, 0x08, 0x00, 0xe4, 0x0f, 0x00, 0x90, 0x82, 0x13, 0x13,
  0x3f, 0x00, 0x00, 0x00, 0x3f, 0xe1, 0xff, 0x0f, 0x00, 0xe2, 0x0f, 0x00,
  0x47, 0x09, 0x08, 0x00, 0x00, 0x00, 0x00, 0x00, 0x00, 0x00, 0x80, 0x03,
  0x00, 0xf6, 0x1f, 0x00, 0xa7, 0x75, 0x00, 0xff, 0x02, 0x18, 0x80, 0x02,
  0x63, 0x01, 0x00, 0x08, 0x00, 0x24, 0x0e, 0x00, 0x47, 0x89, 0x28, 0x00,
  0x10, 0x00, 0x00, 0x00, 0x00, 0x00, 0x80, 0x03, 0x00, 0xea, 0x1f, 0x00,
  0x99, 0x72, 0x0c, 0x3f, 0x04, 0x00, 0x00, 0x00, 0x0d, 0x16, 0x01, 0x08,
  0x00, 0xe2, 0x0f, 0x00, 0x02, 0xa8, 0x03, 0x00, 0x00, 0x80, 0x00, 0x00,
  0x00, 0x0f, 0x00, 0x00, 0x00, 0xe2, 0x1f, 0x00, 0x91, 0x72, 0x26, 0x04,
  0x1d, 0x00, 0x00, 0x00, 0x3f, 0x18, 0x8e, 0x0f, 0x00, 0xe4, 0x0f, 0x00,
  0x92, 0x78, 0x0c, 0x0c, 0x01, 0x00, 0x00, 0x00, 0x3f, 0xc0, 0x8e, 0x0f,
  0x00, 0xe2, 0x0f, 0x00, 0xa7, 0xa9, 0xff, 0xff, 0x03, 0x08, 0x80, 0x02,
  0x23, 0x00, 0x00, 0x08, 0x00, 0xe2, 0x01, 0x00, 0x82, 0x78, 0x10, 0x00,
  0x01, 0x00, 0x00, 0x00, 0x00, 0x00, 0x00, 0x00, 0x00, 0xe2, 0x0f, 0x00,
  0x82, 0x7c, 0x24, 0x00, 0x05, 0x00, 0x00, 0x00, 0x00, 0x00, 0x00, 0x08,
  0x00, 0xe2, 0x0f, 0x00, 0x99, 0x72, 0x11, 0x10, 0x05, 0x00, 0x00, 0x00,
  0x3f, 0x06, 0x00, 0x08, 0x00, 0xe4, 0x0f, 0x00, 0x02, 0x7c, 0x02, 0x00,
  0x0c, 0x00, 0x00, 0x00, 0x00, 0x0f, 0x00, 0x08, 0x00, 0xe2, 0x0f, 0x00,
  0x90, 0x78, 0x0c, 0x05, 0x01, 0x00, 0x00, 0x00, 0x3f, 0xe0, 0xff, 0x0f,
  0x00, 0xc6, 0x0f, 0x00, 0x19, 0x78, 0x02, 0x02, 0x1f, 0x00, 0x00, 0x00,
  0xff, 0x06, 0x00, 0x00, 0x00, 0xe2, 0x0f, 0x00, 0x8c, 0x78, 0x00, 0x0c,
  0x01, 0x00, 0x00, 0x00, 0x70, 0x40, 0xf4, 0x0b, 0x00, 0xe2, 0x0f, 0x00,
  0x12, 0x7c, 0x07, 0x07, 0x11, 0x00, 0x00, 0x00, 0xff, 0x3c, 0x8e, 0x0f,
  0x00, 0xc6, 0x0f, 0x00, 0x87, 0x72, 0x05, 0x0c, 0x3f, 0x00, 0x00, 0x00,
  0x00, 0x00, 0x00, 0x0d, 0x00, 0xe2, 0x0f, 0x00, 0xa7, 0x75, 0x00, 0xff,
  0x02, 0x38, 0x80, 0x02, 0x66, 0x01, 0x00, 0x08, 0x00, 0x64, 0x0e, 0x00,
  0x47, 0x09, 0x08, 0x00, 0x00, 0x00, 0x00, 0x00, 0x00, 0x00, 0x80, 0x03,
  0x00, 0xf2, 0x3f, 0x00, 0xa7, 0x75, 0x00, 0xff, 0x02, 0x38, 0x80, 0x02,
  0x66, 0x01, 0x00, 0x08, 0x00, 0x24, 0x0e, 0x00, 0x47, 0x89, 0xf8, 0x00,
  0x0c, 0x00, 0x00, 0x00, 0x00, 0x00, 0x80, 0x03, 0x00, 0xea, 0x1f, 0x00,
  0x90, 0x78, 0x0c, 0x04, 0x01, 0x00, 0x00, 0x00, 0x3f, 0xe0, 0xff, 0x0f,
  0x00, 0xe2, 0x0f, 0x00, 0xa7, 0xa9, 0xff, 0xff, 0x03, 0x28, 0x80, 0x02,
  0x26, 0x00, 0x00, 0x08, 0x00, 0xe2, 0x03, 0x00, 0x82, 0x7c, 0x25, 0x00,
  0x04, 0x00, 0x00, 0x00, 0x00, 0x00, 0x00, 0x08, 0x00, 0xe2, 0x0f, 0x00,
  0x99, 0x72, 0x04, 0x10, 0x04, 0x00, 0x00, 0x00, 0x3f, 0x06, 0x00, 0x08,
  0x00, 0xe2, 0x0f, 0x00, 0x45, 0x79, 0x00, 0x00, 0xf0, 0x02, 0x00, 0x00,
  0x00, 0x00, 0x80, 0x03, 0x00, 0xe2, 0x0f, 0x00, 0x8c, 0x78, 0x00, 0x0c,
  0x01, 0x00, 0x00, 0x00, 0x70, 0x40, 0xf4, 0x0b, 0x00, 0xe4, 0x0f, 0x00,
  0x92, 0x72, 0x0d, 0x0d, 0x04, 0x00, 0x00, 0x00, 0x3f, 0x3c, 0x8e, 0x0f,
  0x00, 0xe4, 0x0f, 0x00, 0x92, 0x92, 0x13, 0x3f, 0x1f, 0x00, 0x00, 0x00,
  0x3f, 0x33, 0x8e, 0x0f, 0x00, 0xe4, 0x0f, 0x00, 0x87, 0x72, 0x04, 0x0c,
  0x3f, 0x00, 0x00, 0x00, 0x00, 0x00, 0x00, 0x0d, 0x00, 0xe2, 0x0f, 0x00,
  0x1d, 0x7b, 0x00, 0x00, 0x00, 0x80, 0x40, 0x00, 0x00, 0x00, 0x01, 0x00,
  0x00, 0xec, 0x0f, 0x00, 0x47, 0x19, 0xa0, 0x00, 0x00, 0x00, 0x00, 0x00,
  0x00, 0x00, 0x80, 0x03, 0x00, 0xea, 0x2f, 0x00, 0x90, 0x78, 0x20, 0x16,
  0x30, 0x01, 0x00, 0x00, 0x3f, 0xe0, 0xf5, 0x0f, 0x00, 0xe2, 0x0f, 0x00,
  0x1c, 0x78, 0x00, 0x00, 0x00, 0x00, 0x00, 0x00, 0x70, 0xf0, 0xf0, 0x03,
  0x00, 0xe2, 0x0f, 0x00, 0x91, 0x72, 0x0c, 0x24, 0x1d, 0x00, 0x00, 0x00,
  0x3f, 0x78, 0x8e, 0x0f, 0x00, 0xe4, 0x0f, 0x00, 0x90, 0x78, 0x11, 0x23,
  0x08, 0x80, 0x02, 0x00, 0x3f, 0xe0, 0xff, 0x0f, 0x00, 0xe4, 0x0f, 0x00,
  0x90, 0x72, 0x21, 0x3f, 0x17, 0x00, 0x00, 0x00, 0x3f, 0xe4, 0x7f, 0x09,
  0x00, 0xe4, 0x0f, 0x00, 0x90, 0x78, 0x10, 0x0c, 0x00, 0x80, 0x00, 0x00,
  0x3f, 0xe0, 0xff, 0x0f, 0x00, 0xe2, 0x0f, 0x00, 0x82, 0x7c, 0x12, 0x00,
  0x3f, 0x00, 0x00, 0x00, 0x00, 0x00, 0x00, 0x08, 0x00, 0xd6, 0x0f, 0x00,
  0x2f, 0x08, 0x3f, 0x00, 0x00, 0x00, 0x00, 0x00, 0x00, 0x00, 0x86, 0x03,
  0x00, 0xe2, 0x0f, 0x00, 0xb4, 0x75, 0x00, 0x20, 0x10, 0x00, 0x00, 0x00,
  0x00, 0x00, 0x01, 0x08, 0x00, 0xd8, 0x03, 0x00, 0x1c, 0x38, 0x00, 0x00,
  0x00, 0x00, 0x00, 0x00, 0x70, 0xe1, 0xf0, 0x01, 0x00, 0xe4, 0x0f, 0x00,
  0x1c, 0x78, 0x00, 0x00, 0x00, 0x00, 0x00, 0x00, 0x70, 0xe1, 0xf6, 0x03,
  0x00, 0xd6, 0x0f, 0x00, 0x47, 0x09, 0xec, 0x00, 0xfd, 0xff, 0xff, 0xff,
  0xff, 0xff, 0x93, 0x03, 0x00, 0xea, 0x2f, 0x00, 0x1c, 0x78, 0x00, 0x00,
  0x00, 0x00, 0x00, 0x00, 0x70, 0xf0, 0xf0, 0x03, 0x00, 0xe2, 0x0f, 0x00,
  0x90, 0x78, 0x10, 0x0c, 0x00, 0xc0, 0x00, 0x00, 0x3f, 0xe0, 0xff, 0x0f,
  0x00, 0xe2, 0x0f, 0x00, 0x82, 0x78, 0x12, 0x00, 0x40, 0x00, 0x00, 0x00,
  0x00, 0x00, 0x00, 0x00, 0x00, 0xd6, 0x0f, 0x00, 0x2f, 0x08, 0x3f, 0x00,
  0x00, 0x00, 0x00, 0x00, 0x00, 0x00, 0x86, 0x03, 0x00, 0xe2, 0x0f, 0x00,
  0xb4, 0x75, 0x00, 0x20, 0x10, 0x00, 0x00, 0x00, 0x00, 0x00, 0x01, 0x08,
  0x00, 0xd8, 0x03, 0x00, 0x1c, 0x38, 0x00, 0x00, 0x00, 0x00, 0x00, 0x00,
  0x70, 0xe1, 0xf0, 0x01, 0x00, 0xe4, 0x0f, 0x00, 0x1c, 0x78, 0x00, 0x00,
  0x00, 0x00, 0x00, 0x00, 0x70, 0xe1, 0xf6, 0x03, 0x00, 0xd6, 0x0f, 0x00,
  0x47, 0x09, 0xec, 0x00, 0xfd, 0xff, 0xff, 0xff, 0xff, 0xff, 0x93, 0x03,
  0x00, 0xea, 0x2f, 0x00, 0x90, 0x78, 0x20, 0x16, 0x70, 0x01, 0x00, 0x00,
  0x3f, 0xe0, 0xf5, 0x0f, 0x00, 0xe2, 0x0f, 0x00, 0x1c, 0x78, 0x00, 0x00,
  0x00, 0x00, 0x00, 0x00, 0x70, 0xf0, 0xf0, 0x03, 0x00, 0xe2, 0x0f, 0x00,
  0x91, 0x72, 0x0c, 0x25, 0x1d, 0x00, 0x00, 0x00, 0x3f, 0x78, 0x8e, 0x0f,
  0x00, 0xe4, 0x0f, 0x00, 0x90, 0x78, 0x11, 0x26, 0x28, 0x80, 0x02, 0x00,
  0x3f, 0xe0, 0xff, 0x0f, 0x00, 0xe4, 0x0f, 0x00, 0x90, 0x72, 0x21, 0x3f,
  0x17, 0x00, 0x00, 0x00, 0x3f, 0xe4, 0x7f, 0x09, 0x00, 0xe4, 0x0f, 0x00,
  0x90, 0x78, 0x10, 0x0c, 0x00, 0x80, 0x01, 0x00, 0x3f, 0xe0, 0xff, 0x0f,
  0x00, 0xe2, 0x0f, 0x00, 0x82, 0x7c, 0x12, 0x00, 0x3f, 0x00, 0x00, 0x00,
  0x00, 0x00, 0x00, 0x08, 0x00, 0xd6, 0x0f, 0x00, 0x2f, 0x08, 0x3f, 0x00,
  0x00, 0x00, 0x00, 0x00, 0x00, 0x00, 0x86, 0x03, 0x00, 0xe2, 0x0f, 0x00,
  0xb4, 0x75, 0x00, 0x20, 0x10, 0x00, 0x00, 0x00, 0x00, 0x00, 0x01, 0x08,
  0x00, 0xd8, 0x03, 0x00, 0x1c, 0x38, 0x00, 0x00, 0x00, 0x00, 0x00, 0x00,
  0x70, 0xe1, 0xf0, 0x01, 0x00, 0xe4, 0x0f, 0x00, 0x1c, 0x78, 0x00, 0x00,
  0x00, 0x00, 0x00, 0x00, 0x70, 0xe1, 0xf6, 0x03, 0x00, 0xd6, 0x0f, 0x00,
  0x47, 0x09, 0xec, 0x00, 0xfd, 0xff, 0xff, 0xff, 0xff, 0xff, 0x93, 0x03,
  0x00, 0xea, 0x2f, 0x00, 0x1c, 0x78, 0x00, 0x00, 0x00, 0x00, 0x00, 0x00,
  0x70, 0xf0, 0xf0, 0x03, 0x00, 0xe2, 0x0f, 0x00, 0x90, 0x78, 0x10, 0x0c,
  0x00, 0xc0, 0x01, 0x00, 0x3f, 0xe0, 0xff, 0x0f, 0x00, 0xe2, 0x0f, 0x00,
  0x82, 0x78, 0x12, 0x00, 0x40, 0x00, 0x00, 0x00, 0x00, 0x00, 0x00, 0x00,
  0x00, 0xd6, 0x0f, 0x00, 0x2f, 0x08, 0x3f, 0x00, 0x00, 0x00, 0x00, 0x00,
  0x00, 0x00, 0x86, 0x03, 0x00, 0xe2, 0x0f, 0x00, 0xb4, 0x75, 0x00, 0x20,
  0x10, 0x00, 0x00, 0x00, 0x00, 0x00, 0x01, 0x08, 0x00, 0xd8, 0x03, 0x00,
  0x1c, 0x38, 0x00, 0x00, 0x00, 0x00, 0x00, 0x00, 0x70, 0xe1, 0xf0, 0x01,
  0x00, 0xe4, 0x0f, 0x00, 0x1c, 0x78, 0x00, 0x00, 0x00, 0x00, 0x00, 0x00,
  0x70, 0xe1, 0xf6, 0x03, 0x00, 0xd6, 0x0f, 0x00, 0x47, 0x09, 0xec, 0x00,
  0xfd, 0xff, 0xff, 0xff, 0xff, 0xff, 0x93, 0x03, 0x00, 0xea, 0x2f, 0x00,
  0x41, 0x79, 0x00, 0x00, 0x00, 0x00, 0x00, 0x00, 0x00, 0x00, 0x80, 0x03,
  0x00, 0xea, 0x0f, 0x00, 0x0c, 0x7c, 0x00, 0xff, 0x06, 0x00, 0x00, 0x00,
  0x70, 0x52, 0xf0, 0x0b, 0x00, 0xda, 0x0f, 0x00, 0x47, 0x09, 0x0c, 0x00,
  0x04, 0x00, 0x00, 0x00, 0x00, 0x00, 0x80, 0x03, 0x00, 0xea, 0x0f, 0x00,
  0x12, 0x78, 0x02, 0x06, 0x01, 0x00, 0x00, 0x00, 0xff, 0xc0, 0x8e, 0x07,
  0x00, 0xe2, 0x1f, 0x00, 0xa4, 0x72, 0x0c, 0x15, 0x22, 0x00, 0x00, 0x00,
  0x0b, 0x02, 0x8e, 0x0f, 0x00, 0xe2, 0x0f, 0x00, 0x12, 0x78, 0x04, 0x00,
  0x01, 0x00, 0x00, 0x00, 0xff, 0xc0, 0x8e, 0x07, 0x00, 0xe4, 0x0f, 0x00,
  0x19, 0x78, 0x02, 0x02, 0x1f, 0x00, 0x00, 0x00, 0xff, 0x06, 0x00, 0x00,
  0x00, 0xe4, 0x0f, 0x00, 0x19, 0x78, 0x04, 0x04, 0x1f, 0x00, 0x00, 0x00,
  0xff, 0x06, 0x00, 0x00, 0x00, 0xe4, 0x0f, 0x00, 0xa7, 0x75, 0x00, 0xff,
  0x02, 0x70, 0x80, 0x02, 0x5d, 0x01, 0x00, 0x08, 0x00, 0x24, 0x0e, 0x00,
  0x47, 0x09, 0x08, 0x00, 0x00, 0x00, 0x00, 0x00, 0x00, 0x00, 0x80, 0x03,
  0x00, 0xea, 0x1f, 0x00, 0xa7, 0x75, 0x00, 0xff, 0x02, 0x70, 0x80, 0x02,
  0x5d, 0x01, 0x00, 0x08, 0x00, 0x24, 0x0e, 0x00, 0x47, 0x89, 0x14, 0x00,
  0x0c, 0x00, 0x00, 0x00, 0x00, 0x00, 0x80, 0x03, 0x00, 0xea, 0x1f, 0x00,
  0x1d, 0x7b, 0x00, 0x00, 0x00, 0x80, 0x40, 0x00, 0x00, 0x00, 0x01, 0x00,
  0x00, 0xec, 0x0f, 0x00, 0x45, 0x79, 0x00, 0x00, 0x80, 0x01, 0x00, 0x00,
  0x00, 0x00, 0x80, 0x03, 0x00, 0xe8, 0x0f, 0x00, 0x47, 0x19, 0x58, 0x00,
  0x00, 0x00, 0x00, 0x00, 0x00, 0x00, 0x80, 0x03, 0x00, 0xea, 0x0f, 0x00,
  0x24, 0x74, 0x05, 0xff, 0x02, 0x00, 0x00, 0x00, 0xff, 0x00, 0x8e, 0x07,
  0x00, 0xe2, 0x0f, 0x00, 0x02, 0x7c, 0x02, 0x00, 0x08, 0x00, 0x00, 0x00,
  0x00, 0x0f, 0x00, 0x08, 0x00, 0xe2, 0x1f, 0x00, 0x24, 0x7e, 0x0d, 0xff,
  0x19, 0x00, 0x00, 0x00, 0xff, 0x00, 0x8e, 0x0f, 0x00, 0xe2, 0x0f, 0x00,
  0x02, 0x7c, 0x03, 0x00, 0x09, 0x00, 0x00, 0x00, 0x00, 0x0f, 0x00, 0x08,
  0x00, 0xe2, 0x0f, 0x00, 0x24, 0x7e, 0x13, 0xff, 0x18, 0x00, 0x00, 0x00,
  0xff, 0x00, 0x8e, 0x0f, 0x00, 0xe2, 0x0f, 0x00, 0x02, 0x7c, 0x0f, 0x00,
  0x19, 0x00, 0x00, 0x00, 0x00, 0x0f, 0x00, 0x08, 0x00, 0xe2, 0x0f, 0x00,
  0x24, 0x7e, 0x0b, 0xff, 0x0b, 0x00, 0x00, 0x00, 0xff, 0x00, 0x8e, 0x0f,
  0x00, 0xe2, 0x0f, 0x00, 0x02, 0x7c, 0x11, 0x00, 0x1b, 0x00, 0x00, 0x00,
  0x00, 0x0f, 0x00, 0x08, 0x00, 0xe2, 0x0f, 0x00, 0x85, 0x79, 0x00, 0x02,
  0x05, 0x78, 0x80, 0x02, 0x0e, 0x19, 0x10, 0x0c, 0x00, 0xe2, 0x03, 0x00,
  0x02, 0x7c, 0x15, 0x00, 0x18, 0x00, 0x00, 0x00, 0x00, 0x0f, 0x00, 0x08,
  0x00, 0xe4, 0x0f, 0x00, 0x02, 0x7c, 0x17, 0x00, 0x0c, 0x00, 0x00, 0x00,
  0x00, 0x0f, 0x00, 0x08, 0x00, 0xe2, 0x0f, 0x00, 0x85, 0x79, 0x00, 0x02,
  0x0d, 0x7c, 0x80, 0x02, 0x0e, 0x19, 0x10, 0x0c, 0x00, 0xe2, 0x03, 0x00,
  0x02, 0x7c, 0x19, 0x00, 0x1a, 0x00, 0x00, 0x00, 0x00, 0x0f, 0x00, 0x08,
  0x00, 0xc6, 0x0f, 0x00, 0x85, 0x79, 0x00, 0x02, 0x0f, 0x80, 0x80, 0x02,
  0x0e, 0x19, 0x10, 0x0c, 0x00, 0xe8, 0x03, 0x00, 0x85, 0x79, 0x00, 0x02,
  0x11, 0x84, 0x80, 0x02, 0x0e, 0x19, 0x10, 0x0c, 0x00, 0xe8, 0x03, 0x00,
  0x85, 0x79, 0x00, 0x02, 0x13, 0x88, 0x80, 0x02, 0x0e, 0x19, 0x10, 0x0c,
  0x00, 0xe8, 0x03, 0x00, 0x85, 0x79, 0x00, 0x02, 0x15, 0x8c, 0x80, 0x02,
  0x0e, 0x19, 0x10, 0x0c, 0x00, 0xe8, 0x03, 0x00, 0x85, 0x79, 0x00, 0x02,
  0x17, 0x90, 0x80, 0x02, 0x0e, 0x19, 0x10, 0x0c, 0x00, 0xe8, 0x03, 0x00,
  0x85, 0x79, 0x00, 0x02, 0x0b, 0x94, 0x80, 0x02, 0x0e, 0x19, 0x10, 0x0c,
  0x00, 0xe8, 0x03, 0x00, 0x85, 0x79, 0x00, 0x02, 0x19, 0x98, 0x80, 0x02,
  0x0e, 0x19, 0x10, 0x0c, 0x00, 0xe2, 0x03, 0x00, 0x92, 0x79, 0x00, 0x00,
  0x00, 0x00, 0x00, 0x00, 0x00, 0x00, 0x00, 0x00, 0x00, 0xec, 0x01, 0x00,
  0xa7, 0x79, 0xff, 0xff, 0xff, 0x68, 0x80, 0x02, 0x1d, 0x00, 0x10, 0x08,
  0x00, 0xe2, 0x1f, 0x00, 0x41, 0x79, 0x00, 0x00, 0x00, 0x00, 0x00, 0x00,
  0x00, 0x00, 0x80, 0x03, 0x00, 0xea, 0x0f, 0x00, 0xa7, 0x75, 0x00, 0xff,
  0x04, 0xa8, 0x80, 0x02, 0x5d, 0x01, 0x00, 0x08, 0x00, 0xa4, 0x0e, 0x00,
  0x47, 0x09, 0x08, 0x00, 0x00, 0x00, 0x00, 0x00, 0x00, 0x00, 0x80, 0x03,
  0x00, 0xea, 0x4f, 0x00, 0xa7, 0x75, 0x00, 0xff, 0x04, 0xa8, 0x80, 0x02,
  0x5d, 0x01, 0x00, 0x08, 0x00, 0xa4, 0x0e, 0x00, 0x47, 0x89, 0xb4, 0x00,
  0x08, 0x00, 0x00, 0x00, 0x00, 0x00, 0x80, 0x03, 0x00, 0xea, 0x4f, 0x00,
  0x1d, 0x7b, 0x00, 0x00, 0x00, 0x80, 0x40, 0x00, 0x00, 0x00, 0x01, 0x00,
  0x00, 0xe2, 0x0f, 0x00, 0x12, 0x78, 0x06, 0x06, 0x01, 0x00, 0x00, 0x00,
  0xff, 0x3c, 0x8e, 0x07, 0x00, 0xe4, 0x0f, 0x00, 0x12, 0x78, 0x00, 0x00,
  0x01, 0x00, 0x00, 0x00, 0xff, 0x3c, 0x8e, 0x07, 0x00, 0xc6, 0x0f, 0x00,
  0x45, 0x79, 0x00, 0x00, 0x80, 0x01, 0x00, 0x00, 0x00, 0x00, 0x80, 0x03,
  0x00, 0xe8, 0x0f, 0x00, 0x47, 0x19, 0x58, 0x00, 0x00, 0x00, 0x00, 0x00,
  0x00, 0x00, 0x80, 0x03, 0x00, 0xea, 0x0f, 0x00, 0x02, 0x78, 0x05, 0x00,
  0x02, 0x00, 0x00, 0x00, 0x00, 0x0f, 0x00, 0x00, 0x00, 0xe2, 0x2f, 0x00,
  0x24, 0x7e, 0x02, 0xff, 0x08, 0x00, 0x00, 0x00, 0xff, 0x00, 0x8e, 0x0f,
  0x00, 0xe2, 0x1f, 0x00, 0x02, 0x7c, 0x03, 0x00, 0x09, 0x00, 0x00, 0x00,
  0x00, 0x0f, 0x00, 0x08, 0x00, 0xe2, 0x0f, 0x00, 0x24, 0x7e, 0x0f, 0xff,
  0x19, 0x00, 0x00, 0x00, 0xff, 0x00, 0x8e, 0x0f, 0x00, 0xe2, 0x0f, 0x00,
  0x02, 0x7c, 0x0d, 0x00, 0x19, 0x00, 0x00, 0x00, 0x00, 0x0f, 0x00, 0x08,
  0x00, 0xe2, 0x0f, 0x00, 0x24, 0x7e, 0x15, 0xff, 0x18, 0x00, 0x00, 0x00,
  0xff, 0x00, 0x8e, 0x0f, 0x00, 0xe2, 0x0f, 0x00, 0x02, 0x7c, 0x11, 0x00,
  0x1b, 0x00, 0x00, 0x00, 0x00, 0x0f, 0x00, 0x08, 0x00, 0xe2, 0x0f, 0x00,
  0x24, 0x7e, 0x19, 0xff, 0x1a, 0x00, 0x00, 0x00, 0xff, 0x00, 0x8e, 0x0f,
  0x00, 0xe2, 0x0f, 0x00, 0x02, 0x7c, 0x13, 0x00, 0x18, 0x00, 0x00, 0x00,
  0x00, 0x0f, 0x00, 0x08, 0x00, 0xe2, 0x0f, 0x00, 0x85, 0x79, 0x00, 0x02,
  0x05, 0xb0, 0x80, 0x02, 0x0e, 0x19, 0x10, 0x0c, 0x00, 0xe2, 0x05, 0x00,
  0x02, 0x7c, 0x17, 0x00, 0x0c, 0x00, 0x00, 0x00, 0x00, 0x0f, 0x00, 0x08,
  0x00, 0xc4, 0x0f, 0x00, 0x02, 0x7c, 0x0b, 0x00, 0x0b, 0x00, 0x00, 0x00,
  0x00, 0x0f, 0x00, 0x08, 0x00, 0xe2, 0x0f, 0x00, 0x85, 0x79, 0x00, 0x02,
  0x0d, 0xb4, 0x80, 0x02, 0x0e, 0x19, 0x10, 0x0c, 0x00, 0xe8, 0x05, 0x00,
  0x85, 0x79, 0x00, 0x02, 0x0f, 0xb8, 0x80, 0x02, 0x0e, 0x19, 0x10, 0x0c,
  0x00, 0xe8, 0x05, 0x00, 0x85, 0x79, 0x00, 0x02, 0x11, 0xbc, 0x80, 0x02,
  0x0e, 0x19, 0x10, 0x0c, 0x00, 0xe8, 0x05, 0x00, 0x85, 0x79, 0x00, 0x02,
  0x13, 0xc0, 0x80, 0x02, 0x0e, 0x19, 0x10, 0x0c, 0x00, 0xe8, 0x05, 0x00,
  0x85, 0x79, 0x00, 0x02, 0x15, 0xc4, 0x80, 0x02, 0x0e, 0x19, 0x10, 0x0c,
  0x00, 0xe8, 0x05, 0x00, 0x85, 0x79, 0x00, 0x02, 0x17, 0xc8, 0x80, 0x02,
  0x0e, 0x19, 0x10, 0x0c, 0x00, 0xe8, 0x05, 0x00, 0x85, 0x79, 0x00, 0x02,
  0x0b, 0xcc, 0x80, 0x02, 0x0e, 0x19, 0x10, 0x0c, 0x00, 0xe8, 0x05, 0x00,
  0x85, 0x79, 0x00, 0x02, 0x19, 0xd0, 0x80, 0x02, 0x0e, 0x19, 0x10, 0x0c,
  0x00, 0xe2, 0x05, 0x00, 0x92, 0x79, 0x00, 0x00, 0x00, 0x00, 0x00, 0x00,
  0x00, 0x00, 0x00, 0x00, 0x00, 0xec, 0x01, 0x00, 0xa7, 0x79, 0xff, 0xff,
  0xff, 0xa0, 0x80, 0x02, 0x1d, 0x00, 0x10, 0x08, 0x00, 0xe2, 0x1f, 0x00,
  0x41, 0x79, 0x00, 0x00, 0x00, 0x00, 0x00, 0x00, 0x00, 0x00, 0x80, 0x03,
  0x00, 0xea, 0x0f, 0x00, 0x90, 0x78, 0x06, 0x06, 0x01, 0x00, 0x00, 0x00,
  0x3f, 0xe0, 0xff, 0x0f, 0x00, 0xe4, 0x0f, 0x00, 0x90, 0x78, 0x14, 0x14,
  0x80, 0x00, 0x00, 0x00, 0x3f, 0xe0, 0xff, 0x0f, 0x00, 0xe4, 0x0f, 0x00,
  0x8c, 0x72, 0x00, 0x06, 0x0a, 0x00, 0x00, 0x00, 0x70, 0x62, 0xf4, 0x0b,
  0x00, 0xcc, 0x0f, 0x00, 0x1c, 0x78, 0x00, 0x00, 0x00, 0x00, 0x00, 0x00,
  0x28, 0xf0, 0xf0, 0x03, 0x00, 0xda, 0x0f, 0x00, 0x47, 0x89, 0x78, 0x00,
  0xf4, 0xff, 0xff, 0xff, 0xff, 0xff, 0x83, 0x03, 0x00, 0xea, 0x0f, 0x00,
  0x45, 0x79, 0x00, 0x00, 0xe0, 0x00, 0x00, 0x00, 0x00, 0x00, 0x80, 0x03,
  0x00, 0xe8, 0x0f, 0x00, 0x47, 0x19, 0x30, 0x00, 0x00, 0x00, 0x00, 0x00,
  0x00, 0x00, 0x80, 0x03, 0x00, 0xea, 0x0f, 0x00, 0x19, 0x79, 0x0b, 0x00,
  0x00, 0x00, 0x00, 0x00, 0x00, 0x00, 0x00, 0x00, 0x00, 0x62, 0x6e, 0x00,
  0x86, 0x78, 0x06, 0x00, 0x00, 0x00, 0x00, 0x00, 0x00, 0x01, 0x8e, 0x03,
  0x00, 0xe2, 0x0f, 0x00, 0x82, 0x7b, 0x02, 0xff, 0x00, 0x20, 0x01, 0x00,
  0x00, 0x0a, 0x00, 0x00, 0x00, 0x22, 0x1e, 0x00, 0x00, 0x7d, 0x04, 0x00,
  0x06, 0x00, 0x00, 0x00, 0x00, 0x00, 0x0e, 0x08, 0x00, 0x70, 0x0e, 0x00,
  0x09, 0x7d, 0x05, 0x00, 0x06, 0x00, 0x00, 0x00, 0x00, 0x00, 0x00, 0x08,
  0x00, 0x22, 0x0e, 0x00, 0x0c, 0x72, 0x00, 0x04, 0x0b, 0x00, 0x00, 0x00,
  0x70, 0x20, 0xf0, 0x03, 0x00, 0xda, 0x2f, 0x00, 0xa8, 0x09, 0x03, 0x02,
  0x05, 0x00, 0x00, 0x00, 0xce, 0xe1, 0x1e, 0x08, 0x00, 0xa2, 0x1e, 0x00,
  0x19, 0x79, 0x0b, 0x00, 0x00, 0x00, 0x00, 0x00, 0x00, 0x39, 0x00, 0x00,
  0x00, 0x24, 0x0e, 0x00, 0x12, 0x7c, 0x0b, 0x0b, 0x06, 0x00, 0x00, 0x00,
  0xff, 0xc0, 0x8e, 0x0f, 0x00, 0xcc, 0x1f, 0x00, 0x09, 0x73, 0x0b, 0x00,
  0x0b, 0x00, 0x00, 0x00, 0x00, 0x00, 0x00, 0x00, 0x00, 0x22, 0x0e, 0x00,
  0x89, 0x75, 0x04, 0x03, 0x04, 0x1f, 0x00, 0x00, 0x00, 0x00, 0x0e, 0x00,
  0x00, 0x24, 0x4e, 0x00, 0x10, 0x72, 0x0a, 0x04, 0x0b, 0x00, 0x00, 0x00,
  0xff, 0xe0, 0xff, 0x07, 0x00, 0xce, 0x1f, 0x00, 0x41, 0x79, 0x00, 0x00,
  0x00, 0x00, 0x00, 0x00, 0x00, 0x00, 0x80, 0x03, 0x00, 0xea, 0x0f, 0x00,
  0x89, 0x75, 0x0a, 0x0a, 0xff, 0x1f, 0x00, 0x00, 0x00, 0x00, 0x0e, 0x00,
  0x00, 0xe2, 0x0e, 0x00, 0x12, 0x78, 0x09, 0x09, 0x01, 0x00, 0x00, 0x00,
  0xff, 0x3c, 0x8e, 0x07, 0x00, 0xe4, 0x0f, 0x00, 0x12, 0x78, 0x08, 0x08,
  0x01, 0x00, 0x00, 0x00, 0xff, 0x3c, 0x8e, 0x07, 0x00, 0xce, 0x0f, 0x00,
  0xb9, 0x7a, 0x06, 0x00, 0x00, 0x22, 0x01, 0x00, 0x00, 0x08, 0x00, 0x00,
  0x00, 0xe4, 0x0f, 0x00, 0x0c, 0x7c, 0x00, 0x0a, 0x06, 0x00, 0x00, 0x00,
  0x70, 0x60, 0xf0, 0x0b, 0x00, 0xda, 0x9f, 0x00, 0x47, 0x89, 0xe4, 0x00,
  0xe0, 0xff, 0xff, 0xff, 0xff, 0xff, 0x83, 0x03, 0x00, 0xea, 0x0f, 0x00,
  0xc3, 0x79, 0x05, 0x00, 0x00, 0x00, 0x00, 0x00, 0x00, 0x88, 0x00, 0x00,
  0x00, 0x22, 0x0e, 0x00, 0x82, 0x78, 0x04, 0x00, 0x00, 0x04, 0x00, 0x00,
  0x00, 0x00, 0x00, 0x00, 0x00, 0xe2, 0x0f, 0x00, 0x12, 0x78, 0x04, 0x06,
  0x01, 0x00, 0x00, 0x00, 0xff, 0xc0, 0x8e, 0x07, 0x00, 0xe4, 0x0f, 0x00,
  0x12, 0x78, 0x00, 0x00, 0x01, 0x00, 0x00, 0x00, 0xff, 0xc0, 0x8e, 0x07,
  0x00, 0xe4, 0x0f, 0x00, 0x19, 0x78, 0x04, 0x04, 0x1f, 0x00, 0x00, 0x00,
  0xff, 0x06, 0x00, 0x00, 0x00, 0xe4, 0x0f, 0x00, 0xc3, 0x79, 0x06, 0x00,
  0x00, 0x00, 0x00, 0x00, 0x00, 0x2f, 0x00, 0x00, 0x00, 0xe2, 0x0e, 0x00,
  0x19, 0x78, 0x00, 0x00, 0x1f, 0x00, 0x00, 0x00, 0xff, 0x06, 0x00, 0x00,
  0x00, 0xe2, 0x0f, 0x00, 0x91, 0x72, 0x04, 0x05, 0x04, 0x00, 0x00, 0x00,
  0x3f, 0xc0, 0x8e, 0x0f, 0x00, 0xce, 0x1f, 0x00, 0x82, 0x7c, 0x04, 0x00,
  0x04, 0x00, 0x00, 0x00, 0x00, 0x00, 0x00, 0x08, 0x00, 0xe2, 0x0f, 0x00,
  0x82, 0x7c, 0x05, 0x00, 0x06, 0x00, 0x00, 0x00, 0x00, 0x00, 0x00, 0x08,
  0x00, 0xe2, 0x8f, 0x00, 0x92, 0x78, 0x06, 0x04, 0xff, 0x03, 0x00, 0x00,
  0x3f, 0xc0, 0x8e, 0x0f, 0x00, 0xc8, 0x0f, 0x00, 0x8c, 0x72, 0x00, 0x06,
  0x3f, 0x00, 0x00, 0x00, 0x70, 0x50, 0xf0, 0x0b, 0x00, 0xe4, 0x0f, 0x00,
  0x90, 0x78, 0x06, 0x04, 0x00, 0x04, 0x00, 0x00, 0x06, 0xe8, 0xa3, 0x0f,
  0x00, 0xe4, 0x0f, 0x00, 0x8c, 0x72, 0x00, 0x3f, 0x3f, 0x00, 0x00, 0x00,
  0x00, 0x53, 0xf0, 0x0b, 0x00, 0xe4, 0x0f, 0x00, 0x90, 0x78, 0x07, 0x05,
  0xff, 0xff, 0xff, 0xff, 0x3f, 0x44, 0xfe, 0x08, 0x00, 0xe4, 0x0f, 0x00,
  0x87, 0x72, 0x06, 0x04, 0x06, 0x00, 0x00, 0x00, 0x00, 0x00, 0x00, 0x0c,
  0x00, 0xe4, 0x0f, 0x00, 0x87, 0x72, 0x07, 0x05, 0x07, 0x00, 0x00, 0x00,
  0x00, 0x00, 0x00, 0x0c, 0x00, 0xc8, 0x0f, 0x00, 0x02, 0x7c, 0x02, 0x00,
  0x06, 0x00, 0x00, 0x00, 0x00, 0x0f, 0x00, 0x08, 0x00, 0xe4, 0x6f, 0x00,
  0x24, 0x7e, 0x03, 0xff, 0x07, 0x00, 0x00, 0x00, 0xff, 0x00, 0x8e, 0x0f,
  0x00, 0xca, 0x0f, 0x00, 0x02, 0x72, 0x07, 0x00, 0x02, 0x00, 0x00, 0x00,
  0x00, 0x0f, 0x00, 0x00, 0x00, 0xc8, 0x0f, 0x00, 0xa7, 0x75, 0x00, 0x07,
  0x04, 0x70, 0x80, 0x02, 0x7f, 0x01, 0x00, 0x08, 0x00, 0x24, 0x0e, 0x00,
  0x47, 0x09, 0x08, 0x00, 0x00, 0x00, 0x00, 0x00, 0x00, 0x00, 0x80, 0x03,
  0x00, 0xea, 0x1f, 0x00, 0xa7, 0x75, 0x00, 0x07, 0x04, 0x70, 0x80, 0x02,
  0x7f, 0x01, 0x00, 0x08, 0x00, 0x24, 0x0e, 0x00, 0x47, 0x89, 0x94, 0x00,
  0x04, 0x00, 0x00, 0x00, 0x00, 0x00, 0x80, 0x03, 0x00, 0xea, 0x1f, 0x00,
  0x1d, 0x7b, 0x00, 0x00, 0x00, 0x80, 0x40, 0x00, 0x00, 0x00, 0x01, 0x00,
  0x00, 0xec, 0x0f, 0x00, 0x45, 0x79, 0x00, 0x00, 0xe0, 0x00, 0x00, 0x00,
  0x00, 0x00, 0x80, 0x03, 0x00, 0xe8, 0x0f, 0x00, 0x47, 0x19, 0x30, 0x00,
  0x00, 0x00, 0x00, 0x00, 0x00, 0x00, 0x80, 0x03, 0x00, 0xea, 0x0f, 0x00,
  0x02, 0x78, 0x05, 0x00, 0xff, 0xff, 0xff, 0xff, 0x00, 0x0f, 0x00, 0x00,
  0x00, 0xe2, 0x0f, 0x00, 0x85, 0x79, 0x00, 0x02, 0xff, 0x98, 0x80, 0x02,
  0x0e, 0x19, 0x10, 0x0c, 0x00, 0xe8, 0x03, 0x00, 0x85, 0x79, 0x00, 0x02,
  0x05, 0x78, 0x80, 0x02, 0x0e, 0x19, 0x10, 0x0c, 0x00, 0xe8, 0x03, 0x00,
  0x85, 0x79, 0x00, 0x02, 0x05, 0x7c, 0x80, 0x02, 0x0e, 0x19, 0x10, 0x0c,
  0x00, 0xe8, 0x03, 0x00, 0x85, 0x79, 0x00, 0x02, 0x05, 0x80, 0x80, 0x02,
  0x0e, 0x19, 0x10, 0x0c, 0x00, 0xe8, 0x03, 0x00, 0x85, 0x79, 0x00, 0x02,
  0x05, 0x84, 0x80, 0x02, 0x0e, 0x19, 0x10, 0x0c, 0x00, 0xe8, 0x03, 0x00,
  0x85, 0x79, 0x00, 0x02, 0x05, 0x88, 0x80, 0x02, 0x0e, 0x19, 0x10, 0x0c,
  0x00, 0xe8, 0x03, 0x00, 0x85, 0x79, 0x00, 0x02, 0x05, 0x8c, 0x80, 0x02,
  0x0e, 0x19, 0x10, 0x0c, 0x00, 0xe8, 0x03, 0x00, 0x85, 0x79, 0x00, 0x02,
  0x05, 0x90, 0x80, 0x02, 0x0e, 0x19, 0x10, 0x0c, 0x00, 0xe8, 0x03, 0x00,
  0x85, 0x79, 0x00, 0x02, 0x05, 0x94, 0x80, 0x02, 0x0e, 0x19, 0x10, 0x0c,
  0x00, 0xe2, 0x03, 0x00, 0x92, 0x79, 0x00, 0x00, 0x00, 0x00, 0x00, 0x00,
  0x00, 0x00, 0x00, 0x00, 0x00, 0xec, 0x05, 0x00, 0xa7, 0x79, 0xff, 0x07,
  0xff, 0x68, 0x80, 0x02, 0x3f, 0x00, 0x10, 0x08, 0x00, 0xe4, 0x43, 0x00,
  0x41, 0x79, 0x00, 0x00, 0x00, 0x00, 0x00, 0x00, 0x00, 0x00, 0x80, 0x03,
  0x00, 0xea, 0x0f, 0x00, 0xa7, 0x75, 0x00, 0x07, 0x00, 0xa8, 0x80, 0x02,
  0x7f, 0x01, 0x00, 0x08, 0x00, 0xa4, 0x0e, 0x00, 0x47, 0x09, 0x08, 0x00,
  0x00, 0x00, 0x00, 0x00, 0x00, 0x00, 0x80, 0x03, 0x00, 0xea, 0x4f, 0x00,
  0xa7, 0x75, 0x00, 0x07, 0x00, 0xa8, 0x80, 0x02, 0x7f, 0x01, 0x00, 0x08,
  0x00, 0xa4, 0x0e, 0x00, 0x47, 0x89, 0x58, 0x00, 0x04, 0x00, 0x00, 0x00,
  0x00, 0x00, 0x80, 0x03, 0x00, 0xea, 0x4f, 0x00, 0x1d, 0x7b, 0x00, 0x00,
  0x00, 0x80, 0x40, 0x00, 0x00, 0x00, 0x01, 0x00, 0x00, 0xec, 0x0f, 0x00,
  0x4d, 0x19, 0x00, 0x00, 0x00, 0x00, 0x00, 0x00, 0x00, 0x00, 0x80, 0x03,
  0x00, 0xea, 0x0f, 0x00, 0x02, 0x78, 0x05, 0x00, 0xff, 0xff, 0xff, 0xff,
  0x00, 0x0f, 0x00, 0x00, 0x00, 0xe2, 0x2f, 0x00, 0x85, 0x79, 0x00, 0x02,
  0xff, 0xd0, 0x80, 0x02, 0x0e, 0x19, 0x10, 0x0c, 0x00, 0xe8, 0x0f, 0x00,
  0x85, 0x79, 0x00, 0x02, 0x05, 0xb0, 0x80, 0x02, 0x0e, 0x19, 0x10, 0x0c,
  0x00, 0xe8, 0x0f, 0x00, 0x85, 0x79, 0x00, 0x02, 0x05, 0xb4, 0x80, 0x02,
  0x0e, 0x19, 0x10, 0x0c, 0x00, 0xe8, 0x0f, 0x00, 0x85, 0x79, 0x00, 0x02,
  0x05, 0xb8, 0x80, 0x02, 0x0e, 0x19, 0x10, 0x0c, 0x00, 0xe8, 0x0f, 0x00,
  0x85, 0x79, 0x00, 0x02, 0x05, 0xbc, 0x80, 0x02, 0x0e, 0x19, 0x10, 0x0c,
  0x00, 0xe8, 0x0f, 0x00, 0x85, 0x79, 0x00, 0x02, 0x05, 0xc0, 0x80, 0x02,
  0x0e, 0x19, 0x10, 0x0c, 0x00, 0xe8, 0x0f, 0x00, 0x85, 0x79, 0x00, 0x02,
  0x05, 0xc4, 0x80, 0x02, 0x0e, 0x19, 0x10, 0x0c, 0x00, 0xe8, 0x0f, 0x00,
  0x85, 0x79, 0x00, 0x02, 0x05, 0xc8, 0x80, 0x02, 0x0e, 0x19, 0x10, 0x0c,
  0x00, 0xe8, 0x0f, 0x00, 0x85, 0x79, 0x00, 0x02, 0x05, 0xcc, 0x80, 0x02,
  0x0e, 0x19, 0x10, 0x0c, 0x00, 0xe2, 0x0f, 0x00, 0x92, 0x79, 0x00, 0x00,
  0x00, 0x00, 0x00, 0x00, 0x00, 0x00, 0x00, 0x00, 0x00, 0xec, 0x03, 0x00,
  0xa7, 0x79, 0xff, 0x07, 0xff, 0xa0, 0x80, 0x02, 0x3f, 0x00, 0x10, 0x08,
  0x00, 0xe2, 0x2f, 0x00, 0x4d, 0x79, 0x00, 0x00, 0x00, 0x00, 0x00, 0x00,
  0x00, 0x00, 0x80, 0x03, 0x00, 0xea, 0x0f, 0x00, 0xa7, 0x75, 0x00, 0x14,
  0x05, 0x68, 0x80, 0x02, 0x7f, 0x01, 0x00, 0x08, 0x00, 0x64, 0x10, 0x00,
  0x5d, 0x89, 0x00, 0x00, 0x80, 0x96, 0x98, 0x00, 0x00, 0x00, 0x90, 0x03,
  0x00, 0xea, 0x2f, 0x00, 0xa7, 0x85, 0x00, 0x14, 0x05, 0x68, 0x80, 0x02,
  0x7f, 0x00, 0x00, 0x08, 0x00, 0x64, 0x0e, 0x00, 0x47, 0x89, 0xf0, 0x00,
  0xfc, 0xff, 0xff, 0xff, 0xff, 0xff, 0x83, 0x03, 0x00, 0xea, 0x2f, 0x00,
  0x47, 0x79, 0xf8, 0x00, 0x48, 0xff, 0xff, 0xff, 0xff, 0xff, 0x83, 0x03,
  0x00, 0xea, 0x0f, 0x00, 0xa7, 0x75, 0x00, 0x5c, 0x07, 0x48, 0x80, 0x02,
  0x7f, 0x01, 0x00, 0x08, 0x00, 0x64, 0x10, 0x00, 0x5d, 0x89, 0x00, 0x00,
  0x80, 0x96, 0x98, 0x00, 0x00, 0x00, 0x90, 0x03, 0x00, 0xea, 0x2f, 0x00,
  0xa7, 0x85, 0x00, 0x5c, 0x07, 0x48, 0x80, 0x02, 0x7f, 0x00, 0x00, 0x08,
  0x00, 0x64, 0x0e, 0x00, 0x47, 0x89, 0xf0, 0x00, 0xfc, 0xff, 0xff, 0xff,
  0xff, 0xff, 0x83, 0x03, 0x00, 0xea, 0x2f, 0x00, 0x47, 0x79, 0x08, 0x00,
  0x50, 0xff, 0xff, 0xff, 0xff, 0xff, 0x83, 0x03, 0x00, 0xea, 0x0f, 0x00,
  0xa7, 0x75, 0x00, 0x9b, 0x06, 0x08, 0x80, 0x02, 0x7f, 0x01, 0x02, 0x08,
  0x00, 0xa4, 0x22, 0x00, 0x5d, 0x99, 0x00, 0x00, 0x80, 0x96, 0x98, 0x00,
  0x00, 0x00, 0x90, 0x03, 0x00, 0xea, 0x4f, 0x00, 0xa7, 0x95, 0x00, 0x9b,
  0x06, 0x08, 0x80, 0x02, 0x7f, 0x00, 0x02, 0x08, 0x00, 0xa4, 0x0e, 0x00,
  0x47, 0x99, 0xf0, 0x00, 0xfc, 0xff, 0xff, 0xff, 0xff, 0xff, 0x83, 0x03,
  0x00, 0xea, 0x4f, 0x00, 0x47, 0x79, 0x28, 0x00, 0x50, 0xff, 0xff, 0xff,
  0xff, 0xff, 0x83, 0x03, 0x00, 0xea, 0x0f, 0x00, 0xa7, 0x75, 0x00, 0xa4,
  0x33, 0x28, 0x80, 0x02, 0x7f, 0x01, 0x02, 0x08, 0x00, 0x24, 0x23, 0x00,
  0x5d, 0x99, 0x00, 0x00, 0x80, 0x96, 0x98, 0x00, 0x00, 0x00, 0x90, 0x03,
  0x00, 0xea, 0x0f, 0x01, 0xa7, 0x95, 0x00, 0xa4, 0x33, 0x28, 0x80, 0x02,
  0x7f, 0x00, 0x02, 0x08, 0x00, 0x24, 0x0f, 0x00, 0x47, 0x99, 0xf0, 0x00,
  0xfc, 0xff, 0xff, 0xff, 0xff, 0xff, 0x83, 0x03, 0x00, 0xea, 0x0f, 0x01,
  0x47, 0x79, 0x64, 0x00, 0x84, 0xff, 0xff, 0xff, 0xff, 0xff, 0x83, 0x03,
  0x00, 0xea, 0x0f, 0x00, 0xa7, 0x75, 0x00, 0x9c, 0x0d, 0x08, 0x80, 0x02,
  0x7f, 0x01, 0x02, 0x08, 0x00, 0xa4, 0x10, 0x00, 0x5d, 0x99, 0x00, 0x00,
  0x80, 0x96, 0x98, 0x00, 0x00, 0x00, 0x90, 0x03, 0x00, 0xea, 0x4f, 0x00,
  0xa7, 0x95, 0x00, 0x9c, 0x0d, 0x08, 0x80, 0x02, 0x7f, 0x00, 0x02, 0x08,
  0x00, 0xa4, 0x0e, 0x00, 0x47, 0x99, 0xf0, 0x00, 0xfc, 0xff, 0xff, 0xff,
  0xff, 0xff, 0x83, 0x03, 0x00, 0xea, 0x4f, 0x00, 0x47, 0x79, 0xc8, 0x00,
  0x8c, 0xff, 0xff, 0xff, 0xff, 0xff, 0x83, 0x03, 0x00, 0xea, 0x0f, 0x00,
  0xa7, 0x75, 0x00, 0x41, 0x3a, 0x28, 0x80, 0x02, 0x7f, 0x01, 0x02, 0x08,
  0x00, 0x64, 0x10, 0x00, 0x5d, 0x99, 0x00, 0x00, 0x80, 0x96, 0x98, 0x00,
  0x00, 0x00, 0x90, 0x03, 0x00, 0xea, 0x2f, 0x00, 0xa7, 0x95, 0x00, 0x41,
  0x3a, 0x28, 0x80, 0x02, 0x7f, 0x00, 0x02, 0x08, 0x00, 0x64, 0x0e, 0x00,
  0x47, 0x99, 0xf0, 0x00, 0xfc, 0xff, 0xff, 0xff, 0xff, 0xff, 0x83, 0x03,
  0x00, 0xea, 0x2f, 0x00, 0x47, 0x79, 0x14, 0x00, 0xcc, 0xff, 0xff, 0xff,
  0xff, 0xff, 0x83, 0x03, 0x00, 0xea, 0x0f, 0x00, 0x24, 0x7e, 0x05, 0xff,
  0x08, 0x00, 0x00, 0x00, 0xff, 0x00, 0x8e, 0x0f, 0x00, 0xc8, 0x1f, 0x00,
  0xa7, 0x75, 0x00, 0x05, 0x02, 0x50, 0x80, 0x02, 0x7f, 0x01, 0x00, 0x08,
  0x00, 0x66, 0x00, 0x00, 0x5d, 0x89, 0x00, 0x00, 0x80, 0x96, 0x98, 0x00,
  0x00, 0x00, 0x90, 0x03, 0x00, 0xea, 0x2f, 0x00, 0xa7, 0x85, 0x00, 0x05,
  0x02, 0x50, 0x80, 0x02, 0x7f, 0x00, 0x00, 0x08, 0x00, 0x64, 0x0e, 0x00,
  0x47, 0x89, 0xec, 0x00, 0xfc, 0xff, 0xff, 0xff, 0xff, 0xff, 0x83, 0x03,
  0x00, 0xea, 0x2f, 0x00, 0x47, 0x79, 0x24, 0x00, 0xe8, 0xff, 0xff, 0xff,
  0xff, 0xff, 0x83, 0x03, 0x00, 0xea, 0x0f, 0x00, 0x02, 0x7c, 0x05, 0x00,
  0x08, 0x00, 0x00, 0x00, 0x00, 0x0f, 0x00, 0x08, 0x00, 0xc8, 0x1f, 0x00,
  0xa7, 0x75, 0x00, 0x05, 0x02, 0x60, 0x80, 0x02, 0x7f, 0x01, 0x00, 0x08,
  0x00, 0x66, 0x00, 0x00, 0x5d, 0x89, 0x00, 0x00, 0x80, 0x96, 0x98, 0x00,
  0x00, 0x00, 0x90, 0x03, 0x00, 0xea, 0x2f, 0x00, 0xa7, 0x85, 0x00, 0x05,
  0x02, 0x60, 0x80, 0x02, 0x7f, 0x00, 0x00, 0x08, 0x00, 0x64, 0x0e, 0x00,
  0x47, 0x89, 0xec, 0x00, 0xfc, 0xff, 0xff, 0xff, 0xff, 0xff, 0x83, 0x03,
  0x00, 0xea, 0x2f, 0x00, 0x47, 0x79, 0x9c, 0x00, 0xe8, 0xff, 0xff, 0xff,
  0xff, 0xff, 0x83, 0x03, 0x00, 0xea, 0x0f, 0x00, 0x02, 0x7c, 0x03, 0x00,
  0x23, 0x00, 0x00, 0x00, 0x00, 0x0f, 0x00, 0x08, 0x00, 0xc8, 0x1f, 0x00,
  0xa7, 0x75, 0x00, 0x03, 0x02, 0x18, 0x80, 0x02, 0x7f, 0x01, 0x00, 0x08,
  0x00, 0x66, 0x00, 0x00, 0x5d, 0x89, 0x00, 0x00, 0x80, 0x96, 0x98, 0x00,
  0x00, 0x00, 0x90, 0x03, 0x00, 0xea, 0x2f, 0x00, 0xa7, 0x85, 0x00, 0x03,
  0x02, 0x18, 0x80, 0x02, 0x7f, 0x00, 0x00, 0x08, 0x00, 0x64, 0x0e, 0x00,
  0x47, 0x89, 0xec, 0x00, 0xfc, 0xff, 0xff, 0xff, 0xff, 0xff, 0x83, 0x03,
  0x00, 0xea, 0x2f, 0x00, 0x47, 0x79, 0xc0, 0x00, 0xec, 0xff, 0xff, 0xff,
  0xff, 0xff, 0x83, 0x03, 0x00, 0xea, 0x0f, 0x00, 0x24, 0x7e, 0x05, 0xff,
  0x26, 0x00, 0x00, 0x00, 0xff, 0x00, 0x8e, 0x0f, 0x00, 0xc8, 0x1f, 0x00,
  0xa7, 0x75, 0x00, 0x05, 0x02, 0x38, 0x80, 0x02, 0x7f, 0x01, 0x00, 0x08,
  0x00, 0x66, 0x00, 0x00, 0x5d, 0x89, 0x00, 0x00, 0x80, 0x96, 0x98, 0x00,
  0x00, 0x00, 0x90, 0x03, 0x00, 0xea, 0x2f, 0x00, 0xa7, 0x85, 0x00, 0x05,
  0x02, 0x38, 0x80, 0x02, 0x7f, 0x00, 0x00, 0x08, 0x00, 0x64, 0x0e, 0x00,
  0x47, 0x89, 0xec, 0x00, 0xfc, 0xff, 0xff, 0xff, 0xff, 0xff, 0x83, 0x03,
  0x00, 0xea, 0x2f, 0x00, 0x47, 0x79, 0xf0, 0x00, 0xec, 0xff, 0xff, 0xff,
  0xff, 0xff, 0x83, 0x03, 0x00, 0xea, 0x0f, 0x00, 0x02, 0x7c, 0x03, 0x00,
  0x1d, 0x00, 0x00, 0x00, 0x00, 0x0f, 0x00, 0x08, 0x00, 0xc8, 0x1f, 0x00,
  0xa7, 0x75, 0x00, 0x03, 0x02, 0x70, 0x80, 0x02, 0x7f, 0x01, 0x00, 0x08,
  0x00, 0x66, 0x00, 0x00, 0x5d, 0x89, 0x00, 0x00, 0x80, 0x96, 0x98, 0x00,
  0x00, 0x00, 0x90, 0x03, 0x00, 0xea, 0x2f, 0x00, 0xa7, 0x85, 0x00, 0x03,
  0x02, 0x70, 0x80, 0x02, 0x7f, 0x00, 0x00, 0x08, 0x00, 0x64, 0x0e, 0x00,
  0x47, 0x89, 0xec, 0x00, 0xfc, 0xff, 0xff, 0xff, 0xff, 0xff, 0x83, 0x03,
  0x00, 0xea, 0x2f, 0x00, 0x47, 0x79, 0xd4, 0x00, 0xf0, 0xff, 0xff, 0xff,
  0xff, 0xff, 0x83, 0x03, 0x00, 0xea, 0x0f, 0x00, 0x02, 0x7c, 0x03, 0x00,
  0x1d, 0x00, 0x00, 0x00, 0x00, 0x0f, 0x00, 0x08, 0x00, 0xc8, 0x3f, 0x00,
  0xa7, 0x75, 0x00, 0x03, 0x04, 0xa8, 0x80, 0x02, 0x7f, 0x01, 0x00, 0x08,
  0x00, 0x66, 0x00, 0x00, 0x5d, 0x89, 0x00, 0x00, 0x80, 0x96, 0x98, 0x00,
  0x00, 0x00, 0x90, 0x03, 0x00, 0xea, 0x2f, 0x00, 0xa7, 0x85, 0x00, 0x03,
  0x04, 0xa8, 0x80, 0x02, 0x7f, 0x00, 0x00, 0x08, 0x00, 0x64, 0x0e, 0x00,
  0x47, 0x89, 0xec, 0x00, 0xfc, 0xff, 0xff, 0xff, 0xff, 0xff, 0x83, 0x03,
  0x00, 0xea, 0x2f, 0x00, 0x47, 0x79, 0x34, 0x00, 0xf4, 0xff, 0xff, 0xff,
  0xff, 0xff, 0x83, 0x03, 0x00, 0xea, 0x0f, 0x00, 0xa7, 0x75, 0x00, 0x07,
  0x04, 0x70, 0x80, 0x02, 0x7f, 0x01, 0x00, 0x08, 0x00, 0x64, 0x10, 0x00,
  0x5d, 0x89, 0x00, 0x00, 0x80, 0x96, 0x98, 0x00, 0x00, 0x00, 0x90, 0x03,
  0x00, 0xea, 0x2f, 0x00, 0xa7, 0x85, 0x00, 0x07, 0x04, 0x70, 0x80, 0x02,
  0x7f, 0x00, 0x00, 0x08, 0x00, 0x64, 0x0e, 0x00, 0x47, 0x89, 0xf0, 0x00,
  0xfc, 0xff, 0xff, 0xff, 0xff, 0xff, 0x83, 0x03, 0x00, 0xea, 0x2f, 0x00,
  0x47, 0x79, 0x58, 0x00, 0xf8, 0xff, 0xff, 0xff, 0xff, 0xff, 0x83, 0x03,
  0x00, 0xea, 0x0f, 0x00, 0xa7, 0x75, 0x00, 0x07, 0x00, 0xa8, 0x80, 0x02,
  0x7f, 0x01, 0x00, 0x08, 0x00, 0xe4, 0x44, 0x00, 0x5d, 0x89, 0x00, 0x00,
  0x80, 0x96, 0x98, 0x00, 0x00, 0x00, 0x90, 0x03, 0x00, 0xea, 0x8f, 0x00,
  0xa7, 0x85, 0x00, 0x07, 0x00, 0xa8, 0x80, 0x02, 0x7f, 0x00, 0x00, 0x08,
  0x00, 0xe4, 0x0e, 0x00, 0x47, 0x89, 0xf0, 0x00, 0xfc, 0xff, 0xff, 0xff,
  0xff, 0xff, 0x83, 0x03, 0x00, 0xea, 0x8f, 0x00, 0x47, 0x79, 0x94, 0x00,
  0xf8, 0xff, 0xff, 0xff, 0xff, 0xff, 0x83, 0x03, 0x00, 0xea, 0x0f, 0x00,
  0x47, 0x79, 0xfc, 0x00, 0xfc, 0xff, 0xff, 0xff, 0xff, 0xff, 0x83, 0x03,
  0x00, 0xc0, 0x0f, 0x00, 0x18, 0x79, 0x00, 0x00, 0x00, 0x00, 0x00, 0x00,
  0x00, 0x00, 0x00, 0x00, 0x00, 0xc0, 0x0f, 0x00, 0x18, 0x79, 0x00, 0x00,
  0x00, 0x00, 0x00, 0x00, 0x00, 0x00, 0x00, 0x00, 0x00, 0xc0, 0x0f, 0x00,
  0x18, 0x79, 0x00, 0x00, 0x00, 0x00, 0x00, 0x00, 0x00, 0x00, 0x00, 0x00,
  0x00, 0xc0, 0x0f, 0x00, 0x18, 0x79, 0x00, 0x00, 0x00, 0x00, 0x00, 0x00,
  0x00, 0x00, 0x00, 0x00, 0x00, 0xc0, 0x0f, 0x00, 0x18, 0x79, 0x00, 0x00,
  0x00, 0x00, 0x00, 0x00, 0x00, 0x00, 0x00, 0x00, 0x00, 0xc0, 0x0f, 0x00,
  0x18, 0x79, 0x00, 0x00, 0x00, 0x00, 0x00, 0x00, 0x00, 0x00, 0x00, 0x00,
  0x00, 0xc0, 0x0f, 0x00, 0x18, 0x79, 0x00, 0x00, 0x00, 0x00, 0x00, 0x00,
  0x00, 0x00, 0x00, 0x00, 0x00, 0xc0, 0x0f, 0x00, 0x18, 0x79, 0x00, 0x00,
  0x00, 0x00, 0x00, 0x00, 0x00, 0x00, 0x00, 0x00, 0x00, 0xc0, 0x0f, 0x00,
  0x18, 0x79, 0x00, 0x00, 0x00, 0x00, 0x00, 0x00, 0x00, 0x00, 0x00, 0x00,
  0x00, 0xc0, 0x0f, 0x00, 0x18, 0x79, 0x00, 0x00, 0x00, 0x00, 0x00, 0x00,
  0x00, 0x00, 0x00, 0x00, 0x00, 0xc0, 0x0f, 0x00, 0x18, 0x79, 0x00, 0x00,
  0x00, 0x00, 0x00, 0x00, 0x00, 0x00, 0x00, 0x00, 0x00, 0xc0, 0x0f, 0x00,
  0x18, 0x79, 0x00, 0x00, 0x00, 0x00, 0x00, 0x00, 0x00, 0x00, 0x00, 0x00,
  0x00, 0xc0, 0x0f, 0x00, 0x00, 0x00, 0x00, 0x00, 0x00, 0x00, 0x00, 0x00,
  0x00, 0x00, 0x00, 0x00, 0x00, 0x00, 0x00, 0x00, 0x00, 0x00, 0x00, 0x00,
  0x00, 0x00, 0x00, 0x00, 0x00, 0x00, 0x00, 0x00, 0x00, 0x00, 0x00, 0x00,
  0x00, 0x00, 0x00, 0x00, 0x00, 0x00, 0x00, 0x00, 0x00, 0x00, 0x00, 0x00,
  0x00, 0x00, 0x00, 0x00, 0x00, 0x00, 0x00, 0x00, 0x00, 0x00, 0x00, 0x00,
  0x00, 0x00, 0x00, 0x00, 0x00, 0x00, 0x00, 0x00, 0x00, 0x00, 0x00, 0x00,
  0x00, 0x00, 0x00, 0x00, 0x00, 0x00, 0x00, 0x00, 0x00, 0x00, 0x00, 0x00,
  0x00, 0x00, 0x00, 0x00, 0x00, 0x00, 0x00, 0x00, 0x00, 0x00, 0x00, 0x00,
  0x00, 0x00, 0x00, 0x00, 0x00, 0x00, 0x00, 0x00, 0x00, 0x00, 0x00, 0x00,
  0x00, 0x00, 0x00, 0x00, 0x00, 0x00, 0x00, 0x00, 0x00, 0x00, 0x00, 0x00,
  0x00, 0x00, 0x00, 0x00, 0x00, 0x00, 0x00, 0x00, 0x00, 0x00, 0x00, 0x00,
  0x00, 0x00, 0x00, 0x00, 0x00, 0x00, 0x00, 0x00, 0x00, 0x00, 0x00, 0x00,
  0x00, 0x00, 0x00, 0x00, 0x00, 0x00, 0x00, 0x00, 0x00, 0x00, 0x00, 0x00,
  0x00, 0x00, 0x00, 0x00, 0x00, 0x00, 0x00, 0x00, 0x00, 0x00, 0x00, 0x00,
  0x00, 0x00, 0x00, 0x00, 0x00, 0x00, 0x00, 0x00, 0x00, 0x00, 0x00, 0x00,
  0x00, 0x00, 0x00, 0x00, 0x00, 0x00, 0x00, 0x00, 0x00, 0x00, 0x00, 0x00,
  0x00, 0x00, 0x00, 0x00, 0x00, 0x00, 0x00, 0x00, 0x00, 0x00, 0x00, 0x00,
  0x00, 0x00, 0x00, 0x00, 0x00, 0x00, 0x00, 0x00, 0x00, 0x00, 0x00, 0x00,
  0x00, 0x00, 0x00, 0x00, 0x00, 0x00, 0x00, 0x00, 0x00, 0x00, 0x00, 0x00,
  0x00, 0x00, 0x00, 0x00, 0x00, 0x00, 0x00, 0x00, 0x00, 0x00, 0x00, 0x00,
  0x00, 0x00, 0x00, 0x00, 0x00, 0x00, 0x00, 0x00, 0x00, 0x00, 0x00, 0x00,
  0x00, 0x00, 0x00, 0x00, 0x00, 0x00, 0x00, 0x00, 0x00, 0x00, 0x00, 0x00,
  0x00, 0x00, 0x00, 0x00, 0x00, 0x00, 0x00, 0x00, 0x00, 0x00, 0x00, 0x00,
  0x00, 0x00, 0x00, 0x00, 0x00, 0x00, 0x00, 0x00, 0x00, 0x00, 0x00, 0x00,
  0x00, 0x00, 0x00, 0x00, 0x00, 0x00, 0x00, 0x00, 0x00, 0x00, 0x00, 0x00,
  0x00, 0x00, 0x00, 0x00, 0x00, 0x00, 0x00, 0x00, 0x00, 0x00, 0x00, 0x00,
  0x00, 0x00, 0x00, 0x00, 0x00, 0x00, 0x00, 0x00, 0x00, 0x00, 0x00, 0x00,
  0x00, 0x00, 0x00, 0x00, 0x00, 0x00, 0x00, 0x00, 0x00, 0x00, 0x00, 0x00,
  0x00, 0x00, 0x00, 0x00, 0x00, 0x00, 0x00, 0x00, 0x00, 0x00, 0x00, 0x00,
  0x00, 0x00, 0x00, 0x00, 0x00, 0x00, 0x00, 0x00, 0x00, 0x00, 0x00, 0x00,
  0x00, 0x00, 0x00, 0x00, 0x00, 0x00, 0x00, 0x00, 0x00, 0x00, 0x00, 0x00,
  0x00, 0x00, 0x00, 0x00, 0x00, 0x00, 0x00, 0x00, 0x00, 0x00, 0x00, 0x00,
  0x00, 0x00, 0x00, 0x00, 0x00, 0x00, 0x00, 0x00, 0x00, 0x00, 0x00, 0x00,
  0x00, 0x00, 0x00, 0x00, 0x00, 0x00, 0x00, 0x00, 0x00, 0x00, 0x00, 0x00,
  0x00, 0x00, 0x00, 0x00, 0x00, 0x00, 0x00, 0x00, 0x00, 0x00, 0x00, 0x00,
  0x00, 0x00, 0x00, 0x00, 0x00, 0x00, 0x00, 0x00, 0x00, 0x00, 0x00, 0x00,
  0x00, 0x00, 0x00, 0x00, 0x00, 0x00, 0x00, 0x00, 0x00, 0x00, 0x00, 0x00,
  0x00, 0x00, 0x00, 0x00, 0x00, 0x00, 0x00, 0x00, 0x00, 0x00, 0x00, 0x00,
  0x00, 0x00, 0x00, 0x00, 0x00, 0x00, 0x00, 0x00, 0x00, 0x00, 0x00, 0x00,
  0x00, 0x00, 0x00, 0x00, 0x00, 0x00, 0x00, 0x00, 0x00, 0x00, 0x00, 0x00,
  0x00, 0x00, 0x00, 0x00, 0x00, 0x00, 0x00, 0x00, 0x00, 0x00, 0x00, 0x00,
  0x00, 0x00, 0x00, 0x00, 0x00, 0x00, 0x00, 0x00, 0x00, 0x00, 0x00, 0x00,
  0x00, 0x00, 0x00, 0x00, 0x00, 0x00, 0x00, 0x00, 0x00, 0x00, 0x00, 0x00,
  0x00, 0x00, 0x00, 0x00, 0x00, 0x00, 0x00, 0x00, 0x00, 0x00, 0x00, 0x00,
  0x00, 0x00, 0x00, 0x00, 0x00, 0x00, 0x00, 0x00, 0x00, 0x00, 0x00, 0x00,
  0x00, 0x00, 0x00, 0x00, 0x00, 0x00, 0x00, 0x00, 0x00, 0x00, 0x00, 0x00,
  0x00, 0x00, 0x00, 0x00, 0x00, 0x00, 0x00, 0x00, 0x00, 0x00, 0x00, 0x00,
  0x00, 0x00, 0x00, 0x00, 0x00, 0x00, 0x00, 0x00, 0x00, 0x00, 0x00, 0x00,
  0x00, 0x00, 0x00, 0x00, 0x00, 0x00, 0x00, 0x00, 0x00, 0x00, 0x00, 0x00,
  0x00, 0x00, 0x00, 0x00, 0x00, 0x00, 0x00, 0x00, 0x00, 0x00, 0x00, 0x00,
  0x00, 0x00, 0x00, 0x00, 0x00, 0x00, 0x00, 0x00, 0x00, 0x00, 0x00, 0x00,
  0x00, 0x00, 0x00, 0x00, 0x00, 0x00, 0x00, 0x00, 0x00, 0x00, 0x00, 0x00,
  0x00, 0x00, 0x00, 0x00, 0x00, 0x00, 0x00, 0x00, 0x00, 0x00, 0x00, 0x00,
  0x00, 0x00, 0x00, 0x00, 0x00, 0x00, 0x00, 0x00, 0x00, 0x00, 0x00, 0x00,
  0x00, 0x00, 0x00, 0x00, 0x00, 0x00, 0x00, 0x00, 0x00, 0x00, 0x00, 0x00,
  0x00, 0x00, 0x00, 0x00, 0x00, 0x00, 0x00, 0x00, 0x00, 0x00, 0x00, 0x00,
  0x00, 0x00, 0x00, 0x00, 0x00, 0x00, 0x00, 0x00, 0x00, 0x00, 0x00, 0x00,
  0x00, 0x00, 0x00, 0x00, 0x00, 0x00, 0x00, 0x00, 0x00, 0x00, 0x00, 0x00,
  0x00, 0x00, 0x00, 0x00, 0x00, 0x00, 0x00, 0x00, 0x00, 0x00, 0x00, 0x00,
  0x00, 0x00, 0x00, 0x00, 0x00, 0x00, 0x00, 0x00, 0x00, 0x00, 0x00, 0x00,
  0x00, 0x00, 0x00, 0x00, 0x00, 0x00, 0x00, 0x00, 0x00, 0x00, 0x00, 0x00,
  0x00, 0x00, 0x00, 0x00, 0x00, 0x00, 0x00, 0x00, 0x00, 0x00, 0x00, 0x00,
  0x00, 0x00, 0x00, 0x00, 0x00, 0x00, 0x00, 0x00, 0x00, 0x00, 0x00, 0x00,
  0x00, 0x00, 0x00, 0x00, 0x00, 0x00, 0x00, 0x00, 0x00, 0x00, 0x00, 0x00,
  0x00, 0x00, 0x00, 0x00, 0x00, 0x00, 0x00, 0x00, 0x00, 0x00, 0x00, 0x00,
  0x00, 0x00, 0x00, 0x00, 0x00, 0x00, 0x00, 0x00, 0x00, 0x00, 0x00, 0x00,
  0x00, 0x00, 0x00, 0x00, 0x00, 0x00, 0x00, 0x00, 0x00, 0x00, 0x00, 0x00,
  0x00, 0x00, 0x00, 0x00, 0x00, 0x00, 0x00, 0x00, 0x00, 0x00, 0x00, 0x00,
  0x00, 0x00, 0x00, 0x00, 0x00, 0x00, 0x00, 0x00, 0x00, 0x00, 0x00, 0x00,
  0x00, 0x00, 0x00, 0x00, 0x00, 0x00, 0x00, 0x00, 0x00, 0x00, 0x00, 0x00,
  0x00, 0x00, 0x00, 0x00, 0x00, 0x00, 0x00, 0x00, 0x00, 0x00, 0x00, 0x00,
  0x00, 0x00, 0x00, 0x00, 0x00, 0x00, 0x00, 0x00, 0x00, 0x00, 0x00, 0x00,
  0x00, 0x00, 0x00, 0x00, 0x00, 0x00, 0x00, 0x00, 0x00, 0x00, 0x00, 0x00,
  0x00, 0x00, 0x00, 0x00, 0x00, 0x00, 0x00, 0x00, 0x00, 0x00, 0x00, 0x00,
  0x00, 0x00, 0x00, 0x00, 0x00, 0x00, 0x00, 0x00, 0x00, 0x00, 0x00, 0x00,
  0x00, 0x00, 0x00, 0x00, 0x00, 0x00, 0x00, 0x00, 0x00, 0x00, 0x00, 0x00,
  0x00, 0x00, 0x00, 0x00, 0x00, 0x00, 0x00, 0x00, 0x00, 0x00, 0x00, 0x00,
  0x00, 0x00, 0x00, 0x00, 0x00, 0x00, 0x00, 0x00, 0x00, 0x00, 0x00, 0x00,
  0x00, 0x00, 0x00, 0x00, 0x00, 0x00, 0x00, 0x00, 0x00, 0x00, 0x00, 0x00,
  0x00, 0x00, 0x00, 0x00, 0x00, 0x00, 0x00, 0x00, 0x00, 0x00, 0x00, 0x00,
  0x00, 0x00, 0x00, 0x00, 0x00, 0x00, 0x00, 0x00, 0x00, 0x00, 0x00, 0x00,
  0x00, 0x00, 0x00, 0x00, 0x00, 0x00, 0x00, 0x00, 0x00, 0x00, 0x00, 0x00,
  0x00, 0x00, 0x00, 0x00, 0x00, 0x00, 0x00, 0x00, 0x00, 0x00, 0x00, 0x00,
  0x00, 0x00, 0x00, 0x00, 0x00, 0x00, 0x00, 0x00, 0x00, 0x00, 0x00, 0x00,
  0x00, 0x00, 0x00, 0x00, 0x00, 0x00, 0x00, 0x00, 0x00, 0x00, 0x00, 0x00,
  0x00, 0x00, 0x00, 0x00, 0x00, 0x00, 0x00, 0x00, 0x00, 0x00, 0x00, 0x00,
  0x00, 0x00, 0x00, 0x00, 0x00, 0x00, 0x00, 0x00, 0x00, 0x00, 0x00, 0x00,
  0x00, 0x00, 0x00, 0x00, 0x00, 0x00, 0x00, 0x00, 0x00, 0x00, 0x00, 0x00,
  0x00, 0x00, 0x00, 0x00, 0x00, 0x00, 0x00, 0x00, 0x00, 0x00, 0x00, 0x00,
  0x00, 0x00, 0x00, 0x00, 0x00, 0x00, 0x00, 0x00, 0x00, 0x00, 0x00, 0x00,
  0x00, 0x00, 0x00, 0x00, 0x00, 0x00, 0x00, 0x00, 0x00, 0x00, 0x00, 0x00,
  0x00, 0x00, 0x00, 0x00, 0x00, 0x00, 0x00, 0x00, 0x00, 0x00, 0x00, 0x00,
  0x00, 0x00, 0x00, 0x00, 0x00, 0x00, 0x00, 0x00, 0x00, 0x00, 0x00, 0x00,
  0x00, 0x00, 0x00, 0x00, 0x00, 0x00, 0x00, 0x00, 0x00, 0x00, 0x00, 0x00,
  0x00, 0x00, 0x00, 0x00, 0x00, 0x00, 0x00, 0x00, 0x00, 0x00, 0x00, 0x00,
  0x00, 0x00, 0x00, 0x00, 0x00, 0x00, 0x00, 0x00, 0x00, 0x00, 0x00, 0x00,
  0x00, 0x00, 0x00, 0x00, 0x00, 0x00, 0x00, 0x00, 0x00, 0x00, 0x00, 0x00,
  0x00, 0x00, 0x00, 0x00, 0x00, 0x00, 0x00, 0x00, 0x00, 0x00, 0x00, 0x00,
  0x00, 0x00, 0x00, 0x00, 0x00, 0x00, 0x00, 0x00, 0x00, 0x00, 0x00, 0x00,
  0x00, 0x00, 0x00, 0x00, 0x00, 0x00, 0x00, 0x00, 0x00, 0x00, 0x00, 0x00,
  0x00, 0x00, 0x00, 0x00, 0x00, 0x00, 0x00, 0x00, 0x00, 0x00, 0x00, 0x00,
  0x00, 0x00, 0x00, 0x00, 0x00, 0x00, 0x00, 0x00, 0x00, 0x00, 0x00, 0x00,
  0x00, 0x00, 0x00, 0x00, 0x00, 0x00, 0x00, 0x00, 0x00, 0x00, 0x00, 0x00,
  0x00, 0x00, 0x00, 0x00, 0x00, 0x00, 0x00, 0x00, 0x00, 0x00, 0x00, 0x00,
  0x00, 0x00, 0x00, 0x00, 0x00, 0x00, 0x00, 0x00, 0x00, 0x00, 0x00, 0x00,
  0x00, 0x00, 0x00, 0x00, 0x00, 0x00, 0x00, 0x00, 0x00, 0x00, 0x00, 0x00,
  0x00, 0x00, 0x00, 0x00, 0x00, 0x00, 0x00, 0x00, 0x00, 0x00, 0x00, 0x00,
  0x00, 0x00, 0x00, 0x00, 0x00, 0x00, 0x00, 0x00, 0x00, 0x00, 0x00, 0x00,
  0x00, 0x00, 0x00, 0x00, 0x00, 0x00, 0x00, 0x00, 0x00, 0x00, 0x00, 0x00,
  0x00, 0x00, 0x00, 0x00, 0x00, 0x00, 0x00, 0x00, 0x00, 0x00, 0x00, 0x00,
  0x00, 0x00, 0x00, 0x00, 0x00, 0x00, 0x00, 0x00, 0x00, 0x00, 0x00, 0x00,
  0x00, 0x00, 0x00, 0x00, 0x00, 0x00, 0x00, 0x00, 0x00, 0x00, 0x00, 0x00,
  0x00, 0x00, 0x00, 0x00, 0x01, 0x00, 0x00, 0x00, 0x03, 0x00, 0x00, 0x00,
  0x00, 0x00, 0x00, 0x00, 0x00, 0x00, 0x00, 0x00, 0x00, 0x00, 0x00, 0x00,
  0x00, 0x00, 0x00, 0x00, 0x40, 0x00, 0x00, 0x00, 0x00, 0x00, 0x00, 0x00,
  0x17, 0x03, 0x00, 0x00, 0x00, 0x00, 0x00, 0x00, 0x00, 0x00, 0x00, 0x00,
  0x00, 0x00, 0x00, 0x00, 0x01, 0x00, 0x00, 0x00, 0x00, 0x00, 0x00, 0x00,
  0x00, 0x00, 0x00, 0x00, 0x00, 0x00, 0x00, 0x00, 0x0b, 0x00, 0x00, 0x00,
  0x03, 0x00, 0x00, 0x00, 0x00, 0x00, 0x00, 0x00, 0x00, 0x00, 0x00, 0x00,
  0x00, 0x00, 0x00, 0x00, 0x00, 0x00, 0x00, 0x00, 0xc4, 0x03, 0x00, 0x00,
  0x00, 0x00, 0x00, 0x00, 0x44, 0x10, 0x00, 0x00, 0x00, 0x00, 0x00, 0x00,
  0x00, 0x00, 0x00, 0x00, 0x00, 0x00, 0x00, 0x00, 0x01, 0x00, 0x00, 0x00,
  0x00, 0x00, 0x00, 0x00, 0x00, 0x00, 0x00, 0x00, 0x00, 0x00, 0x00, 0x00,
  0x13, 0x00, 0x00, 0x00, 0x02, 0x00, 0x00, 0x00, 0x00, 0x00, 0x00, 0x00,
  0x00, 0x00, 0x00, 0x00, 0x00, 0x00, 0x00, 0x00, 0x00, 0x00, 0x00, 0x00,
  0x08, 0x14, 0x00, 0x00, 0x00, 0x00, 0x00, 0x00, 0x78, 0x03, 0x00, 0x00,
  0x00, 0x00, 0x00, 0x00, 0x02, 0x00, 0x00, 0x00, 0x25, 0x00, 0x00, 0x00,
  0x08, 0x00, 0x00, 0x00, 0x00, 0x00, 0x00, 0x00, 0x18, 0x00, 0x00, 0x00,
  0x00, 0x00, 0x00, 0x00, 0x44, 0x02, 0x00, 0x00, 0x01, 0x00, 0x00, 0x00,
  0x00, 0x00, 0x00, 0x00, 0x00, 0x00, 0x00, 0x00, 0x00, 0x00, 0x00, 0x00,
  0x00, 0x00, 0x00, 0x00, 0x80, 0x17, 0x00, 0x00, 0x00, 0x00, 0x00, 0x00,
  0x68, 0x00, 0x00, 0x00, 0x00, 0x00, 0x00, 0x00, 0x00, 0x00, 0x00, 0x00,
  0x00, 0x00, 0x00, 0x00, 0x01, 0x00, 0x00, 0x00, 0x00, 0x00, 0x00, 0x00,
  0x00, 0x00, 0x00, 0x00, 0x00, 0x00, 0x00, 0x00, 0x29, 0x00, 0x00, 0x00,
  0x07, 0x00, 0x00, 0x00, 0x00, 0x00, 0x00, 0x02, 0x00, 0x00, 0x00, 0x00,
  0x00, 0x00, 0x00, 0x00, 0x00, 0x00, 0x00, 0x00, 0xe8, 0x17, 0x00, 0x00,
  0x00, 0x00, 0x00, 0x00, 0xa8, 0x00, 0x00, 0x00, 0x00, 0x00, 0x00, 0x00,
  0x00, 0x00, 0x00, 0x00, 0x00, 0x00, 0x00, 0x00, 0x04, 0x00, 0x00, 0x00,
  0x00, 0x00, 0x00, 0x00, 0x00, 0x00, 0x00, 0x00, 0x00, 0x00, 0x00, 0x00,
  0x39, 0x00, 0x00, 0x00, 0x07, 0x00, 0x00, 0x00, 0x40, 0x00, 0x00, 0x01,
  0x00, 0x00, 0x00, 0x00, 0x00, 0x00, 0x00, 0x00, 0x00, 0x00, 0x00, 0x00,
  0x90, 0x18, 0x00, 0x00, 0x00, 0x00, 0x00, 0x00, 0x20, 0x00, 0x00, 0x00,
  0x00, 0x00, 0x00, 0x00, 0x05, 0x00, 0x00, 0x00, 0x08, 0x00, 0x00, 0x00,
  0x04, 0x00, 0x00, 0x00, 0x00, 0x00, 0x00, 0x00, 0x00, 0x00, 0x00, 0x00,
  0x00, 0x00, 0x00, 0x00, 0x49, 0x00, 0x00, 0x00, 0x00, 0x00, 0x00, 0x70,
  0x00, 0x00, 0x00, 0x00, 0x00, 0x00, 0x00, 0x00, 0x00, 0x00, 0x00, 0x00,
  0x00, 0x00, 0x00, 0x00, 0xb0, 0x18, 0x00, 0x00, 0x00, 0x00, 0x00, 0x00,
  0x24, 0x00, 0x00, 0x00, 0x00, 0x00, 0x00, 0x00, 0x03, 0x00, 0x00, 0x00,
  0x00, 0x00, 0x00, 0x00, 0x04, 0x00, 0x00, 0x00, 0x00, 0x00, 0x00, 0x00,
  0x00, 0x00, 0x00, 0x00, 0x00, 0x00, 0x00, 0x00, 0x52, 0x00, 0x00, 0x00,
  0x86, 0x00, 0x00, 0x70, 0x00, 0x00, 0x00, 0x00, 0x00, 0x00, 0x00, 0x00,
  0x00, 0x00, 0x00, 0x00, 0x00, 0x00, 0x00, 0x00, 0xd4, 0x18, 0x00, 0x00,
  0x00, 0x00, 0x00, 0x00, 0x24, 0x00, 0x00, 0x00, 0x00, 0x00, 0x00, 0x00,
  0x00, 0x00, 0x00, 0x00, 0x00, 0x00, 0x00, 0x00, 0x04, 0x00, 0x00, 0x00,
  0x00, 0x00, 0x00, 0x00, 0x00, 0x00, 0x00, 0x00, 0x00, 0x00, 0x00, 0x00,
  0xb1, 0x00, 0x00, 0x00, 0x00, 0x00, 0x00, 0x70, 0x40, 0x00, 0x00, 0x00,
  0x00, 0x00, 0x00, 0x00, 0x00, 0x00, 0x00, 0x00, 0x00, 0x00, 0x00, 0x00,
  0xf8, 0x18, 0x00, 0x00, 0x00, 0x00, 0x00, 0x00, 0xb8, 0x05, 0x00, 0x00,
  0x00, 0x00, 0x00, 0x00, 0x03, 0x00, 0x00, 0x00, 0x0f, 0x00, 0x00, 0x00,
  0x04, 0x00, 0x00, 0x00, 0x00, 0x00, 0x00, 0x00, 0x00, 0x00, 0x00, 0x00,
  0x00, 0x00, 0x00, 0x00, 0x9f, 0x02, 0x00, 0x00, 0x01, 0x00, 0x00, 0x70,
  0x00, 0x00, 0x00, 0x00, 0x00, 0x00, 0x00, 0x00, 0x00, 0x00, 0x00, 0x00,
  0x00, 0x00, 0x00, 0x00, 0xb0, 0x1e, 0x00, 0x00, 0x00, 0x00, 0x00, 0x00,
  0x20, 0x00, 0x00, 0x00, 0x00, 0x00, 0x00, 0x00, 0x03, 0x00, 0x00, 0x00,
  0x00, 0x00, 0x00, 0x00, 0x04, 0x00, 0x00, 0x00, 0x00, 0x00, 0x00, 0x00,
  0x08, 0x00, 0x00, 0x00, 0x00, 0x00, 0x00, 0x00, 0xeb, 0x01, 0x00, 0x00,
  0x04, 0x00, 0x00, 0x00, 0x40, 0x00, 0x00, 0x00, 0x00, 0x00, 0x00, 0x00,
  0x00, 0x00, 0x00, 0x00, 0x00, 0x00, 0x00, 0x00, 0xd0, 0x1e, 0x00, 0x00,
  0x00, 0x00, 0x00, 0x00, 0x00, 0x00, 0x00, 0x00, 0x00, 0x00, 0x00, 0x00,
  0x03, 0x00, 0x00, 0x00, 0x0f, 0x00, 0x00, 0x00, 0x08, 0x00, 0x00, 0x00,
  0x00, 0x00, 0x00, 0x00, 0x18, 0x00, 0x00, 0x00, 0x00, 0x00, 0x00, 0x00,
  0x66, 0x02, 0x00, 0x00, 0x04, 0x00, 0x00, 0x00, 0x40, 0x00, 0x00, 0x00,
  0x00, 0x00, 0x00, 0x00, 0x00, 0x00, 0x00, 0x00, 0x00, 0x00, 0x00, 0x00,
  0xd0, 0x1e, 0x00, 0x00, 0x00, 0x00, 0x00, 0x00, 0x40, 0x02, 0x00, 0x00,
  0x00, 0x00, 0x00, 0x00, 0x03, 0x00, 0x00, 0x00, 0x0e, 0x00, 0x00, 0x00,
  0x08, 0x00, 0x00, 0x00, 0x00, 0x00, 0x00, 0x00, 0x18, 0x00, 0x00, 0x00,
  0x00, 0x00, 0x00, 0x00, 0x8d, 0x02, 0x00, 0x00, 0x04, 0x00, 0x00, 0x00,
  0x40, 0x00, 0x00, 0x00, 0x00, 0x00, 0x00, 0x00, 0x00, 0x00, 0x00, 0x00,
  0x00, 0x00, 0x00, 0x00, 0x10, 0x21, 0x00, 0x00, 0x00, 0x00, 0x00, 0x00,
  0x18, 0x00, 0x00, 0x00, 0x00, 0x00, 0x00, 0x00, 0x03, 0x00, 0x00, 0x00,
  0x04, 0x00, 0x00, 0x00, 0x08, 0x00, 0x00, 0x00, 0x00, 0x00, 0x00, 0x00,
  0x18, 0x00, 0x00, 0x00, 0x00, 0x00, 0x00, 0x00, 0x82, 0x01, 0x00, 0x00,
  0x01, 0x00, 0x00, 0x00, 0x02, 0x00, 0x00, 0x00, 0x00, 0x00, 0x00, 0x00,
  0x00, 0x00, 0x00, 0x00, 0x00, 0x00, 0x00, 0x00, 0x28, 0x21, 0x00, 0x00,
  0x00, 0x00, 0x00, 0x00, 0xc0, 0x00, 0x00, 0x00, 0x00, 0x00, 0x00, 0x00,
  0x00, 0x00, 0x00, 0x00, 0x00, 0x00, 0x00, 0x00, 0x08, 0x00, 0x00, 0x00,
  0x00, 0x00, 0x00, 0x00, 0x00, 0x00, 0x00, 0x00, 0x00, 0x00, 0x00, 0x00,
  0x5d, 0x00, 0x00, 0x00, 0x01, 0x00, 0x00, 0x00, 0x06, 0x00, 0x00, 0x00,
  0x00, 0x00, 0x00, 0x00, 0x00, 0x00, 0x00, 0x00, 0x00, 0x00, 0x00, 0x00,
  0x00, 0x22, 0x00, 0x00, 0x00, 0x00, 0x00, 0x00, 0x80, 0xc1, 0x00, 0x00,
  0x00, 0x00, 0x00, 0x00, 0x03, 0x00, 0x00, 0x00, 0x23, 0x00, 0x00, 0x00,
  0x80, 0x00, 0x00, 0x00, 0x00, 0x00, 0x00, 0x00, 0x00, 0x00, 0x00, 0x00,
  0x00, 0x00, 0x00, 0x00, 0x08, 0x01, 0x00, 0x00, 0x08, 0x00, 0x00, 0x00,
  0x43, 0x00, 0x00, 0x00, 0x00, 0x00, 0x00, 0x00, 0x00, 0x00, 0x00, 0x00,
  0x00, 0x00, 0x00, 0x00, 0x80, 0xe3, 0x00, 0x00, 0x00, 0x00, 0x00, 0x00,
  0x00, 0x04, 0x00, 0x00, 0x00, 0x00, 0x00, 0x00, 0x00, 0x00, 0x00, 0x00,
  0x0f, 0x00, 0x00, 0x00, 0x10, 0x00, 0x00, 0x00, 0x00, 0x00, 0x00, 0x00,
  0x00, 0x00, 0x00, 0x00, 0x00, 0x00, 0x00, 0x00, 0x61, 0x01, 0x00, 0x00,
  0x08, 0x00, 0x00, 0x00, 0x03, 0x00, 0x00, 0x00, 0x00, 0x00, 0x00, 0x00,
  0x00, 0x00, 0x00, 0x00, 0x00, 0x00, 0x00, 0x00, 0x80, 0xe3, 0x00, 0x00,
  0x00, 0x00, 0x00, 0x00, 0x00, 0x00, 0x00, 0x00, 0x00, 0x00, 0x00, 0x00,
  0x00, 0x00, 0x00, 0x00, 0x00, 0x00, 0x00, 0x00, 0x01, 0x00, 0x00, 0x00,
  0x00, 0x00, 0x00, 0x00, 0x00, 0x00, 0x00, 0x00, 0x00, 0x00, 0x00, 0x00,
  0x77, 0x01, 0x00, 0x00, 0x08, 0x00, 0x00, 0x00, 0x03, 0x00, 0x00, 0x00,
  0x00, 0x00, 0x00, 0x00, 0x00, 0x00, 0x00, 0x00, 0x00, 0x00, 0x00, 0x00,
  0x80, 0xe3, 0x00, 0x00, 0x00, 0x00, 0x00, 0x00, 0x18, 0x00, 0x00, 0x00,
  0x00, 0x00, 0x00, 0x00, 0x00, 0x00, 0x00, 0x00, 0x00, 0x00, 0x00, 0x00,
  0x01, 0x00, 0x00, 0x00, 0x00, 0x00, 0x00, 0x00, 0x00, 0x00, 0x00, 0x00,
  0x00, 0x00, 0x00, 0x00, 0xbb, 0x02, 0x00, 0x00, 0x01, 0x00, 0x00, 0x00,
  0x42, 0x00, 0x00, 0x00, 0x00, 0x00, 0x00, 0x00, 0x00, 0x00, 0x00, 0x00,
  0x00, 0x00, 0x00, 0x00, 0x80, 0xe3, 0x00, 0x00, 0x00, 0x00, 0x00, 0x00,
  0x00, 0x05, 0x00, 0x00, 0x00, 0x00, 0x00, 0x00, 0x00, 0x00, 0x00, 0x00,
  0x0f, 0x00, 0x00, 0x00, 0x04, 0x00, 0x00, 0x00, 0x00, 0x00, 0x00, 0x00,
  0x00, 0x00, 0x00, 0x00, 0x00, 0x00, 0x00, 0x00, 0x06, 0x00, 0x00, 0x00,
  0x04, 0x00, 0x00, 0x00, 0x80, 0xed, 0x00, 0x00, 0x00, 0x00, 0x00, 0x00,
  0x00, 0x00, 0x00, 0x00, 0x00, 0x00, 0x00, 0x00, 0x00, 0x00, 0x00, 0x00,
  0x00, 0x00, 0x00, 0x00, 0x50, 0x01, 0x00, 0x00, 0x00, 0x00, 0x00, 0x00,
  0x50, 0x01, 0x00, 0x00, 0x00, 0x00, 0x00, 0x00, 0x08, 0x00, 0x00, 0x00,
  0x00, 0x00, 0x00, 0x00, 0x01, 0x00, 0x00, 0x00, 0x04, 0x00, 0x00, 0x00,
  0x80, 0xed, 0x00, 0x00, 0x00, 0x00, 0x00, 0x00, 0x00, 0x00, 0x00, 0x00,
  0x00, 0x00, 0x00, 0x00, 0x00, 0x00, 0x00, 0x00, 0x00, 0x00, 0x00, 0x00,
  0x50, 0x01, 0x00, 0x00, 0x00, 0x00, 0x00, 0x00, 0x50, 0x01, 0x00, 0x00,
  0x00, 0x00, 0x00, 0x00, 0x08, 0x00, 0x00, 0x00, 0x00, 0x00, 0x00, 0x00,
  0x01, 0x00, 0x00, 0x00, 0x04, 0x00, 0x00, 0x00, 0x28, 0x21, 0x00, 0x00,
  0x00, 0x00, 0x00, 0x00, 0x00, 0x00, 0x00, 0x00, 0x00, 0x00, 0x00, 0x00,
  0x00, 0x00, 0x00, 0x00, 0x00, 0x00, 0x00, 0x00, 0xc0, 0x00, 0x00, 0x00,
  0x00, 0x00, 0x00, 0x00, 0xc0, 0x00, 0x00, 0x00, 0x00, 0x00, 0x00, 0x00,
  0x08, 0x00, 0x00, 0x00, 0x00, 0x00, 0x00, 0x00, 0x01, 0x00, 0x00, 0x00,
  0x05, 0x00, 0x00, 0x00, 0x00, 0x22, 0x00, 0x00, 0x00, 0x00, 0x00, 0x00,
  0x00, 0x00, 0x00, 0x00, 0x00, 0x00, 0x00, 0x00, 0x00, 0x00, 0x00, 0x00,
  0x00, 0x00, 0x00, 0x00, 0x80, 0xc1, 0x00, 0x00, 0x00, 0x00, 0x00, 0x00,
  0x80, 0xc1, 0x00, 0x00, 0x00, 0x00, 0x00, 0x00, 0x08, 0x00, 0x00, 0x00,
  0x00, 0x00, 0x00, 0x00, 0x01, 0x00, 0x00, 0x00, 0x06, 0x00, 0x00, 0x00,
  0x80, 0xe3, 0x00, 0x00, 0x00, 0x00, 0x00, 0x00, 0x00, 0x00, 0x00, 0x00,
  0x00, 0x00, 0x00, 0x00, 0x00, 0x00, 0x00, 0x00, 0x00, 0x00, 0x00, 0x00,
  0x00, 0x00, 0x00, 0x00, 0x00, 0x00, 0x00, 0x00, 0x18, 0x04, 0x00, 0x00,
  0x00, 0x00, 0x00, 0x00, 0x08, 0x00, 0x00, 0x00, 0x00, 0x00, 0x00, 0x00,
  0x01, 0x00, 0x00, 0x00, 0x04, 0x00, 0x00, 0x00, 0x80, 0xe3, 0x00, 0x00,
  0x00, 0x00, 0x00, 0x00, 0x00, 0x00, 0x00, 0x00, 0x00, 0x00, 0x00, 0x00,
  0x00, 0x00, 0x00, 0x00, 0x00, 0x00, 0x00, 0x00, 0x00, 0x05, 0x00, 0x00,
  0x00, 0x00, 0x00, 0x00, 0x00, 0x05, 0x00, 0x00, 0x00, 0x00, 0x00, 0x00,
  0x08, 0x00, 0x00, 0x00, 0x00, 0x00, 0x00, 0x00
};
unsigned int cubin_fmha_v2_flash_attention_bf16_64_128_S_qkv_128_alibi_tma_ws_sm90_cu_cubin_len = 61136;

// clang-format on
} // namespace kernels
} // namespace tensorrt_llm
